{
  "metadata": {
    "contact": "auto",
    "hardware": "CPU: self-hosted runner",
    "run_date": "2026-03-16T19:27:08.958846",
    "iterations_used": 500,
    "walltime_sec": 673.3548629283905
  },
  "version_info": {
    "stellcoilbench_commit": "08401209906df00f64cb76ab80472fcc5a8f1c1b",
    "stellcoilbench_branch": "main",
    "simsopt_version": "0.1.dev5668+ga79006b0b",
    "simsopt_commit": "a79006b0b"
  },
  "metrics": {
    "fourier_continuation": true,
    "fourier_orders": [
      4,
      8,
      16
    ],
    "final_order": 16,
    "continuation_results": [
      {
        "initial_B_field": 1.0000305513510055,
        "final_B_field": 1.0162660736987144,
        "target_B_field": 1.0,
        "optimization_time": 629.4751150608063,
        "walltime_sec": 629.4751150608063,
        "iterations_used": 500,
        "final_squared_flux": 0.029523930838863444,
        "optimization_success": true,
        "optimization_message": "Completed",
        "optimization_nfev": 500,
        "optimization_njev": null,
        "_cached_thresholds": {
          "length_threshold": 10.546235939332602,
          "flux_threshold": 1e-08,
          "cc_threshold": 0.1814800082312867,
          "cs_threshold": 0.1235608566681101,
          "msc_threshold": 37.795270492044814,
          "curvature_threshold": 5.77736363480749,
          "force_threshold": 814.0830576319646,
          "torque_threshold": 0.0,
          "finite_build_width": 0.05,
          "major_radius": 1.0098736979848935,
          "minor_radius": 0.16831206437162433,
          "a0": 10.100286074838271,
          "arclength_variation_threshold": 0.0,
          "coil_width": 0.039602838675676315
        },
        "final_min_cs_separation": 0.016314759005266858,
        "final_min_cc_separation": 0.16230721445356047,
        "final_length_per_coil": [
          2.3181948659790943,
          1.2980561438594536,
          3.6399390984065505,
          2.054950570121826
        ],
        "final_current_per_coil": [
          28608.03268898617,
          85425.06395124168,
          635284.0760300342,
          500758.451965202
        ],
        "total_current_before": 1250075.624635464,
        "total_current_after": 1250075.624635464,
        "final_total_length": 9.311140678366925,
        "final_max_curvature": 6.196727655862356,
        "final_average_curvature": 4.503161836815597,
        "final_arclength_variation": 0.0512097206422365,
        "final_mean_squared_curvature": 30.21108385160155,
        "final_max_torsion": 531.147316263535,
        "final_linking_number": 0,
        "coils_linked_to_surface": false,
        "final_max_max_coil_force": 1357599.9910559633,
        "final_avg_max_coil_force": 576137.3567018897,
        "final_max_force_per_coil": [
          5177.521891977069,
          128543.78486624749,
          1357599.9910559633,
          813228.1289933708
        ],
        "final_max_torque_per_coil": [
          975.2946404160706,
          19249.601494436043,
          228985.81680747244,
          173107.5093676187
        ],
        "final_max_max_coil_torque": 228985.81680747244,
        "final_avg_max_coil_torque": 105579.55557748582,
        "avg_BdotN_over_B": 0.10440777204501395,
        "max_BdotN_over_B": 0.9985666299641063,
        "lagrange_multipliers": null,
        "output_directory": "/Users/akaptanoglu/actions-runner/_work/stellcoilbench/stellcoilbench/cases/done/2026-03-16_185219_36173/order_4",
        "flux_threshold": 1e-08,
        "cc_threshold": 0.1814800082312867,
        "cs_threshold": 0.1235608566681101,
        "msc_threshold": 37.795270492044814,
        "arclength_variation_threshold": 0.0,
        "curvature_threshold": 5.77736363480749,
        "force_threshold": 814.0830576319646,
        "torque_threshold": 0.0,
        "timing": {
          "coil_initialization": 0.19588933303020895,
          "biotsavart_setup": 1.2523268329678103,
          "objective_setup": 0.035122041939757764,
          "coil_optimization": 629.4758332920028,
          "save_and_metrics": 0.7733396249823272
        },
        "fourier_order": 4,
        "continuation_step": 1
      },
      {
        "initial_B_field": 1.0162660736987144,
        "final_B_field": 1.0136505569133651,
        "target_B_field": 1.0,
        "optimization_time": 627.141683101654,
        "walltime_sec": 627.141683101654,
        "iterations_used": 500,
        "final_squared_flux": 0.018991491792612187,
        "optimization_success": true,
        "optimization_message": "Completed",
        "optimization_nfev": 500,
        "optimization_njev": null,
        "_cached_thresholds": {
          "length_threshold": 10.546235939332602,
          "flux_threshold": 1e-08,
          "cc_threshold": 0.1814800082312867,
          "cs_threshold": 0.1235608566681101,
          "msc_threshold": 37.795270492044814,
          "curvature_threshold": 5.77736363480749,
          "force_threshold": 814.0830576319646,
          "torque_threshold": 0.0,
          "finite_build_width": 0.05,
          "major_radius": 1.0098736979848935,
          "minor_radius": 0.16831206437162433,
          "a0": 10.100286074838271,
          "arclength_variation_threshold": 0.0,
          "coil_width": 0.039602838675676315
        },
        "final_min_cs_separation": 0.014609142355217035,
        "final_min_cc_separation": 0.16233371092588297,
        "final_length_per_coil": [
          2.283513924757063,
          1.304563539893088,
          4.01540455367908,
          3.120333211902609
        ],
        "final_current_per_coil": [
          22059.132060103995,
          56110.8120610863,
          638647.6752188762,
          533258.0052953975
        ],
        "total_current_before": 1250075.624635464,
        "total_current_after": 1250075.624635464,
        "final_total_length": 10.723815230231839,
        "final_max_curvature": 6.186127429642033,
        "final_average_curvature": 4.788359464175271,
        "final_arclength_variation": 0.0320671379738424,
        "final_mean_squared_curvature": 30.62267597819273,
        "final_max_torsion": 203.11385382102355,
        "final_linking_number": 0,
        "coils_linked_to_surface": false,
        "final_max_max_coil_force": 692272.5874992708,
        "final_avg_max_coil_force": 365935.8829387747,
        "final_max_force_per_coil": [
          3240.086883942814,
          83590.67397336889,
          684640.1833985164,
          692272.5874992708
        ],
        "final_max_torque_per_coil": [
          518.7988278495425,
          12507.515320565326,
          194777.4949793028,
          258399.34646150903
        ],
        "final_max_max_coil_torque": 258399.34646150903,
        "final_avg_max_coil_torque": 116550.78889730669,
        "avg_BdotN_over_B": 0.08265812835763874,
        "max_BdotN_over_B": 0.9946504943789604,
        "lagrange_multipliers": null,
        "output_directory": "/Users/akaptanoglu/actions-runner/_work/stellcoilbench/stellcoilbench/cases/done/2026-03-16_185219_36173/order_8",
        "flux_threshold": 1e-08,
        "cc_threshold": 0.1814800082312867,
        "cs_threshold": 0.1235608566681101,
        "msc_threshold": 37.795270492044814,
        "arclength_variation_threshold": 0.0,
        "curvature_threshold": 5.77736363480749,
        "force_threshold": 814.0830576319646,
        "torque_threshold": 0.0,
        "timing": {
          "coil_initialization": 5.420297384262085e-07,
          "biotsavart_setup": 0.002585875103250146,
          "objective_setup": 0.0053812500555068254,
          "coil_optimization": 627.142261083005,
          "save_and_metrics": 0.6837136659305543
        },
        "fourier_order": 8,
        "continuation_step": 2
      },
      {
        "initial_B_field": 1.0136505569133651,
        "final_B_field": 1.0134765406580142,
        "target_B_field": 1.0,
        "optimization_time": 673.3548629283905,
        "walltime_sec": 673.3548629283905,
        "iterations_used": 500,