{
  "metadata": {
    "contact": "auto",
    "hardware": "CPU: self-hosted runner",
    "run_date": "2026-03-23T13:11:59.035398",
    "iterations_used": 500,
    "walltime_sec": 160.88303112983704,
    "tags": [
      "explore"
    ],
    "parent_ids": []
  },
  "version_info": {
    "stellcoilbench_commit": "4c7f35328c10ab02e131721eb5253bd9109e8da0",
    "stellcoilbench_branch": "main",
    "simsopt_version": "0.1.dev5668+ga79006b0b",
    "simsopt_commit": "a79006b0b"
  },
  "metrics": {
    "fourier_continuation": true,
    "fourier_orders": [
      4,
      8,
      16
    ],
    "final_order": 16,
    "continuation_results": [
      {
        "initial_B_field": 2.500000000019017,
        "final_B_field": 0.7881693696444249,
        "target_B_field": 2.5,
        "optimization_time": 1822.3346238136292,
        "walltime_sec": 1822.3346238136292,
        "iterations_used": 500,
        "final_squared_flux": 0.40817101670389183,
        "optimization_success": true,
        "optimization_message": "Completed",
        "optimization_nfev": 500,
        "optimization_njev": null,
        "_cached_thresholds": {
          "length_threshold": 34.743465271603405,
          "flux_threshold": 1e-08,
          "cc_threshold": 0.32246375043564474,
          "cs_threshold": 0.2703639666654497,
          "msc_threshold": 8.920382511565665,
          "curvature_threshold": 22.641552702083033,
          "force_threshold": 427.5296054634017,
          "torque_threshold": 0.0,
          "finite_build_width": 0.10789896047081801,
          "major_radius": 5.483631261799852,
          "minor_radius": 0.5240806651439732,
          "a0": 3.2437754587511507,
          "arclength_variation_threshold": 0.0,
          "coil_width": 0.12331309768093489
        },
        "final_min_cs_separation": 0.04967275991221262,
        "final_min_cc_separation": 0.23583866531148928,
        "final_length_per_coil": [
          4.570767976237882,
          2.8807432240916415,
          2.5036176397709666,
          2.7505597181721053,
          7.1584192414607655,
          3.624227463100451,
          3.919120217315757
        ],
        "final_current_per_coil": [
          910520.8598437719,
          432999.2348505321,
          467038.75388761895,
          563427.0298343386,
          262419.66602003516,
          2269518.602771626,
          1969075.852896667
        ],
        "total_current_before": 6875000.00010459,
        "total_current_after": 6875000.000104589,
        "final_total_length": 27.40745548014957,
        "final_max_curvature": 10.540463146087252,
        "final_average_curvature": 2.4037647329992935,
        "final_arclength_variation": 0.19580689850364089,
        "final_mean_squared_curvature": 11.243674597560608,
        "final_max_torsion": 19.872598303449415,
        "final_linking_number": 0,
        "coils_linked_to_surface": false,
        "final_max_max_coil_force": 4755480.538791842,
        "final_avg_max_coil_force": 1748894.989316695,
        "final_max_force_per_coil": [
          830386.661560026,
          478504.27616766095,
          742427.976714435,
          570651.7012938646,
          289799.52122446586,
          4575014.24946457,
          4755480.538791842
        ],
        "final_max_torque_per_coil": [
          546626.9791225625,
          100854.07545504924,
          146066.01559663253,
          111104.83854584522,
          221853.1368970941,
          1545179.7262828222,
          2797127.254254532
        ],
        "final_max_max_coil_torque": 2797127.254254532,
        "final_avg_max_coil_torque": 781258.8608792197,
        "avg_BdotN_over_B": 0.07136821936059594,
        "max_BdotN_over_B": 0.9946415972857051,
        "lagrange_multipliers": null,
        "output_directory": "/Users/akaptanoglu/actions-runner/_work/stellcoilbench/stellcoilbench/cases/done/2026-03-23_121832_20656/order_4",
        "flux_threshold": 1e-08,
        "cc_threshold": 0.32246375043564474,
        "cs_threshold": 0.2703639666654497,
        "msc_threshold": 8.920382511565665,
        "arclength_variation_threshold": 0.0,
        "curvature_threshold": 22.641552702083033,
        "force_threshold": 427.5296054634017,
        "torque_threshold": 0.0,
        "timing": {
          "coil_initialization": 3.432779832975939,
          "biotsavart_setup": 3.790677292039618,
          "objective_setup": 0.03309924993664026,
          "coil_optimization": 1822.3376179158222,
          "save_and_metrics": 2.5798585838638246
        },
        "fourier_order": 4,
        "continuation_step": 1
      },
      {
        "initial_B_field": 0.7881693696444249,
        "final_B_field": 0.7915485434297884,
        "target_B_field": 2.5,
        "optimization_time": 1130.516638994217,
        "walltime_sec": 1130.516638994217,
        "iterations_used": 500,
        "final_squared_flux": 0.5215733797331644,
        "optimization_success": true,
        "optimization_message": "Completed",
        "optimization_nfev": 500,
        "optimization_njev": null,
        "_cached_thresholds": {
          "length_threshold": 34.743465271603405,
          "flux_threshold": 1e-08,
          "cc_threshold": 0.32246375043564474,
          "cs_threshold": 0.2703639666654497,
          "msc_threshold": 8.920382511565665,
          "curvature_threshold": 22.641552702083033,
          "force_threshold": 427.5296054634017,
          "torque_threshold": 0.0,
          "finite_build_width": 0.10789896047081801,
          "major_radius": 5.483631261799852,
          "minor_radius": 0.5240806651439732,
          "a0": 3.2437754587511507,
          "arclength_variation_threshold": 0.0,
          "coil_width": 0.12331309768093489
        },
        "final_min_cs_separation": 0.046650741681565834,
        "final_min_cc_separation": 0.2369733858010919,
        "final_length_per_coil": [
          4.560164865950962,
          2.861683383720808,
          2.4963042003579456,
          2.730056127633003,
          7.159716103929916,
          3.60761873351504,
          3.9568707528307985
        ],
        "final_current_per_coil": [
          910520.9208739621,
          432999.3593823328,
          467038.8837864244,
          563427.1282896891,
          262419.81171811966,
          2269518.7065411154,
          1969075.1895129466
        ],
        "total_current_before": 6875000.000104589,
        "total_current_after": 6875000.00010459,
        "final_total_length": 27.372414167938473,
        "final_max_curvature": 16.63839604842366,
        "final_average_curvature": 2.407737418987043,
        "final_arclength_variation": 0.301018729888443,
        "final_mean_squared_curvature": 14.004808307641596,
        "final_max_torsion": 11.418380140328875,
        "final_linking_number": 0,
        "coils_linked_to_surface": false,
        "final_max_max_coil_force": 3387062.4506567605,
        "final_avg_max_coil_force": 1285707.9526666424,
        "final_max_force_per_coil": [
          706323.3914211027,
          438248.87725184596,
          687399.52996603,
          475668.8385501247,
          288103.40302962536,
          3017149.1777910073,
          3387062.4506567605
        ],
        "final_max_torque_per_coil": [
          365629.2081437156,
          81028.79928527364,
          112959.65765164178,
          95538.30885166713,
          235788.7657322004,
          1011641.2520487754,
          1814809.690893789
        ],
        "final_max_max_coil_torque": 1814809.690893789,
        "final_avg_max_coil_torque": 531056.5260867233,
        "avg_BdotN_over_B": 0.07456718838366608,
        "max_BdotN_over_B": 0.9938689769218173,
        "lagrange_multipliers": null,
        "output_directory": "/Users/akaptanoglu/actions-runner/_work/stellcoilbench/stellcoilbench/cases/done/2026-03-23_121832_20656/order_8",
        "flux_threshold": 1e-08,
        "cc_threshold": 0.32246375043564474,
        "cs_threshold": 0.2703639666654497,
        "msc_threshold": 8.920382511565665,