{
  "metadata": {
    "contact": "auto",
    "hardware": "CPU: self-hosted runner",
    "run_date": "2026-03-18T20:04:27.536590",
    "iterations_used": 500,
    "walltime_sec": 193.20414113998413,
    "tags": [
      "explore"
    ],
    "parent_ids": []
  },
  "version_info": {
    "stellcoilbench_commit": "858eb1cba708d40c76c8b7478fd3f1669d0d41b6",
    "stellcoilbench_branch": "main",
    "simsopt_version": "0.1.dev5668+ga79006b0b",
    "simsopt_commit": "a79006b0b"
  },
  "metrics": {
    "fourier_continuation": true,
    "fourier_orders": [
      4,
      8,
      16
    ],
    "final_order": 16,
    "continuation_results": [
      {
        "initial_B_field": 1.0000305513510055,
        "final_B_field": 1.0969482264187098,
        "target_B_field": 1.0,
        "optimization_time": 311.47083806991577,
        "walltime_sec": 311.47083806991577,
        "iterations_used": 500,
        "final_squared_flux": 1.7124535907655933e-05,
        "optimization_success": true,
        "optimization_message": "Completed",
        "optimization_nfev": 500,
        "optimization_njev": null,
        "_cached_thresholds": {
          "length_threshold": 16.878729843573243,
          "flux_threshold": 1e-08,
          "cc_threshold": 0.11623433151310998,
          "cs_threshold": 0.19613305854128696,
          "msc_threshold": 45.21898075705094,
          "curvature_threshold": 28.553508733567792,
          "force_threshold": 548.4455338637181,
          "torque_threshold": 0.0,
          "finite_build_width": 0.05,
          "major_radius": 1.0098736979848935,
          "minor_radius": 0.16831206437162433,
          "a0": 10.100286074838271,
          "arclength_variation_threshold": 0.0,
          "coil_width": 0.039602838675676315
        },
        "final_min_cs_separation": 0.2840377199002397,
        "final_min_cc_separation": 0.11786842368771927,
        "final_length_per_coil": [
          4.618432351710956,
          4.444919957766954,
          4.06662387884177,
          3.750709829683538
        ],
        "final_current_per_coil": [
          343388.881096993,
          342280.4519511429,
          304294.0006779058,
          260112.29090942233
        ],
        "total_current_before": 1250075.624635464,
        "total_current_after": 1250075.624635464,
        "final_total_length": 16.880686018003217,
        "final_max_curvature": 3.0290973411648565,
        "final_average_curvature": 1.9299461720100715,
        "final_arclength_variation": 0.0011625296373240742,
        "final_mean_squared_curvature": 4.9455874352702995,
        "final_max_torsion": 26.525723730646387,
        "final_linking_number": 0,
        "coils_linked_to_surface": true,
        "final_max_max_coil_force": 325625.1121423677,
        "final_avg_max_coil_force": 278938.3535165428,
        "final_max_force_per_coil": [
          325625.1121423677,
          323343.4589829664,
          264939.54035430105,
          201845.3025865361
        ],
        "final_max_torque_per_coil": [
          117481.4067214211,
          111429.88285106499,
          76846.7653225961,
          46926.39353861244
        ],
        "final_max_max_coil_torque": 117481.4067214211,
        "final_avg_max_coil_torque": 88171.11210842365,
        "avg_BdotN_over_B": 0.001868517612481097,
        "max_BdotN_over_B": 0.007799621123610089,
        "lagrange_multipliers": null,
        "output_directory": "/Users/akaptanoglu/actions-runner/_work/stellcoilbench/stellcoilbench/cases/done/2026-03-18_194850_63199/order_4",
        "flux_threshold": 1e-08,
        "cc_threshold": 0.11623433151310998,
        "cs_threshold": 0.19613305854128696,
        "msc_threshold": 45.21898075705094,
        "arclength_variation_threshold": 0.0,
        "curvature_threshold": 28.553508733567792,
        "force_threshold": 548.4455338637181,
        "torque_threshold": 0.0,
        "timing": {
          "coil_initialization": 0.17704754183068871,
          "biotsavart_setup": 1.2415569999720901,
          "objective_setup": 0.03874666686169803,
          "coil_optimization": 311.47111008292995,
          "save_and_metrics": 0.8736117091029882
        },
        "fourier_order": 4,
        "continuation_step": 1
      },
      {
        "initial_B_field": 1.0969482264187098,
        "final_B_field": 1.0961831140742753,
        "target_B_field": 1.0,
        "optimization_time": 228.71277379989624,
        "walltime_sec": 228.71277379989624,
        "iterations_used": 500,
        "final_squared_flux": 1.2177191720874132e-05,
        "optimization_success": true,
        "optimization_message": "Completed",
        "optimization_nfev": 500,
        "optimization_njev": null,
        "_cached_thresholds": {
          "length_threshold": 16.878729843573243,
          "flux_threshold": 1e-08,
          "cc_threshold": 0.11623433151310998,
          "cs_threshold": 0.19613305854128696,
          "msc_threshold": 45.21898075705094,
          "curvature_threshold": 28.553508733567792,
          "force_threshold": 548.4455338637181,
          "torque_threshold": 0.0,
          "finite_build_width": 0.05,
          "major_radius": 1.0098736979848935,
          "minor_radius": 0.16831206437162433,
          "a0": 10.100286074838271,
          "arclength_variation_threshold": 0.0,
          "coil_width": 0.039602838675676315
        },
        "final_min_cs_separation": 0.2645338166939084,
        "final_min_cc_separation": 0.14869497803317783,
        "final_length_per_coil": [
          4.553758772732133,
          4.368804889744551,
          4.0841303368536535,
          3.872731334486274
        ],
        "final_current_per_coil": [
          335351.9752393726,
          327777.86725160264,
          305040.31047770544,
          281905.4716667833
        ],
        "total_current_before": 1250075.624635464,
        "total_current_after": 1250075.624635464,
        "final_total_length": 16.879425333816613,
        "final_max_curvature": 3.865480524546593,
        "final_average_curvature": 1.973705310081892,
        "final_arclength_variation": 0.00042502653442585297,
        "final_mean_squared_curvature": 5.269972124387426,
        "final_max_torsion": 171.30959861214902,
        "final_linking_number": 0,
        "coils_linked_to_surface": true,
        "final_max_max_coil_force": 316599.85936900123,
        "final_avg_max_coil_force": 243982.97093938634,
        "final_max_force_per_coil": [
          316599.85936900123,
          274549.0149192086,
          211999.94387729876,
          172783.06559203676
        ],
        "final_max_torque_per_coil": [
          91353.3380533577,
          84062.67348350781,
          61296.685055519556,
          39439.02054341433
        ],
        "final_max_max_coil_torque": 91353.3380533577,
        "final_avg_max_coil_torque": 69037.92928394985,
        "avg_BdotN_over_B": 0.0015923210431879806,
        "max_BdotN_over_B": 0.0060841252605328714,
        "lagrange_multipliers": null,
        "output_directory": "/Users/akaptanoglu/actions-runner/_work/stellcoilbench/stellcoilbench/cases/done/2026-03-18_194850_63199/order_8",
        "flux_threshold": 1e-08,
        "cc_threshold": 0.11623433151310998,
        "cs_threshold": 0.19613305854128696,
        "msc_threshold": 45.21898075705094,
        "arclength_variation_threshold": 0.0,
        "curvature_threshold": 28.553508733567792,
        "force_threshold": 548.4455338637181,
        "torque_threshold": 0.0,
        "timing": {
          "coil_initialization": 6.670597940683365e-07,
          "biotsavart_setup": 0.002773249987512827,
          "objective_setup": 0.006706000072881579,
          "coil_optimization": 228.7129873340018,
          "save_and_metrics": 0.8022690829820931
        },
        "fourier_order": 8,
        "continuation_step": 2
      },
      {
        "initial_B_field": 1.0961831140742753,
        "final_B_field": 1.0962678729490494,
        "target_B_field": 1.0,