{
  "metadata": {
    "contact": "auto",
    "hardware": "CPU: self-hosted runner",
    "run_date": "2026-04-08T22:51:20.877445",
    "iterations_used": 500,
    "walltime_sec": 337.42289304733276,
    "tags": [
      "explore",
      "llm"
    ],
    "parent_ids": []
  },
  "version_info": {
    "stellcoilbench_commit": "22a1f55444bb61df026cb20dbbc337e38937d871",
    "stellcoilbench_branch": "main",
    "simsopt_version": "0.1.dev5668+ga79006b0b",
    "simsopt_commit": "a79006b0b"
  },
  "metrics": {
    "fourier_continuation": true,
    "fourier_orders": [
      4,
      8,
      16
    ],
    "final_order": 16,
    "continuation_results": [
      {
        "initial_B_field": 5.700000000163099,
        "final_B_field": 5.129472943177875,
        "target_B_field": 5.7,
        "optimization_time": 1005.6079318523407,
        "walltime_sec": 1005.6079318523407,
        "iterations_used": 500,
        "final_squared_flux": 0.07249124003902947,
        "optimization_success": true,
        "optimization_message": "Completed",
        "optimization_nfev": 500,
        "optimization_njev": null,
        "_cached_thresholds": {
          "length_threshold": 160.41658614811945,
          "flux_threshold": 1e-08,
          "cc_threshold": 1.0026036634257465,
          "cs_threshold": 1.50390549513862,
          "msc_threshold": 2.4935077450823133,
          "curvature_threshold": 2.4935077450823133,
          "force_threshold": 0.0,
          "torque_threshold": 120.0,
          "finite_build_width": 0.35091128219901124,
          "major_radius": 13.635429024906689,
          "minor_radius": 1.7044262278237692,
          "a0": 0.9974030980329254,
          "arclength_variation_threshold": 0.0,
          "coil_width": 0.40104146537029867
        },
        "final_min_cs_separation": 1.6365155589726221,
        "final_min_cc_separation": 0.9458880956456621,
        "final_length_per_coil": [
          30.35466554837064,
          31.76780602557104,
          32.97470787487302,
          32.66181413097754,
          32.73406374413309
        ],
        "final_current_per_coil": [
          8655853.320574896,
          9833434.866724769,
          10800569.238376675,
          10513446.141496563,
          8909436.074778572
        ],
        "total_current_before": 48712739.64195147,
        "total_current_after": 48712739.64195147,
        "final_total_length": 160.49305732392534,
        "final_max_curvature": 0.44753358661887177,
        "final_average_curvature": 0.23920247922946705,
        "final_arclength_variation": 0.09821134299423309,
        "final_mean_squared_curvature": 0.07714102966419235,
        "final_max_torsion": 8.404675528351996,
        "final_linking_number": 0,
        "coils_linked_to_surface": true,
        "final_max_max_coil_force": 45487425.31718463,
        "final_avg_max_coil_force": 40656607.98832629,
        "final_max_force_per_coil": [
          45487425.31718463,
          44442995.77092457,
          40763269.799625486,
          38518997.25356968,
          34070351.800327055
        ],
        "final_max_torque_per_coil": [
          100114954.28640012,
          112985954.73991439,
          117414224.30990237,
          118751773.10779198,
          120566170.21887887
        ],
        "final_max_max_coil_torque": 120566170.21887887,
        "final_avg_max_coil_torque": 113966615.33257754,
        "avg_BdotN_over_B": 0.0021521743979565997,
        "max_BdotN_over_B": 0.008648390760458192,
        "lagrange_multipliers": null,
        "output_directory": "/Users/akaptanoglu/actions-runner/_work/stellcoilbench/stellcoilbench/cases/done/2026-04-08_215554_44824/order_4",
        "flux_threshold": 1e-08,
        "cc_threshold": 1.0026036634257465,
        "cs_threshold": 1.50390549513862,
        "msc_threshold": 2.4935077450823133,
        "arclength_variation_threshold": 0.0,
        "curvature_threshold": 2.4935077450823133,
        "force_threshold": 0.0,
        "torque_threshold": 120.0,
        "timing": {
          "coil_initialization": 1.565591000020504,
          "biotsavart_setup": 2.174377707997337,
          "objective_setup": 0.03973487508483231,
          "coil_optimization": 1005.6132635830436,
          "save_and_metrics": 1.774651457904838
        },
        "fourier_order": 4,
        "continuation_step": 1
      },
      {
        "initial_B_field": 5.129472943177875,
        "final_B_field": 5.08326702591542,
        "target_B_field": 5.7,
        "optimization_time": 1500.5224108695984,
        "walltime_sec": 1500.5224108695984,
        "iterations_used": 500,
        "final_squared_flux": 0.014963576631461794,
        "optimization_success": true,
        "optimization_message": "Completed",
        "optimization_nfev": 500,
        "optimization_njev": null,
        "_cached_thresholds": {
          "length_threshold": 160.41658614811945,
          "flux_threshold": 1e-08,
          "cc_threshold": 1.0026036634257465,
          "cs_threshold": 1.50390549513862,
          "msc_threshold": 2.4935077450823133,
          "curvature_threshold": 2.4935077450823133,
          "force_threshold": 0.0,
          "torque_threshold": 120.0,
          "finite_build_width": 0.35091128219901124,
          "major_radius": 13.635429024906689,
          "minor_radius": 1.7044262278237692,
          "a0": 0.9974030980329254,
          "arclength_variation_threshold": 0.0,
          "coil_width": 0.40104146537029867
        },
        "final_min_cs_separation": 1.6323630932697288,
        "final_min_cc_separation": 0.9725534398961411,
        "final_length_per_coil": [
          32.85098678530085,
          31.855270828089676,
          31.74912591211196,
          31.923709217277406,
          32.071879265262936
        ],
        "final_current_per_coil": [
          9858041.563067248,
          9258917.381915048,
          9556162.379683007,
          9995624.451747969,
          10043993.865538195
        ],
        "total_current_before": 48712739.64195147,
        "total_current_after": 48712739.641951464,
        "final_total_length": 160.45097200804284,
        "final_max_curvature": 0.6263496430344875,
        "final_average_curvature": 0.25991717330956676,
        "final_arclength_variation": 0.027714130445596008,
        "final_mean_squared_curvature": 0.10337421542475893,
        "final_max_torsion": 7.658536397697076,
        "final_linking_number": 0,
        "coils_linked_to_surface": true,
        "final_max_max_coil_force": 46728302.54501096,
        "final_avg_max_coil_force": 41309743.09710352,
        "final_max_force_per_coil": [
          46728302.54501096,
          43731636.349918686,
          41132586.28782907,
          38829166.65614013,
          36127023.64661877
        ],
        "final_max_torque_per_coil": [
          120022123.8270422,
          120685761.33007705,
          121070768.51366201,
          121327892.96107717,
          113767587.4803455
        ],
        "final_max_max_coil_torque": 121327892.96107717,
        "final_avg_max_coil_torque": 119374826.82244079,
        "avg_BdotN_over_B": 0.000972331275342655,
        "max_BdotN_over_B": 0.003485436285692355,
        "lagrange_multipliers": null,
        "output_directory": "/Users/akaptanoglu/actions-runner/_work/stellcoilbench/stellcoilbench/cases/done/2026-04-08_215554_44824/order_8",
        "flux_threshold": 1e-08,
        "cc_threshold": 1.0026036634257465,
        "cs_threshold": 1.50390549513862,
        "msc_threshold": 2.4935077450823133,
        "arclength_variation_threshold": 0.0,
        "curvature_threshold": 2.4935077450823133,
        "force_threshold": 0.0,
        "torque_threshold": 120.0,
        "timing": {
          "coil_initialization": 7.0908572524786e-07,
          "biotsavart_setup": 0.11508420796599239,
          "objective_setup": 0.006955041899345815,
          "coil_optimization": 1500.503096917062,
          "save_and_metrics": 1.5224354160018265
        },
        "fourier_order": 8,