{
  "metadata": {
    "contact": "auto",
    "hardware": "CPU: self-hosted runner",
    "run_date": "2026-03-23T14:18:32.016528",
    "iterations_used": 500,
    "walltime_sec": 149.00265502929688,
    "tags": [
      "explore"
    ],
    "parent_ids": []
  },
  "version_info": {
    "stellcoilbench_commit": "ac22813ad89d4cda507fb5f2bcd456404435723d",
    "stellcoilbench_branch": "main",
    "simsopt_version": "0.1.dev5668+ga79006b0b",
    "simsopt_commit": "a79006b0b"
  },
  "metrics": {
    "fourier_continuation": true,
    "fourier_orders": [
      4,
      8,
      16
    ],
    "final_order": 16,
    "continuation_results": [
      {
        "initial_B_field": 2.50000000044544,
        "final_B_field": 0.8027931423135661,
        "target_B_field": 2.5,
        "optimization_time": 1119.3429200649261,
        "walltime_sec": 1119.3429200649261,
        "iterations_used": 500,
        "final_squared_flux": 0.5272923842417307,
        "optimization_success": true,
        "optimization_message": "Completed",
        "optimization_nfev": 500,
        "optimization_njev": null,
        "_cached_thresholds": {
          "length_threshold": 36.74113745403455,
          "flux_threshold": 1e-08,
          "cc_threshold": 0.3304791017849055,
          "cs_threshold": 0.22103872759307577,
          "msc_threshold": 19.65079172911447,
          "curvature_threshold": 15.45010251003173,
          "force_threshold": 456.39920704628685,
          "torque_threshold": 0.0,
          "finite_build_width": 0.10789896047081801,
          "major_radius": 5.483631261799852,
          "minor_radius": 0.5240806651439732,
          "a0": 3.2437754587511507,
          "arclength_variation_threshold": 0.0,
          "coil_width": 0.12331309768093489
        },
        "final_min_cs_separation": 0.029034168254455338,
        "final_min_cc_separation": 0.41243730357673,
        "final_length_per_coil": [
          5.926056869928758,
          6.066045909906613,
          6.222995209651624,
          8.6134936192805,
          4.544826241265282,
          5.482833162692286
        ],
        "final_current_per_coil": [
          605217.1909257927,
          184478.88760426763,
          1045249.2457832017,
          101920.49092061448,
          5028213.580904654,
          90079.39368860889
        ],
        "total_current_before": 6875000.002449921,
        "total_current_after": 6875000.002449921,
        "final_total_length": 36.85625101272507,
        "final_max_curvature": 6.355622734834263,
        "final_average_curvature": 1.2459949811160866,
        "final_arclength_variation": 0.3170348794853488,
        "final_mean_squared_curvature": 5.214296092814315,
        "final_max_torsion": 2.5564269091976772,
        "final_linking_number": 0,
        "coils_linked_to_surface": false,
        "final_max_max_coil_force": 16904577.74665043,
        "final_avg_max_coil_force": 3089095.4934313227,
        "final_max_force_per_coil": [
          400929.71595723677,
          102122.82878065848,
          855884.5157700374,
          80534.57113413178,
          16904577.74665043,
          190523.5822954386
        ],
        "final_max_torque_per_coil": [
          272967.19383140764,
          41241.88759750174,
          407620.1093092505,
          35800.18435343732,
          9511674.76203624,
          48551.6598738503
        ],
        "final_max_max_coil_torque": 9511674.76203624,
        "final_avg_max_coil_torque": 1719642.6328336147,
        "avg_BdotN_over_B": 0.1495368195215787,
        "max_BdotN_over_B": 0.9985092375357919,
        "lagrange_multipliers": null,
        "output_directory": "/Users/akaptanoglu/actions-runner/_work/stellcoilbench/stellcoilbench/cases/done/2026-03-23_132630_47290/order_4",
        "flux_threshold": 1e-08,
        "cc_threshold": 0.3304791017849055,
        "cs_threshold": 0.22103872759307577,
        "msc_threshold": 19.65079172911447,
        "arclength_variation_threshold": 0.0,
        "curvature_threshold": 15.45010251003173,
        "force_threshold": 456.39920704628685,
        "torque_threshold": 0.0,
        "timing": {
          "coil_initialization": 2.7060782499611378,
          "biotsavart_setup": 2.972189750056714,
          "objective_setup": 0.035983874928206205,
          "coil_optimization": 1119.3438340420835,
          "save_and_metrics": 2.3508248329162598
        },
        "fourier_order": 4,
        "continuation_step": 1
      },
      {
        "initial_B_field": 0.8027931423135661,
        "final_B_field": 0.8040559124137383,
        "target_B_field": 2.5,
        "optimization_time": 1530.297613143921,
        "walltime_sec": 1530.297613143921,
        "iterations_used": 500,
        "final_squared_flux": 0.5296663701969304,
        "optimization_success": true,
        "optimization_message": "Completed",
        "optimization_nfev": 500,
        "optimization_njev": null,
        "_cached_thresholds": {
          "length_threshold": 36.74113745403455,
          "flux_threshold": 1e-08,
          "cc_threshold": 0.3304791017849055,
          "cs_threshold": 0.22103872759307577,
          "msc_threshold": 19.65079172911447,
          "curvature_threshold": 15.45010251003173,
          "force_threshold": 456.39920704628685,
          "torque_threshold": 0.0,
          "finite_build_width": 0.10789896047081801,
          "major_radius": 5.483631261799852,
          "minor_radius": 0.5240806651439732,
          "a0": 3.2437754587511507,
          "arclength_variation_threshold": 0.0,
          "coil_width": 0.12331309768093489
        },
        "final_min_cs_separation": 0.028906235449688608,
        "final_min_cc_separation": 0.4114504838278627,
        "final_length_per_coil": [
          5.925710444608143,
          6.06502956109868,
          6.221106532977187,
          8.614632116486767,
          4.543787855995954,
          5.48171491512348
        ],
        "final_current_per_coil": [
          605229.0132085823,
          184496.83816685792,
          1045243.9568763269,
          101929.5265823183,
          5028224.936964224,
          90124.26934838854
        ],
        "total_current_before": 6875000.002449921,
        "total_current_after": 6875000.002449921,
        "final_total_length": 36.85198142629021,
        "final_max_curvature": 6.391325625799238,
        "final_average_curvature": 1.2442240021193418,
        "final_arclength_variation": 0.3174070665978926,
        "final_mean_squared_curvature": 5.259758464511695,
        "final_max_torsion": 2.572354966439661,
        "final_linking_number": 0,
        "coils_linked_to_surface": false,
        "final_max_max_coil_force": 8909254.930166487,
        "final_avg_max_coil_force": 1720998.6888410624,
        "final_max_force_per_coil": [
          362126.20953311544,
          98804.32511034333,
          683960.5755349328,
          79737.29285616083,
          8909254.930166487,
          192108.79984533347
        ],
        "final_max_torque_per_coil": [
          225841.87467669637,
          39286.90014872497,
          328566.94171740883,
          35597.55069411633,
          4967487.453176558,
          48541.691800528104
        ],
        "final_max_max_coil_torque": 4967487.453176558,
        "final_avg_max_coil_torque": 940887.0687023387,
        "avg_BdotN_over_B": 0.14994580913556355,
        "max_BdotN_over_B": 0.9986138527382125,
        "lagrange_multipliers": null,
        "output_directory": "/Users/akaptanoglu/actions-runner/_work/stellcoilbench/stellcoilbench/cases/done/2026-03-23_132630_47290/order_8",
        "flux_threshold": 1e-08,
        "cc_threshold": 0.3304791017849055,
        "cs_threshold": 0.22103872759307577,
        "msc_threshold": 19.65079172911447,
        "arclength_variation_threshold": 0.0,
        "curvature_threshold": 15.45010251003173,
        "force_threshold": 456.39920704628685,
        "torque_threshold": 0.0,