{
  "BdotN": 0.005212722561780208,
  "BdotN_over_B": 0.005508331691239258,
  "quasisymmetry_average": null,
  "structural": {
    "skipped": false,
    "reason": null,
    "max_von_mises_stress_Pa": 195106288.53294775,
    "mean_von_mises_stress_Pa": 17500992.08858796,
    "max_displacement_m": 0.005562211832236766,
    "youngs_modulus_Pa": 100000000000.0,
    "poisson_ratio": 0.3,
    "bc_type": "fixed_supports",
    "backend": "dolfinx"
  },
  "timing": {
    "load_coils_and_surface": 0.08177687501301989,
    "compute_BdotN": 0.3055510830017738,
    "structural_load_mesh": 0.028620207973290235,
    "structural_body_force": 0.09322795801563188,
    "structural_solve": 0.05082408298039809,
    "structural_stress": 0.004396082949824631,
    "structural_export": 0.005552708986215293,
    "structural_analysis": 1.0315952920354903
  }
}