{
  "metadata": {
    "contact": "auto",
    "hardware": "CPU: self-hosted runner",
    "run_date": "2026-03-18T15:12:16.622752",
    "iterations_used": 500,
    "walltime_sec": 268.40030312538147,
    "tags": [
      "explore"
    ],
    "parent_ids": []
  },
  "version_info": {
    "stellcoilbench_commit": "88c8ca4601508ba872147b21ef1a99c4356d4325",
    "stellcoilbench_branch": "main",
    "simsopt_version": "0.1.dev5668+ga79006b0b",
    "simsopt_commit": "a79006b0b"
  },
  "metrics": {
    "fourier_continuation": true,
    "fourier_orders": [
      4,
      8,
      16
    ],
    "final_order": 16,
    "continuation_results": [
      {
        "initial_B_field": 1.0000305513510055,
        "final_B_field": 1.0976540621874702,
        "target_B_field": 1.0,
        "optimization_time": 207.692476272583,
        "walltime_sec": 207.692476272583,
        "iterations_used": 500,
        "final_squared_flux": 0.0026945528271498094,
        "optimization_success": true,
        "optimization_message": "Completed",
        "optimization_nfev": 500,
        "optimization_njev": null,
        "_cached_thresholds": {
          "length_threshold": 11.085824616288692,
          "flux_threshold": 1e-08,
          "cc_threshold": 0.1117790121620964,
          "cs_threshold": 0.1398970276218266,
          "msc_threshold": 20.705586453418455,
          "curvature_threshold": 7.605515414353218,
          "force_threshold": 887.8151459782841,
          "torque_threshold": 0.0,
          "finite_build_width": 0.05,
          "major_radius": 1.0098736979848935,
          "minor_radius": 0.16831206437162433,
          "a0": 10.100286074838271,
          "arclength_variation_threshold": 0.0,
          "coil_width": 0.039602838675676315
        },
        "final_min_cs_separation": 0.12778033750328216,
        "final_min_cc_separation": 0.2339379410284237,
        "final_length_per_coil": [
          3.5930284314576713,
          3.005636456014662,
          2.3601807497067324,
          2.1506022622684684
        ],
        "final_current_per_coil": [
          470979.27270560426,
          363963.43956414104,
          225031.9288417066,
          190100.98352401215
        ],
        "total_current_before": 1250075.624635464,
        "total_current_after": 1250075.624635464,
        "final_total_length": 11.109447899447535,
        "final_max_curvature": 4.91838177372879,
        "final_average_curvature": 2.6787081250647953,
        "final_arclength_variation": 0.005780541224129375,
        "final_mean_squared_curvature": 11.832429164300274,
        "final_max_torsion": 96.99848599776068,
        "final_linking_number": 0,
        "coils_linked_to_surface": true,
        "final_max_max_coil_force": 335035.1566646105,
        "final_avg_max_coil_force": 223851.18362097087,
        "final_max_force_per_coil": [
          335035.1566646105,
          271855.1975556588,
          162860.19131403507,
          125654.18894957914
        ],
        "final_max_torque_per_coil": [
          105622.47193516673,
          61253.816312047944,
          23174.657957008167,
          14762.79512490257
        ],
        "final_max_max_coil_torque": 105622.47193516673,
        "final_avg_max_coil_torque": 51203.435332281355,
        "avg_BdotN_over_B": 0.02445892405883509,
        "max_BdotN_over_B": 0.08831635796617035,
        "lagrange_multipliers": null,
        "output_directory": "/Users/akaptanoglu/actions-runner/_work/stellcoilbench/stellcoilbench/cases/done/2026-03-18_145435_48938/order_4",
        "flux_threshold": 1e-08,
        "cc_threshold": 0.1117790121620964,
        "cs_threshold": 0.1398970276218266,
        "msc_threshold": 20.705586453418455,
        "arclength_variation_threshold": 0.0,
        "curvature_threshold": 7.605515414353218,
        "force_threshold": 887.8151459782841,
        "torque_threshold": 0.0,
        "timing": {
          "coil_initialization": 0.18163854198064655,
          "biotsavart_setup": 1.2306275409646332,
          "objective_setup": 0.03909724997356534,
          "coil_optimization": 207.69262945791706,
          "save_and_metrics": 0.8629491670290008
        },
        "fourier_order": 4,
        "continuation_step": 1
      },
      {
        "initial_B_field": 1.0976540621874702,
        "final_B_field": 1.0971235821343244,
        "target_B_field": 1.0,
        "optimization_time": 291.13423204421997,
        "walltime_sec": 291.13423204421997,
        "iterations_used": 500,
        "final_squared_flux": 0.0026513149230270256,
        "optimization_success": true,
        "optimization_message": "Completed",
        "optimization_nfev": 500,
        "optimization_njev": null,
        "_cached_thresholds": {
          "length_threshold": 11.085824616288692,
          "flux_threshold": 1e-08,
          "cc_threshold": 0.1117790121620964,
          "cs_threshold": 0.1398970276218266,
          "msc_threshold": 20.705586453418455,
          "curvature_threshold": 7.605515414353218,
          "force_threshold": 887.8151459782841,
          "torque_threshold": 0.0,
          "finite_build_width": 0.05,
          "major_radius": 1.0098736979848935,
          "minor_radius": 0.16831206437162433,
          "a0": 10.100286074838271,
          "arclength_variation_threshold": 0.0,
          "coil_width": 0.039602838675676315
        },
        "final_min_cs_separation": 0.13046069242839672,
        "final_min_cc_separation": 0.2351755546337174,
        "final_length_per_coil": [
          3.614310146303865,
          3.001537383035528,
          2.343360491155945,
          2.163786213236627
        ],
        "final_current_per_coil": [
          475421.0047912513,
          362060.32948012603,
          219477.7020560222,
          193116.5883080645
        ],
        "total_current_before": 1250075.624635464,
        "total_current_after": 1250075.624635464,
        "final_total_length": 11.122994233731966,
        "final_max_curvature": 4.996420631259381,
        "final_average_curvature": 2.671558349146286,
        "final_arclength_variation": 0.0014025904632496001,
        "final_mean_squared_curvature": 11.662928969665547,
        "final_max_torsion": 67.42801870508501,
        "final_linking_number": 0,
        "coils_linked_to_surface": true,
        "final_max_max_coil_force": 286455.3912344482,
        "final_avg_max_coil_force": 179366.62992681458,
        "final_max_force_per_coil": [
          286455.3912344482,
          204586.8540710326,
          126673.48309526654,
          99750.79130651099
        ],
        "final_max_torque_per_coil": [
          72944.49058673605,
          42959.333459474685,
          17442.464151350057,
          11334.790789038188
        ],
        "final_max_max_coil_torque": 72944.49058673605,
        "final_avg_max_coil_torque": 36170.26974664974,
        "avg_BdotN_over_B": 0.024277339574943237,
        "max_BdotN_over_B": 0.08768112618703978,
        "lagrange_multipliers": null,
        "output_directory": "/Users/akaptanoglu/actions-runner/_work/stellcoilbench/stellcoilbench/cases/done/2026-03-18_145435_48938/order_8",
        "flux_threshold": 1e-08,
        "cc_threshold": 0.1117790121620964,
        "cs_threshold": 0.1398970276218266,
        "msc_threshold": 20.705586453418455,
        "arclength_variation_threshold": 0.0,
        "curvature_threshold": 7.605515414353218,
        "force_threshold": 887.8151459782841,
        "torque_threshold": 0.0,
        "timing": {
          "coil_initialization": 5.84055669605732e-07,
          "biotsavart_setup": 0.0026460830122232437,
          "objective_setup": 0.006628083065152168,
          "coil_optimization": 291.13444891700055,
          "save_and_metrics": 0.8130519170081243
        },
        "fourier_order": 8,
        "continuation_step": 2
      },
      {
        "initial_B_field": 1.0971235821343244,
        "final_B_field": 1.096971979426891,
        "target_B_field": 1.0,
        "optimization_time": 268.40030312538147,