{
  "metadata": {
    "contact": "auto",
    "hardware": "CPU: self-hosted runner",
    "run_date": "2026-03-20T03:48:04.170958",
    "iterations_used": 500,
    "walltime_sec": 266.8384528160095,
    "tags": [
      "explore"
    ],
    "parent_ids": []
  },
  "version_info": {
    "stellcoilbench_commit": "4ada68071c1e1bffff9c64fa0eaeaa2522612af7",
    "stellcoilbench_branch": "main",
    "simsopt_version": "0.1.dev5668+ga79006b0b",
    "simsopt_commit": "a79006b0b"
  },
  "metrics": {
    "fourier_continuation": true,
    "fourier_orders": [
      4,
      8,
      16
    ],
    "final_order": 16,
    "continuation_results": [
      {
        "initial_B_field": 1.0000050243934888,
        "final_B_field": 1.0943338850285165,
        "target_B_field": 1.0,
        "optimization_time": 206.816162109375,
        "walltime_sec": 206.816162109375,
        "iterations_used": 500,
        "final_squared_flux": 0.0001628387502548275,
        "optimization_success": true,
        "optimization_message": "Completed",
        "optimization_nfev": 500,
        "optimization_njev": null,
        "_cached_thresholds": {
          "length_threshold": 16.204491515119855,
          "flux_threshold": 1e-08,
          "cc_threshold": 0.10500000000000001,
          "cs_threshold": 0.2805861120171667,
          "msc_threshold": 9.948781783715697,
          "curvature_threshold": 28.422205014594894,
          "force_threshold": 3910.8307681773786,
          "torque_threshold": 0.0,
          "finite_build_width": 0.05,
          "major_radius": 1.0098736979848935,
          "minor_radius": 0.16831206437162433,
          "a0": 10.100286074838271,
          "arclength_variation_threshold": 0.0,
          "coil_width": 0.039602838675676315
        },
        "final_min_cs_separation": 0.2780292458296753,
        "final_min_cc_separation": 0.10272223962954374,
        "final_length_per_coil": [
          3.420629815968683,
          3.3322746113619246,
          3.2276953247251976,
          3.138537775814985,
          3.0927390874142224
        ],
        "final_current_per_coil": [
          266319.85264230496,
          253659.30234894215,
          241544.15321925844,
          242834.59858158743,
          245654.6316478405
        ],
        "total_current_before": 1250012.5384399334,
        "total_current_after": 1250012.5384399334,
        "final_total_length": 16.211876615285014,
        "final_max_curvature": 3.6541139191017966,
        "final_average_curvature": 2.3317130030237796,
        "final_arclength_variation": 0.00380849852515606,
        "final_mean_squared_curvature": 6.410640063266023,
        "final_max_torsion": 104.97532113873969,
        "final_linking_number": 0,
        "coils_linked_to_surface": true,
        "final_max_max_coil_force": 245074.0375692912,
        "final_avg_max_coil_force": 220157.0960903192,
        "final_max_force_per_coil": [
          241663.48594543437,
          245074.0375692912,
          232312.71848233498,
          202175.03032522963,
          179560.20812930563
        ],
        "final_max_torque_per_coil": [
          67396.8742285351,
          58053.267227269636,
          41168.98398230533,
          30815.120917011922,
          25970.760996027988
        ],
        "final_max_max_coil_torque": 67396.8742285351,
        "final_avg_max_coil_torque": 44681.00147023,
        "avg_BdotN_over_B": 0.004989568214835428,
        "max_BdotN_over_B": 0.02370083999970989,
        "lagrange_multipliers": null,
        "output_directory": "/Users/akaptanoglu/actions-runner/_work/stellcoilbench/stellcoilbench/cases/done/2026-03-20_033043_42643/order_4",
        "flux_threshold": 1e-08,
        "cc_threshold": 0.10500000000000001,
        "cs_threshold": 0.2805861120171667,
        "msc_threshold": 9.948781783715697,
        "arclength_variation_threshold": 0.0,
        "curvature_threshold": 28.422205014594894,
        "force_threshold": 3910.8307681773786,
        "torque_threshold": 0.0,
        "timing": {
          "coil_initialization": 0.26084279199130833,
          "biotsavart_setup": 1.3908333331346512,
          "objective_setup": 0.13646633410826325,
          "coil_optimization": 206.81633154209703,
          "save_and_metrics": 0.9146927918773144
        },
        "fourier_order": 4,
        "continuation_step": 1
      },
      {
        "initial_B_field": 1.0943338850285165,
        "final_B_field": 1.0948975098150366,
        "target_B_field": 1.0,
        "optimization_time": 302.7753381729126,
        "walltime_sec": 302.7753381729126,
        "iterations_used": 500,
        "final_squared_flux": 0.0001469029014343625,
        "optimization_success": true,
        "optimization_message": "Completed",
        "optimization_nfev": 500,
        "optimization_njev": null,
        "_cached_thresholds": {
          "length_threshold": 16.204491515119855,
          "flux_threshold": 1e-08,
          "cc_threshold": 0.10500000000000001,
          "cs_threshold": 0.2805861120171667,
          "msc_threshold": 9.948781783715697,
          "curvature_threshold": 28.422205014594894,
          "force_threshold": 3910.8307681773786,
          "torque_threshold": 0.0,
          "finite_build_width": 0.05,
          "major_radius": 1.0098736979848935,
          "minor_radius": 0.16831206437162433,
          "a0": 10.100286074838271,
          "arclength_variation_threshold": 0.0,
          "coil_width": 0.039602838675676315
        },
        "final_min_cs_separation": 0.27901372885346115,
        "final_min_cc_separation": 0.1030317056942418,
        "final_length_per_coil": [
          3.4036117821566485,
          3.333599623114157,
          3.2397159620564198,
          3.1476796394569964,
          3.0869110924349257
        ],
        "final_current_per_coil": [
          258543.9174144277,
          251691.6154613377,
          248376.93878170068,
          247400.42947018836,
          243999.63731227897
        ],
        "total_current_before": 1250012.5384399334,
        "total_current_after": 1250012.5384399334,
        "final_total_length": 16.211518099219145,
        "final_max_curvature": 4.014228421777765,
        "final_average_curvature": 2.3204246557216193,
        "final_arclength_variation": 0.0008478395793798125,
        "final_mean_squared_curvature": 6.51293239202518,
        "final_max_torsion": 103.11347290491506,
        "final_linking_number": 0,
        "coils_linked_to_surface": true,
        "final_max_max_coil_force": 224934.74630146928,
        "final_avg_max_coil_force": 194781.1408971334,
        "final_max_force_per_coil": [
          212295.57167157248,
          224934.74630146928,
          212265.5134698817,
          177545.42756221117,
          146864.44548053227
        ],
        "final_max_torque_per_coil": [
          60027.20070164829,
          54794.20418336111,
          37081.19239260192,
          26705.122914108615,
          19997.791970080558
        ],
        "final_max_max_coil_torque": 60027.20070164829,
        "final_avg_max_coil_torque": 39721.1024323601,
        "avg_BdotN_over_B": 0.004636145186883468,
        "max_BdotN_over_B": 0.020178308819369103,
        "lagrange_multipliers": null,
        "output_directory": "/Users/akaptanoglu/actions-runner/_work/stellcoilbench/stellcoilbench/cases/done/2026-03-20_033043_42643/order_8",
        "flux_threshold": 1e-08,
        "cc_threshold": 0.10500000000000001,
        "cs_threshold": 0.2805861120171667,
        "msc_threshold": 9.948781783715697,
        "arclength_variation_threshold": 0.0,
        "curvature_threshold": 28.422205014594894,
        "force_threshold": 3910.8307681773786,
        "torque_threshold": 0.0,
        "timing": {
          "coil_initialization": 5.830079317092896e-07,
          "biotsavart_setup": 0.003079625079408288,
          "objective_setup": 0.007157666841521859,
          "coil_optimization": 302.77557233395055,
          "save_and_metrics": 0.8801208329387009
        },