{
  "metadata": {
    "contact": "auto",
    "hardware": "CPU: self-hosted runner",
    "run_date": "2026-04-03T09:00:24.435976",
    "iterations_used": 500,
    "walltime_sec": 74.53242707252502,
    "tags": [
      "explore"
    ],
    "parent_ids": []
  },
  "version_info": {
    "stellcoilbench_commit": "68cd2b677c4ef354eb5d754f5f9953f03575ab6f",
    "stellcoilbench_branch": "main",
    "simsopt_version": "0.1.dev5668+ga79006b0b",
    "simsopt_commit": "a79006b0b"
  },
  "metrics": {
    "fourier_continuation": true,
    "fourier_orders": [
      4,
      8,
      16
    ],
    "final_order": 16,
    "continuation_results": [
      {
        "initial_B_field": 2.500000766903552,
        "final_B_field": 2.7681325217125923,
        "target_B_field": 2.5,
        "optimization_time": 697.2922978401184,
        "walltime_sec": 697.2922978401184,
        "iterations_used": 500,
        "final_squared_flux": 0.1640298265634103,
        "optimization_success": true,
        "optimization_message": "Completed",
        "optimization_nfev": 500,
        "optimization_njev": null,
        "_cached_thresholds": {
          "length_threshold": 38.970021694617444,
          "flux_threshold": 1e-08,
          "cc_threshold": 0.22658781698871783,
          "cs_threshold": 0.37178898950801864,
          "msc_threshold": 21.33755496766507,
          "curvature_threshold": 3.5616654537087635,
          "force_threshold": 980.9176987263479,
          "torque_threshold": 0.0,
          "finite_build_width": 0.10789896047081801,
          "major_radius": 5.483631261799852,
          "minor_radius": 0.5240806651439732,
          "a0": 3.2437754587511507,
          "arclength_variation_threshold": 0.0,
          "coil_width": 0.12331309768093489
        },
        "final_min_cs_separation": 0.33942895464614853,
        "final_min_cc_separation": 0.17036469859583486,
        "final_length_per_coil": [
          8.684106889043074,
          8.45100284000368,
          8.334992958904682,
          6.976703147058547,
          6.740619314324266
        ],
        "final_current_per_coil": [
          1962995.5767640425,
          1541928.2507851264,
          1293345.159239774,
          1059168.2266393572,
          1017567.0041888151
        ],
        "total_current_before": 6875004.217617116,
        "total_current_after": 6875004.217617115,
        "final_total_length": 39.187425149334246,
        "final_max_curvature": 2.6947620384667306,
        "final_average_curvature": 1.2099746610469473,
        "final_arclength_variation": 0.15008124117507382,
        "final_mean_squared_curvature": 2.30920882025983,
        "final_max_torsion": 8.545576089306687,
        "final_linking_number": 0,
        "coils_linked_to_surface": true,
        "final_max_max_coil_force": 3802787.475638549,
        "final_avg_max_coil_force": 2797515.853113263,
        "final_max_force_per_coil": [
          3006075.1207003985,
          3726350.979075949,
          3802787.475638549,
          2038802.6662911926,
          1413563.023860225
        ],
        "final_max_torque_per_coil": [
          2744793.601916377,
          3228887.5738120005,
          3117604.712926319,
          980797.4051312649,
          722678.4367450727
        ],
        "final_max_max_coil_torque": 3228887.5738120005,
        "final_avg_max_coil_torque": 2158952.3461062065,
        "avg_BdotN_over_B": 0.017546937539484088,
        "max_BdotN_over_B": 0.09835021200325945,
        "lagrange_multipliers": null,
        "output_directory": "/Users/akaptanoglu/actions-runner/_work/stellcoilbench/stellcoilbench/cases/done/2026-04-03_083009_52434/order_4",
        "flux_threshold": 1e-08,
        "cc_threshold": 0.22658781698871783,
        "cs_threshold": 0.37178898950801864,
        "msc_threshold": 21.33755496766507,
        "arclength_variation_threshold": 0.0,
        "curvature_threshold": 3.5616654537087635,
        "force_threshold": 980.9176987263479,
        "torque_threshold": 0.0,
        "timing": {
          "coil_initialization": 0.7464606249995995,
          "biotsavart_setup": 2.4204868750239257,
          "objective_setup": 0.04943333301343955,
          "coil_optimization": 697.2908038749883,
          "save_and_metrics": 1.8181207909947261
        },
        "fourier_order": 4,
        "continuation_step": 1
      },
      {
        "initial_B_field": 2.7681325217125923,
        "final_B_field": 2.762821953120693,
        "target_B_field": 2.5,
        "optimization_time": 718.0099577903748,
        "walltime_sec": 718.0099577903748,
        "iterations_used": 500,
        "final_squared_flux": 0.1828788256084421,
        "optimization_success": true,
        "optimization_message": "Completed",
        "optimization_nfev": 500,
        "optimization_njev": null,
        "_cached_thresholds": {
          "length_threshold": 38.970021694617444,
          "flux_threshold": 1e-08,
          "cc_threshold": 0.22658781698871783,
          "cs_threshold": 0.37178898950801864,
          "msc_threshold": 21.33755496766507,
          "curvature_threshold": 3.5616654537087635,
          "force_threshold": 980.9176987263479,
          "torque_threshold": 0.0,
          "finite_build_width": 0.10789896047081801,
          "major_radius": 5.483631261799852,
          "minor_radius": 0.5240806651439732,
          "a0": 3.2437754587511507,
          "arclength_variation_threshold": 0.0,
          "coil_width": 0.12331309768093489
        },
        "final_min_cs_separation": 0.3331523868542499,
        "final_min_cc_separation": 0.1167537219289913,
        "final_length_per_coil": [
          8.62624465301468,
          8.433532514149848,
          8.325999552768907,
          6.960470138939625,
          6.735346840849563
        ],
        "final_current_per_coil": [
          1962988.434130945,
          1541923.4786626396,
          1293350.114658409,
          1059170.3104263365,
          1017571.8797387853
        ],
        "total_current_before": 6875004.217617115,
        "total_current_after": 6875004.217617115,
        "final_total_length": 39.081593699722625,
        "final_max_curvature": 4.717683701971959,
        "final_average_curvature": 1.1779789204556814,
        "final_arclength_variation": 0.6519951936161713,
        "final_mean_squared_curvature": 3.2331064385209074,
        "final_max_torsion": 3.251409171431799,
        "final_linking_number": 0,
        "coils_linked_to_surface": true,
        "final_max_max_coil_force": 3973310.7970464705,
        "final_avg_max_coil_force": 2730652.4544192855,
        "final_max_force_per_coil": [
          2784340.5217791847,
          3973310.7970464705,
          3876717.349073708,
          1837165.8898978457,
          1181727.714299218
        ],
        "final_max_torque_per_coil": [
          3367563.3969404497,
          3163732.475536733,
          3238953.664716832,
          900343.3823767579,
          706645.2241166936
        ],
        "final_max_max_coil_torque": 3367563.3969404497,
        "final_avg_max_coil_torque": 2275447.6287374934,
        "avg_BdotN_over_B": 0.018442949295498504,
        "max_BdotN_over_B": 0.10917933629784674,
        "lagrange_multipliers": null,
        "output_directory": "/Users/akaptanoglu/actions-runner/_work/stellcoilbench/stellcoilbench/cases/done/2026-04-03_083009_52434/order_8",
        "flux_threshold": 1e-08,
        "cc_threshold": 0.22658781698871783,
        "cs_threshold": 0.37178898950801864,
        "msc_threshold": 21.33755496766507,
        "arclength_variation_threshold": 0.0,
        "curvature_threshold": 3.5616654537087635,
        "force_threshold": 980.9176987263479,
        "torque_threshold": 0.0,
        "timing": {
          "coil_initialization": 7.499766070395708e-07,
          "biotsavart_setup": 0.004343250009696931,
          "objective_setup": 0.007993125007487833,
          "coil_optimization": 718.0187582079961,