{
  "metadata": {
    "contact": "auto",
    "hardware": "CPU: self-hosted runner",
    "run_date": "2026-03-24T22:16:46.227611",
    "iterations_used": 500,
    "walltime_sec": 68.3608078956604,
    "tags": [
      "explore"
    ],
    "parent_ids": []
  },
  "version_info": {
    "stellcoilbench_commit": "8538ee3a64f1bf5d25b89ddc0344f633bfe5ac7e",
    "stellcoilbench_branch": "main",
    "simsopt_version": "0.1.dev5668+ga79006b0b",
    "simsopt_commit": "a79006b0b"
  },
  "metrics": {
    "fourier_continuation": true,
    "fourier_orders": [
      4,
      8,
      16
    ],
    "final_order": 16,
    "continuation_results": [
      {
        "initial_B_field": 2.500000766903552,
        "final_B_field": 2.7867687647609682,
        "target_B_field": 2.5,
        "optimization_time": 808.2475090026855,
        "walltime_sec": 808.2475090026855,
        "iterations_used": 500,
        "final_squared_flux": 0.02769230010508699,
        "optimization_success": true,
        "optimization_message": "Completed",
        "optimization_nfev": 500,
        "optimization_njev": null,
        "_cached_thresholds": {
          "length_threshold": 45.50253304426497,
          "flux_threshold": 1e-08,
          "cc_threshold": 0.22658781698871783,
          "cs_threshold": 0.23984397498941834,
          "msc_threshold": 28.44466699778884,
          "curvature_threshold": 3.879555448666376,
          "force_threshold": 911.8252814549485,
          "torque_threshold": 0.0,
          "finite_build_width": 0.10789896047081801,
          "major_radius": 5.483631261799852,
          "minor_radius": 0.5240806651439732,
          "a0": 3.2437754587511507,
          "arclength_variation_threshold": 0.0,
          "coil_width": 0.12331309768093489
        },
        "final_min_cs_separation": 0.24620478359649853,
        "final_min_cc_separation": 0.16956105713403002,
        "final_length_per_coil": [
          8.315087420112436,
          9.581377368941501,
          10.921512016449983,
          8.174429533903526,
          8.570066491780874
        ],
        "final_current_per_coil": [
          1346325.8384557362,
          1882385.941712855,
          2143527.2516149906,
          913943.3868498284,
          588821.7989837062
        ],
        "total_current_before": 6875004.217617116,
        "total_current_after": 6875004.217617116,
        "final_total_length": 45.562472831188316,
        "final_max_curvature": 2.3756943584698518,
        "final_average_curvature": 1.1156513745345356,
        "final_arclength_variation": 0.05716712972485958,
        "final_mean_squared_curvature": 1.7393396185074306,
        "final_max_torsion": 23.114344544594484,
        "final_linking_number": 0,
        "coils_linked_to_surface": true,
        "final_max_max_coil_force": 4667334.298793623,
        "final_avg_max_coil_force": 2994004.133587159,
        "final_max_force_per_coil": [
          2971689.4661803045,
          4390756.8518655365,
          4667334.298793623,
          1411768.9292233295,
          1528471.121873002
        ],
        "final_max_torque_per_coil": [
          2210106.4242631616,
          3607230.2500570565,
          3220302.6807490266,
          951754.0404645537,
          1036919.4268972178
        ],
        "final_max_max_coil_torque": 3607230.2500570565,
        "final_avg_max_coil_torque": 2205262.5644862032,
        "avg_BdotN_over_B": 0.007159675311991125,
        "max_BdotN_over_B": 0.03769520478724034,
        "lagrange_multipliers": null,
        "output_directory": "/Users/akaptanoglu/actions-runner/_work/stellcoilbench/stellcoilbench/cases/done/2026-03-24_214303_91879/order_4",
        "flux_threshold": 1e-08,
        "cc_threshold": 0.22658781698871783,
        "cs_threshold": 0.23984397498941834,
        "msc_threshold": 28.44466699778884,
        "arclength_variation_threshold": 0.0,
        "curvature_threshold": 3.879555448666376,
        "force_threshold": 911.8252814549485,
        "torque_threshold": 0.0,
        "timing": {
          "coil_initialization": 0.571150875184685,
          "biotsavart_setup": 2.471308209002018,
          "objective_setup": 0.028297082986682653,
          "coil_optimization": 808.2482107090764,
          "save_and_metrics": 1.9023648330476135
        },
        "fourier_order": 4,
        "continuation_step": 1
      },
      {
        "initial_B_field": 2.7867687647609682,
        "final_B_field": 2.9134036460513895,
        "target_B_field": 2.5,
        "optimization_time": 882.1459438800812,
        "walltime_sec": 882.1459438800812,
        "iterations_used": 500,
        "final_squared_flux": 0.21027966126217085,
        "optimization_success": true,
        "optimization_message": "Completed",
        "optimization_nfev": 500,
        "optimization_njev": null,
        "_cached_thresholds": {
          "length_threshold": 45.50253304426497,
          "flux_threshold": 1e-08,
          "cc_threshold": 0.22658781698871783,
          "cs_threshold": 0.23984397498941834,
          "msc_threshold": 28.44466699778884,
          "curvature_threshold": 3.879555448666376,
          "force_threshold": 911.8252814549485,
          "torque_threshold": 0.0,
          "finite_build_width": 0.10789896047081801,
          "major_radius": 5.483631261799852,
          "minor_radius": 0.5240806651439732,
          "a0": 3.2437754587511507,
          "arclength_variation_threshold": 0.0,
          "coil_width": 0.12331309768093489
        },
        "final_min_cs_separation": 0.2568530937777858,
        "final_min_cc_separation": 0.11494709810423324,
        "final_length_per_coil": [
          8.489759137044004,
          9.713654669506047,
          10.996559034878349,
          8.394617654491478,
          8.771720502121068
        ],
        "final_current_per_coil": [
          1346334.3106106713,
          1882396.664290009,
          2143564.1328667747,
          913985.5461149657,
          588723.5637346953
        ],
        "total_current_before": 6875004.217617116,
        "total_current_after": 6875004.217617116,
        "final_total_length": 46.36631099804095,
        "final_max_curvature": 3.3983961804710656,
        "final_average_curvature": 1.0978017566038867,
        "final_arclength_variation": 0.4810931072915038,
        "final_mean_squared_curvature": 2.1508816397850676,
        "final_max_torsion": 2.961654622441659,
        "final_linking_number": 0,
        "coils_linked_to_surface": true,
        "final_max_max_coil_force": 4756779.659912709,
        "final_avg_max_coil_force": 3142839.8900093306,
        "final_max_force_per_coil": [
          3331385.6114939456,
          4756779.659912709,
          4478098.183958577,
          1424357.3185145117,
          1723578.676166911
        ],
        "final_max_torque_per_coil": [
          1952084.2219518314,
          3650823.720224356,
          2866746.5561298206,
          995020.836038402,
          1156180.132617447
        ],
        "final_max_max_coil_torque": 3650823.720224356,
        "final_avg_max_coil_torque": 2124171.093392371,
        "avg_BdotN_over_B": 0.01771328889437001,
        "max_BdotN_over_B": 0.07512131483622776,
        "lagrange_multipliers": null,
        "output_directory": "/Users/akaptanoglu/actions-runner/_work/stellcoilbench/stellcoilbench/cases/done/2026-03-24_214303_91879/order_8",
        "flux_threshold": 1e-08,
        "cc_threshold": 0.22658781698871783,
        "cs_threshold": 0.23984397498941834,
        "msc_threshold": 28.44466699778884,
        "arclength_variation_threshold": 0.0,
        "curvature_threshold": 3.879555448666376,
        "force_threshold": 911.8252814549485,
        "torque_threshold": 0.0,
        "timing": {
          "coil_initialization": 1.0838266462087631e-06,
          "biotsavart_setup": 0.012335542123764753,
          "objective_setup": 0.02965774992480874,
          "coil_optimization": 882.1457197079435,
          "save_and_metrics": 1.9737403329927474
        },