{
  "metadata": {
    "contact": "auto",
    "hardware": "CPU: self-hosted runner",
    "run_date": "2026-03-25T05:51:06.410162",
    "iterations_used": 500,
    "walltime_sec": 79.4287600517273,
    "tags": [
      "explore"
    ],
    "parent_ids": []
  },
  "version_info": {
    "stellcoilbench_commit": "43188066f497ff4af2a70090bbf1af9bca95511a",
    "stellcoilbench_branch": "main",
    "simsopt_version": "0.1.dev5668+ga79006b0b",
    "simsopt_commit": "a79006b0b"
  },
  "metrics": {
    "fourier_continuation": true,
    "fourier_orders": [
      4,
      8,
      16
    ],
    "final_order": 16,
    "continuation_results": [
      {
        "initial_B_field": 2.500000766903552,
        "final_B_field": 2.7568773597082803,
        "target_B_field": 2.5,
        "optimization_time": 582.9446511268616,
        "walltime_sec": 582.9446511268616,
        "iterations_used": 500,
        "final_squared_flux": 0.08422119815492546,
        "optimization_success": true,
        "optimization_message": "Completed",
        "optimization_nfev": 500,
        "optimization_njev": null,
        "_cached_thresholds": {
          "length_threshold": 40.138413295144304,
          "flux_threshold": 1e-08,
          "cc_threshold": 0.22658781698871783,
          "cs_threshold": 0.4621158335593035,
          "msc_threshold": 2.757209139938478,
          "curvature_threshold": 4.320708911056533,
          "force_threshold": 325.02630096686534,
          "torque_threshold": 0.0,
          "finite_build_width": 0.10789896047081801,
          "major_radius": 5.483631261799852,
          "minor_radius": 0.5240806651439732,
          "a0": 3.2437754587511507,
          "arclength_variation_threshold": 0.0,
          "coil_width": 0.12331309768093489
        },
        "final_min_cs_separation": 0.42069651665846525,
        "final_min_cc_separation": 0.15240782791883992,
        "final_length_per_coil": [
          7.731138692772435,
          7.691965554436459,
          8.73904014430862,
          8.237541746636763,
          7.872394256782166
        ],
        "final_current_per_coil": [
          1434649.147159073,
          1317415.177817258,
          1798258.2287848485,
          1262693.7477931783,
          1061987.9160627583
        ],
        "total_current_before": 6875004.217617116,
        "total_current_after": 6875004.217617116,
        "final_total_length": 40.272080394936445,
        "final_max_curvature": 2.2420498288879465,
        "final_average_curvature": 1.1860725212007108,
        "final_arclength_variation": 0.10848848786324086,
        "final_mean_squared_curvature": 1.8112289254009386,
        "final_max_torsion": 63.69562508050892,
        "final_linking_number": 0,
        "coils_linked_to_surface": true,
        "final_max_max_coil_force": 4177146.3574404535,
        "final_avg_max_coil_force": 3067700.3744091033,
        "final_max_force_per_coil": [
          3166530.542254323,
          3232978.837183375,
          4177146.3574404535,
          3087774.634180998,
          1674071.5009863682
        ],
        "final_max_torque_per_coil": [
          2157376.7408679617,
          2168929.9903170476,
          3079793.8421329325,
          1824347.8343041486,
          1100444.7759856656
        ],
        "final_max_max_coil_torque": 3079793.8421329325,
        "final_avg_max_coil_torque": 2066178.6367215514,
        "avg_BdotN_over_B": 0.012565812978824519,
        "max_BdotN_over_B": 0.06533998913847283,
        "lagrange_multipliers": null,
        "output_directory": "/Users/akaptanoglu/actions-runner/_work/stellcoilbench/stellcoilbench/cases/done/2026-03-25_051855_63891/order_4",
        "flux_threshold": 1e-08,
        "cc_threshold": 0.22658781698871783,
        "cs_threshold": 0.4621158335593035,
        "msc_threshold": 2.757209139938478,
        "arclength_variation_threshold": 0.0,
        "curvature_threshold": 4.320708911056533,
        "force_threshold": 325.02630096686534,
        "torque_threshold": 0.0,
        "timing": {
          "coil_initialization": 0.5750267500989139,
          "biotsavart_setup": 2.415952333016321,
          "objective_setup": 0.038146707927808166,
          "coil_optimization": 582.9453620829154,
          "save_and_metrics": 1.9025516249239445
        },
        "fourier_order": 4,
        "continuation_step": 1
      },
      {
        "initial_B_field": 2.7568773597082803,
        "final_B_field": 2.828931655516805,
        "target_B_field": 2.5,
        "optimization_time": 998.695681810379,
        "walltime_sec": 998.695681810379,
        "iterations_used": 500,
        "final_squared_flux": 0.20330436832539922,
        "optimization_success": true,
        "optimization_message": "Completed",
        "optimization_nfev": 500,
        "optimization_njev": null,
        "_cached_thresholds": {
          "length_threshold": 40.138413295144304,
          "flux_threshold": 1e-08,
          "cc_threshold": 0.22658781698871783,
          "cs_threshold": 0.4621158335593035,
          "msc_threshold": 2.757209139938478,
          "curvature_threshold": 4.320708911056533,
          "force_threshold": 325.02630096686534,
          "torque_threshold": 0.0,
          "finite_build_width": 0.10789896047081801,
          "major_radius": 5.483631261799852,
          "minor_radius": 0.5240806651439732,
          "a0": 3.2437754587511507,
          "arclength_variation_threshold": 0.0,
          "coil_width": 0.12331309768093489
        },
        "final_min_cs_separation": 0.2706787092167119,
        "final_min_cc_separation": 0.10832473066113144,
        "final_length_per_coil": [
          7.881225507198986,
          7.844260747143039,
          8.862807243080963,
          8.522213620117382,
          7.887665991750203
        ],
        "final_current_per_coil": [
          1434615.4777890942,
          1317391.908574841,
          1798243.4733532867,
          1262638.587021548,
          1062114.7708783457
        ],
        "total_current_before": 6875004.217617116,
        "total_current_after": 6875004.217617116,
        "final_total_length": 40.998173109290576,
        "final_max_curvature": 3.373549679886932,
        "final_average_curvature": 1.184117252339824,
        "final_arclength_variation": 0.7271142294933554,
        "final_mean_squared_curvature": 2.3762758124745598,
        "final_max_torsion": 2.528615384965416,
        "final_linking_number": 0,
        "coils_linked_to_surface": true,
        "final_max_max_coil_force": 4008464.1840701443,
        "final_avg_max_coil_force": 3152084.6486574733,
        "final_max_force_per_coil": [
          3196537.6783611965,
          3181133.3030854855,
          3750664.0611080993,
          4008464.1840701443,
          1623624.0166624421
        ],
        "final_max_torque_per_coil": [
          2012610.1022876843,
          2050772.8744854815,
          2518975.0417568153,
          2518182.100825101,
          1031773.6864111521
        ],
        "final_max_max_coil_torque": 2518975.0417568153,
        "final_avg_max_coil_torque": 2026462.7611532467,
        "avg_BdotN_over_B": 0.01858445648983862,
        "max_BdotN_over_B": 0.09031296046565578,
        "lagrange_multipliers": null,
        "output_directory": "/Users/akaptanoglu/actions-runner/_work/stellcoilbench/stellcoilbench/cases/done/2026-03-25_051855_63891/order_8",
        "flux_threshold": 1e-08,
        "cc_threshold": 0.22658781698871783,
        "cs_threshold": 0.4621158335593035,
        "msc_threshold": 2.757209139938478,
        "arclength_variation_threshold": 0.0,
        "curvature_threshold": 4.320708911056533,
        "force_threshold": 325.02630096686534,
        "torque_threshold": 0.0,
        "timing": {
          "coil_initialization": 9.580980986356735e-07,
          "biotsavart_setup": 0.00481483293697238,
          "objective_setup": 0.009963916148990393,
          "coil_optimization": 998.6969037922099,