{
  "metadata": {
    "contact": "auto",
    "hardware": "CPU: self-hosted runner",
    "run_date": "2026-03-17T20:57:09.818950",
    "iterations_used": 500,
    "walltime_sec": 288.09175086021423
  },
  "version_info": {
    "stellcoilbench_commit": "f7156dfd518bcedf00018e5b1eff4cb95709e472",
    "stellcoilbench_branch": "main",
    "simsopt_version": "0.1.dev5668+ga79006b0b",
    "simsopt_commit": "a79006b0b"
  },
  "metrics": {
    "fourier_continuation": true,
    "fourier_orders": [
      4,
      8,
      16
    ],
    "final_order": 16,
    "continuation_results": [
      {
        "initial_B_field": 1.0000305513510055,
        "final_B_field": 1.0923668606644914,
        "target_B_field": 1.0,
        "optimization_time": 221.28300619125366,
        "walltime_sec": 221.28300619125366,
        "iterations_used": 500,
        "final_squared_flux": 0.0014619420127341353,
        "optimization_success": true,
        "optimization_message": "Completed",
        "optimization_nfev": 500,
        "optimization_njev": null,
        "_cached_thresholds": {
          "length_threshold": 12.342224673274522,
          "flux_threshold": 1e-08,
          "cc_threshold": 0.10500000000000001,
          "cs_threshold": 0.26395291977338264,
          "msc_threshold": 8.332736011741574,
          "curvature_threshold": 10.6356012368047,
          "force_threshold": 624.1976794250052,
          "torque_threshold": 0.0,
          "finite_build_width": 0.05,
          "major_radius": 1.0098736979848935,
          "minor_radius": 0.16831206437162433,
          "a0": 10.100286074838271,
          "arclength_variation_threshold": 0.0,
          "coil_width": 0.039602838675676315
        },
        "final_min_cs_separation": 0.25848363274627634,
        "final_min_cc_separation": 0.13581464549131186,
        "final_length_per_coil": [
          3.2653235919734915,
          3.1572981852286826,
          3.0157324918031665,
          2.9235014216375577
        ],
        "final_current_per_coil": [
          319926.0342541956,
          316622.4487821923,
          309418.0107907612,
          304109.1308083149
        ],
        "total_current_before": 1250075.624635464,
        "total_current_after": 1250075.624635464,
        "final_total_length": 12.361855690642898,
        "final_max_curvature": 3.828745869018432,
        "final_average_curvature": 2.379451130791359,
        "final_arclength_variation": 0.005029191738446225,
        "final_mean_squared_curvature": 6.833590193253317,
        "final_max_torsion": 46.746245281896456,
        "final_linking_number": 0,
        "coils_linked_to_surface": true,
        "final_max_max_coil_force": 268825.6377420067,
        "final_avg_max_coil_force": 249744.8441814299,
        "final_max_force_per_coil": [
          265610.75950179744,
          268825.6377420067,
          246317.2581875291,
          218225.7212943863
        ],
        "final_max_torque_per_coil": [
          69647.73969771487,
          56989.21677431317,
          40950.42070015262,
          31101.564794276983
        ],
        "final_max_max_coil_torque": 69647.73969771487,
        "final_avg_max_coil_torque": 49672.23549161442,
        "avg_BdotN_over_B": 0.015451437809173468,
        "max_BdotN_over_B": 0.060715716229894655,
        "lagrange_multipliers": null,
        "output_directory": "/Users/akaptanoglu/actions-runner/_work/stellcoilbench/stellcoilbench/cases/done/2026-03-17_204133_66244/order_4",
        "flux_threshold": 1e-08,
        "cc_threshold": 0.10500000000000001,
        "cs_threshold": 0.26395291977338264,
        "msc_threshold": 8.332736011741574,
        "arclength_variation_threshold": 0.0,
        "curvature_threshold": 10.6356012368047,
        "force_threshold": 624.1976794250052,
        "torque_threshold": 0.0,
        "timing": {
          "coil_initialization": 0.18153950001578778,
          "biotsavart_setup": 1.222751708002761,
          "objective_setup": 0.03416699997615069,
          "coil_optimization": 221.28313779190648,
          "save_and_metrics": 0.9090712079778314
        },
        "fourier_order": 4,
        "continuation_step": 1
      },
      {
        "initial_B_field": 1.0923668606644914,
        "final_B_field": 1.0927412682725213,
        "target_B_field": 1.0,
        "optimization_time": 246.73686909675598,
        "walltime_sec": 246.73686909675598,
        "iterations_used": 500,
        "final_squared_flux": 0.0014298168589621373,
        "optimization_success": true,
        "optimization_message": "Completed",
        "optimization_nfev": 500,
        "optimization_njev": null,
        "_cached_thresholds": {
          "length_threshold": 12.342224673274522,
          "flux_threshold": 1e-08,
          "cc_threshold": 0.10500000000000001,
          "cs_threshold": 0.26395291977338264,
          "msc_threshold": 8.332736011741574,
          "curvature_threshold": 10.6356012368047,
          "force_threshold": 624.1976794250052,
          "torque_threshold": 0.0,
          "finite_build_width": 0.05,
          "major_radius": 1.0098736979848935,
          "minor_radius": 0.16831206437162433,
          "a0": 10.100286074838271,
          "arclength_variation_threshold": 0.0,
          "coil_width": 0.039602838675676315
        },
        "final_min_cs_separation": 0.25929433000594837,
        "final_min_cc_separation": 0.1339126298277388,
        "final_length_per_coil": [
          3.268356473278161,
          3.1602945841828194,
          3.01891438316645,
          2.92513886668618
        ],
        "final_current_per_coil": [
          320214.547620851,
          316854.53256093786,
          309512.2936943847,
          303494.25075929053
        ],
        "total_current_before": 1250075.624635464,
        "total_current_after": 1250075.624635464,
        "final_total_length": 12.372704307313612,
        "final_max_curvature": 3.646099458827368,
        "final_average_curvature": 2.382811492789639,
        "final_arclength_variation": 0.0014634441360978703,
        "final_mean_squared_curvature": 6.884731219007924,
        "final_max_torsion": 94.77480509491664,
        "final_linking_number": 0,
        "coils_linked_to_surface": true,
        "final_max_max_coil_force": 238238.07081008126,
        "final_avg_max_coil_force": 211334.6464764265,
        "final_max_force_per_coil": [
          238238.07081008126,
          234133.94636475536,
          204250.8149191828,
          168715.75381168662
        ],
        "final_max_torque_per_coil": [
          56779.93486235479,
          46335.9625554548,
          31884.273843641062,
          21999.232539164735
        ],
        "final_max_max_coil_torque": 56779.93486235479,
        "final_avg_max_coil_torque": 39249.85095015385,
        "avg_BdotN_over_B": 0.015304909516877014,
        "max_BdotN_over_B": 0.06065511452648382,
        "lagrange_multipliers": null,
        "output_directory": "/Users/akaptanoglu/actions-runner/_work/stellcoilbench/stellcoilbench/cases/done/2026-03-17_204133_66244/order_8",
        "flux_threshold": 1e-08,
        "cc_threshold": 0.10500000000000001,
        "cs_threshold": 0.26395291977338264,
        "msc_threshold": 8.332736011741574,
        "arclength_variation_threshold": 0.0,
        "curvature_threshold": 10.6356012368047,
        "force_threshold": 624.1976794250052,
        "torque_threshold": 0.0,
        "timing": {
          "coil_initialization": 7.08969309926033e-07,
          "biotsavart_setup": 0.0027492500375956297,
          "objective_setup": 0.00697262492030859,
          "coil_optimization": 246.73702704207972,
          "save_and_metrics": 0.8361987910466269
        },
        "fourier_order": 8,
        "continuation_step": 2
      },
      {
        "initial_B_field": 1.0927412682725213,
        "final_B_field": 1.0927091528212203,
        "target_B_field": 1.0,
        "optimization_time": 288.09175086021423,
        "walltime_sec": 288.09175086021423,