{
  "metadata": {
    "contact": "auto",
    "hardware": "CPU: self-hosted runner",
    "run_date": "2026-03-20T09:03:25.973552",
    "iterations_used": 500,
    "walltime_sec": 588.6102969646454,
    "tags": [
      "explore"
    ],
    "parent_ids": []
  },
  "version_info": {
    "stellcoilbench_commit": "98d0e4dfdb46f38403609f4d82b7f1416f89ba5b",
    "stellcoilbench_branch": "main",
    "simsopt_version": "0.1.dev5668+ga79006b0b",
    "simsopt_commit": "a79006b0b"
  },
  "metrics": {
    "fourier_continuation": true,
    "fourier_orders": [
      4,
      8,
      16
    ],
    "final_order": 16,
    "continuation_results": [
      {
        "initial_B_field": 1.0000050243934888,
        "final_B_field": 1.0518526837374216,
        "target_B_field": 1.0,
        "optimization_time": 389.53199100494385,
        "walltime_sec": 389.53199100494385,
        "iterations_used": 500,
        "final_squared_flux": 0.07816173187091235,
        "optimization_success": true,
        "optimization_message": "Completed",
        "optimization_nfev": 500,
        "optimization_njev": null,
        "_cached_thresholds": {
          "length_threshold": 11.034340926010314,
          "flux_threshold": 1e-08,
          "cc_threshold": 0.169698163725273,
          "cs_threshold": 0.24880483397993644,
          "msc_threshold": 7.312607118182908,
          "curvature_threshold": 9.312463761000886,
          "force_threshold": 746.4111409305483,
          "torque_threshold": 0.0,
          "finite_build_width": 0.05,
          "major_radius": 1.0098736979848935,
          "minor_radius": 0.16831206437162433,
          "a0": 10.100286074838271,
          "arclength_variation_threshold": 0.0,
          "coil_width": 0.039602838675676315
        },
        "final_min_cs_separation": 0.18828613115505557,
        "final_min_cc_separation": 0.13486407146835502,
        "final_length_per_coil": [
          2.573941288432644,
          2.5158452591305718,
          2.4743190483444644,
          2.447592932396625,
          2.44797616167988
        ],
        "final_current_per_coil": [
          357204.32444795675,
          122621.37573953436,
          300934.07144745265,
          193987.4591676172,
          275265.3076373725
        ],
        "total_current_before": 1250012.5384399334,
        "total_current_after": 1250012.5384399334,
        "final_total_length": 12.459674689984183,
        "final_max_curvature": 3.9146086971761513,
        "final_average_curvature": 2.5375305439582188,
        "final_arclength_variation": 0.025938172170598635,
        "final_mean_squared_curvature": 7.162473022964986,
        "final_max_torsion": 4.634253336246528,
        "final_linking_number": 0,
        "coils_linked_to_surface": true,
        "final_max_max_coil_force": 280097.01786442084,
        "final_avg_max_coil_force": 219126.1757000327,
        "final_max_force_per_coil": [
          268101.8910711416,
          101397.72439765903,
          280097.01786442084,
          183728.03722848615,
          262306.2079384559
        ],
        "final_max_torque_per_coil": [
          67400.40403571559,
          16106.90888535731,
          40432.91001396365,
          20613.48389784138,
          26521.444200822516
        ],
        "final_max_max_coil_torque": 67400.40403571559,
        "final_avg_max_coil_torque": 34215.03020674009,
        "avg_BdotN_over_B": 0.10189055296639551,
        "max_BdotN_over_B": 0.486493209515809,
        "lagrange_multipliers": null,
        "output_directory": "/Users/akaptanoglu/actions-runner/_work/stellcoilbench/stellcoilbench/cases/done/2026-03-20_083419_96078/order_4",
        "flux_threshold": 1e-08,
        "cc_threshold": 0.169698163725273,
        "cs_threshold": 0.24880483397993644,
        "msc_threshold": 7.312607118182908,
        "arclength_variation_threshold": 0.0,
        "curvature_threshold": 9.312463761000886,
        "force_threshold": 746.4111409305483,
        "torque_threshold": 0.0,
        "timing": {
          "coil_initialization": 0.25428554113022983,
          "biotsavart_setup": 1.3380169169977307,
          "objective_setup": 0.04546912480145693,
          "coil_optimization": 389.5323999999091,
          "save_and_metrics": 0.932096750009805
        },
        "fourier_order": 4,
        "continuation_step": 1
      },
      {
        "initial_B_field": 1.0518526837374216,
        "final_B_field": 1.0518260247021916,
        "target_B_field": 1.0,
        "optimization_time": 499.62053298950195,
        "walltime_sec": 499.62053298950195,
        "iterations_used": 500,
        "final_squared_flux": 0.07814498124986488,
        "optimization_success": true,
        "optimization_message": "Completed",
        "optimization_nfev": 500,
        "optimization_njev": null,
        "_cached_thresholds": {
          "length_threshold": 11.034340926010314,
          "flux_threshold": 1e-08,
          "cc_threshold": 0.169698163725273,
          "cs_threshold": 0.24880483397993644,
          "msc_threshold": 7.312607118182908,
          "curvature_threshold": 9.312463761000886,
          "force_threshold": 746.4111409305483,
          "torque_threshold": 0.0,
          "finite_build_width": 0.05,
          "major_radius": 1.0098736979848935,
          "minor_radius": 0.16831206437162433,
          "a0": 10.100286074838271,
          "arclength_variation_threshold": 0.0,
          "coil_width": 0.039602838675676315
        },
        "final_min_cs_separation": 0.18831068162445366,
        "final_min_cc_separation": 0.1348722998819538,
        "final_length_per_coil": [
          2.5739297996543313,
          2.5158418834438243,
          2.4743307117414117,
          2.447592568647087,
          2.4479749892852336
        ],
        "final_current_per_coil": [
          357199.69123020436,
          122739.5159468097,
          300800.12315278215,
          194029.7808183824,
          275243.42729175475
        ],
        "total_current_before": 1250012.5384399334,
        "total_current_after": 1250012.5384399334,
        "final_total_length": 12.459669952771888,
        "final_max_curvature": 3.9418993797549775,
        "final_average_curvature": 2.540852608021356,
        "final_arclength_variation": 0.020048817959939978,
        "final_mean_squared_curvature": 7.226625082523293,
        "final_max_torsion": 3.8584222124377043,
        "final_linking_number": 0,
        "coils_linked_to_surface": true,
        "final_max_max_coil_force": 238716.66652509783,
        "final_avg_max_coil_force": 185740.16617068584,
        "final_max_force_per_coil": [
          216660.48743824134,
          96108.19324570044,
          238716.66652509783,
          163003.74632729567,
          214211.73731709385
        ],
        "final_max_torque_per_coil": [
          61594.60877462483,
          15012.361779757863,
          35097.532206806114,
          18120.727425226793,
          21809.58915984966
        ],
        "final_max_max_coil_torque": 61594.60877462483,
        "final_avg_max_coil_torque": 30326.96386925305,
        "avg_BdotN_over_B": 0.10188378111533082,
        "max_BdotN_over_B": 0.48646832220219,
        "lagrange_multipliers": null,
        "output_directory": "/Users/akaptanoglu/actions-runner/_work/stellcoilbench/stellcoilbench/cases/done/2026-03-20_083419_96078/order_8",
        "flux_threshold": 1e-08,
        "cc_threshold": 0.169698163725273,
        "cs_threshold": 0.24880483397993644,
        "msc_threshold": 7.312607118182908,
        "arclength_variation_threshold": 0.0,
        "curvature_threshold": 9.312463761000886,
        "force_threshold": 746.4111409305483,
        "torque_threshold": 0.0,
        "timing": {
          "coil_initialization": 5.830079317092896e-07,
          "biotsavart_setup": 0.0031860829330980778,
          "objective_setup": 0.007608541985973716,
          "coil_optimization": 499.62105079204775,
          "save_and_metrics": 0.8879984579980373
        },