{
  "metadata": {
    "contact": "auto",
    "hardware": "CPU: self-hosted runner",
    "run_date": "2026-03-23T22:19:20.629699",
    "iterations_used": 500,
    "walltime_sec": 22.40423011779785,
    "tags": [
      "explore"
    ],
    "parent_ids": []
  },
  "version_info": {
    "stellcoilbench_commit": "44ce04dc353e337f72ee75f010fc1e48f1628638",
    "stellcoilbench_branch": "main",
    "simsopt_version": "0.1.dev5668+ga79006b0b",
    "simsopt_commit": "a79006b0b"
  },
  "metrics": {
    "fourier_continuation": true,
    "fourier_orders": [
      4,
      8,
      16
    ],
    "final_order": 16,
    "continuation_results": [
      {
        "initial_B_field": 2.5000971540886527,
        "final_B_field": 2.7679746896722968,
        "target_B_field": 2.5,
        "optimization_time": 338.946661233902,
        "walltime_sec": 338.946661233902,
        "iterations_used": 500,
        "final_squared_flux": 0.05283787404002075,
        "optimization_success": true,
        "optimization_message": "Completed",
        "optimization_nfev": 500,
        "optimization_njev": null,
        "_cached_thresholds": {
          "length_threshold": 49.73217229472103,
          "flux_threshold": 1e-08,
          "cc_threshold": 0.28978577955019696,
          "cs_threshold": 0.3656233346239719,
          "msc_threshold": 25.048434092476388,
          "curvature_threshold": 3.710879124811316,
          "force_threshold": 496.94640028067624,
          "torque_threshold": 0.0,
          "finite_build_width": 0.10789896047081801,
          "major_radius": 5.483631261799852,
          "minor_radius": 0.5240806651439732,
          "a0": 3.2437754587511507,
          "arclength_variation_threshold": 0.0,
          "coil_width": 0.12331309768093489
        },
        "final_min_cs_separation": 0.40638280674832045,
        "final_min_cc_separation": 0.24489910696191056,
        "final_length_per_coil": [
          15.134780976347617,
          18.1460865987535,
          16.5139909373772
        ],
        "final_current_per_coil": [
          3494455.7103056284,
          2054605.4508258288,
          1326469.7836954808
        ],
        "total_current_before": 6875530.944826938,
        "total_current_after": 6875530.944826938,
        "final_total_length": 49.794858512478314,
        "final_max_curvature": 0.9425957583231884,
        "final_average_curvature": 0.6042801124192849,
        "final_arclength_variation": 0.0980193776261001,
        "final_mean_squared_curvature": 0.4877758635630835,
        "final_max_torsion": 2.4117335127908763,
        "final_linking_number": 0,
        "coils_linked_to_surface": true,
        "final_max_max_coil_force": 8413649.504053345,
        "final_avg_max_coil_force": 5871199.055912089,
        "final_max_force_per_coil": [
          8413649.504053345,
          6329991.481395394,
          2869956.182287526
        ],
        "final_max_torque_per_coil": [
          6737633.566207192,
          17540034.608432963,
          6298719.87159038
        ],
        "final_max_max_coil_torque": 17540034.608432963,
        "final_avg_max_coil_torque": 10192129.348743511,
        "avg_BdotN_over_B": 0.009539499736778138,
        "max_BdotN_over_B": 0.05932502884376725,
        "lagrange_multipliers": null,
        "output_directory": "/Users/akaptanoglu/actions-runner/_work/stellcoilbench/stellcoilbench/cases/done/2026-03-23_220314_81155/order_4",
        "flux_threshold": 1e-08,
        "cc_threshold": 0.28978577955019696,
        "cs_threshold": 0.3656233346239719,
        "msc_threshold": 25.048434092476388,
        "arclength_variation_threshold": 0.0,
        "curvature_threshold": 3.710879124811316,
        "force_threshold": 496.94640028067624,
        "torque_threshold": 0.0,
        "timing": {
          "coil_initialization": 0.2886505830101669,
          "biotsavart_setup": 1.5742412919644266,
          "objective_setup": 0.03363362490199506,
          "coil_optimization": 338.94671749998815,
          "save_and_metrics": 1.2349664170760661
        },
        "fourier_order": 4,
        "continuation_step": 1
      },
      {
        "initial_B_field": 2.7679746896722968,
        "final_B_field": 2.7507749365039222,
        "target_B_field": 2.5,
        "optimization_time": 527.8914880752563,
        "walltime_sec": 527.8914880752563,
        "iterations_used": 500,
        "final_squared_flux": 0.36568754754730826,
        "optimization_success": true,
        "optimization_message": "Completed",
        "optimization_nfev": 500,
        "optimization_njev": null,
        "_cached_thresholds": {
          "length_threshold": 49.73217229472103,
          "flux_threshold": 1e-08,
          "cc_threshold": 0.28978577955019696,
          "cs_threshold": 0.3656233346239719,
          "msc_threshold": 25.048434092476388,
          "curvature_threshold": 3.710879124811316,
          "force_threshold": 496.94640028067624,
          "torque_threshold": 0.0,
          "finite_build_width": 0.10789896047081801,
          "major_radius": 5.483631261799852,
          "minor_radius": 0.5240806651439732,
          "a0": 3.2437754587511507,
          "arclength_variation_threshold": 0.0,
          "coil_width": 0.12331309768093489
        },
        "final_min_cs_separation": 0.3372998850820243,
        "final_min_cc_separation": 0.19607498885643007,
        "final_length_per_coil": [
          14.976066396263317,
          18.062915270392512,
          16.63735281134192
        ],
        "final_current_per_coil": [
          3487014.9591196235,
          2052104.301178674,
          1336411.6845286405
        ],
        "total_current_before": 6875530.944826938,
        "total_current_after": 6875530.944826938,
        "final_total_length": 49.67633447799775,
        "final_max_curvature": 1.3291219440389568,
        "final_average_curvature": 0.5633608265599662,
        "final_arclength_variation": 0.490916832632537,
        "final_mean_squared_curvature": 0.49627815115139695,
        "final_max_torsion": 0.857456322074193,
        "final_linking_number": 0,
        "coils_linked_to_surface": true,
        "final_max_max_coil_force": 7152057.117523016,
        "final_avg_max_coil_force": 5162417.256805593,
        "final_max_force_per_coil": [
          7152057.117523016,
          5428936.88997361,
          2906257.762920154
        ],
        "final_max_torque_per_coil": [
          8916885.54855777,
          14851167.635020267,
          6566564.489405123
        ],
        "final_max_max_coil_torque": 14851167.635020267,
        "final_avg_max_coil_torque": 10111539.224327719,
        "avg_BdotN_over_B": 0.024169012161698512,
        "max_BdotN_over_B": 0.10557065172992677,
        "lagrange_multipliers": null,
        "output_directory": "/Users/akaptanoglu/actions-runner/_work/stellcoilbench/stellcoilbench/cases/done/2026-03-23_220314_81155/order_8",
        "flux_threshold": 1e-08,
        "cc_threshold": 0.28978577955019696,
        "cs_threshold": 0.3656233346239719,
        "msc_threshold": 25.048434092476388,
        "arclength_variation_threshold": 0.0,
        "curvature_threshold": 3.710879124811316,
        "force_threshold": 496.94640028067624,
        "torque_threshold": 0.0,
        "timing": {
          "coil_initialization": 7.08969309926033e-07,
          "biotsavart_setup": 0.0038972499314695597,
          "objective_setup": 0.004782957956194878,
          "coil_optimization": 527.8915891661309,
          "save_and_metrics": 1.2511592500377446
        },
        "fourier_order": 8,
        "continuation_step": 2
      },
      {
        "initial_B_field": 2.7507749365039222,
        "final_B_field": 2.7507749365039222,
        "target_B_field": 2.5,
        "optimization_time": 22.40423011779785,
        "walltime_sec": 22.40423011779785,
        "iterations_used": 500,
        "final_squared_flux": 0.36568754754730826,
        "optimization_success": true,
        "optimization_message": "Completed",