{
  "metadata": {
    "contact": "auto",
    "hardware": "CPU: self-hosted runner",
    "run_date": "2026-04-06T21:18:23.364141",
    "iterations_used": 500,
    "walltime_sec": 882.7810909748077,
    "tags": [
      "explore",
      "llm"
    ],
    "parent_ids": []
  },
  "version_info": {
    "stellcoilbench_commit": "a90da1d4ade64ab2db1388a7fcac4d858b664a9f",
    "stellcoilbench_branch": "main",
    "simsopt_version": "0.1.dev5668+ga79006b0b",
    "simsopt_commit": "a79006b0b"
  },
  "metrics": {
    "fourier_continuation": true,
    "fourier_orders": [
      4,
      8,
      16
    ],
    "final_order": 16,
    "continuation_results": [
      {
        "initial_B_field": 5.700000000163099,
        "final_B_field": 5.259974515269045,
        "target_B_field": 5.7,
        "optimization_time": 749.2897689342499,
        "walltime_sec": 749.2897689342499,
        "iterations_used": 500,
        "final_squared_flux": 0.05508903226568206,
        "optimization_success": true,
        "optimization_message": "Completed",
        "optimization_nfev": 500,
        "optimization_njev": null,
        "_cached_thresholds": {
          "length_threshold": 170.4426227823769,
          "flux_threshold": 1e-08,
          "cc_threshold": 1.1028640297683212,
          "cs_threshold": 1.6041658614811947,
          "msc_threshold": 3.490910843115239,
          "curvature_threshold": 3.490910843115239,
          "force_threshold": 0.0,
          "torque_threshold": 0.0,
          "finite_build_width": 0.35091128219901124,
          "major_radius": 13.635429024906689,
          "minor_radius": 1.7044262278237692,
          "a0": 0.9974030980329254,
          "arclength_variation_threshold": 0.0,
          "coil_width": 0.40104146537029867
        },
        "final_min_cs_separation": 1.5805554104920074,
        "final_min_cc_separation": 1.046284936083599,
        "final_length_per_coil": [
          31.298827650709402,
          33.34669064797561,
          35.47119532237275,
          34.70573493426875,
          35.677477840232044
        ],
        "final_current_per_coil": [
          8392873.214150105,
          9992477.418357845,
          11316095.167478338,
          10292843.339992717,
          8718450.501972467
        ],
        "total_current_before": 48712739.64195147,
        "total_current_after": 48712739.64195147,
        "final_total_length": 170.49992639555853,
        "final_max_curvature": 0.4122098443939591,
        "final_average_curvature": 0.22854851885819574,
        "final_arclength_variation": 0.09036601119494643,
        "final_mean_squared_curvature": 0.06770096973160161,
        "final_max_torsion": 7.0542112074548955,
        "final_linking_number": 0,
        "coils_linked_to_surface": true,
        "final_max_max_coil_force": 47239834.16006259,
        "final_avg_max_coil_force": 41780796.460195884,
        "final_max_force_per_coil": [
          45222077.381101154,
          47239834.16006259,
          43152713.92029066,
          39743335.73179868,
          33546021.107726365
        ],
        "final_max_torque_per_coil": [
          108197493.69009632,
          125206226.81853382,
          133435820.21044628,
          132218129.65922695,
          135045476.0769262
        ],
        "final_max_max_coil_torque": 135045476.0769262,
        "final_avg_max_coil_torque": 126820629.29104593,
        "avg_BdotN_over_B": 0.001874365320875632,
        "max_BdotN_over_B": 0.007366151185053098,
        "lagrange_multipliers": null,
        "output_directory": "/Users/akaptanoglu/actions-runner/_work/stellcoilbench/stellcoilbench/cases/done/2026-04-06_203117_46691/order_4",
        "flux_threshold": 1e-08,
        "cc_threshold": 1.1028640297683212,
        "cs_threshold": 1.6041658614811947,
        "msc_threshold": 3.490910843115239,
        "arclength_variation_threshold": 0.0,
        "curvature_threshold": 3.490910843115239,
        "force_threshold": 0.0,
        "torque_threshold": 0.0,
        "timing": {
          "coil_initialization": 1.543908708030358,
          "biotsavart_setup": 2.087455249973573,
          "objective_setup": 0.030398417031392455,
          "coil_optimization": 749.2899555829354,
          "save_and_metrics": 1.7945424590725452
        },
        "fourier_order": 4,
        "continuation_step": 1
      },
      {
        "initial_B_field": 5.259974515269045,
        "final_B_field": 5.384520792277572,
        "target_B_field": 5.7,
        "optimization_time": 1004.47736287117,
        "walltime_sec": 1004.47736287117,
        "iterations_used": 500,
        "final_squared_flux": 0.009052631420450047,
        "optimization_success": true,
        "optimization_message": "Completed",
        "optimization_nfev": 500,
        "optimization_njev": null,
        "_cached_thresholds": {
          "length_threshold": 170.4426227823769,
          "flux_threshold": 1e-08,
          "cc_threshold": 1.1028640297683212,
          "cs_threshold": 1.6041658614811947,
          "msc_threshold": 3.490910843115239,
          "curvature_threshold": 3.490910843115239,
          "force_threshold": 0.0,
          "torque_threshold": 0.0,
          "finite_build_width": 0.35091128219901124,
          "major_radius": 13.635429024906689,
          "minor_radius": 1.7044262278237692,
          "a0": 0.9974030980329254,
          "arclength_variation_threshold": 0.0,
          "coil_width": 0.40104146537029867
        },
        "final_min_cs_separation": 1.591878295375285,
        "final_min_cc_separation": 1.0758895586057784,
        "final_length_per_coil": [
          38.56817137247894,
          30.844818062885803,
          37.87922205546399,
          31.718999740954963,
          31.4521022771974
        ],
        "final_current_per_coil": [
          12707264.49330291,
          5311276.190972848,
          14589904.15952882,
          7703222.683337015,
          8401072.114809878
        ],
        "total_current_before": 48712739.64195147,
        "total_current_after": 48712739.64195147,
        "final_total_length": 170.46331350898112,
        "final_max_curvature": 0.678667745623191,
        "final_average_curvature": 0.258728255967091,
        "final_arclength_variation": 0.02124380245831941,
        "final_mean_squared_curvature": 0.11112445647001326,
        "final_max_torsion": 9.203468852091783,
        "final_linking_number": 0,
        "coils_linked_to_surface": true,
        "final_max_max_coil_force": 60029987.93616004,
        "final_avg_max_coil_force": 42137451.96651045,
        "final_max_force_per_coil": [
          60029987.93616004,
          33209598.81974569,
          54352871.93040605,
          31784420.09726858,
          31310381.04897188
        ],
        "final_max_torque_per_coil": [
          201903835.88434118,
          94563751.05332038,
          230391585.3698696,
          105481131.13046445,
          102094930.79632938
        ],
        "final_max_max_coil_torque": 230391585.3698696,
        "final_avg_max_coil_torque": 146887046.846865,
        "avg_BdotN_over_B": 0.0007001468801656684,
        "max_BdotN_over_B": 0.0025349489223411336,
        "lagrange_multipliers": null,
        "output_directory": "/Users/akaptanoglu/actions-runner/_work/stellcoilbench/stellcoilbench/cases/done/2026-04-06_203117_46691/order_8",
        "flux_threshold": 1e-08,
        "cc_threshold": 1.1028640297683212,
        "cs_threshold": 1.6041658614811947,
        "msc_threshold": 3.490910843115239,
        "arclength_variation_threshold": 0.0,
        "curvature_threshold": 3.490910843115239,
        "force_threshold": 0.0,
        "torque_threshold": 0.0,
        "timing": {
          "coil_initialization": 7.08969309926033e-07,
          "biotsavart_setup": 0.004022416076622903,
          "objective_setup": 0.00769870902877301,
          "coil_optimization": 1004.4851261250442,
          "save_and_metrics": 1.7375050840200856
        },
        "fourier_order": 8,