{
  "metadata": {
    "contact": "auto",
    "hardware": "CPU: self-hosted runner",
    "run_date": "2026-03-29T06:50:08.128280",
    "iterations_used": 500,
    "walltime_sec": 184.11238980293274,
    "tags": [
      "explore"
    ],
    "parent_ids": []
  },
  "version_info": {
    "stellcoilbench_commit": "30b92d042e5f1bb66ba622134c8a4defe2e7701a",
    "stellcoilbench_branch": "main",
    "simsopt_version": "0.1.dev5668+ga79006b0b",
    "simsopt_commit": "a79006b0b"
  },
  "metrics": {
    "fourier_continuation": true,
    "fourier_orders": [
      4,
      8,
      16
    ],
    "final_order": 16,
    "continuation_results": [
      {
        "initial_B_field": 2.5000086086152167,
        "final_B_field": 2.7369733051529623,
        "target_B_field": 2.5,
        "optimization_time": 591.1328561306,
        "walltime_sec": 591.1328561306,
        "iterations_used": 500,
        "final_squared_flux": 0.0928365075673232,
        "optimization_success": true,
        "optimization_message": "Completed",
        "optimization_nfev": 500,
        "optimization_njev": null,
        "_cached_thresholds": {
          "length_threshold": 48.622354415592625,
          "flux_threshold": 1e-08,
          "cc_threshold": 0.22658781698871783,
          "cs_threshold": 0.47752997076942033,
          "msc_threshold": 16.536767288713367,
          "curvature_threshold": 5.566318687216975,
          "force_threshold": 177.11014004781282,
          "torque_threshold": 0.0,
          "finite_build_width": 0.10789896047081801,
          "major_radius": 5.483631261799852,
          "minor_radius": 0.5240806651439732,
          "a0": 3.2437754587511507,
          "arclength_variation_threshold": 0.0,
          "coil_width": 0.12331309768093489
        },
        "final_min_cs_separation": 0.43816217101755095,
        "final_min_cc_separation": 0.15381918197372876,
        "final_length_per_coil": [
          11.703852512748636,
          10.77321932169368,
          15.31898705205431,
          10.934401714536666
        ],
        "final_current_per_coil": [
          2545852.5520878704,
          1297774.6865528882,
          2212507.920301924,
          818912.1519166818
        ],
        "total_current_before": 6875047.310859364,
        "total_current_after": 6875047.310859364,
        "final_total_length": 48.730460601033286,
        "final_max_curvature": 1.704157910915835,
        "final_average_curvature": 0.8309979709378021,
        "final_arclength_variation": 0.12306451020142642,
        "final_mean_squared_curvature": 1.2749655709740457,
        "final_max_torsion": 2.4004788931914596,
        "final_linking_number": 0,
        "coils_linked_to_surface": true,
        "final_max_max_coil_force": 4962755.643881006,
        "final_avg_max_coil_force": 3489516.24171985,
        "final_max_force_per_coil": [
          4172889.9393258435,
          3298584.874431757,
          4962755.643881006,
          1523834.5092407926
        ],
        "final_max_torque_per_coil": [
          5860407.638767917,
          4082704.2950017597,
          10273777.862543285,
          840782.3316503527
        ],
        "final_max_max_coil_torque": 10273777.862543285,
        "final_avg_max_coil_torque": 5264418.031990829,
        "avg_BdotN_over_B": 0.012636377898630407,
        "max_BdotN_over_B": 0.09888435395757232,
        "lagrange_multipliers": null,
        "output_directory": "/Users/akaptanoglu/actions-runner/_work/stellcoilbench/stellcoilbench/cases/done/2026-03-29_025733_25683/order_4",
        "flux_threshold": 1e-08,
        "cc_threshold": 0.22658781698871783,
        "cs_threshold": 0.47752997076942033,
        "msc_threshold": 16.536767288713367,
        "arclength_variation_threshold": 0.0,
        "curvature_threshold": 5.566318687216975,
        "force_threshold": 177.11014004781282,
        "torque_threshold": 0.0,
        "timing": {
          "coil_initialization": 0.40917445812374353,
          "biotsavart_setup": 1.948575999820605,
          "objective_setup": 0.03453895798884332,
          "coil_optimization": 591.133036167128,
          "save_and_metrics": 1.532365667168051
        },
        "fourier_order": 4,
        "continuation_step": 1
      },
      {
        "initial_B_field": 2.7369733051529623,
        "final_B_field": 2.742685672177287,
        "target_B_field": 2.5,
        "optimization_time": 1453.7049899101257,
        "walltime_sec": 1453.7049899101257,
        "iterations_used": 500,
        "final_squared_flux": 0.18406173580682195,
        "optimization_success": true,
        "optimization_message": "Completed",
        "optimization_nfev": 500,
        "optimization_njev": null,
        "_cached_thresholds": {
          "length_threshold": 48.622354415592625,
          "flux_threshold": 1e-08,
          "cc_threshold": 0.22658781698871783,
          "cs_threshold": 0.47752997076942033,
          "msc_threshold": 16.536767288713367,
          "curvature_threshold": 5.566318687216975,
          "force_threshold": 177.11014004781282,
          "torque_threshold": 0.0,
          "finite_build_width": 0.10789896047081801,
          "major_radius": 5.483631261799852,
          "minor_radius": 0.5240806651439732,
          "a0": 3.2437754587511507,
          "arclength_variation_threshold": 0.0,
          "coil_width": 0.12331309768093489
        },
        "final_min_cs_separation": 0.39527808430651606,
        "final_min_cc_separation": 0.027277789758908266,
        "final_length_per_coil": [
          11.653784065433356,
          10.801732554192293,
          15.361093519950828,
          11.035891763171005
        ],
        "final_current_per_coil": [
          2545019.1302015716,
          1297708.8581051459,
          2213101.876450942,
          819217.4461017055
        ],
        "total_current_before": 6875047.310859364,
        "total_current_after": 6875047.310859365,
        "final_total_length": 48.85250190274748,
        "final_max_curvature": 2.551374119750097,
        "final_average_curvature": 0.7860411687082797,
        "final_arclength_variation": 0.676264799344686,
        "final_mean_squared_curvature": 1.2697569803172035,
        "final_max_torsion": 1.3146713907842127,
        "final_linking_number": 0,
        "coils_linked_to_surface": true,
        "final_max_max_coil_force": 14919097.669151563,
        "final_avg_max_coil_force": 7207550.633148265,
        "final_max_force_per_coil": [
          4454744.706816252,
          14919097.669151563,
          7934139.87682507,
          1522220.2798001722
        ],
        "final_max_torque_per_coil": [
          8759393.733963279,
          12714348.555480072,
          12090055.436176522,
          812138.2243372223
        ],
        "final_max_max_coil_torque": 12714348.555480072,
        "final_avg_max_coil_torque": 8593983.987489274,
        "avg_BdotN_over_B": 0.018525230368803026,
        "max_BdotN_over_B": 0.10691138272903065,
        "lagrange_multipliers": null,
        "output_directory": "/Users/akaptanoglu/actions-runner/_work/stellcoilbench/stellcoilbench/cases/done/2026-03-29_025733_25683/order_8",
        "flux_threshold": 1e-08,
        "cc_threshold": 0.22658781698871783,
        "cs_threshold": 0.47752997076942033,
        "msc_threshold": 16.536767288713367,
        "arclength_variation_threshold": 0.0,
        "curvature_threshold": 5.566318687216975,
        "force_threshold": 177.11014004781282,
        "torque_threshold": 0.0,
        "timing": {
          "coil_initialization": 5.00120222568512e-07,
          "biotsavart_setup": 0.005205290857702494,
          "objective_setup": 0.006879250053316355,
          "coil_optimization": 1453.7058277921751,
          "save_and_metrics": 1.4090281249955297
        },
        "fourier_order": 8,
        "continuation_step": 2
      },
      {
        "initial_B_field": 2.742685672177287,
        "final_B_field": 2.7426855917305524,
        "target_B_field": 2.5,