{
  "metadata": {
    "contact": "auto",
    "hardware": "CPU: self-hosted runner",
    "run_date": "2026-03-14T03:46:43.675071",
    "iterations_used": 500,
    "walltime_sec": 6.190023183822632
  },
  "version_info": {
    "stellcoilbench_commit": "f1085f0b2c0d5bd231071b8c67f9748a7ee5b508",
    "stellcoilbench_branch": "main",
    "simsopt_version": "0.1.dev5668+ga79006b0b",
    "simsopt_commit": "a79006b0b"
  },
  "metrics": {
    "fourier_continuation": true,
    "fourier_orders": [
      4,
      8,
      16
    ],
    "final_order": 16,
    "continuation_results": [
      {
        "initial_B_field": 1.0000305513510055,
        "final_B_field": 1.0963365732047108,
        "target_B_field": 1.0,
        "optimization_time": 244.6758279800415,
        "walltime_sec": 244.6758279800415,
        "iterations_used": 500,
        "final_squared_flux": 0.0,
        "optimization_success": true,
        "optimization_message": "Completed",
        "optimization_nfev": 500,
        "optimization_njev": null,
        "_cached_thresholds": {
          "length_threshold": 19.80141933783816,
          "flux_threshold": 5e-06,
          "cc_threshold": 0.10500000000000001,
          "cs_threshold": 0.008705099969300412,
          "msc_threshold": 55.0357518017685,
          "curvature_threshold": 75.5731280908966,
          "force_threshold": 0.0,
          "torque_threshold": 0.0,
          "finite_build_width": 0.05,
          "major_radius": 1.0098736979848935,
          "minor_radius": 0.16831206437162433,
          "a0": 10.100286074838271,
          "arclength_variation_threshold": 0.0,
          "coil_width": 0.039602838675676315
        },
        "final_min_cs_separation": 0.26972764496997914,
        "final_min_cc_separation": 0.10476209400283323,
        "final_length_per_coil": [
          6.15737779890613,
          4.410600077819222,
          4.259939638018725,
          4.974593444680544
        ],
        "final_current_per_coil": [
          483770.6833743076,
          187736.74461486522,
          202482.6402521631,
          376085.5563941281
        ],
        "total_current_before": 1250075.624635464,
        "total_current_after": 1250075.624635464,
        "final_total_length": 19.80251095942462,
        "final_max_curvature": 2.7128684552177753,
        "final_average_curvature": 1.7725890742027461,
        "final_arclength_variation": 0.0006624427340566393,
        "final_mean_squared_curvature": 4.351060422382829,
        "final_max_torsion": 75.95572038616541,
        "final_linking_number": 0,
        "coils_linked_to_surface": true,
        "final_max_max_coil_force": 626930.4854862457,
        "final_avg_max_coil_force": 421815.14568793995,
        "final_max_force_per_coil": [
          626930.4854862457,
          331757.37156353955,
          352564.2385737113,
          376008.48712826316
        ],
        "final_max_torque_per_coil": [
          440712.58459550503,
          154320.93245853853,
          90261.38001584305,
          135546.65904198764
        ],
        "final_max_max_coil_torque": 440712.58459550503,
        "final_avg_max_coil_torque": 205210.38902796857,
        "avg_BdotN_over_B": 0.0009833633310695387,
        "max_BdotN_over_B": 0.003440526219066915,
        "lagrange_multipliers": null,
        "output_directory": "/Users/akaptanoglu/actions-runner/_work/stellcoilbench/stellcoilbench/cases/done/2026-03-14_033948_66817/order_4",
        "flux_threshold": 5e-06,
        "cc_threshold": 0.10500000000000001,
        "cs_threshold": 0.008705099969300412,
        "msc_threshold": 55.0357518017685,
        "arclength_variation_threshold": 0.0,
        "curvature_threshold": 75.5731280908966,
        "force_threshold": 0.0,
        "torque_threshold": 0.0,
        "timing": {
          "coil_initialization": 0.1921847079647705,
          "biotsavart_setup": 1.240567542030476,
          "objective_setup": 0.0346457080449909,
          "coil_optimization": 244.67620804195758,
          "save_and_metrics": 0.9089049999602139
        },
        "fourier_order": 4,
        "continuation_step": 1
      },
      {
        "initial_B_field": 1.0963365732047108,
        "final_B_field": 1.0961393481387525,
        "target_B_field": 1.0,
        "optimization_time": 42.562925815582275,
        "walltime_sec": 42.562925815582275,
        "iterations_used": 500,
        "final_squared_flux": 0.0,
        "optimization_success": true,
        "optimization_message": "Completed",
        "optimization_nfev": 500,
        "optimization_njev": null,
        "_cached_thresholds": {
          "length_threshold": 19.80141933783816,
          "flux_threshold": 5e-06,
          "cc_threshold": 0.10500000000000001,
          "cs_threshold": 0.008705099969300412,
          "msc_threshold": 55.0357518017685,
          "curvature_threshold": 75.5731280908966,
          "force_threshold": 0.0,
          "torque_threshold": 0.0,
          "finite_build_width": 0.05,
          "major_radius": 1.0098736979848935,
          "minor_radius": 0.16831206437162433,
          "a0": 10.100286074838271,
          "arclength_variation_threshold": 0.0,
          "coil_width": 0.039602838675676315
        },
        "final_min_cs_separation": 0.2701826704885881,
        "final_min_cc_separation": 0.10503365875298999,
        "final_length_per_coil": [
          6.139848092428405,
          4.394497690002183,
          4.23993461960429,
          4.956971439176256
        ],
        "final_current_per_coil": [
          483674.3129724841,
          187749.89504803272,
          202914.05634192593,
          375737.3602730213
        ],
        "total_current_before": 1250075.624635464,
        "total_current_after": 1250075.624635464,
        "final_total_length": 19.731251841211133,
        "final_max_curvature": 2.761728494138664,
        "final_average_curvature": 1.7728400129445192,
        "final_arclength_variation": 2.048459749426302e-05,
        "final_mean_squared_curvature": 4.356786456908608,
        "final_max_torsion": 185.84464976446932,
        "final_linking_number": 0,
        "coils_linked_to_surface": true,
        "final_max_max_coil_force": 545466.8600464939,
        "final_avg_max_coil_force": 389511.65700145066,
        "final_max_force_per_coil": [
          545466.8600464939,
          334019.72825021105,
          349524.5070935356,
          329035.532615562
        ],
        "final_max_torque_per_coil": [
          376122.79735046625,
          159437.77381437016,
          92670.132247482,
          106709.27881841485
        ],
        "final_max_max_coil_torque": 376122.79735046625,
        "final_avg_max_coil_torque": 183734.99555768332,
        "avg_BdotN_over_B": 0.0009892812162611223,
        "max_BdotN_over_B": 0.0034652275598401924,
        "lagrange_multipliers": null,
        "output_directory": "/Users/akaptanoglu/actions-runner/_work/stellcoilbench/stellcoilbench/cases/done/2026-03-14_033948_66817/order_8",
        "flux_threshold": 5e-06,
        "cc_threshold": 0.10500000000000001,
        "cs_threshold": 0.008705099969300412,
        "msc_threshold": 55.0357518017685,
        "arclength_variation_threshold": 0.0,
        "curvature_threshold": 75.5731280908966,
        "force_threshold": 0.0,
        "torque_threshold": 0.0,
        "timing": {
          "coil_initialization": 7.50063918530941e-07,
          "biotsavart_setup": 0.0029677500715479255,
          "objective_setup": 0.005766208050772548,
          "coil_optimization": 42.56299291702453,
          "save_and_metrics": 0.9478757079923525
        },
        "fourier_order": 8,
        "continuation_step": 2
      },
      {
        "initial_B_field": 1.0961393481387525,
        "final_B_field": 1.0961393481387525,
        "target_B_field": 1.0,
        "optimization_time": 6.190023183822632,
        "walltime_sec": 6.190023183822632,
        "iterations_used": 500,
        "final_squared_flux": 0.0,
        "optimization_success": true,