{
  "metadata": {
    "contact": "auto",
    "hardware": "CPU: self-hosted runner",
    "run_date": "2026-03-17T15:30:30.212764",
    "iterations_used": 500,
    "walltime_sec": 422.3399431705475
  },
  "version_info": {
    "stellcoilbench_commit": "bbaf0f3067c0df93cc7216cf464b54a171f0a0fb",
    "stellcoilbench_branch": "main",
    "simsopt_version": "0.1.dev5668+ga79006b0b",
    "simsopt_commit": "a79006b0b"
  },
  "metrics": {
    "fourier_continuation": true,
    "fourier_orders": [
      4,
      8,
      16
    ],
    "final_order": 16,
    "continuation_results": [
      {
        "initial_B_field": 1.0000008292436955,
        "final_B_field": 1.058932043697253,
        "target_B_field": 1.0,
        "optimization_time": 569.9774260520935,
        "walltime_sec": 569.9774260520935,
        "iterations_used": 500,
        "final_squared_flux": 0.016769709117240583,
        "optimization_success": true,
        "optimization_message": "Completed",
        "optimization_nfev": 500,
        "optimization_njev": null,
        "_cached_thresholds": {
          "length_threshold": 16.85595821133473,
          "flux_threshold": 1e-08,
          "cc_threshold": 0.1321744740800697,
          "cs_threshold": 0.26345788428993666,
          "msc_threshold": 10.898208674750494,
          "curvature_threshold": 6.878294816964863,
          "force_threshold": 1562.5142557774805,
          "torque_threshold": 0.0,
          "finite_build_width": 0.05,
          "major_radius": 1.0098736979848935,
          "minor_radius": 0.16831206437162433,
          "a0": 10.100286074838271,
          "arclength_variation_threshold": 0.0,
          "coil_width": 0.039602838675676315
        },
        "final_min_cs_separation": 0.24809416725859007,
        "final_min_cc_separation": 0.12217607823325125,
        "final_length_per_coil": [
          3.0498955760660675,
          2.9002512527669277,
          2.8103628576016604,
          2.76665194594348,
          2.7444910810610255,
          2.7296865771570142
        ],
        "final_current_per_coil": [
          344880.93658988335,
          331298.8755064452,
          334404.0232338862,
          209813.183232133,
          453223.1966360449,
          3991.7762797540054
        ],
        "total_current_before": 1250002.0724543727,
        "total_current_after": 1250002.0724543727,
        "final_total_length": 17.001339290596174,
        "final_max_curvature": 3.650483143953403,
        "final_average_curvature": 2.3016494751302767,
        "final_arclength_variation": 0.009012155222351199,
        "final_mean_squared_curvature": 6.154616759287272,
        "final_max_torsion": 22.541286441961663,
        "final_linking_number": 0,
        "coils_linked_to_surface": true,
        "final_max_max_coil_force": 354183.37466321356,
        "final_avg_max_coil_force": 212462.82595539803,
        "final_max_force_per_coil": [
          230833.22842945546,
          252275.95085844139,
          289851.0665170975,
          144641.25232121308,
          354183.37466321356,
          2992.0829429671994
        ],
        "final_max_torque_per_coil": [
          61138.45475639612,
          56114.29007525966,
          66842.54800931376,
          31029.355250814573,
          57055.26447720241,
          803.5681954217812
        ],
        "final_max_max_coil_torque": 66842.54800931376,
        "final_avg_max_coil_torque": 45497.24679406805,
        "avg_BdotN_over_B": 0.056186471403477135,
        "max_BdotN_over_B": 0.22602788922708428,
        "lagrange_multipliers": null,
        "output_directory": "/Users/akaptanoglu/actions-runner/_work/stellcoilbench/stellcoilbench/cases/done/2026-03-17_145923_25204/order_4",
        "flux_threshold": 1e-08,
        "cc_threshold": 0.1321744740800697,
        "cs_threshold": 0.26345788428993666,
        "msc_threshold": 10.898208674750494,
        "arclength_variation_threshold": 0.0,
        "curvature_threshold": 6.878294816964863,
        "force_threshold": 1562.5142557774805,
        "torque_threshold": 0.0,
        "timing": {
          "coil_initialization": 0.2966742080170661,
          "biotsavart_setup": 1.5513609589543194,
          "objective_setup": 0.05598966695833951,
          "coil_optimization": 569.9777563750977,
          "save_and_metrics": 1.1286494169617072
        },
        "fourier_order": 4,
        "continuation_step": 1
      },
      {
        "initial_B_field": 1.058932043697253,
        "final_B_field": 1.059127200678582,
        "target_B_field": 1.0,
        "optimization_time": 608.4846603870392,
        "walltime_sec": 608.4846603870392,
        "iterations_used": 500,
        "final_squared_flux": 0.01693735788102341,
        "optimization_success": true,
        "optimization_message": "Completed",
        "optimization_nfev": 500,
        "optimization_njev": null,
        "_cached_thresholds": {
          "length_threshold": 16.85595821133473,
          "flux_threshold": 1e-08,
          "cc_threshold": 0.1321744740800697,
          "cs_threshold": 0.26345788428993666,
          "msc_threshold": 10.898208674750494,
          "curvature_threshold": 6.878294816964863,
          "force_threshold": 1562.5142557774805,
          "torque_threshold": 0.0,
          "finite_build_width": 0.05,
          "major_radius": 1.0098736979848935,
          "minor_radius": 0.16831206437162433,
          "a0": 10.100286074838271,
          "arclength_variation_threshold": 0.0,
          "coil_width": 0.039602838675676315
        },
        "final_min_cs_separation": 0.24809512009684676,
        "final_min_cc_separation": 0.1252464588365507,
        "final_length_per_coil": [
          3.049475635519761,
          2.89964168268335,
          2.811946110442641,
          2.767586517959105,
          2.7445101941503847,
          2.729319024758774
        ],
        "final_current_per_coil": [
          345762.72684094077,
          331206.5720849127,
          320110.51283037046,
          182657.48818436908,
          425435.63974523864,
          10144.109137279214
        ],
        "total_current_before": 1250002.0724543727,
        "total_current_after": 1250002.0724543727,
        "final_total_length": 17.002479165514014,
        "final_max_curvature": 3.6760421364372085,
        "final_average_curvature": 2.2876773245733517,
        "final_arclength_variation": 0.00568846223778885,
        "final_mean_squared_curvature": 6.044224598175265,
        "final_max_torsion": 39.75892636639379,
        "final_linking_number": 0,
        "coils_linked_to_surface": true,
        "final_max_max_coil_force": 239301.57322904395,
        "final_avg_max_coil_force": 176522.43382589784,
        "final_max_force_per_coil": [
          212517.77469973938,
          227835.96362835003,
          239301.57322904395,
          137387.33552138874,
          234773.07636708082,
          7318.879509784012
        ],
        "final_max_torque_per_coil": [
          46305.99105760613,
          48761.35623487633,
          54778.24088784732,
          25542.13882938462,
          43374.37661175725,
          1863.5755521133256
        ],
        "final_max_max_coil_torque": 54778.24088784732,
        "final_avg_max_coil_torque": 36770.94652893082,
        "avg_BdotN_over_B": 0.05659364208544927,
        "max_BdotN_over_B": 0.2261488120416101,
        "lagrange_multipliers": null,
        "output_directory": "/Users/akaptanoglu/actions-runner/_work/stellcoilbench/stellcoilbench/cases/done/2026-03-17_145923_25204/order_8",
        "flux_threshold": 1e-08,
        "cc_threshold": 0.1321744740800697,
        "cs_threshold": 0.26345788428993666,
        "msc_threshold": 10.898208674750494,
        "arclength_variation_threshold": 0.0,
        "curvature_threshold": 6.878294816964863,
        "force_threshold": 1562.5142557774805,
        "torque_threshold": 0.0,
        "timing": {
          "coil_initialization": 7.080379873514175e-07,