{
  "metadata": {
    "contact": "auto",
    "hardware": "CPU: self-hosted runner",
    "run_date": "2026-03-19T22:12:26.639916",
    "iterations_used": 500,
    "walltime_sec": 12.865010023117065,
    "tags": [
      "explore"
    ],
    "parent_ids": []
  },
  "version_info": {
    "stellcoilbench_commit": "66c8ad5428a9ff58830fc2794d4d40cb242b60e6",
    "stellcoilbench_branch": "main",
    "simsopt_version": "0.1.dev5668+ga79006b0b",
    "simsopt_commit": "a79006b0b"
  },
  "metrics": {
    "fourier_continuation": true,
    "fourier_orders": [
      4,
      8,
      16
    ],
    "final_order": 16,
    "continuation_results": [
      {
        "initial_B_field": 1.0000050243934888,
        "final_B_field": 1.0959161498529926,
        "target_B_field": 1.0,
        "optimization_time": 521.3247301578522,
        "walltime_sec": 521.3247301578522,
        "iterations_used": 500,
        "final_squared_flux": 7.519170393048785e-06,
        "optimization_success": true,
        "optimization_message": "Completed",
        "optimization_nfev": 500,
        "optimization_njev": null,
        "_cached_thresholds": {
          "length_threshold": 19.406381022048286,
          "flux_threshold": 1e-08,
          "cc_threshold": 0.10500000000000001,
          "cs_threshold": 0.2447455430156796,
          "msc_threshold": 46.35021279743283,
          "curvature_threshold": 7.423710265006129,
          "force_threshold": 1441.3108228794213,
          "torque_threshold": 0.0,
          "finite_build_width": 0.05,
          "major_radius": 1.0098736979848935,
          "minor_radius": 0.16831206437162433,
          "a0": 10.100286074838271,
          "arclength_variation_threshold": 0.0,
          "coil_width": 0.039602838675676315
        },
        "final_min_cs_separation": 0.24323856568420543,
        "final_min_cc_separation": 0.10440764283493326,
        "final_length_per_coil": [
          5.221572607738519,
          3.432664427855403,
          3.947194257960133,
          3.520418970612508,
          3.285250778201474
        ],
        "final_current_per_coil": [
          449422.2788606791,
          101020.26196366119,
          287919.85806250497,
          219203.7150118099,
          192446.42454127828
        ],
        "total_current_before": 1250012.5384399334,
        "total_current_after": 1250012.5384399334,
        "final_total_length": 19.407101042368037,
        "final_max_curvature": 3.2962430868477726,
        "final_average_curvature": 2.124549861279511,
        "final_arclength_variation": 0.000781307292017036,
        "final_mean_squared_curvature": 6.158469581115104,
        "final_max_torsion": 13.655443208244398,
        "final_linking_number": 0,
        "coils_linked_to_surface": true,
        "final_max_max_coil_force": 512379.22838876623,
        "final_avg_max_coil_force": 286039.29528413824,
        "final_max_force_per_coil": [
          512379.22838876623,
          179225.9724429814,
          378593.0969182625,
          207592.1322840764,
          152406.04638660455
        ],
        "final_max_torque_per_coil": [
          256019.67151321124,
          60815.2225207324,
          79052.5452388706,
          39586.856566571056,
          24448.04140050094
        ],
        "final_max_max_coil_torque": 256019.67151321124,
        "final_avg_max_coil_torque": 91984.46744797725,
        "avg_BdotN_over_B": 0.001220260969162107,
        "max_BdotN_over_B": 0.0054143456146247305,
        "lagrange_multipliers": null,
        "output_directory": "/Users/akaptanoglu/actions-runner/_work/stellcoilbench/stellcoilbench/cases/done/2026-03-19_215408_58465/order_4",
        "flux_threshold": 1e-08,
        "cc_threshold": 0.10500000000000001,
        "cs_threshold": 0.2447455430156796,
        "msc_threshold": 46.35021279743283,
        "arclength_variation_threshold": 0.0,
        "curvature_threshold": 7.423710265006129,
        "force_threshold": 1441.3108228794213,
        "torque_threshold": 0.0,
        "timing": {
          "coil_initialization": 0.2564436658285558,
          "biotsavart_setup": 1.4115663340780884,
          "objective_setup": 0.040294041857123375,
          "coil_optimization": 521.3249662078451,
          "save_and_metrics": 1.0078295830171555
        },
        "fourier_order": 4,
        "continuation_step": 1
      },
      {
        "initial_B_field": 1.0959161498529926,
        "final_B_field": 1.0965692963786182,
        "target_B_field": 1.0,
        "optimization_time": 350.04299807548523,
        "walltime_sec": 350.04299807548523,
        "iterations_used": 500,
        "final_squared_flux": 3.7618197846974405e-06,
        "optimization_success": true,
        "optimization_message": "Completed",
        "optimization_nfev": 500,
        "optimization_njev": null,
        "_cached_thresholds": {
          "length_threshold": 19.406381022048286,
          "flux_threshold": 1e-08,
          "cc_threshold": 0.10500000000000001,
          "cs_threshold": 0.2447455430156796,
          "msc_threshold": 46.35021279743283,
          "curvature_threshold": 7.423710265006129,
          "force_threshold": 1441.3108228794213,
          "torque_threshold": 0.0,
          "finite_build_width": 0.05,
          "major_radius": 1.0098736979848935,
          "minor_radius": 0.16831206437162433,
          "a0": 10.100286074838271,
          "arclength_variation_threshold": 0.0,
          "coil_width": 0.039602838675676315
        },
        "final_min_cs_separation": 0.2549249716875443,
        "final_min_cc_separation": 0.10493269488674985,
        "final_length_per_coil": [
          4.374072437470139,
          3.9705120717666764,
          3.945330589624388,
          3.677377516166082,
          3.4391570198666237
        ],
        "final_current_per_coil": [
          296794.7375542969,
          228020.7765846731,
          270319.09531160345,
          244885.44452315322,
          209992.48446620663
        ],
        "total_current_before": 1250012.5384399334,
        "total_current_after": 1250012.5384399332,
        "final_total_length": 19.40644963489391,
        "final_max_curvature": 4.216741686452422,
        "final_average_curvature": 2.1507519489422653,
        "final_arclength_variation": 0.0002458362731466325,
        "final_mean_squared_curvature": 6.368134009789092,
        "final_max_torsion": 165.82932405709033,
        "final_linking_number": 0,
        "coils_linked_to_surface": true,
        "final_max_max_coil_force": 351080.0621813197,
        "final_avg_max_coil_force": 267216.7079439134,
        "final_max_force_per_coil": [
          329200.44451580406,
          351080.0621813197,
          331664.0359344968,
          188901.26601441656,
          135237.73107353004
        ],
        "final_max_torque_per_coil": [
          99347.07535855158,
          125608.11459757335,
          73414.49569668081,
          42100.957215023605,
          26033.277435898963
        ],
        "final_max_max_coil_torque": 125608.11459757335,
        "final_avg_max_coil_torque": 73300.78406074565,
        "avg_BdotN_over_B": 0.0008840118922136375,
        "max_BdotN_over_B": 0.0037593001582421357,
        "lagrange_multipliers": null,
        "output_directory": "/Users/akaptanoglu/actions-runner/_work/stellcoilbench/stellcoilbench/cases/done/2026-03-19_215408_58465/order_8",
        "flux_threshold": 1e-08,
        "cc_threshold": 0.10500000000000001,
        "cs_threshold": 0.2447455430156796,
        "msc_threshold": 46.35021279743283,
        "arclength_variation_threshold": 0.0,
        "curvature_threshold": 7.423710265006129,
        "force_threshold": 1441.3108228794213,
        "torque_threshold": 0.0,
        "timing": {
          "coil_initialization": 7.092021405696869e-07,
          "biotsavart_setup": 0.0029513330664485693,
          "objective_setup": 0.006986417109146714,
          "coil_optimization": 350.0431281658821,