{
  "metadata": {
    "contact": "auto",
    "hardware": "CPU: self-hosted runner",
    "run_date": "2026-03-18T20:55:16.724021",
    "iterations_used": 500,
    "walltime_sec": 194.0347499847412,
    "tags": [
      "explore"
    ],
    "parent_ids": []
  },
  "version_info": {
    "stellcoilbench_commit": "26c0cb24641bc2b8efd2eb6048760cf4338bd2a3",
    "stellcoilbench_branch": "main",
    "simsopt_version": "0.1.dev5668+ga79006b0b",
    "simsopt_commit": "a79006b0b"
  },
  "metrics": {
    "fourier_continuation": true,
    "fourier_orders": [
      4,
      8,
      16
    ],
    "final_order": 16,
    "continuation_results": [
      {
        "initial_B_field": 1.0000305513510055,
        "final_B_field": 1.0956990158165278,
        "target_B_field": 1.0,
        "optimization_time": 240.04936385154724,
        "walltime_sec": 240.04936385154724,
        "iterations_used": 500,
        "final_squared_flux": 7.180653142775453e-05,
        "optimization_success": true,
        "optimization_message": "Completed",
        "optimization_nfev": 500,
        "optimization_njev": null,
        "_cached_thresholds": {
          "length_threshold": 15.754009225184038,
          "flux_threshold": 1e-08,
          "cc_threshold": 0.1117790121620964,
          "cs_threshold": 0.17801475984716503,
          "msc_threshold": 5.595558485460403,
          "curvature_threshold": 5.444054194337829,
          "force_threshold": 3575.501270492748,
          "torque_threshold": 0.0,
          "finite_build_width": 0.05,
          "major_radius": 1.0098736979848935,
          "minor_radius": 0.16831206437162433,
          "a0": 10.100286074838271,
          "arclength_variation_threshold": 0.0,
          "coil_width": 0.039602838675676315
        },
        "final_min_cs_separation": 0.24555677794788694,
        "final_min_cc_separation": 0.10937549509992703,
        "final_length_per_coil": [
          4.42525166895063,
          3.5824735077878467,
          3.991152709345492,
          3.7583733726078834
        ],
        "final_current_per_coil": [
          388502.670842616,
          197576.91148645847,
          355543.6084955714,
          308452.4338108181
        ],
        "total_current_before": 1250075.624635464,
        "total_current_after": 1250075.624635464,
        "final_total_length": 15.757251258691852,
        "final_max_curvature": 3.123563492914594,
        "final_average_curvature": 2.0573383847163758,
        "final_arclength_variation": 0.002392099140932586,
        "final_mean_squared_curvature": 5.609985147677502,
        "final_max_torsion": 42.79581338253702,
        "final_linking_number": 0,
        "coils_linked_to_surface": true,
        "final_max_max_coil_force": 413071.5994512544,
        "final_avg_max_coil_force": 336397.03163039236,
        "final_max_force_per_coil": [
          413071.5994512544,
          305745.8425584121,
          378836.6867435146,
          247933.99776838833
        ],
        "final_max_torque_per_coil": [
          146588.78674111288,
          104146.37271603262,
          90992.44456791063,
          56281.7552898522
        ],
        "final_max_max_coil_torque": 146588.78674111288,
        "final_avg_max_coil_torque": 99502.33982872708,
        "avg_BdotN_over_B": 0.003783279019769065,
        "max_BdotN_over_B": 0.014487646273558585,
        "lagrange_multipliers": null,
        "output_directory": "/Users/akaptanoglu/actions-runner/_work/stellcoilbench/stellcoilbench/cases/done/2026-03-18_204000_94496/order_4",
        "flux_threshold": 1e-08,
        "cc_threshold": 0.1117790121620964,
        "cs_threshold": 0.17801475984716503,
        "msc_threshold": 5.595558485460403,
        "arclength_variation_threshold": 0.0,
        "curvature_threshold": 5.444054194337829,
        "force_threshold": 3575.501270492748,
        "torque_threshold": 0.0,
        "timing": {
          "coil_initialization": 0.1710666250437498,
          "biotsavart_setup": 1.2997049579862505,
          "objective_setup": 0.05435975012369454,
          "coil_optimization": 240.0488182909321,
          "save_and_metrics": 0.878275458002463
        },
        "fourier_order": 4,
        "continuation_step": 1
      },
      {
        "initial_B_field": 1.0956990158165278,
        "final_B_field": 1.096628464426419,
        "target_B_field": 1.0,
        "optimization_time": 234.97669386863708,
        "walltime_sec": 234.97669386863708,
        "iterations_used": 500,
        "final_squared_flux": 5.068518845763144e-05,
        "optimization_success": true,
        "optimization_message": "Completed",
        "optimization_nfev": 500,
        "optimization_njev": null,
        "_cached_thresholds": {
          "length_threshold": 15.754009225184038,
          "flux_threshold": 1e-08,
          "cc_threshold": 0.1117790121620964,
          "cs_threshold": 0.17801475984716503,
          "msc_threshold": 5.595558485460403,
          "curvature_threshold": 5.444054194337829,
          "force_threshold": 3575.501270492748,
          "torque_threshold": 0.0,
          "finite_build_width": 0.05,
          "major_radius": 1.0098736979848935,
          "minor_radius": 0.16831206437162433,
          "a0": 10.100286074838271,
          "arclength_variation_threshold": 0.0,
          "coil_width": 0.039602838675676315
        },
        "final_min_cs_separation": 0.26010371668460114,
        "final_min_cc_separation": 0.11045800986364675,
        "final_length_per_coil": [
          4.232044959775806,
          3.847753178997374,
          3.936331900990115,
          3.740397223231271
        ],
        "final_current_per_coil": [
          340527.7430975141,
          264719.13273516065,
          336760.0506030619,
          308068.69819972734
        ],
        "total_current_before": 1250075.624635464,
        "total_current_after": 1250075.624635464,
        "final_total_length": 15.756527262994567,
        "final_max_curvature": 4.342777235313468,
        "final_average_curvature": 2.1295987207584166,
        "final_arclength_variation": 0.0010673798249501356,
        "final_mean_squared_curvature": 5.611866648022863,
        "final_max_torsion": 95.25162237766313,
        "final_linking_number": 0,
        "coils_linked_to_surface": true,
        "final_max_max_coil_force": 414787.20399768476,
        "final_avg_max_coil_force": 332672.0798133935,
        "final_max_force_per_coil": [
          401997.00612537493,
          414787.20399768476,
          320080.88244155975,
          193823.2266889545
        ],
        "final_max_torque_per_coil": [
          114853.38362311567,
          162695.6018484779,
          71534.67673804061,
          41275.57373371197
        ],
        "final_max_max_coil_torque": 162695.6018484779,
        "final_avg_max_coil_torque": 97589.80898583654,
        "avg_BdotN_over_B": 0.0032569078718916048,
        "max_BdotN_over_B": 0.0132905352712988,
        "lagrange_multipliers": null,
        "output_directory": "/Users/akaptanoglu/actions-runner/_work/stellcoilbench/stellcoilbench/cases/done/2026-03-18_204000_94496/order_8",
        "flux_threshold": 1e-08,
        "cc_threshold": 0.1117790121620964,
        "cs_threshold": 0.17801475984716503,
        "msc_threshold": 5.595558485460403,
        "arclength_variation_threshold": 0.0,
        "curvature_threshold": 5.444054194337829,
        "force_threshold": 3575.501270492748,
        "torque_threshold": 0.0,
        "timing": {
          "coil_initialization": 5.420297384262085e-07,
          "biotsavart_setup": 0.0025831249076873064,
          "objective_setup": 0.006068583112210035,
          "coil_optimization": 234.97691079205833,
          "save_and_metrics": 0.8230262917932123
        },
        "fourier_order": 8,
        "continuation_step": 2
      },
      {
        "initial_B_field": 1.096628464426419,
        "final_B_field": 1.0961853746830343,
        "target_B_field": 1.0,
        "optimization_time": 194.0347499847412,