{
  "metadata": {
    "contact": "auto",
    "hardware": "CPU: self-hosted runner",
    "run_date": "2026-03-23T20:42:53.397932",
    "iterations_used": 500,
    "walltime_sec": 104.3597149848938,
    "tags": [
      "explore"
    ],
    "parent_ids": []
  },
  "version_info": {
    "stellcoilbench_commit": "900fac6c2e72116d5f8a2edc625ac641e2a85970",
    "stellcoilbench_branch": "main",
    "simsopt_version": "0.1.dev5668+ga79006b0b",
    "simsopt_commit": "a79006b0b"
  },
  "metrics": {
    "fourier_continuation": true,
    "fourier_orders": [
      4,
      8,
      16
    ],
    "final_order": 16,
    "continuation_results": [
      {
        "initial_B_field": 2.50000000044544,
        "final_B_field": 3.4842223448313945,
        "target_B_field": 2.5,
        "optimization_time": 865.5862498283386,
        "walltime_sec": 865.5862498283386,
        "iterations_used": 500,
        "final_squared_flux": 1.2172176932507435,
        "optimization_success": true,
        "optimization_message": "Completed",
        "optimization_nfev": 500,
        "optimization_njev": null,
        "_cached_thresholds": {
          "length_threshold": 40.16924156956454,
          "flux_threshold": 1e-08,
          "cc_threshold": 0.26820598745603336,
          "cs_threshold": 0.28608638661976893,
          "msc_threshold": 6.1599295961684355,
          "curvature_threshold": 15.832868014164367,
          "force_threshold": 384.0630143161363,
          "torque_threshold": 0.0,
          "finite_build_width": 0.10789896047081801,
          "major_radius": 5.483631261799852,
          "minor_radius": 0.5240806651439732,
          "a0": 3.2437754587511507,
          "arclength_variation_threshold": 0.0,
          "coil_width": 0.12331309768093489
        },
        "final_min_cs_separation": 0.04210345067716369,
        "final_min_cc_separation": 0.0756669908468999,
        "final_length_per_coil": [
          6.489264277866376,
          7.221012379755304,
          7.516208393844271,
          6.741750266002768,
          6.883053520725813,
          5.62011696654814
        ],
        "final_current_per_coil": [
          742740.8813062068,
          1696355.8287261077,
          99815.34466607211,
          1853599.585542963,
          804989.3911250476,
          3287477.75333362
        ],
        "total_current_before": 6875000.002449921,
        "total_current_after": 6875000.002449921,
        "final_total_length": 40.47140580474267,
        "final_max_curvature": 4.058408105318183,
        "final_average_curvature": 1.063010004728097,
        "final_arclength_variation": 0.28998399138787545,
        "final_mean_squared_curvature": 2.083214224354375,
        "final_max_torsion": 2.890646803412159,
        "final_linking_number": 0,
        "coils_linked_to_surface": false,
        "final_max_max_coil_force": 7264301.653965761,
        "final_avg_max_coil_force": 3055380.2121568206,
        "final_max_force_per_coil": [
          817705.3322553681,
          2113616.2857971457,
          208560.99036794587,
          2554037.8870271887,
          5374059.123527514,
          7264301.653965761
        ],
        "final_max_torque_per_coil": [
          558920.6850187696,
          1181587.3808215123,
          163055.7675933041,
          1405632.2622382187,
          5927656.949509815,
          5887378.932932263
        ],
        "final_max_max_coil_torque": 5927656.949509815,
        "final_avg_max_coil_torque": 2520705.3296856475,
        "avg_BdotN_over_B": 0.07394560976310426,
        "max_BdotN_over_B": 0.991523832097698,
        "lagrange_multipliers": null,
        "output_directory": "/Users/akaptanoglu/actions-runner/_work/stellcoilbench/stellcoilbench/cases/done/2026-03-23_201106_80839/order_4",
        "flux_threshold": 1e-08,
        "cc_threshold": 0.26820598745603336,
        "cs_threshold": 0.28608638661976893,
        "msc_threshold": 6.1599295961684355,
        "arclength_variation_threshold": 0.0,
        "curvature_threshold": 15.832868014164367,
        "force_threshold": 384.0630143161363,
        "torque_threshold": 0.0,
        "timing": {
          "coil_initialization": 2.804794583003968,
          "biotsavart_setup": 3.3935447498224676,
          "objective_setup": 0.0443450000602752,
          "coil_optimization": 865.5869009580929,
          "save_and_metrics": 2.133616124978289
        },
        "fourier_order": 4,
        "continuation_step": 1
      },
      {
        "initial_B_field": 3.4842223448313945,
        "final_B_field": 3.4699828850748506,
        "target_B_field": 2.5,
        "optimization_time": 850.6903398036957,
        "walltime_sec": 850.6903398036957,
        "iterations_used": 500,
        "final_squared_flux": 1.218979715965411,
        "optimization_success": true,
        "optimization_message": "Completed",
        "optimization_nfev": 500,
        "optimization_njev": null,
        "_cached_thresholds": {
          "length_threshold": 40.16924156956454,
          "flux_threshold": 1e-08,
          "cc_threshold": 0.26820598745603336,
          "cs_threshold": 0.28608638661976893,
          "msc_threshold": 6.1599295961684355,
          "curvature_threshold": 15.832868014164367,
          "force_threshold": 384.0630143161363,
          "torque_threshold": 0.0,
          "finite_build_width": 0.10789896047081801,
          "major_radius": 5.483631261799852,
          "minor_radius": 0.5240806651439732,
          "a0": 3.2437754587511507,
          "arclength_variation_threshold": 0.0,
          "coil_width": 0.12331309768093489
        },
        "final_min_cs_separation": 0.042395353984634225,
        "final_min_cc_separation": 0.07518230390685597,
        "final_length_per_coil": [
          6.488916272501613,
          7.219836343529494,
          7.515243938232917,
          6.740100835802261,
          6.880500214134726,
          5.618178406908529
        ],
        "final_current_per_coil": [
          742738.7920498867,
          1696355.4490963933,
          99816.35540007519,
          1853599.5970149601,
          804989.9222008254,
          3287479.7310894313
        ],
        "total_current_before": 6875000.002449921,
        "total_current_after": 6875000.002449921,
        "final_total_length": 40.46277601110954,
        "final_max_curvature": 4.116515858079183,
        "final_average_curvature": 1.060851226722024,
        "final_arclength_variation": 0.29313052745300666,
        "final_mean_squared_curvature": 2.09553607717888,
        "final_max_torsion": 2.416415369467422,
        "final_linking_number": 0,
        "coils_linked_to_surface": false,
        "final_max_max_coil_force": 6353154.7925752895,
        "final_avg_max_coil_force": 2705057.3456805237,
        "final_max_force_per_coil": [
          783124.7183988683,
          1757254.0807991745,
          204920.99204500706,
          1701353.607225681,
          5430535.883039121,
          6353154.7925752895
        ],
        "final_max_torque_per_coil": [
          506721.97362429753,
          946758.8823469951,
          161422.01962747777,
          968572.8382016673,
          5975733.210385684,
          6835215.653706293
        ],
        "final_max_max_coil_torque": 6835215.653706293,
        "final_avg_max_coil_torque": 2565737.429648736,
        "avg_BdotN_over_B": 0.0739336443416055,
        "max_BdotN_over_B": 0.9905901226027042,
        "lagrange_multipliers": null,
        "output_directory": "/Users/akaptanoglu/actions-runner/_work/stellcoilbench/stellcoilbench/cases/done/2026-03-23_201106_80839/order_8",
        "flux_threshold": 1e-08,
        "cc_threshold": 0.26820598745603336,
        "cs_threshold": 0.28608638661976893,
        "msc_threshold": 6.1599295961684355,
        "arclength_variation_threshold": 0.0,
        "curvature_threshold": 15.832868014164367,
        "force_threshold": 384.0630143161363,
        "torque_threshold": 0.0,