{
  "metadata": {
    "contact": "auto",
    "hardware": "CPU: self-hosted runner",
    "run_date": "2026-04-04T12:06:47.399970",
    "iterations_used": 500,
    "walltime_sec": 167.1195740699768,
    "tags": [
      "explore"
    ],
    "parent_ids": []
  },
  "version_info": {
    "stellcoilbench_commit": "5219a32d6ec112c96d899c3fe28d86a951c71124",
    "stellcoilbench_branch": "main",
    "simsopt_version": "0.1.dev5668+ga79006b0b",
    "simsopt_commit": "a79006b0b"
  },
  "metrics": {
    "fourier_continuation": true,
    "fourier_orders": [
      4,
      8,
      16
    ],
    "final_order": 16,
    "continuation_results": [
      {
        "initial_B_field": 2.500000000019017,
        "final_B_field": 2.4877228067190575,
        "target_B_field": 2.5,
        "optimization_time": 827.0864098072052,
        "walltime_sec": 827.0864098072052,
        "iterations_used": 500,
        "final_squared_flux": 1.7692489640124025,
        "optimization_success": true,
        "optimization_message": "Completed",
        "optimization_nfev": 500,
        "optimization_njev": null,
        "_cached_thresholds": {
          "length_threshold": 39.367706434638464,
          "flux_threshold": 1e-08,
          "cc_threshold": 0.25649124317634453,
          "cs_threshold": 0.397684740021015,
          "msc_threshold": 1.8100267059831423,
          "curvature_threshold": 14.934342212090298,
          "force_threshold": 169.97383403856028,
          "torque_threshold": 0.0,
          "finite_build_width": 0.10789896047081801,
          "major_radius": 5.483631261799852,
          "minor_radius": 0.5240806651439732,
          "a0": 3.2437754587511507,
          "arclength_variation_threshold": 0.0,
          "coil_width": 0.12331309768093489
        },
        "final_min_cs_separation": 0.00945219864085384,
        "final_min_cc_separation": 0.026288923048847123,
        "final_length_per_coil": [
          5.3639644584774775,
          5.8049517502096295,
          7.823171230460837,
          5.381043554452815,
          4.968671336552331,
          4.6634419958062425,
          6.278537316731975
        ],
        "final_current_per_coil": [
          1172031.6274439848,
          153454.5538377418,
          261323.55726496942,
          1755744.7548351053,
          1368216.92997989,
          1803022.1296552252,
          361206.4470876744
        ],
        "total_current_before": 6875000.00010459,
        "total_current_after": 6875000.000104591,
        "final_total_length": 40.28378164269132,
        "final_max_curvature": 6.086432310109343,
        "final_average_curvature": 1.3153809561973933,
        "final_arclength_variation": 0.39877175568427253,
        "final_mean_squared_curvature": 3.2329970665658907,
        "final_max_torsion": 4.734139001565306,
        "final_linking_number": 10,
        "coils_linked_to_surface": false,
        "final_max_max_coil_force": 3874444.759004428,
        "final_avg_max_coil_force": 1869761.7465578374,
        "final_max_force_per_coil": [
          1523528.4401702671,
          1499231.3530891153,
          251511.7013155356,
          2515803.6084227376,
          2225192.9719395177,
          3874444.759004428,
          1198619.3919632598
        ],
        "final_max_torque_per_coil": [
          1026853.5796116868,
          677092.9755993956,
          158131.61077925956,
          989247.7185258215,
          796749.8933728079,
          1095449.8155631647,
          658896.874125922
        ],
        "final_max_max_coil_torque": 1095449.8155631647,
        "final_avg_max_coil_torque": 771774.6382254369,
        "avg_BdotN_over_B": 0.10003119264580063,
        "max_BdotN_over_B": 0.9990060917028452,
        "lagrange_multipliers": null,
        "output_directory": "/Users/akaptanoglu/actions-runner/_work/stellcoilbench/stellcoilbench/cases/done/2026-04-04_113344_65719/order_4",
        "flux_threshold": 1e-08,
        "cc_threshold": 0.25649124317634453,
        "cs_threshold": 0.397684740021015,
        "msc_threshold": 1.8100267059831423,
        "arclength_variation_threshold": 0.0,
        "curvature_threshold": 14.934342212090298,
        "force_threshold": 169.97383403856028,
        "torque_threshold": 0.0,
        "timing": {
          "coil_initialization": 3.708806917013135,
          "biotsavart_setup": 3.163388875022065,
          "objective_setup": 0.03598420805064961,
          "coil_optimization": 827.0730492920266,
          "save_and_metrics": 2.866191125009209
        },
        "fourier_order": 4,
        "continuation_step": 1
      },
      {
        "initial_B_field": 2.4877228067190575,
        "final_B_field": 2.673824277524165,
        "target_B_field": 2.5,
        "optimization_time": 799.7576701641083,
        "walltime_sec": 799.7576701641083,
        "iterations_used": 500,
        "final_squared_flux": 2.0242816633697687,
        "optimization_success": true,
        "optimization_message": "Completed",
        "optimization_nfev": 500,
        "optimization_njev": null,
        "_cached_thresholds": {
          "length_threshold": 39.367706434638464,
          "flux_threshold": 1e-08,
          "cc_threshold": 0.25649124317634453,
          "cs_threshold": 0.397684740021015,
          "msc_threshold": 1.8100267059831423,
          "curvature_threshold": 14.934342212090298,
          "force_threshold": 169.97383403856028,
          "torque_threshold": 0.0,
          "finite_build_width": 0.10789896047081801,
          "major_radius": 5.483631261799852,
          "minor_radius": 0.5240806651439732,
          "a0": 3.2437754587511507,
          "arclength_variation_threshold": 0.0,
          "coil_width": 0.12331309768093489
        },
        "final_min_cs_separation": 0.01378943339746555,
        "final_min_cc_separation": 0.0348710864032978,
        "final_length_per_coil": [
          5.354263433014235,
          5.768559524587615,
          7.864362331074176,
          5.361399052227438,
          4.955567753500839,
          4.64747232231895,
          6.34646466226662
        ],
        "final_current_per_coil": [
          1171653.3127685816,
          153261.3114795158,
          261399.9299491329,
          1755225.4653638685,
          1368071.4517146866,
          1802783.4759621373,
          362605.0528666666
        ],
        "total_current_before": 6875000.000104591,
        "total_current_after": 6875000.000104589,
        "final_total_length": 40.29808907898987,
        "final_max_curvature": 6.7951576895349515,
        "final_average_curvature": 1.2856392221131714,
        "final_arclength_variation": 0.4574193273860067,
        "final_mean_squared_curvature": 3.463242613548366,
        "final_max_torsion": 3.516456053446869,
        "final_linking_number": 10,
        "coils_linked_to_surface": false,
        "final_max_max_coil_force": 3259507.158121418,
        "final_avg_max_coil_force": 1643501.0720611091,
        "final_max_force_per_coil": [
          2020172.2537808467,
          909650.7148859012,
          237494.35796314175,
          1963025.9686351854,
          1872090.7059304789,
          3259507.158121418,
          1242566.345110793
        ],
        "final_max_torque_per_coil": [
          915961.274785198,
          721160.9307466744,
          166381.83606584027,
          857844.9471391594,
          733952.6313896059,
          1000258.7724730257,
          706036.1733544942
        ],
        "final_max_max_coil_torque": 1000258.7724730257,
        "final_avg_max_coil_torque": 728799.5094219997,
        "avg_BdotN_over_B": 0.10442434106404949,
        "max_BdotN_over_B": 0.9997697921010937,
        "lagrange_multipliers": null,
        "output_directory": "/Users/akaptanoglu/actions-runner/_work/stellcoilbench/stellcoilbench/cases/done/2026-04-04_113344_65719/order_8",
        "flux_threshold": 1e-08,
        "cc_threshold": 0.25649124317634453,
        "cs_threshold": 0.397684740021015,