{
  "metadata": {
    "contact": "auto",
    "hardware": "CPU: self-hosted runner",
    "run_date": "2026-04-02T19:45:33.347846",
    "iterations_used": 500,
    "walltime_sec": 48.24644708633423,
    "tags": [
      "explore"
    ],
    "parent_ids": []
  },
  "version_info": {
    "stellcoilbench_commit": "29cd8d63e0f47c7d27fb3dfb88755c5b60ab6f71",
    "stellcoilbench_branch": "main",
    "simsopt_version": "0.1.dev5668+ga79006b0b",
    "simsopt_commit": "a79006b0b"
  },
  "metrics": {
    "fourier_continuation": true,
    "fourier_orders": [
      4,
      8,
      16
    ],
    "final_order": 16,
    "continuation_results": [
      {
        "initial_B_field": 2.5000971540886527,
        "final_B_field": 2.7356104778891694,
        "target_B_field": 2.5,
        "optimization_time": 372.5859258174896,
        "walltime_sec": 372.5859258174896,
        "iterations_used": 500,
        "final_squared_flux": 0.19124955364590154,
        "optimization_success": true,
        "optimization_message": "Completed",
        "optimization_nfev": 500,
        "optimization_njev": null,
        "_cached_thresholds": {
          "length_threshold": 32.348108349151246,
          "flux_threshold": 1e-08,
          "cc_threshold": 0.25895750512996324,
          "cs_threshold": 0.3283211225754891,
          "msc_threshold": 2.0533098653894784,
          "curvature_threshold": 5.981521945937122,
          "force_threshold": 639.3481429198517,
          "torque_threshold": 0.0,
          "finite_build_width": 0.10789896047081801,
          "major_radius": 5.483631261799852,
          "minor_radius": 0.5240806651439732,
          "a0": 3.2437754587511507,
          "arclength_variation_threshold": 0.0,
          "coil_width": 0.12331309768093489
        },
        "final_min_cs_separation": 0.30794042281435186,
        "final_min_cc_separation": 0.1411670257803927,
        "final_length_per_coil": [
          7.465526302704366,
          12.84534367990014,
          12.221370813679142
        ],
        "final_current_per_coil": [
          1085495.2322754501,
          3574877.661861107,
          2215158.050690381
        ],
        "total_current_before": 6875530.944826938,
        "total_current_after": 6875530.944826938,
        "final_total_length": 32.532240796283645,
        "final_max_curvature": 2.440942820992378,
        "final_average_curvature": 0.9601823957399647,
        "final_arclength_variation": 0.18766528066649268,
        "final_mean_squared_curvature": 1.5568149877212665,
        "final_max_torsion": 14.340473074022253,
        "final_linking_number": 0,
        "coils_linked_to_surface": true,
        "final_max_max_coil_force": 8684219.287733274,
        "final_avg_max_coil_force": 6683380.089058786,
        "final_max_force_per_coil": [
          4237189.3805402415,
          8684219.287733274,
          7128731.598902841
        ],
        "final_max_torque_per_coil": [
          2352715.3721386273,
          8928801.6209321,
          6627716.0051892465
        ],
        "final_max_max_coil_torque": 8928801.6209321,
        "final_avg_max_coil_torque": 5969744.332753324,
        "avg_BdotN_over_B": 0.018725337313982387,
        "max_BdotN_over_B": 0.09000596074872186,
        "lagrange_multipliers": null,
        "output_directory": "/Users/akaptanoglu/actions-runner/_work/stellcoilbench/stellcoilbench/cases/done/2026-04-02_191929_92964/order_4",
        "flux_threshold": 1e-08,
        "cc_threshold": 0.25895750512996324,
        "cs_threshold": 0.3283211225754891,
        "msc_threshold": 2.0533098653894784,
        "arclength_variation_threshold": 0.0,
        "curvature_threshold": 5.981521945937122,
        "force_threshold": 639.3481429198517,
        "torque_threshold": 0.0,
        "timing": {
          "coil_initialization": 0.42246291699120775,
          "biotsavart_setup": 1.6628230419883039,
          "objective_setup": 0.023892541008535773,
          "coil_optimization": 372.5872903340205,
          "save_and_metrics": 1.17714258300839
        },
        "fourier_order": 4,
        "continuation_step": 1
      },
      {
        "initial_B_field": 2.7356104778891694,
        "final_B_field": 2.7431661331981245,
        "target_B_field": 2.5,
        "optimization_time": 806.1820530891418,
        "walltime_sec": 806.1820530891418,
        "iterations_used": 500,
        "final_squared_flux": 0.25369403910297567,
        "optimization_success": true,
        "optimization_message": "Completed",
        "optimization_nfev": 500,
        "optimization_njev": null,
        "_cached_thresholds": {
          "length_threshold": 32.348108349151246,
          "flux_threshold": 1e-08,
          "cc_threshold": 0.25895750512996324,
          "cs_threshold": 0.3283211225754891,
          "msc_threshold": 2.0533098653894784,
          "curvature_threshold": 5.981521945937122,
          "force_threshold": 639.3481429198517,
          "torque_threshold": 0.0,
          "finite_build_width": 0.10789896047081801,
          "major_radius": 5.483631261799852,
          "minor_radius": 0.5240806651439732,
          "a0": 3.2437754587511507,
          "arclength_variation_threshold": 0.0,
          "coil_width": 0.12331309768093489
        },
        "final_min_cs_separation": 0.275733797634838,
        "final_min_cc_separation": 0.12607964418011733,
        "final_length_per_coil": [
          7.408722187399533,
          12.883277590980686,
          12.258067400523784
        ],
        "final_current_per_coil": [
          1080005.2604929425,
          3574525.7033115868,
          2220999.981022409
        ],
        "total_current_before": 6875530.944826938,
        "total_current_after": 6875530.944826938,
        "final_total_length": 32.550067178904,
        "final_max_curvature": 3.7509108262023902,
        "final_average_curvature": 0.9203100659312989,
        "final_arclength_variation": 1.0166954984641199,
        "final_mean_squared_curvature": 2.060993919724346,
        "final_max_torsion": 2.0430985866369284,
        "final_linking_number": 0,
        "coils_linked_to_surface": true,
        "final_max_max_coil_force": 8742244.604442706,
        "final_avg_max_coil_force": 6925475.943123802,
        "final_max_force_per_coil": [
          4798275.669814788,
          8742244.604442706,
          7235907.55511391
        ],
        "final_max_torque_per_coil": [
          1880234.7856469764,
          8314156.335457253,
          7676809.313501445
        ],
        "final_max_max_coil_torque": 8314156.335457253,
        "final_avg_max_coil_torque": 5957066.811535224,
        "avg_BdotN_over_B": 0.02119003018938691,
        "max_BdotN_over_B": 0.09948471137088531,
        "lagrange_multipliers": null,
        "output_directory": "/Users/akaptanoglu/actions-runner/_work/stellcoilbench/stellcoilbench/cases/done/2026-04-02_191929_92964/order_8",
        "flux_threshold": 1e-08,
        "cc_threshold": 0.25895750512996324,
        "cs_threshold": 0.3283211225754891,
        "msc_threshold": 2.0533098653894784,
        "arclength_variation_threshold": 0.0,
        "curvature_threshold": 5.981521945937122,
        "force_threshold": 639.3481429198517,
        "torque_threshold": 0.0,
        "timing": {
          "coil_initialization": 7.500057108700275e-07,
          "biotsavart_setup": 0.004137625015573576,
          "objective_setup": 0.00622216600459069,
          "coil_optimization": 806.1849701249739,
          "save_and_metrics": 1.1726382079941686
        },
        "fourier_order": 8,
        "continuation_step": 2
      },
      {
        "initial_B_field": 2.7431661331981245,
        "final_B_field": 2.7431661331981245,
        "target_B_field": 2.5,
        "optimization_time": 48.24644708633423,
        "walltime_sec": 48.24644708633423,
        "iterations_used": 500,
        "final_squared_flux": 0.25369403910297567,
        "optimization_success": true,
        "optimization_message": "Completed",