{
  "metadata": {
    "contact": "auto",
    "hardware": "CPU: self-hosted runner",
    "run_date": "2026-03-17T04:49:17.415564",
    "iterations_used": 500,
    "walltime_sec": 627.2134158611298
  },
  "version_info": {
    "stellcoilbench_commit": "82618cd2d5d66c2cbfadff9a3c401cc2d54dad87",
    "stellcoilbench_branch": "main",
    "simsopt_version": "0.1.dev5668+ga79006b0b",
    "simsopt_commit": "a79006b0b"
  },
  "metrics": {
    "fourier_continuation": true,
    "fourier_orders": [
      4,
      8,
      16
    ],
    "final_order": 16,
    "continuation_results": [
      {
        "initial_B_field": 1.0000008292436955,
        "final_B_field": 1.0213775079717364,
        "target_B_field": 1.0,
        "optimization_time": 500.3200602531433,
        "walltime_sec": 500.3200602531433,
        "iterations_used": 500,
        "final_squared_flux": 0.012865242517084262,
        "optimization_success": true,
        "optimization_message": "Completed",
        "optimization_nfev": 500,
        "optimization_njev": null,
        "_cached_thresholds": {
          "length_threshold": 14.529291439138747,
          "flux_threshold": 1e-08,
          "cc_threshold": 0.10500000000000001,
          "cs_threshold": 0.10851177797135311,
          "msc_threshold": 46.723923382201846,
          "curvature_threshold": 15.76654656282254,
          "force_threshold": 2186.7119352024856,
          "torque_threshold": 0.0,
          "finite_build_width": 0.05,
          "major_radius": 1.0098736979848935,
          "minor_radius": 0.16831206437162433,
          "a0": 10.100286074838271,
          "arclength_variation_threshold": 0.0,
          "coil_width": 0.039602838675676315
        },
        "final_min_cs_separation": 0.022626694134583285,
        "final_min_cc_separation": 0.09437100618134392,
        "final_length_per_coil": [
          1.61150029949886,
          1.7428209900294196,
          1.8491339886880662,
          2.2056098705612883,
          2.0025679550218074,
          2.0899896643234164
        ],
        "final_current_per_coil": [
          70095.88929734513,
          213541.10309606406,
          169600.2282606532,
          165531.48235610782,
          180479.37419001566,
          450753.9952541867
        ],
        "total_current_before": 1250002.0724543727,
        "total_current_after": 1250002.0724543727,
        "final_total_length": 11.501622768122859,
        "final_max_curvature": 16.216639817675297,
        "final_average_curvature": 5.325029802531476,
        "final_arclength_variation": 0.04418882429687376,
        "final_mean_squared_curvature": 56.140219684453704,
        "final_max_torsion": 234.24779086484682,
        "final_linking_number": 0,
        "coils_linked_to_surface": false,
        "final_max_max_coil_force": 467978.0450333789,
        "final_avg_max_coil_force": 163242.15571948222,
        "final_max_force_per_coil": [
          28417.05251523275,
          122408.31789251248,
          105751.74669336308,
          102846.44797222507,
          152051.3242101811,
          467978.0450333789
        ],
        "final_max_torque_per_coil": [
          7678.435670576014,
          20554.68818845776,
          18727.492534476467,
          26924.707065996263,
          26073.45963358999,
          88557.38613701481
        ],
        "final_max_max_coil_torque": 88557.38613701481,
        "final_avg_max_coil_torque": 31419.36153835188,
        "avg_BdotN_over_B": 0.07571926648590058,
        "max_BdotN_over_B": 0.9958346884342748,
        "lagrange_multipliers": null,
        "output_directory": "/Users/akaptanoglu/actions-runner/_work/stellcoilbench/stellcoilbench/cases/done/2026-03-17_041455_69153/order_4",
        "flux_threshold": 1e-08,
        "cc_threshold": 0.10500000000000001,
        "cs_threshold": 0.10851177797135311,
        "msc_threshold": 46.723923382201846,
        "arclength_variation_threshold": 0.0,
        "curvature_threshold": 15.76654656282254,
        "force_threshold": 2186.7119352024856,
        "torque_threshold": 0.0,
        "timing": {
          "coil_initialization": 0.30353970802389085,
          "biotsavart_setup": 1.464340209029615,
          "objective_setup": 0.030270750052295625,
          "coil_optimization": 500.32408895809203,
          "save_and_metrics": 1.071365708950907
        },
        "fourier_order": 4,
        "continuation_step": 1
      },
      {
        "initial_B_field": 1.0213775079717364,
        "final_B_field": 1.0266871044348753,
        "target_B_field": 1.0,
        "optimization_time": 728.083165884018,
        "walltime_sec": 728.083165884018,
        "iterations_used": 500,
        "final_squared_flux": 0.00973663711132606,
        "optimization_success": true,
        "optimization_message": "Completed",
        "optimization_nfev": 500,
        "optimization_njev": null,
        "_cached_thresholds": {
          "length_threshold": 14.529291439138747,
          "flux_threshold": 1e-08,
          "cc_threshold": 0.10500000000000001,
          "cs_threshold": 0.10851177797135311,
          "msc_threshold": 46.723923382201846,
          "curvature_threshold": 15.76654656282254,
          "force_threshold": 2186.7119352024856,
          "torque_threshold": 0.0,
          "finite_build_width": 0.05,
          "major_radius": 1.0098736979848935,
          "minor_radius": 0.16831206437162433,
          "a0": 10.100286074838271,
          "arclength_variation_threshold": 0.0,
          "coil_width": 0.039602838675676315
        },
        "final_min_cs_separation": 0.02648689337843433,
        "final_min_cc_separation": 0.09491361203201454,
        "final_length_per_coil": [
          1.717441278562551,
          1.8392228690376027,
          1.9415615855197852,
          2.306317073466825,
          2.1743273878366445,
          2.3292562749758132
        ],
        "final_current_per_coil": [
          133581.4526415691,
          204174.1281266924,
          158223.60814497038,
          184291.12065795896,
          150733.606911351,
          418998.1559718308
        ],
        "total_current_before": 1250002.0724543727,
        "total_current_after": 1250002.0724543727,
        "final_total_length": 12.308126469399223,
        "final_max_curvature": 16.09428215031749,
        "final_average_curvature": 5.8160019913593795,
        "final_arclength_variation": 0.037570318661564135,
        "final_mean_squared_curvature": 54.073873538949954,
        "final_max_torsion": 530.0066674571655,
        "final_linking_number": 0,
        "coils_linked_to_surface": false,
        "final_max_max_coil_force": 354173.72384307144,
        "final_avg_max_coil_force": 129644.53822803893,
        "final_max_force_per_coil": [
          51933.51761681246,
          79224.64945150772,
          58956.91889634767,
          107763.0992867895,
          125815.32027370474,
          354173.72384307144
        ],
        "final_max_torque_per_coil": [
          12921.450536025926,
          14103.702334711148,
          12620.880265622684,
          25409.63668058705,
          26782.18572939999,
          70765.6817788397
        ],
        "final_max_max_coil_torque": 70765.6817788397,
        "final_avg_max_coil_torque": 27100.589554197748,
        "avg_BdotN_over_B": 0.0675695626552446,
        "max_BdotN_over_B": 0.9944079544856254,
        "lagrange_multipliers": null,
        "output_directory": "/Users/akaptanoglu/actions-runner/_work/stellcoilbench/stellcoilbench/cases/done/2026-03-17_041455_69153/order_8",
        "flux_threshold": 1e-08,
        "cc_threshold": 0.10500000000000001,
        "cs_threshold": 0.10851177797135311,
        "msc_threshold": 46.723923382201846,
        "arclength_variation_threshold": 0.0,
        "curvature_threshold": 15.76654656282254,
        "force_threshold": 2186.7119352024856,
        "torque_threshold": 0.0,
        "timing": {
          "coil_initialization": 6.25033862888813e-07,