{
  "metadata": {
    "contact": "auto",
    "hardware": "CPU: self-hosted runner",
    "run_date": "2026-03-23T21:55:51.251499",
    "iterations_used": 500,
    "walltime_sec": 75.07236695289612,
    "tags": [
      "explore"
    ],
    "parent_ids": []
  },
  "version_info": {
    "stellcoilbench_commit": "cdee8174f06f00a63b24623f5c44da8b83dd2254",
    "stellcoilbench_branch": "main",
    "simsopt_version": "0.1.dev5668+ga79006b0b",
    "simsopt_commit": "a79006b0b"
  },
  "metrics": {
    "fourier_continuation": true,
    "fourier_orders": [
      4,
      8,
      16
    ],
    "final_order": 16,
    "continuation_results": [
      {
        "initial_B_field": 2.500000000019017,
        "final_B_field": 2.632887199397577,
        "target_B_field": 2.5,
        "optimization_time": 1936.2007331848145,
        "walltime_sec": 1936.2007331848145,
        "iterations_used": 500,
        "final_squared_flux": 2.654649806864411,
        "optimization_success": true,
        "optimization_message": "Completed",
        "optimization_nfev": 500,
        "optimization_njev": null,
        "_cached_thresholds": {
          "length_threshold": 41.31913620543926,
          "flux_threshold": 1e-08,
          "cc_threshold": 0.3178395092726096,
          "cs_threshold": 0.5209978377019499,
          "msc_threshold": 2.4231002676871096,
          "curvature_threshold": 2.3095681266308192,
          "force_threshold": 941.343638129584,
          "torque_threshold": 0.0,
          "finite_build_width": 0.10789896047081801,
          "major_radius": 5.483631261799852,
          "minor_radius": 0.5240806651439732,
          "a0": 3.2437754587511507,
          "arclength_variation_threshold": 0.0,
          "coil_width": 0.12331309768093489
        },
        "final_min_cs_separation": 0.04820641570579194,
        "final_min_cc_separation": 0.19494357328211825,
        "final_length_per_coil": [
          7.754352633585484,
          6.591181148003646,
          6.224500276965125,
          5.736742579978105,
          5.1118982951014695,
          5.177287156297291,
          5.396099287316668
        ],
        "final_current_per_coil": [
          89554.46399662025,
          2475065.63802841,
          930418.6239734034,
          703228.9858766849,
          1336878.784530452,
          632893.3764010415,
          886069.0552912187
        ],
        "total_current_before": 6875000.00010459,
        "total_current_after": 6875000.00010459,
        "final_total_length": 41.992061377247786,
        "final_max_curvature": 3.862477944789829,
        "final_average_curvature": 1.216233760922729,
        "final_arclength_variation": 0.4825878485454022,
        "final_mean_squared_curvature": 2.731113772659597,
        "final_max_torsion": 6.650485291295251,
        "final_linking_number": 0,
        "coils_linked_to_surface": false,
        "final_max_max_coil_force": 4539323.845027262,
        "final_avg_max_coil_force": 1764735.46605726,
        "final_max_force_per_coil": [
          154819.92038234824,
          4539323.845027262,
          1458576.4991001755,
          968763.4836196156,
          2799705.341839676,
          946936.3588955371,
          1485022.8135362074
        ],
        "final_max_torque_per_coil": [
          174234.2295690125,
          2450153.9279349325,
          856699.7682445626,
          526296.1909568325,
          1327570.1215324104,
          429035.3103296499,
          851415.9176033635
        ],
        "final_max_max_coil_torque": 2450153.9279349325,
        "final_avg_max_coil_torque": 945057.9237386804,
        "avg_BdotN_over_B": 0.11481547998016262,
        "max_BdotN_over_B": 0.9985789361678812,
        "lagrange_multipliers": null,
        "output_directory": "/Users/akaptanoglu/actions-runner/_work/stellcoilbench/stellcoilbench/cases/done/2026-03-23_205252_80498/order_4",
        "flux_threshold": 1e-08,
        "cc_threshold": 0.3178395092726096,
        "cs_threshold": 0.5209978377019499,
        "msc_threshold": 2.4231002676871096,
        "arclength_variation_threshold": 0.0,
        "curvature_threshold": 2.3095681266308192,
        "force_threshold": 941.343638129584,
        "torque_threshold": 0.0,
        "timing": {
          "coil_initialization": 3.5749254170805216,
          "biotsavart_setup": 4.055743874981999,
          "objective_setup": 0.03736162488348782,
          "coil_optimization": 1936.2028885001782,
          "save_and_metrics": 2.6382588751148432
        },
        "fourier_order": 4,
        "continuation_step": 1
      },
      {
        "initial_B_field": 2.632887199397577,
        "final_B_field": 2.6360918289099757,
        "target_B_field": 2.5,
        "optimization_time": 1394.8601288795471,
        "walltime_sec": 1394.8601288795471,
        "iterations_used": 500,
        "final_squared_flux": 2.685521331532247,
        "optimization_success": true,
        "optimization_message": "Completed",
        "optimization_nfev": 500,
        "optimization_njev": null,
        "_cached_thresholds": {
          "length_threshold": 41.31913620543926,
          "flux_threshold": 1e-08,
          "cc_threshold": 0.3178395092726096,
          "cs_threshold": 0.5209978377019499,
          "msc_threshold": 2.4231002676871096,
          "curvature_threshold": 2.3095681266308192,
          "force_threshold": 941.343638129584,
          "torque_threshold": 0.0,
          "finite_build_width": 0.10789896047081801,
          "major_radius": 5.483631261799852,
          "minor_radius": 0.5240806651439732,
          "a0": 3.2437754587511507,
          "arclength_variation_threshold": 0.0,
          "coil_width": 0.12331309768093489
        },
        "final_min_cs_separation": 0.04341326059185759,
        "final_min_cc_separation": 0.19876728034479102,
        "final_length_per_coil": [
          7.745550433884364,
          6.573892273194438,
          6.213571492851704,
          5.725801339364643,
          5.100007550145462,
          5.165601909547065,
          5.389180286361806
        ],
        "final_current_per_coil": [
          89560.23874454781,
          2475068.065595732,
          930416.8889353784,
          703220.563258231,
          1336878.1105109456,
          632899.2792084932,
          886077.3313403577
        ],
        "total_current_before": 6875000.00010459,
        "total_current_after": 6875000.00010459,
        "final_total_length": 41.91360528534948,
        "final_max_curvature": 4.180451452990861,
        "final_average_curvature": 1.1986370383578744,
        "final_arclength_variation": 0.5343059690792132,
        "final_mean_squared_curvature": 2.6743441603149165,
        "final_max_torsion": 2.9707755186897224,
        "final_linking_number": 0,
        "coils_linked_to_surface": false,
        "final_max_max_coil_force": 3627586.3645889587,
        "final_avg_max_coil_force": 1512411.300349882,
        "final_max_force_per_coil": [
          155700.2571886327,
          3627586.3645889587,
          1278243.9350171313,
          922391.9267114953,
          2365307.3828118704,
          906730.4194608565,
          1330918.8166702301
        ],
        "final_max_torque_per_coil": [
          171517.82868816747,
          1687525.78334936,
          755879.1560107132,
          458293.0699135638,
          1099419.5579510971,
          403413.16366144543,
          788108.9270668156
        ],
        "final_max_max_coil_torque": 1687525.78334936,
        "final_avg_max_coil_torque": 766308.212377309,
        "avg_BdotN_over_B": 0.1149112101941106,
        "max_BdotN_over_B": 0.9980196648031251,
        "lagrange_multipliers": null,
        "output_directory": "/Users/akaptanoglu/actions-runner/_work/stellcoilbench/stellcoilbench/cases/done/2026-03-23_205252_80498/order_8",
        "flux_threshold": 1e-08,
        "cc_threshold": 0.3178395092726096,
        "cs_threshold": 0.5209978377019499,
        "msc_threshold": 2.4231002676871096,