{
  "metadata": {
    "contact": "auto",
    "hardware": "CPU: self-hosted runner",
    "run_date": "2026-03-16T01:54:16.197385",
    "iterations_used": 500,
    "walltime_sec": 6.2015159130096436
  },
  "version_info": {
    "stellcoilbench_commit": "993db8de4a9062c59e7e0ee1fd4027e839127d84",
    "stellcoilbench_branch": "main",
    "simsopt_version": "0.1.dev5668+ga79006b0b",
    "simsopt_commit": "a79006b0b"
  },
  "metrics": {
    "fourier_continuation": true,
    "fourier_orders": [
      4,
      8,
      16
    ],
    "final_order": 16,
    "continuation_results": [
      {
        "initial_B_field": 1.0001867526877442,
        "final_B_field": 1.0972159987445123,
        "target_B_field": 1.0,
        "optimization_time": 51.13779902458191,
        "walltime_sec": 51.13779902458191,
        "iterations_used": 500,
        "final_squared_flux": 0.0,
        "optimization_success": true,
        "optimization_message": "Completed",
        "optimization_nfev": 500,
        "optimization_njev": null,
        "_cached_thresholds": {
          "length_threshold": 19.80141933783816,
          "flux_threshold": 1.3e-05,
          "cc_threshold": 0.10500000000000001,
          "cs_threshold": 0.04089696043650073,
          "msc_threshold": 371.0180808080439,
          "curvature_threshold": 21.498923523452703,
          "force_threshold": 0.0,
          "torque_threshold": 0.0,
          "finite_build_width": 0.05,
          "major_radius": 1.0098736979848935,
          "minor_radius": 0.16831206437162433,
          "a0": 10.100286074838271,
          "arclength_variation_threshold": 0.0,
          "coil_width": 0.039602838675676315
        },
        "final_min_cs_separation": 0.3111929428451963,
        "final_min_cc_separation": 0.10433494726288053,
        "final_length_per_coil": [
          6.453044524264888,
          6.203171273230811,
          6.211178327067663
        ],
        "final_current_per_coil": [
          399667.1828371818,
          395811.1191342326,
          454964.86853572074
        ],
        "total_current_before": 1250443.170507135,
        "total_current_after": 1250443.170507135,
        "final_total_length": 18.86739412456336,
        "final_max_curvature": 2.237472415444364,
        "final_average_curvature": 1.4392677756326686,
        "final_arclength_variation": 0.0028079544488445415,
        "final_mean_squared_curvature": 2.4260272522467323,
        "final_max_torsion": 10.86504379849691,
        "final_linking_number": 0,
        "coils_linked_to_surface": true,
        "final_max_max_coil_force": 729746.0116289632,
        "final_avg_max_coil_force": 650187.2491348963,
        "final_max_force_per_coil": [
          511656.0809890149,
          709159.654786711,
          729746.0116289632
        ],
        "final_max_torque_per_coil": [
          340405.8366707066,
          472620.0980868526,
          345981.785631888
        ],
        "final_max_max_coil_torque": 472620.0980868526,
        "final_avg_max_coil_torque": 386335.9067964824,
        "avg_BdotN_over_B": 0.0015153588030723095,
        "max_BdotN_over_B": 0.005393190095628659,
        "lagrange_multipliers": null,
        "output_directory": "/Users/akaptanoglu/actions-runner/_work/stellcoilbench/stellcoilbench/cases/done/2026-03-16_015022_94555/order_4",
        "flux_threshold": 1.3e-05,
        "cc_threshold": 0.10500000000000001,
        "cs_threshold": 0.04089696043650073,
        "msc_threshold": 371.0180808080439,
        "arclength_variation_threshold": 0.0,
        "curvature_threshold": 21.498923523452703,
        "force_threshold": 0.0,
        "torque_threshold": 0.0,
        "timing": {
          "coil_initialization": 0.15304691705387086,
          "biotsavart_setup": 1.2487904999870807,
          "objective_setup": 0.029247040976770222,
          "coil_optimization": 51.137849665945396,
          "save_and_metrics": 0.9088293339591473
        },
        "fourier_order": 4,
        "continuation_step": 1
      },
      {
        "initial_B_field": 1.0972159987445123,
        "final_B_field": 1.0968852061729222,
        "target_B_field": 1.0,
        "optimization_time": 29.43991708755493,
        "walltime_sec": 29.43991708755493,
        "iterations_used": 500,
        "final_squared_flux": 0.0,
        "optimization_success": true,
        "optimization_message": "Completed",
        "optimization_nfev": 500,
        "optimization_njev": null,
        "_cached_thresholds": {
          "length_threshold": 19.80141933783816,
          "flux_threshold": 1.3e-05,
          "cc_threshold": 0.10500000000000001,
          "cs_threshold": 0.04089696043650073,
          "msc_threshold": 371.0180808080439,
          "curvature_threshold": 21.498923523452703,
          "force_threshold": 0.0,
          "torque_threshold": 0.0,
          "finite_build_width": 0.05,
          "major_radius": 1.0098736979848935,
          "minor_radius": 0.16831206437162433,
          "a0": 10.100286074838271,
          "arclength_variation_threshold": 0.0,
          "coil_width": 0.039602838675676315
        },
        "final_min_cs_separation": 0.31197235699325687,
        "final_min_cc_separation": 0.10541212008751483,
        "final_length_per_coil": [
          6.453248430531378,
          6.203584166869673,
          6.210571065042891
        ],
        "final_current_per_coil": [
          399704.305135334,
          395829.0131893489,
          454909.8521824521
        ],
        "total_current_before": 1250443.170507135,
        "total_current_after": 1250443.170507135,
        "final_total_length": 18.86740366244394,
        "final_max_curvature": 2.1932997296280448,
        "final_average_curvature": 1.439668834949127,
        "final_arclength_variation": 4.785176468973093e-05,
        "final_mean_squared_curvature": 2.423150104981388,
        "final_max_torsion": 10.763931659827161,
        "final_linking_number": 0,
        "coils_linked_to_surface": true,
        "final_max_max_coil_force": 688376.8004554567,
        "final_avg_max_coil_force": 613381.3084987653,
        "final_max_force_per_coil": [
          478966.5848396793,
          688376.8004554567,
          672800.5402011601
        ],
        "final_max_torque_per_coil": [
          316005.1224102274,
          484963.9075056547,
          293080.77559268597
        ],
        "final_max_max_coil_torque": 484963.9075056547,
        "final_avg_max_coil_torque": 364683.26850285596,
        "avg_BdotN_over_B": 0.0015259603746448924,
        "max_BdotN_over_B": 0.005497476073563226,
        "lagrange_multipliers": null,
        "output_directory": "/Users/akaptanoglu/actions-runner/_work/stellcoilbench/stellcoilbench/cases/done/2026-03-16_015022_94555/order_8",
        "flux_threshold": 1.3e-05,
        "cc_threshold": 0.10500000000000001,
        "cs_threshold": 0.04089696043650073,
        "msc_threshold": 371.0180808080439,
        "arclength_variation_threshold": 0.0,
        "curvature_threshold": 21.498923523452703,
        "force_threshold": 0.0,
        "torque_threshold": 0.0,
        "timing": {
          "coil_initialization": 6.249174475669861e-07,
          "biotsavart_setup": 0.0038257919950410724,
          "objective_setup": 0.005177750019356608,
          "coil_optimization": 29.439946583937854,
          "save_and_metrics": 0.8317987499758601
        },
        "fourier_order": 8,
        "continuation_step": 2
      },
      {
        "initial_B_field": 1.0968852061729222,
        "final_B_field": 1.0968852061729222,
        "target_B_field": 1.0,
        "optimization_time": 6.2015159130096436,
        "walltime_sec": 6.2015159130096436,
        "iterations_used": 500,
        "final_squared_flux": 0.0,
        "optimization_success": true,
        "optimization_message": "Completed",
        "optimization_nfev": 500,
        "optimization_njev": null,
        "_cached_thresholds": {
          "length_threshold": 19.80141933783816,