{
  "metadata": {
    "contact": "auto",
    "hardware": "CPU: self-hosted runner",
    "run_date": "2026-03-20T10:47:49.439301",
    "iterations_used": 500,
    "walltime_sec": 195.1482286453247,
    "tags": [
      "explore"
    ],
    "parent_ids": []
  },
  "version_info": {
    "stellcoilbench_commit": "14335be23a08d654dd7ad100ecd09b6ff048883b",
    "stellcoilbench_branch": "main",
    "simsopt_version": "0.1.dev5668+ga79006b0b",
    "simsopt_commit": "a79006b0b"
  },
  "metrics": {
    "fourier_continuation": true,
    "fourier_orders": [
      4,
      8,
      16
    ],
    "final_order": 16,
    "continuation_results": [
      {
        "initial_B_field": 1.0001867526877442,
        "final_B_field": 1.0973402009334605,
        "target_B_field": 1.0,
        "optimization_time": 79.93577194213867,
        "walltime_sec": 79.93577194213867,
        "iterations_used": 500,
        "final_squared_flux": 0.0019046227186050486,
        "optimization_success": true,
        "optimization_message": "Completed",
        "optimization_nfev": 500,
        "optimization_njev": null,
        "_cached_thresholds": {
          "length_threshold": 10.418516784603547,
          "flux_threshold": 1e-08,
          "cc_threshold": 0.11880851602702894,
          "cs_threshold": 0.20068738498898975,
          "msc_threshold": 6.787392242291319,
          "curvature_threshold": 17.473494909470208,
          "force_threshold": 1663.5171165258632,
          "torque_threshold": 0.0,
          "finite_build_width": 0.05,
          "major_radius": 1.0098736979848935,
          "minor_radius": 0.16831206437162433,
          "a0": 10.100286074838271,
          "arclength_variation_threshold": 0.0,
          "coil_width": 0.039602838675676315
        },
        "final_min_cs_separation": 0.23292702783134572,
        "final_min_cc_separation": 0.24385047440175003,
        "final_length_per_coil": [
          3.9855175949391266,
          3.4383382980798616,
          3.0130679128700457
        ],
        "final_current_per_coil": [
          507293.51831435255,
          413052.3128878694,
          330097.33930491307
        ],
        "total_current_before": 1250443.170507135,
        "total_current_after": 1250443.170507135,
        "final_total_length": 10.436923805889034,
        "final_max_curvature": 4.018948758129384,
        "final_average_curvature": 2.179891641704732,
        "final_arclength_variation": 0.009169235562600271,
        "final_mean_squared_curvature": 6.861866640896969,
        "final_max_torsion": 45.33070959792188,
        "final_linking_number": 0,
        "coils_linked_to_surface": true,
        "final_max_max_coil_force": 386789.8616679622,
        "final_avg_max_coil_force": 319726.62367663527,
        "final_max_force_per_coil": [
          386789.8616679622,
          327396.5232451175,
          244993.48611682613
        ],
        "final_max_torque_per_coil": [
          137817.49559274132,
          84986.2299874436,
          43426.57281995556
        ],
        "final_max_max_coil_torque": 137817.49559274132,
        "final_avg_max_coil_torque": 88743.43280004682,
        "avg_BdotN_over_B": 0.020378366594353166,
        "max_BdotN_over_B": 0.06974032352938823,
        "lagrange_multipliers": null,
        "output_directory": "/Users/akaptanoglu/actions-runner/_work/stellcoilbench/stellcoilbench/cases/done/2026-03-20_103657_20839/order_4",
        "flux_threshold": 1e-08,
        "cc_threshold": 0.11880851602702894,
        "cs_threshold": 0.20068738498898975,
        "msc_threshold": 6.787392242291319,
        "arclength_variation_threshold": 0.0,
        "curvature_threshold": 17.473494909470208,
        "force_threshold": 1663.5171165258632,
        "torque_threshold": 0.0,
        "timing": {
          "coil_initialization": 0.14128629094921052,
          "biotsavart_setup": 1.2442393749952316,
          "objective_setup": 0.035177458077669144,
          "coil_optimization": 79.93580645788461,
          "save_and_metrics": 0.8469582498073578
        },
        "fourier_order": 4,
        "continuation_step": 1
      },
      {
        "initial_B_field": 1.0973402009334605,
        "final_B_field": 1.09704800444164,
        "target_B_field": 1.0,
        "optimization_time": 151.16985392570496,
        "walltime_sec": 151.16985392570496,
        "iterations_used": 500,
        "final_squared_flux": 0.0018746100915505337,
        "optimization_success": true,
        "optimization_message": "Completed",
        "optimization_nfev": 500,
        "optimization_njev": null,
        "_cached_thresholds": {
          "length_threshold": 10.418516784603547,
          "flux_threshold": 1e-08,
          "cc_threshold": 0.11880851602702894,
          "cs_threshold": 0.20068738498898975,
          "msc_threshold": 6.787392242291319,
          "curvature_threshold": 17.473494909470208,
          "force_threshold": 1663.5171165258632,
          "torque_threshold": 0.0,
          "finite_build_width": 0.05,
          "major_radius": 1.0098736979848935,
          "minor_radius": 0.16831206437162433,
          "a0": 10.100286074838271,
          "arclength_variation_threshold": 0.0,
          "coil_width": 0.039602838675676315
        },
        "final_min_cs_separation": 0.22969088646637906,
        "final_min_cc_separation": 0.2537973257189164,
        "final_length_per_coil": [
          3.9857312815205437,
          3.41475489240267,
          3.036329344778084
        ],
        "final_current_per_coil": [
          508547.195902549,
          405656.26147664996,
          336239.7131279361
        ],
        "total_current_before": 1250443.170507135,
        "total_current_after": 1250443.170507135,
        "final_total_length": 10.436815518701298,
        "final_max_curvature": 4.097470752217665,
        "final_average_curvature": 2.1892167681546715,
        "final_arclength_variation": 0.002077416374356813,
        "final_mean_squared_curvature": 6.810052518151981,
        "final_max_torsion": 32.294537634792306,
        "final_linking_number": 0,
        "coils_linked_to_surface": true,
        "final_max_max_coil_force": 341329.2175751888,
        "final_avg_max_coil_force": 255362.91400921144,
        "final_max_force_per_coil": [
          341329.2175751888,
          245696.99020673233,
          179062.53424571315
        ],
        "final_max_torque_per_coil": [
          97221.29690404126,
          59206.01711530617,
          29224.278623966973
        ],
        "final_max_max_coil_torque": 97221.29690404126,
        "final_avg_max_coil_torque": 61883.86421443813,
        "avg_BdotN_over_B": 0.020252815279712337,
        "max_BdotN_over_B": 0.07069340485961449,
        "lagrange_multipliers": null,
        "output_directory": "/Users/akaptanoglu/actions-runner/_work/stellcoilbench/stellcoilbench/cases/done/2026-03-20_103657_20839/order_8",
        "flux_threshold": 1e-08,
        "cc_threshold": 0.11880851602702894,
        "cs_threshold": 0.20068738498898975,
        "msc_threshold": 6.787392242291319,
        "arclength_variation_threshold": 0.0,
        "curvature_threshold": 17.473494909470208,
        "force_threshold": 1663.5171165258632,
        "torque_threshold": 0.0,
        "timing": {
          "coil_initialization": 5.420297384262085e-07,
          "biotsavart_setup": 0.0024001251440495253,
          "objective_setup": 0.004632167052477598,
          "coil_optimization": 151.16988258319907,
          "save_and_metrics": 0.8175856659654528
        },
        "fourier_order": 8,
        "continuation_step": 2
      },
      {
        "initial_B_field": 1.09704800444164,
        "final_B_field": 1.0967954218286944,
        "target_B_field": 1.0,
        "optimization_time": 195.1482286453247,
        "walltime_sec": 195.1482286453247,
        "iterations_used": 500,
        "final_squared_flux": 0.0018743414366537278,
        "optimization_success": true,
        "optimization_message": "Completed",