{
  "metadata": {
    "contact": "auto",
    "hardware": "CPU: self-hosted runner",
    "run_date": "2026-03-24T17:03:08.225258",
    "iterations_used": 500,
    "walltime_sec": 178.86003494262695,
    "tags": [
      "explore"
    ],
    "parent_ids": []
  },
  "version_info": {
    "stellcoilbench_commit": "752616a1e5d651bde70ca666a31fe75ba08560bc",
    "stellcoilbench_branch": "main",
    "simsopt_version": "0.1.dev5668+ga79006b0b",
    "simsopt_commit": "a79006b0b"
  },
  "metrics": {
    "fourier_continuation": true,
    "fourier_orders": [
      4,
      8,
      16
    ],
    "final_order": 16,
    "continuation_results": [
      {
        "initial_B_field": 2.500000000019017,
        "final_B_field": 4.666490059359877e-06,
        "target_B_field": 2.5,
        "optimization_time": 1354.646342754364,
        "walltime_sec": 1354.646342754364,
        "iterations_used": 500,
        "final_squared_flux": 1.1012138868772503e-08,
        "optimization_success": true,
        "optimization_message": "Completed",
        "optimization_nfev": 500,
        "optimization_njev": null,
        "_cached_thresholds": {
          "length_threshold": 33.44559491851156,
          "flux_threshold": 1e-08,
          "cc_threshold": 0.23521973382638328,
          "cs_threshold": 0.45101765476801936,
          "msc_threshold": 11.690566753339148,
          "curvature_threshold": 5.138140326661823,
          "force_threshold": 1474.6203235482733,
          "torque_threshold": 0.0,
          "finite_build_width": 0.10789896047081801,
          "major_radius": 5.483631261799852,
          "minor_radius": 0.5240806651439732,
          "a0": 3.2437754587511507,
          "arclength_variation_threshold": 0.0,
          "coil_width": 0.12331309768093489
        },
        "final_min_cs_separation": 0.9525161177109785,
        "final_min_cc_separation": 0.5406043370242205,
        "final_length_per_coil": [
          2.15866410165751,
          2.1090312702911973,
          2.226402643251353,
          2.251836860088977,
          2.1040888913674536,
          2.331732585935974,
          2.156197148839401
        ],
        "final_current_per_coil": [
          1068321.4847214725,
          1034599.1967484396,
          948649.3736214031,
          947551.1603159083,
          914938.2656176352,
          851297.8790645585,
          1109642.6400151728
        ],
        "total_current_before": 6875000.00010459,
        "total_current_after": 6875000.00010459,
        "final_total_length": 15.337953501431866,
        "final_max_curvature": 5.068210974749862,
        "final_average_curvature": 2.975405369815826,
        "final_arclength_variation": 6.826382268159061e-05,
        "final_mean_squared_curvature": 11.700799514479408,
        "final_max_torsion": 19.243766268777716,
        "final_linking_number": 0,
        "coils_linked_to_surface": false,
        "final_max_max_coil_force": 1250574.887075422,
        "final_avg_max_coil_force": 992138.7095176962,
        "final_max_force_per_coil": [
          1106393.407418679,
          1071363.7229658412,
          916277.4746996484,
          924135.2940415482,
          910400.4335171679,
          765825.746905566,
          1250574.887075422
        ],
        "final_max_torque_per_coil": [
          142415.1762689299,
          138040.50682240748,
          148493.2353008807,
          151673.10402093254,
          134095.86271217643,
          132456.51280612018,
          212440.68540045572
        ],
        "final_max_max_coil_torque": 212440.68540045572,
        "final_avg_max_coil_torque": 151373.583333129,
        "avg_BdotN_over_B": 0.5448179503159202,
        "max_BdotN_over_B": 0.9999242596321497,
        "lagrange_multipliers": null,
        "output_directory": "/Users/akaptanoglu/actions-runner/_work/stellcoilbench/stellcoilbench/cases/done/2026-03-24_155831_88846/order_4",
        "flux_threshold": 1e-08,
        "cc_threshold": 0.23521973382638328,
        "cs_threshold": 0.45101765476801936,
        "msc_threshold": 11.690566753339148,
        "arclength_variation_threshold": 0.0,
        "curvature_threshold": 5.138140326661823,
        "force_threshold": 1474.6203235482733,
        "torque_threshold": 0.0,
        "timing": {
          "coil_initialization": 3.574161375174299,
          "biotsavart_setup": 3.360878791892901,
          "objective_setup": 0.04972654115408659,
          "coil_optimization": 1354.6479397921357,
          "save_and_metrics": 2.6300871670246124
        },
        "fourier_order": 4,
        "continuation_step": 1
      },
      {
        "initial_B_field": 4.666490059359877e-06,
        "final_B_field": 0.00014675637746955822,
        "target_B_field": 2.5,
        "optimization_time": 1908.952602148056,
        "walltime_sec": 1908.952602148056,
        "iterations_used": 500,
        "final_squared_flux": 3.1520491550794663e-06,
        "optimization_success": true,
        "optimization_message": "Completed",
        "optimization_nfev": 500,
        "optimization_njev": null,
        "_cached_thresholds": {
          "length_threshold": 33.44559491851156,
          "flux_threshold": 1e-08,
          "cc_threshold": 0.23521973382638328,
          "cs_threshold": 0.45101765476801936,
          "msc_threshold": 11.690566753339148,
          "curvature_threshold": 5.138140326661823,
          "force_threshold": 1474.6203235482733,
          "torque_threshold": 0.0,
          "finite_build_width": 0.10789896047081801,
          "major_radius": 5.483631261799852,
          "minor_radius": 0.5240806651439732,
          "a0": 3.2437754587511507,
          "arclength_variation_threshold": 0.0,
          "coil_width": 0.12331309768093489
        },
        "final_min_cs_separation": 0.9530704214362203,
        "final_min_cc_separation": 0.5760208639789368,
        "final_length_per_coil": [
          2.152511859324955,
          2.1032380017957446,
          2.220055951288851,
          2.247134448163765,
          2.094746715203404,
          2.320202091662583,
          2.149609369729218
        ],
        "final_current_per_coil": [
          1068321.4775066061,
          1034599.190698938,
          948649.370760209,
          947551.1575538899,
          914938.2609808575,
          851297.8765766806,
          1109642.666027409
        ],
        "total_current_before": 6875000.00010459,
        "total_current_after": 6875000.00010459,
        "final_total_length": 15.287498437168521,
        "final_max_curvature": 6.089035672421155,
        "final_average_curvature": 2.8917915532561964,
        "final_arclength_variation": 0.0025094156723609587,
        "final_mean_squared_curvature": 11.695543023697697,
        "final_max_torsion": 0.5199051544384112,
        "final_linking_number": 0,
        "coils_linked_to_surface": false,
        "final_max_max_coil_force": 858526.6245841098,
        "final_avg_max_coil_force": 697275.4165577755,
        "final_max_force_per_coil": [
          761557.3009745925,
          728644.298195708,
          657747.9686990803,
          675333.6027587171,
          636464.7115476265,
          562653.4091445941,
          858526.6245841098
        ],
        "final_max_torque_per_coil": [
          89268.3538493668,
          82625.54352284568,
          93681.05494589257,
          99735.80884017513,
          91511.64275738416,
          92890.2291374893,
          135810.79869111255
        ],
        "final_max_max_coil_torque": 135810.79869111255,
        "final_avg_max_coil_torque": 97931.91882060945,
        "avg_BdotN_over_B": 0.5946396244481228,
        "max_BdotN_over_B": 0.9996906896563907,
        "lagrange_multipliers": null,
        "output_directory": "/Users/akaptanoglu/actions-runner/_work/stellcoilbench/stellcoilbench/cases/done/2026-03-24_155831_88846/order_8",
        "flux_threshold": 1e-08,
        "cc_threshold": 0.23521973382638328,
        "cs_threshold": 0.45101765476801936,