{
  "metadata": {
    "contact": "auto",
    "hardware": "CPU: self-hosted runner",
    "run_date": "2026-03-21T04:30:18.392620",
    "iterations_used": 500,
    "walltime_sec": 109.57852697372437,
    "tags": [
      "explore"
    ],
    "parent_ids": []
  },
  "version_info": {
    "stellcoilbench_commit": "8f03520882316bc48ddd4fc9d06c2d015b7b0dfa",
    "stellcoilbench_branch": "main",
    "simsopt_version": "0.1.dev5668+ga79006b0b",
    "simsopt_commit": "a79006b0b"
  },
  "metrics": {
    "fourier_continuation": true,
    "fourier_orders": [
      4,
      8,
      16
    ],
    "final_order": 16,
    "continuation_results": [
      {
        "initial_B_field": 1.0001867526877442,
        "final_B_field": 1.0971351794912994,
        "target_B_field": 1.0,
        "optimization_time": 78.32529902458191,
        "walltime_sec": 78.32529902458191,
        "iterations_used": 500,
        "final_squared_flux": 0.0011759753743391804,
        "optimization_success": true,
        "optimization_message": "Completed",
        "optimization_nfev": 500,
        "optimization_njev": null,
        "_cached_thresholds": {
          "length_threshold": 10.988797661533285,
          "flux_threshold": 1e-08,
          "cc_threshold": 0.10500000000000001,
          "cs_threshold": 0.17177731275574604,
          "msc_threshold": 47.127934825195375,
          "curvature_threshold": 42.09799235992592,
          "force_threshold": 1685.7377458905075,
          "torque_threshold": 0.0,
          "finite_build_width": 0.05,
          "major_radius": 1.0098736979848935,
          "minor_radius": 0.16831206437162433,
          "a0": 10.100286074838271,
          "arclength_variation_threshold": 0.0,
          "coil_width": 0.039602838675676315
        },
        "final_min_cs_separation": 0.24598132873432707,
        "final_min_cc_separation": 0.22749674968901037,
        "final_length_per_coil": [
          4.155670207421501,
          3.6562831115626517,
          3.190156760174434
        ],
        "final_current_per_coil": [
          496765.5335566665,
          421370.6808082692,
          332306.95614219946
        ],
        "total_current_before": 1250443.170507135,
        "total_current_after": 1250443.170507135,
        "final_total_length": 11.002110079158587,
        "final_max_curvature": 3.8582879953767355,
        "final_average_curvature": 2.096067577954606,
        "final_arclength_variation": 0.007990282979616998,
        "final_mean_squared_curvature": 6.330560996090302,
        "final_max_torsion": 47.45039472960812,
        "final_linking_number": 0,
        "coils_linked_to_surface": true,
        "final_max_max_coil_force": 385543.45702312916,
        "final_avg_max_coil_force": 325413.9136806971,
        "final_max_force_per_coil": [
          385543.45702312916,
          339393.83909405704,
          251304.44492490502
        ],
        "final_max_torque_per_coil": [
          144320.0374941941,
          96558.10167030801,
          48835.05622170128
        ],
        "final_max_max_coil_torque": 144320.0374941941,
        "final_avg_max_coil_torque": 96571.06512873447,
        "avg_BdotN_over_B": 0.015940037626789652,
        "max_BdotN_over_B": 0.05405369539235246,
        "lagrange_multipliers": null,
        "output_directory": "/Users/akaptanoglu/actions-runner/_work/stellcoilbench/stellcoilbench/cases/done/2026-03-21_042103_44562/order_4",
        "flux_threshold": 1e-08,
        "cc_threshold": 0.10500000000000001,
        "cs_threshold": 0.17177731275574604,
        "msc_threshold": 47.127934825195375,
        "arclength_variation_threshold": 0.0,
        "curvature_threshold": 42.09799235992592,
        "force_threshold": 1685.7377458905075,
        "torque_threshold": 0.0,
        "timing": {
          "coil_initialization": 0.13970766705460846,
          "biotsavart_setup": 1.2273274171166122,
          "objective_setup": 0.032561666099354625,
          "coil_optimization": 78.32524137501605,
          "save_and_metrics": 0.832130917115137
        },
        "fourier_order": 4,
        "continuation_step": 1
      },
      {
        "initial_B_field": 1.0971351794912994,
        "final_B_field": 1.0965814894401191,
        "target_B_field": 1.0,
        "optimization_time": 84.44304203987122,
        "walltime_sec": 84.44304203987122,
        "iterations_used": 500,
        "final_squared_flux": 0.0011316083677472596,
        "optimization_success": true,
        "optimization_message": "Completed",
        "optimization_nfev": 500,
        "optimization_njev": null,
        "_cached_thresholds": {
          "length_threshold": 10.988797661533285,
          "flux_threshold": 1e-08,
          "cc_threshold": 0.10500000000000001,
          "cs_threshold": 0.17177731275574604,
          "msc_threshold": 47.127934825195375,
          "curvature_threshold": 42.09799235992592,
          "force_threshold": 1685.7377458905075,
          "torque_threshold": 0.0,
          "finite_build_width": 0.05,
          "major_radius": 1.0098736979848935,
          "minor_radius": 0.16831206437162433,
          "a0": 10.100286074838271,
          "arclength_variation_threshold": 0.0,
          "coil_width": 0.039602838675676315
        },
        "final_min_cs_separation": 0.2384562128218831,
        "final_min_cc_separation": 0.23966217696761968,
        "final_length_per_coil": [
          4.197873828919887,
          3.657220423819706,
          3.1544929630478635
        ],
        "final_current_per_coil": [
          505556.9199591727,
          421188.8401278213,
          323697.41042014107
        ],
        "total_current_before": 1250443.170507135,
        "total_current_after": 1250443.170507135,
        "final_total_length": 11.009587215787457,
        "final_max_curvature": 4.40663161937142,
        "final_average_curvature": 2.1197330996794848,
        "final_arclength_variation": 0.002260319918455674,
        "final_mean_squared_curvature": 6.739707321103297,
        "final_max_torsion": 84.0056366632117,
        "final_linking_number": 0,
        "coils_linked_to_surface": true,
        "final_max_max_coil_force": 362826.34128389007,
        "final_avg_max_coil_force": 269265.45374458935,
        "final_max_force_per_coil": [
          362826.34128389007,
          263719.9837020177,
          181250.03624786032
        ],
        "final_max_torque_per_coil": [
          108130.90890725232,
          71162.90712051876,
          32472.408437743677
        ],
        "final_max_max_coil_torque": 108130.90890725232,
        "final_avg_max_coil_torque": 70588.74148850492,
        "avg_BdotN_over_B": 0.01566686568546735,
        "max_BdotN_over_B": 0.054623325362535544,
        "lagrange_multipliers": null,
        "output_directory": "/Users/akaptanoglu/actions-runner/_work/stellcoilbench/stellcoilbench/cases/done/2026-03-21_042103_44562/order_8",
        "flux_threshold": 1e-08,
        "cc_threshold": 0.10500000000000001,
        "cs_threshold": 0.17177731275574604,
        "msc_threshold": 47.127934825195375,
        "arclength_variation_threshold": 0.0,
        "curvature_threshold": 42.09799235992592,
        "force_threshold": 1685.7377458905075,
        "torque_threshold": 0.0,
        "timing": {
          "coil_initialization": 8.330680429935455e-07,
          "biotsavart_setup": 0.002323291962966323,
          "objective_setup": 0.0052478748839348555,
          "coil_optimization": 84.44297933299094,
          "save_and_metrics": 0.819964500144124
        },
        "fourier_order": 8,
        "continuation_step": 2
      },
      {
        "initial_B_field": 1.0965814894401191,
        "final_B_field": 1.09626217071018,
        "target_B_field": 1.0,
        "optimization_time": 109.57852697372437,
        "walltime_sec": 109.57852697372437,
        "iterations_used": 500,
        "final_squared_flux": 0.0011313067871767742,
        "optimization_success": true,
        "optimization_message": "Completed",