{
  "metadata": {
    "contact": "auto",
    "hardware": "CPU: self-hosted runner",
    "run_date": "2026-03-30T17:48:57.889021",
    "iterations_used": 500,
    "walltime_sec": 146.26784300804138,
    "tags": [
      "explore"
    ],
    "parent_ids": []
  },
  "version_info": {
    "stellcoilbench_commit": "87e4a971c88d2df806fb282cc90d098491dd28b3",
    "stellcoilbench_branch": "main",
    "simsopt_version": "0.1.dev5668+ga79006b0b",
    "simsopt_commit": "a79006b0b"
  },
  "metrics": {
    "fourier_continuation": true,
    "fourier_orders": [
      4,
      8,
      16
    ],
    "final_order": 16,
    "continuation_results": [
      {
        "initial_B_field": 2.500000000019017,
        "final_B_field": 2.7141901134703104,
        "target_B_field": 2.5,
        "optimization_time": 1827.6975359916687,
        "walltime_sec": 1827.6975359916687,
        "iterations_used": 500,
        "final_squared_flux": 0.5863069786962172,
        "optimization_success": true,
        "optimization_message": "Completed",
        "optimization_nfev": 500,
        "optimization_njev": null,
        "_cached_thresholds": {
          "length_threshold": 58.56755574356002,
          "flux_threshold": 1e-08,
          "cc_threshold": 0.22658781698871783,
          "cs_threshold": 0.5191481412367358,
          "msc_threshold": 2.3549809830533355,
          "curvature_threshold": 2.624214346129681,
          "force_threshold": 174.5151196808119,
          "torque_threshold": 0.0,
          "finite_build_width": 0.10789896047081801,
          "major_radius": 5.483631261799852,
          "minor_radius": 0.5240806651439732,
          "a0": 3.2437754587511507,
          "arclength_variation_threshold": 0.0,
          "coil_width": 0.12331309768093489
        },
        "final_min_cs_separation": 0.06372026250403587,
        "final_min_cc_separation": 0.06701157213239799,
        "final_length_per_coil": [
          8.882059009001141,
          9.299701131130732,
          9.985205605728092,
          8.567998580479795,
          10.779474588888915,
          5.881525591614359,
          5.340064755305975
        ],
        "final_current_per_coil": [
          893806.8695153306,
          1368324.043295463,
          1865135.4822261888,
          74132.1552235076,
          3164918.932255185,
          3969902.9110540496,
          3626849.73908998
        ],
        "total_current_before": 6875000.00010459,
        "total_current_after": 6875000.00010459,
        "final_total_length": 58.736029262149,
        "final_max_curvature": 4.144121696458053,
        "final_average_curvature": 1.0618200179379693,
        "final_arclength_variation": 0.33263655320852364,
        "final_mean_squared_curvature": 2.845875222820954,
        "final_max_torsion": 10.977607097668628,
        "final_linking_number": 0,
        "coils_linked_to_surface": false,
        "final_max_max_coil_force": 44376006.27284653,
        "final_avg_max_coil_force": 17418652.418816995,
        "final_max_force_per_coil": [
          1449129.2368692774,
          4353509.145728248,
          6687290.14851838,
          228053.7798921782,
          21062517.656525355,
          44376006.27284653,
          43774060.69133901
        ],
        "final_max_torque_per_coil": [
          1508464.8239244816,
          2655948.4803849086,
          4074403.784453226,
          187335.76862043966,
          19819380.25027921,
          39009078.42502904,
          40962808.30970996
        ],
        "final_max_max_coil_torque": 40962808.30970996,
        "final_avg_max_coil_torque": 15459631.406057324,
        "avg_BdotN_over_B": 0.031217866270230217,
        "max_BdotN_over_B": 0.48097687363690456,
        "lagrange_multipliers": null,
        "output_directory": "/Users/akaptanoglu/actions-runner/_work/stellcoilbench/stellcoilbench/cases/done/2026-03-30_165159_92791/order_4",
        "flux_threshold": 1e-08,
        "cc_threshold": 0.22658781698871783,
        "cs_threshold": 0.5191481412367358,
        "msc_threshold": 2.3549809830533355,
        "arclength_variation_threshold": 0.0,
        "curvature_threshold": 2.624214346129681,
        "force_threshold": 174.5151196808119,
        "torque_threshold": 0.0,
        "timing": {
          "coil_initialization": 3.730713166994974,
          "biotsavart_setup": 3.221454333048314,
          "objective_setup": 0.0403759169857949,
          "coil_optimization": 1827.6993993339129,
          "save_and_metrics": 2.614564625080675
        },
        "fourier_order": 4,
        "continuation_step": 1
      },
      {
        "initial_B_field": 2.7141901134703104,
        "final_B_field": 2.707662500532164,
        "target_B_field": 2.5,
        "optimization_time": 1107.5783641338348,
        "walltime_sec": 1107.5783641338348,
        "iterations_used": 500,
        "final_squared_flux": 0.6558599484486841,
        "optimization_success": true,
        "optimization_message": "Completed",
        "optimization_nfev": 500,
        "optimization_njev": null,
        "_cached_thresholds": {
          "length_threshold": 58.56755574356002,
          "flux_threshold": 1e-08,
          "cc_threshold": 0.22658781698871783,
          "cs_threshold": 0.5191481412367358,
          "msc_threshold": 2.3549809830533355,
          "curvature_threshold": 2.624214346129681,
          "force_threshold": 174.5151196808119,
          "torque_threshold": 0.0,
          "finite_build_width": 0.10789896047081801,
          "major_radius": 5.483631261799852,
          "minor_radius": 0.5240806651439732,
          "a0": 3.2437754587511507,
          "arclength_variation_threshold": 0.0,
          "coil_width": 0.12331309768093489
        },
        "final_min_cs_separation": 0.04851094938101048,
        "final_min_cc_separation": 0.06598462715952731,
        "final_length_per_coil": [
          8.86965646422207,
          9.289744164275787,
          9.974634977182355,
          8.574869748448723,
          10.769213178301397,
          5.865023294618993,
          5.319609332731381
        ],
        "final_current_per_coil": [
          893808.6613419243,
          1368325.576754397,
          1865137.3231797328,
          74130.86435584204,
          3164918.4494947507,
          3969903.187203153,
          3626844.0408927808
        ],
        "total_current_before": 6875000.00010459,
        "total_current_after": 6875000.00010459,
        "final_total_length": 58.662751159780704,
        "final_max_curvature": 5.001289261791041,
        "final_average_curvature": 1.0508505377869184,
        "final_arclength_variation": 0.5202629170600991,
        "final_mean_squared_curvature": 2.819886567107562,
        "final_max_torsion": 5.3366158273634,
        "final_linking_number": 0,
        "coils_linked_to_surface": false,
        "final_max_max_coil_force": 44034228.693615586,
        "final_avg_max_coil_force": 16656715.928931564,
        "final_max_force_per_coil": [
          1329524.9133888409,
          4225394.689834613,
          6533269.1453533685,
          226893.4479490239,
          17285123.777208954,
          44034228.693615586,
          42962576.83517057
        ],
        "final_max_torque_per_coil": [
          1439101.991908428,
          2672528.3837493453,
          4257958.433702395,
          184405.1315130741,
          16875850.96689998,
          35682095.14327355,
          36705394.385968484
        ],
        "final_max_max_coil_torque": 36705394.385968484,
        "final_avg_max_coil_torque": 13973904.919573609,
        "avg_BdotN_over_B": 0.03234521951210227,
        "max_BdotN_over_B": 0.1535859903736277,
        "lagrange_multipliers": null,
        "output_directory": "/Users/akaptanoglu/actions-runner/_work/stellcoilbench/stellcoilbench/cases/done/2026-03-30_165159_92791/order_8",
        "flux_threshold": 1e-08,
        "cc_threshold": 0.22658781698871783,
        "cs_threshold": 0.5191481412367358,
        "msc_threshold": 2.3549809830533355,