{
  "metadata": {
    "contact": "auto",
    "hardware": "CPU: self-hosted runner",
    "run_date": "2026-04-10T10:05:12.856575",
    "iterations_used": 500,
    "walltime_sec": 291.6446039676666,
    "tags": [
      "explore"
    ],
    "parent_ids": []
  },
  "version_info": {
    "stellcoilbench_commit": "b18d3c7e098b12e3ed6cd37433fd5a3ce52fadce",
    "stellcoilbench_branch": "main",
    "simsopt_version": "0.1.dev5668+ga79006b0b",
    "simsopt_commit": "a79006b0b"
  },
  "metrics": {
    "fourier_continuation": true,
    "fourier_orders": [
      4,
      8,
      16
    ],
    "final_order": 16,
    "continuation_results": [
      {
        "initial_B_field": 5.700046898707296,
        "final_B_field": 8.92229528962779,
        "target_B_field": 5.7,
        "optimization_time": 247.68439507484436,
        "walltime_sec": 247.68439507484436,
        "iterations_used": 500,
        "final_squared_flux": 0.27325097843027224,
        "optimization_success": true,
        "optimization_message": "Completed",
        "optimization_nfev": 500,
        "optimization_njev": null,
        "_cached_thresholds": {
          "length_threshold": 136.12349938331363,
          "flux_threshold": 1e-08,
          "cc_threshold": 0.7860412721257853,
          "cs_threshold": 0.9384370289664988,
          "msc_threshold": 3.1767288672348672,
          "curvature_threshold": 2.254131001554411,
          "force_threshold": 160.18293754408782,
          "torque_threshold": 0.0,
          "finite_build_width": 0.35091128219901124,
          "major_radius": 13.635429024906689,
          "minor_radius": 1.7044262278237692,
          "a0": 0.9974030980329254,
          "arclength_variation_threshold": 0.0,
          "coil_width": 0.40104146537029867
        },
        "final_min_cs_separation": 2.278040810030326,
        "final_min_cc_separation": 0.6866037435108727,
        "final_length_per_coil": [
          43.39801521969746,
          49.60780846043783,
          43.310488889689694
        ],
        "final_current_per_coil": [
          11919566.971271768,
          21479219.656753656,
          15314752.56726246
        ],
        "total_current_before": 48713539.19528788,
        "total_current_after": 48713539.19528788,
        "final_total_length": 136.316312569825,
        "final_max_curvature": 0.3601980069416969,
        "final_average_curvature": 0.18667453794277067,
        "final_arclength_variation": 0.20945308325981857,
        "final_mean_squared_curvature": 0.05035044706394363,
        "final_max_torsion": 6.269164889104072,
        "final_linking_number": 12,
        "coils_linked_to_surface": true,
        "final_max_max_coil_force": 148962999.6369834,
        "final_avg_max_coil_force": 103427879.35215652,
        "final_max_force_per_coil": [
          85454561.86579634,
          148962999.6369834,
          75866076.55368981
        ],
        "final_max_torque_per_coil": [
          294236872.7487076,
          710664066.2002689,
          279582548.9103866
        ],
        "final_max_max_coil_torque": 710664066.2002689,
        "final_avg_max_coil_torque": 428161162.6197877,
        "avg_BdotN_over_B": 0.004090475396562938,
        "max_BdotN_over_B": 0.013983858491578214,
        "lagrange_multipliers": null,
        "output_directory": "/Users/akaptanoglu/actions-runner/_work/stellcoilbench/stellcoilbench/cases/done/2026-04-10_095014_72036/order_4",
        "flux_threshold": 1e-08,
        "cc_threshold": 0.7860412721257853,
        "cs_threshold": 0.9384370289664988,
        "msc_threshold": 3.1767288672348672,
        "arclength_variation_threshold": 0.0,
        "curvature_threshold": 2.254131001554411,
        "force_threshold": 160.18293754408782,
        "torque_threshold": 0.0,
        "timing": {
          "coil_initialization": 0.4373646250460297,
          "biotsavart_setup": 1.6785129169002175,
          "objective_setup": 0.028261458035558462,
          "coil_optimization": 247.68416533304844,
          "save_and_metrics": 1.1054845419712365
        },
        "fourier_order": 4,
        "continuation_step": 1
      },
      {
        "initial_B_field": 8.92229528962779,
        "final_B_field": 7.717230747938342,
        "target_B_field": 5.7,
        "optimization_time": 280.20834493637085,
        "walltime_sec": 280.20834493637085,
        "iterations_used": 500,
        "final_squared_flux": 0.06800188125974398,
        "optimization_success": true,
        "optimization_message": "Completed",
        "optimization_nfev": 500,
        "optimization_njev": null,
        "_cached_thresholds": {
          "length_threshold": 136.12349938331363,
          "flux_threshold": 1e-08,
          "cc_threshold": 0.7860412721257853,
          "cs_threshold": 0.9384370289664988,
          "msc_threshold": 3.1767288672348672,
          "curvature_threshold": 2.254131001554411,
          "force_threshold": 160.18293754408782,
          "torque_threshold": 0.0,
          "finite_build_width": 0.35091128219901124,
          "major_radius": 13.635429024906689,
          "minor_radius": 1.7044262278237692,
          "a0": 0.9974030980329254,
          "arclength_variation_threshold": 0.0,
          "coil_width": 0.40104146537029867
        },
        "final_min_cs_separation": 2.2387952353478355,
        "final_min_cc_separation": 0.7336928021660315,
        "final_length_per_coil": [
          45.9898240472424,
          49.16360651004168,
          41.06405943691919
        ],
        "final_current_per_coil": [
          14671514.60725128,
          19809078.342042856,
          14232946.245993748
        ],
        "total_current_before": 48713539.19528788,
        "total_current_after": 48713539.19528788,
        "final_total_length": 136.21748999420328,
        "final_max_curvature": 0.5583056824958148,
        "final_average_curvature": 0.22507160788629388,
        "final_arclength_variation": 0.07482006118637986,
        "final_mean_squared_curvature": 0.08392875409763775,
        "final_max_torsion": 6.171715201517736,
        "final_linking_number": 12,
        "coils_linked_to_surface": true,
        "final_max_max_coil_force": 131783159.49437997,
        "final_avg_max_coil_force": 97860818.4554816,
        "final_max_force_per_coil": [
          98419512.90095852,
          131783159.49437997,
          63379782.97110633
        ],
        "final_max_torque_per_coil": [
          445083987.7822571,
          674827544.3750132,
          257512208.05058992
        ],
        "final_max_max_coil_torque": 674827544.3750132,
        "final_avg_max_coil_torque": 459141246.7359535,
        "avg_BdotN_over_B": 0.001964376105476411,
        "max_BdotN_over_B": 0.00865797093293163,
        "lagrange_multipliers": null,
        "output_directory": "/Users/akaptanoglu/actions-runner/_work/stellcoilbench/stellcoilbench/cases/done/2026-04-10_095014_72036/order_8",
        "flux_threshold": 1e-08,
        "cc_threshold": 0.7860412721257853,
        "cs_threshold": 0.9384370289664988,
        "msc_threshold": 3.1767288672348672,
        "arclength_variation_threshold": 0.0,
        "curvature_threshold": 2.254131001554411,
        "force_threshold": 160.18293754408782,
        "torque_threshold": 0.0,
        "timing": {
          "coil_initialization": 5.00003807246685e-07,
          "biotsavart_setup": 0.0031333749648183584,
          "objective_setup": 0.005615375004708767,
          "coil_optimization": 280.2080847910838,
          "save_and_metrics": 1.0382204999914393
        },
        "fourier_order": 8,
        "continuation_step": 2
      },
      {
        "initial_B_field": 7.717230747938342,
        "final_B_field": 7.07571674538517,
        "target_B_field": 5.7,
        "optimization_time": 291.6446039676666,
        "walltime_sec": 291.6446039676666,
        "iterations_used": 500,
        "final_squared_flux": 0.05075699328323394,
        "optimization_success": true,
        "optimization_message": "Completed",