{
  "metadata": {
    "contact": "auto",
    "hardware": "CPU: self-hosted runner",
    "run_date": "2026-04-04T22:50:58.622000",
    "iterations_used": 500,
    "walltime_sec": 105.41958808898926,
    "tags": [
      "explore"
    ],
    "parent_ids": []
  },
  "version_info": {
    "stellcoilbench_commit": "b5d884555ea997092a6abd0b71f2248e78241857",
    "stellcoilbench_branch": "main",
    "simsopt_version": "0.1.dev5668+ga79006b0b",
    "simsopt_commit": "a79006b0b"
  },
  "metrics": {
    "fourier_continuation": true,
    "fourier_orders": [
      4,
      8,
      16
    ],
    "final_order": 16,
    "continuation_results": [
      {
        "initial_B_field": 2.50000000044544,
        "final_B_field": 0.04640543189187761,
        "target_B_field": 2.5,
        "optimization_time": 1576.0762541294098,
        "walltime_sec": 1576.0762541294098,
        "iterations_used": 500,
        "final_squared_flux": 0.0035439755476889636,
        "optimization_success": true,
        "optimization_message": "Completed",
        "optimization_nfev": 500,
        "optimization_njev": null,
        "_cached_thresholds": {
          "length_threshold": 36.55308498007112,
          "flux_threshold": 1e-08,
          "cc_threshold": 0.39583504355580096,
          "cs_threshold": 0.2361445820589903,
          "msc_threshold": 6.3837501028222645,
          "curvature_threshold": 25.632313675051595,
          "force_threshold": 378.5485960362593,
          "torque_threshold": 0.0,
          "finite_build_width": 0.10789896047081801,
          "major_radius": 5.483631261799852,
          "minor_radius": 0.5240806651439732,
          "a0": 3.2437754587511507,
          "arclength_variation_threshold": 0.0,
          "coil_width": 0.12331309768093489
        },
        "final_min_cs_separation": 0.0681342941835111,
        "final_min_cc_separation": 0.3796907169783292,
        "final_length_per_coil": [
          4.17351445145843,
          4.402514904736379,
          6.7307145198330955,
          5.01499035435222,
          3.6396720359466674,
          4.764800430703301
        ],
        "final_current_per_coil": [
          23512.866614031012,
          2901.5655557755317,
          77597.17056501815,
          3709664.780285246,
          4136615.9697367363,
          867269.144837237
        ],
        "total_current_before": 6875000.002449921,
        "total_current_after": 6875000.00244992,
        "final_total_length": 28.72620669703009,
        "final_max_curvature": 5.493907868147064,
        "final_average_curvature": 1.8836783529021488,
        "final_arclength_variation": 0.0519349953944403,
        "final_mean_squared_curvature": 6.355146318299383,
        "final_max_torsion": 42.52843671884266,
        "final_linking_number": 0,
        "coils_linked_to_surface": false,
        "final_max_max_coil_force": 14207427.365892008,
        "final_avg_max_coil_force": 4896414.7964879135,
        "final_max_force_per_coil": [
          594.4110564072462,
          103.9262381769739,
          23341.012803178997,
          13966130.539432628,
          14207427.365892008,
          1180891.5235050789
        ],
        "final_max_torque_per_coil": [
          327.23158559493777,
          75.79536959512777,
          17270.084665586463,
          6206976.939618344,
          5501614.251399843,
          444921.1684852338
        ],
        "final_max_max_coil_torque": 6206976.939618344,
        "final_avg_max_coil_torque": 2028530.9118540327,
        "avg_BdotN_over_B": 0.22632220369538267,
        "max_BdotN_over_B": 0.9946861540765916,
        "lagrange_multipliers": null,
        "output_directory": "/Users/akaptanoglu/actions-runner/_work/stellcoilbench/stellcoilbench/cases/done/2026-04-04_215050_30340/order_4",
        "flux_threshold": 1e-08,
        "cc_threshold": 0.39583504355580096,
        "cs_threshold": 0.2361445820589903,
        "msc_threshold": 6.3837501028222645,
        "arclength_variation_threshold": 0.0,
        "curvature_threshold": 25.632313675051595,
        "force_threshold": 378.5485960362593,
        "torque_threshold": 0.0,
        "timing": {
          "coil_initialization": 2.845837707980536,
          "biotsavart_setup": 3.0898332079523243,
          "objective_setup": 0.03176379099022597,
          "coil_optimization": 1576.0681646660087,
          "save_and_metrics": 2.0503170419833623
        },
        "fourier_order": 4,
        "continuation_step": 1
      },
      {
        "initial_B_field": 0.04640543189187761,
        "final_B_field": 0.046408795561237885,
        "target_B_field": 2.5,
        "optimization_time": 1567.0860159397125,
        "walltime_sec": 1567.0860159397125,
        "iterations_used": 500,
        "final_squared_flux": 0.0035175455124422154,
        "optimization_success": true,
        "optimization_message": "Completed",
        "optimization_nfev": 500,
        "optimization_njev": null,
        "_cached_thresholds": {
          "length_threshold": 36.55308498007112,
          "flux_threshold": 1e-08,
          "cc_threshold": 0.39583504355580096,
          "cs_threshold": 0.2361445820589903,
          "msc_threshold": 6.3837501028222645,
          "curvature_threshold": 25.632313675051595,
          "force_threshold": 378.5485960362593,
          "torque_threshold": 0.0,
          "finite_build_width": 0.10789896047081801,
          "major_radius": 5.483631261799852,
          "minor_radius": 0.5240806651439732,
          "a0": 3.2437754587511507,
          "arclength_variation_threshold": 0.0,
          "coil_width": 0.12331309768093489
        },
        "final_min_cs_separation": 0.06104000794926125,
        "final_min_cc_separation": 0.37270537344108207,
        "final_length_per_coil": [
          4.187659918208252,
          4.397133738656885,
          6.7333658959968625,
          5.025231751228259,
          3.638550414097576,
          4.761464568430846
        ],
        "final_current_per_coil": [
          23512.827853796058,
          2901.570723502003,
          77597.16919845717,
          3709664.779907526,
          4136615.97008704,
          867269.1797688892
        ],
        "total_current_before": 6875000.00244992,
        "total_current_after": 6875000.002449921,
        "final_total_length": 28.74340628661868,
        "final_max_curvature": 6.333425483708023,
        "final_average_curvature": 1.8637332881107576,
        "final_arclength_variation": 0.09148147664665113,
        "final_mean_squared_curvature": 6.765799557061642,
        "final_max_torsion": 8.852180281266604,
        "final_linking_number": 0,
        "coils_linked_to_surface": false,
        "final_max_max_coil_force": 8357327.924453971,
        "final_avg_max_coil_force": 2666824.8732563434,
        "final_max_force_per_coil": [
          514.7064826656192,
          109.10194152356142,
          24501.018097445765,
          6362175.861444458,
          8357327.924453971,
          1256320.6271179963
        ],
        "final_max_torque_per_coil": [
          271.831034113017,
          79.66930735930265,
          18990.13379538309,
          2976693.1258711414,
          3822548.4252665862,
          457522.12837667414
        ],
        "final_max_max_coil_torque": 3822548.4252665862,
        "final_avg_max_coil_torque": 1212684.2189418762,
        "avg_BdotN_over_B": 0.2270744209960417,
        "max_BdotN_over_B": 0.9933010231771313,
        "lagrange_multipliers": null,
        "output_directory": "/Users/akaptanoglu/actions-runner/_work/stellcoilbench/stellcoilbench/cases/done/2026-04-04_215050_30340/order_8",
        "flux_threshold": 1e-08,
        "cc_threshold": 0.39583504355580096,
        "cs_threshold": 0.2361445820589903,
        "msc_threshold": 6.3837501028222645,
        "arclength_variation_threshold": 0.0,
        "curvature_threshold": 25.632313675051595,
        "force_threshold": 378.5485960362593,
        "torque_threshold": 0.0,