{
  "metadata": {
    "contact": "auto",
    "hardware": "CPU: self-hosted runner",
    "run_date": "2026-03-20T04:24:03.478329",
    "iterations_used": 500,
    "walltime_sec": 10.794544219970703,
    "tags": [
      "explore"
    ],
    "parent_ids": []
  },
  "version_info": {
    "stellcoilbench_commit": "ed7008f25846f85f614eea1fa7b0ba4e4cd27854",
    "stellcoilbench_branch": "main",
    "simsopt_version": "0.1.dev5668+ga79006b0b",
    "simsopt_commit": "a79006b0b"
  },
  "metrics": {
    "fourier_continuation": true,
    "fourier_orders": [
      4,
      8,
      16
    ],
    "final_order": 16,
    "continuation_results": [
      {
        "initial_B_field": 1.0000050243934888,
        "final_B_field": 1.0968160958929496,
        "target_B_field": 1.0,
        "optimization_time": 366.4000070095062,
        "walltime_sec": 366.4000070095062,
        "iterations_used": 500,
        "final_squared_flux": 2.7241190780055032e-05,
        "optimization_success": true,
        "optimization_message": "Completed",
        "optimization_nfev": 500,
        "optimization_njev": null,
        "_cached_thresholds": {
          "length_threshold": 17.229214965852982,
          "flux_threshold": 1e-08,
          "cc_threshold": 0.10500000000000001,
          "cs_threshold": 0.19286582435054364,
          "msc_threshold": 7.433810551080968,
          "curvature_threshold": 8.110529718095131,
          "force_threshold": 3564.3909558104256,
          "torque_threshold": 0.0,
          "finite_build_width": 0.05,
          "major_radius": 1.0098736979848935,
          "minor_radius": 0.16831206437162433,
          "a0": 10.100286074838271,
          "arclength_variation_threshold": 0.0,
          "coil_width": 0.039602838675676315
        },
        "final_min_cs_separation": 0.21493629616318574,
        "final_min_cc_separation": 0.13022818329682256,
        "final_length_per_coil": [
          4.082604871304266,
          3.8182329146901277,
          3.411642834670179,
          3.045957633687079,
          2.8724302340503427
        ],
        "final_current_per_coil": [
          316174.5965121379,
          294438.46993933665,
          250137.42107168547,
          204220.02688544028,
          185042.02403133316
        ],
        "total_current_before": 1250012.5384399334,
        "total_current_after": 1250012.5384399334,
        "final_total_length": 17.230868488401995,
        "final_max_curvature": 3.780313986976229,
        "final_average_curvature": 2.2593025765937442,
        "final_arclength_variation": 0.0011001203783674173,
        "final_mean_squared_curvature": 7.455211808774189,
        "final_max_torsion": 33.218867760309955,
        "final_linking_number": 0,
        "coils_linked_to_surface": true,
        "final_max_max_coil_force": 258108.56451693323,
        "final_avg_max_coil_force": 199947.9460174015,
        "final_max_force_per_coil": [
          258108.56451693323,
          249431.76069440792,
          205799.25043714326,
          156779.70465252228,
          129620.44978600074
        ],
        "final_max_torque_per_coil": [
          84318.12553421938,
          74145.17055962724,
          49404.861442710804,
          28868.74907407437,
          19840.604982332618
        ],
        "final_max_max_coil_torque": 84318.12553421938,
        "final_avg_max_coil_torque": 51315.50231859288,
        "avg_BdotN_over_B": 0.002409372041829773,
        "max_BdotN_over_B": 0.010061656749451432,
        "lagrange_multipliers": null,
        "output_directory": "/Users/akaptanoglu/actions-runner/_work/stellcoilbench/stellcoilbench/cases/done/2026-03-20_040706_20443/order_4",
        "flux_threshold": 1e-08,
        "cc_threshold": 0.10500000000000001,
        "cs_threshold": 0.19286582435054364,
        "msc_threshold": 7.433810551080968,
        "arclength_variation_threshold": 0.0,
        "curvature_threshold": 8.110529718095131,
        "force_threshold": 3564.3909558104256,
        "torque_threshold": 0.0,
        "timing": {
          "coil_initialization": 0.24226950015872717,
          "biotsavart_setup": 1.3243995839729905,
          "objective_setup": 0.06715958309359848,
          "coil_optimization": 366.4002431661356,
          "save_and_metrics": 0.9424024170730263
        },
        "fourier_order": 4,
        "continuation_step": 1
      },
      {
        "initial_B_field": 1.0968160958929496,
        "final_B_field": 1.09573835421536,
        "target_B_field": 1.0,
        "optimization_time": 373.96443700790405,
        "walltime_sec": 373.96443700790405,
        "iterations_used": 500,
        "final_squared_flux": 2.2871679954854416e-05,
        "optimization_success": true,
        "optimization_message": "Completed",
        "optimization_nfev": 500,
        "optimization_njev": null,
        "_cached_thresholds": {
          "length_threshold": 17.229214965852982,
          "flux_threshold": 1e-08,
          "cc_threshold": 0.10500000000000001,
          "cs_threshold": 0.19286582435054364,
          "msc_threshold": 7.433810551080968,
          "curvature_threshold": 8.110529718095131,
          "force_threshold": 3564.3909558104256,
          "torque_threshold": 0.0,
          "finite_build_width": 0.05,
          "major_radius": 1.0098736979848935,
          "minor_radius": 0.16831206437162433,
          "a0": 10.100286074838271,
          "arclength_variation_threshold": 0.0,
          "coil_width": 0.039602838675676315
        },
        "final_min_cs_separation": 0.21163596371450855,
        "final_min_cc_separation": 0.15480777125584153,
        "final_length_per_coil": [
          4.022097462256317,
          3.779103305614752,
          3.411303368510645,
          3.0781983005921827,
          2.9400057220452482
        ],
        "final_current_per_coil": [
          308686.48250329035,
          288620.0044426792,
          249590.9003413338,
          207647.2568357316,
          195467.89431689843
        ],
        "total_current_before": 1250012.5384399334,
        "total_current_after": 1250012.5384399332,
        "final_total_length": 17.230708159019144,
        "final_max_curvature": 4.4561974249782255,
        "final_average_curvature": 2.2513591786026694,
        "final_arclength_variation": 0.0004256597911605131,
        "final_mean_squared_curvature": 7.444657883666836,
        "final_max_torsion": 139.18250265721653,
        "final_linking_number": 0,
        "coils_linked_to_surface": true,
        "final_max_max_coil_force": 244950.07805745944,
        "final_avg_max_coil_force": 173293.4976332413,
        "final_max_force_per_coil": [
          244950.07805745944,
          213105.87680730427,
          166815.58142604955,
          131050.35325797822,
          110545.59861741509
        ],
        "final_max_torque_per_coil": [
          66760.43423688928,
          59524.20856752184,
          41245.93648977224,
          24485.532536573068,
          16717.914605100723
        ],
        "final_max_max_coil_torque": 66760.43423688928,
        "final_avg_max_coil_torque": 41746.80528717143,
        "avg_BdotN_over_B": 0.0022356286606931425,
        "max_BdotN_over_B": 0.008499592731244909,
        "lagrange_multipliers": null,
        "output_directory": "/Users/akaptanoglu/actions-runner/_work/stellcoilbench/stellcoilbench/cases/done/2026-03-20_040706_20443/order_8",
        "flux_threshold": 1e-08,
        "cc_threshold": 0.10500000000000001,
        "cs_threshold": 0.19286582435054364,
        "msc_threshold": 7.433810551080968,
        "arclength_variation_threshold": 0.0,
        "curvature_threshold": 8.110529718095131,
        "force_threshold": 3564.3909558104256,
        "torque_threshold": 0.0,
        "timing": {
          "coil_initialization": 9.159557521343231e-07,
          "biotsavart_setup": 0.0033160001039505005,
          "objective_setup": 0.007466041948646307,
          "coil_optimization": 373.9646688748617,