{
  "metadata": {
    "contact": "auto",
    "hardware": "CPU: self-hosted runner",
    "run_date": "2026-03-16T02:33:15.270503",
    "iterations_used": 500,
    "walltime_sec": 137.1728377342224
  },
  "version_info": {
    "stellcoilbench_commit": "e37b0a6d48a2f818c0c53b6a3adf81cc1964c212",
    "stellcoilbench_branch": "main",
    "simsopt_version": "0.1.dev5668+ga79006b0b",
    "simsopt_commit": "a79006b0b"
  },
  "metrics": {
    "fourier_continuation": true,
    "fourier_orders": [
      4,
      8,
      16
    ],
    "final_order": 16,
    "continuation_results": [
      {
        "initial_B_field": 1.0001867526877442,
        "final_B_field": 1.097218979941264,
        "target_B_field": 1.0,
        "optimization_time": 166.88522291183472,
        "walltime_sec": 166.88522291183472,
        "iterations_used": 500,
        "final_squared_flux": 3.056480999225766e-05,
        "optimization_success": true,
        "optimization_message": "Completed",
        "optimization_nfev": 500,
        "optimization_njev": null,
        "_cached_thresholds": {
          "length_threshold": 15.47480921252052,
          "flux_threshold": 1e-08,
          "cc_threshold": 0.10500000000000001,
          "cs_threshold": 0.14197617665229958,
          "msc_threshold": 31.18968339910058,
          "curvature_threshold": 20.22077272182622,
          "force_threshold": 969.627463184474,
          "torque_threshold": 0.0,
          "finite_build_width": 0.05,
          "major_radius": 1.0098736979848935,
          "minor_radius": 0.16831206437162433,
          "a0": 10.100286074838271,
          "arclength_variation_threshold": 0.0,
          "coil_width": 0.039602838675676315
        },
        "final_min_cs_separation": 0.3005030881854395,
        "final_min_cc_separation": 0.13538187277230815,
        "final_length_per_coil": [
          5.464315262334783,
          5.3004490514505544,
          4.7128909524539795
        ],
        "final_current_per_coil": [
          437943.43254782155,
          452673.28175366006,
          359826.4562056535
        ],
        "total_current_before": 1250443.170507135,
        "total_current_after": 1250443.170507135,
        "final_total_length": 15.477655266239317,
        "final_max_curvature": 2.644997328223113,
        "final_average_curvature": 1.6439757620722966,
        "final_arclength_variation": 0.0017975181729729523,
        "final_mean_squared_curvature": 3.5022503157720526,
        "final_max_torsion": 40.01499132288657,
        "final_linking_number": 0,
        "coils_linked_to_surface": true,
        "final_max_max_coil_force": 457298.3736001338,
        "final_avg_max_coil_force": 401501.84454443475,
        "final_max_force_per_coil": [
          457298.3736001338,
          439157.5889669328,
          308049.57106623775
        ],
        "final_max_torque_per_coil": [
          208755.27947607526,
          201751.4255084657,
          109475.0950316562
        ],
        "final_max_max_coil_torque": 208755.27947607526,
        "final_avg_max_coil_torque": 173327.2666720657,
        "avg_BdotN_over_B": 0.0024745011866244442,
        "max_BdotN_over_B": 0.009642048308536077,
        "lagrange_multipliers": null,
        "output_directory": "/Users/akaptanoglu/actions-runner/_work/stellcoilbench/stellcoilbench/cases/done/2026-03-16_022224_21501/order_4",
        "flux_threshold": 1e-08,
        "cc_threshold": 0.10500000000000001,
        "cs_threshold": 0.14197617665229958,
        "msc_threshold": 31.18968339910058,
        "arclength_variation_threshold": 0.0,
        "curvature_threshold": 20.22077272182622,
        "force_threshold": 969.627463184474,
        "torque_threshold": 0.0,
        "timing": {
          "coil_initialization": 0.1428511249832809,
          "biotsavart_setup": 1.3034997910726815,
          "objective_setup": 0.027761374949477613,
          "coil_optimization": 166.885387416929,
          "save_and_metrics": 0.7611420419998467
        },
        "fourier_order": 4,
        "continuation_step": 1
      },
      {
        "initial_B_field": 1.097218979941264,
        "final_B_field": 1.0966494759774514,
        "target_B_field": 1.0,
        "optimization_time": 163.23284721374512,
        "walltime_sec": 163.23284721374512,
        "iterations_used": 500,
        "final_squared_flux": 1.9196901939841617e-05,
        "optimization_success": true,
        "optimization_message": "Completed",
        "optimization_nfev": 500,
        "optimization_njev": null,
        "_cached_thresholds": {
          "length_threshold": 15.47480921252052,
          "flux_threshold": 1e-08,
          "cc_threshold": 0.10500000000000001,
          "cs_threshold": 0.14197617665229958,
          "msc_threshold": 31.18968339910058,
          "curvature_threshold": 20.22077272182622,
          "force_threshold": 969.627463184474,
          "torque_threshold": 0.0,
          "finite_build_width": 0.05,
          "major_radius": 1.0098736979848935,
          "minor_radius": 0.16831206437162433,
          "a0": 10.100286074838271,
          "arclength_variation_threshold": 0.0,
          "coil_width": 0.039602838675676315
        },
        "final_min_cs_separation": 0.28727099160007635,
        "final_min_cc_separation": 0.14958359279752895,
        "final_length_per_coil": [
          5.22907039194086,
          5.21040919752324,
          5.036532625230673
        ],
        "final_current_per_coil": [
          397247.7899539556,
          426215.70644881745,
          426979.674104362
        ],
        "total_current_before": 1250443.170507135,
        "total_current_after": 1250443.170507135,
        "final_total_length": 15.476012214694773,
        "final_max_curvature": 3.4735682660508,
        "final_average_curvature": 1.7811215166607504,
        "final_arclength_variation": 0.0008169677018522598,
        "final_mean_squared_curvature": 3.8594427026130393,
        "final_max_torsion": 107.63386279278974,
        "final_linking_number": 0,
        "coils_linked_to_surface": true,
        "final_max_max_coil_force": 451234.5777260825,
        "final_avg_max_coil_force": 370252.77252568124,
        "final_max_force_per_coil": [
          451234.5777260825,
          380534.01723516994,
          278989.7226157912
        ],
        "final_max_torque_per_coil": [
          141996.92141913588,
          140326.54757431883,
          102006.9284526556
        ],
        "final_max_max_coil_torque": 141996.92141913588,
        "final_avg_max_coil_torque": 128110.13248203677,
        "avg_BdotN_over_B": 0.001936745555730677,
        "max_BdotN_over_B": 0.0073955551104862285,
        "lagrange_multipliers": null,
        "output_directory": "/Users/akaptanoglu/actions-runner/_work/stellcoilbench/stellcoilbench/cases/done/2026-03-16_022224_21501/order_8",
        "flux_threshold": 1e-08,
        "cc_threshold": 0.10500000000000001,
        "cs_threshold": 0.14197617665229958,
        "msc_threshold": 31.18968339910058,
        "arclength_variation_threshold": 0.0,
        "curvature_threshold": 20.22077272182622,
        "force_threshold": 969.627463184474,
        "torque_threshold": 0.0,
        "timing": {
          "coil_initialization": 4.5797787606716156e-07,
          "biotsavart_setup": 0.002671999973244965,
          "objective_setup": 0.004579583997838199,
          "coil_optimization": 163.23298054200131,
          "save_and_metrics": 0.7271044589579105
        },
        "fourier_order": 8,
        "continuation_step": 2
      },
      {
        "initial_B_field": 1.0966494759774514,
        "final_B_field": 1.09666262541522,
        "target_B_field": 1.0,
        "optimization_time": 137.1728377342224,
        "walltime_sec": 137.1728377342224,
        "iterations_used": 500,
        "final_squared_flux": 1.8670902907232026e-05,
        "optimization_success": true,
        "optimization_message": "Completed",
        "optimization_nfev": 500,
        "optimization_njev": null,