{
  "metadata": {
    "contact": "auto",
    "hardware": "CPU: self-hosted runner",
    "run_date": "2026-03-29T02:44:23.232005",
    "iterations_used": 500,
    "walltime_sec": 177.61538100242615,
    "tags": [
      "explore"
    ],
    "parent_ids": []
  },
  "version_info": {
    "stellcoilbench_commit": "a103090e60d98777dd2188d757570b4b52993ef7",
    "stellcoilbench_branch": "main",
    "simsopt_version": "0.1.dev5668+ga79006b0b",
    "simsopt_commit": "a79006b0b"
  },
  "metrics": {
    "fourier_continuation": true,
    "fourier_orders": [
      4,
      8,
      16
    ],
    "final_order": 16,
    "continuation_results": [
      {
        "initial_B_field": 2.500000766903552,
        "final_B_field": 2.7054451546047513,
        "target_B_field": 2.5,
        "optimization_time": 393.4070279598236,
        "walltime_sec": 393.4070279598236,
        "iterations_used": 500,
        "final_squared_flux": 0.23666505624332787,
        "optimization_success": true,
        "optimization_message": "Completed",
        "optimization_nfev": 500,
        "optimization_njev": null,
        "_cached_thresholds": {
          "length_threshold": 39.52493063418166,
          "flux_threshold": 1e-08,
          "cc_threshold": 0.22658781698871783,
          "cs_threshold": 0.554908939564207,
          "msc_threshold": 7.061699173701255,
          "curvature_threshold": 12.313371641419367,
          "force_threshold": 312.699954223611,
          "torque_threshold": 0.0,
          "finite_build_width": 0.10789896047081801,
          "major_radius": 5.483631261799852,
          "minor_radius": 0.5240806651439732,
          "a0": 3.2437754587511507,
          "arclength_variation_threshold": 0.0,
          "coil_width": 0.12331309768093489
        },
        "final_min_cs_separation": 0.5171873460996912,
        "final_min_cc_separation": 0.12464220345372817,
        "final_length_per_coil": [
          7.945601745361387,
          7.963815368695667,
          8.0316065039919,
          8.004417601322645,
          7.873564975050314
        ],
        "final_current_per_coil": [
          1488384.4949331447,
          1464268.1021769987,
          1448388.314591193,
          1337193.5207278333,
          1136769.7851879457
        ],
        "total_current_before": 6875004.217617116,
        "total_current_after": 6875004.217617115,
        "final_total_length": 39.81900619442191,
        "final_max_curvature": 2.419740290687504,
        "final_average_curvature": 1.1840636114585732,
        "final_arclength_variation": 0.16933768265039945,
        "final_mean_squared_curvature": 1.7967829924625327,
        "final_max_torsion": 29.750228127819298,
        "final_linking_number": 0,
        "coils_linked_to_surface": true,
        "final_max_max_coil_force": 4429004.368409085,
        "final_avg_max_coil_force": 3594736.11002943,
        "final_max_force_per_coil": [
          3590228.4271165794,
          4317440.392535894,
          4429004.368409085,
          3684395.9895697045,
          1952611.3725158866
        ],
        "final_max_torque_per_coil": [
          2424662.044333544,
          2497924.5333408928,
          2812975.3129399694,
          2029417.1423648023,
          1289451.8517005497
        ],
        "final_max_max_coil_torque": 2812975.3129399694,
        "final_avg_max_coil_torque": 2210886.1769359517,
        "avg_BdotN_over_B": 0.021236854118916647,
        "max_BdotN_over_B": 0.11183662352146391,
        "lagrange_multipliers": null,
        "output_directory": "/Users/akaptanoglu/actions-runner/_work/stellcoilbench/stellcoilbench/cases/done/2026-03-29_021418_79279/order_4",
        "flux_threshold": 1e-08,
        "cc_threshold": 0.22658781698871783,
        "cs_threshold": 0.554908939564207,
        "msc_threshold": 7.061699173701255,
        "arclength_variation_threshold": 0.0,
        "curvature_threshold": 12.313371641419367,
        "force_threshold": 312.699954223611,
        "torque_threshold": 0.0,
        "timing": {
          "coil_initialization": 0.7534846251364797,
          "biotsavart_setup": 2.6710837921127677,
          "objective_setup": 0.06209133309312165,
          "coil_optimization": 393.40711041586474,
          "save_and_metrics": 1.9244390840176493
        },
        "fourier_order": 4,
        "continuation_step": 1
      },
      {
        "initial_B_field": 2.7054451546047513,
        "final_B_field": 2.722303060832287,
        "target_B_field": 2.5,
        "optimization_time": 933.2303490638733,
        "walltime_sec": 933.2303490638733,
        "iterations_used": 500,
        "final_squared_flux": 0.23081808563661635,
        "optimization_success": true,
        "optimization_message": "Completed",
        "optimization_nfev": 500,
        "optimization_njev": null,
        "_cached_thresholds": {
          "length_threshold": 39.52493063418166,
          "flux_threshold": 1e-08,
          "cc_threshold": 0.22658781698871783,
          "cs_threshold": 0.554908939564207,
          "msc_threshold": 7.061699173701255,
          "curvature_threshold": 12.313371641419367,
          "force_threshold": 312.699954223611,
          "torque_threshold": 0.0,
          "finite_build_width": 0.10789896047081801,
          "major_radius": 5.483631261799852,
          "minor_radius": 0.5240806651439732,
          "a0": 3.2437754587511507,
          "arclength_variation_threshold": 0.0,
          "coil_width": 0.12331309768093489
        },
        "final_min_cs_separation": 0.4831726340670473,
        "final_min_cc_separation": 0.11931834515949313,
        "final_length_per_coil": [
          8.014996813862611,
          8.052778351455288,
          8.040584061046282,
          7.980778355495663,
          7.837220416149196
        ],
        "final_current_per_coil": [
          1488438.8384231387,
          1464253.4431024569,
          1448381.29928871,
          1337206.2481816453,
          1136724.3886211654
        ],
        "total_current_before": 6875004.217617115,
        "total_current_after": 6875004.217617117,
        "final_total_length": 39.92635799800904,
        "final_max_curvature": 4.009392668205734,
        "final_average_curvature": 1.1858575766414936,
        "final_arclength_variation": 0.8943980446245459,
        "final_mean_squared_curvature": 2.619305168205135,
        "final_max_torsion": 2.871221000012711,
        "final_linking_number": 0,
        "coils_linked_to_surface": true,
        "final_max_max_coil_force": 4083479.894773466,
        "final_avg_max_coil_force": 3108430.7007950805,
        "final_max_force_per_coil": [
          3553951.6199194486,
          3778833.368364619,
          4083479.894773466,
          2609681.462048118,
          1516207.1588697508
        ],
        "final_max_torque_per_coil": [
          2184164.9557305723,
          2625797.859759198,
          2513539.971947044,
          1819104.79794673,
          988819.5304642346
        ],
        "final_max_max_coil_torque": 2625797.859759198,
        "final_avg_max_coil_torque": 2026285.4231695558,
        "avg_BdotN_over_B": 0.021301029048353824,
        "max_BdotN_over_B": 0.10739383135027827,
        "lagrange_multipliers": null,
        "output_directory": "/Users/akaptanoglu/actions-runner/_work/stellcoilbench/stellcoilbench/cases/done/2026-03-29_021418_79279/order_8",
        "flux_threshold": 1e-08,
        "cc_threshold": 0.22658781698871783,
        "cs_threshold": 0.554908939564207,
        "msc_threshold": 7.061699173701255,
        "arclength_variation_threshold": 0.0,
        "curvature_threshold": 12.313371641419367,
        "force_threshold": 312.699954223611,
        "torque_threshold": 0.0,
        "timing": {
          "coil_initialization": 6.249174475669861e-07,
          "biotsavart_setup": 0.004477249924093485,
          "objective_setup": 0.007508750073611736,
          "coil_optimization": 933.2305571669713,
          "save_and_metrics": 1.6684589160140604
        },