{
  "metadata": {
    "contact": "auto",
    "hardware": "CPU: self-hosted runner",
    "run_date": "2026-03-19T22:46:18.043427",
    "iterations_used": 500,
    "walltime_sec": 137.82479405403137,
    "tags": [
      "explore"
    ],
    "parent_ids": []
  },
  "version_info": {
    "stellcoilbench_commit": "140c47766d18a35ebb554310e8ccbb50ea9793c4",
    "stellcoilbench_branch": "main",
    "simsopt_version": "0.1.dev5668+ga79006b0b",
    "simsopt_commit": "a79006b0b"
  },
  "metrics": {
    "fourier_continuation": true,
    "fourier_orders": [
      4,
      8,
      16
    ],
    "final_order": 16,
    "continuation_results": [
      {
        "initial_B_field": 1.0001867526877442,
        "final_B_field": 1.1005391295288542,
        "target_B_field": 1.0,
        "optimization_time": 96.18520998954773,
        "walltime_sec": 96.18520998954773,
        "iterations_used": 500,
        "final_squared_flux": 0.0022519140549650428,
        "optimization_success": true,
        "optimization_message": "Completed",
        "optimization_nfev": 500,
        "optimization_njev": null,
        "_cached_thresholds": {
          "length_threshold": 11.14126859043464,
          "flux_threshold": 1e-08,
          "cc_threshold": 0.19801419337838158,
          "cs_threshold": 0.15613419147885385,
          "msc_threshold": 6.645988237243583,
          "curvature_threshold": 22.160027648195168,
          "force_threshold": 2350.3365696148658,
          "torque_threshold": 0.0,
          "finite_build_width": 0.05,
          "major_radius": 1.0098736979848935,
          "minor_radius": 0.16831206437162433,
          "a0": 10.100286074838271,
          "arclength_variation_threshold": 0.0,
          "coil_width": 0.039602838675676315
        },
        "final_min_cs_separation": 0.21902288555305022,
        "final_min_cc_separation": 0.19185667414007015,
        "final_length_per_coil": [
          4.196013452392767,
          3.4981092042314543,
          3.4793617396659373
        ],
        "final_current_per_coil": [
          511355.9251877671,
          311445.8121543346,
          427641.43316503335
        ],
        "total_current_before": 1250443.170507135,
        "total_current_after": 1250443.170507135,
        "final_total_length": 11.173484396290158,
        "final_max_curvature": 3.8767479707406554,
        "final_average_curvature": 2.193517575846359,
        "final_arclength_variation": 0.015304495676577093,
        "final_mean_squared_curvature": 6.742769143222627,
        "final_max_torsion": 42.11235490318655,
        "final_linking_number": 0,
        "coils_linked_to_surface": true,
        "final_max_max_coil_force": 522523.31175821775,
        "final_avg_max_coil_force": 430358.33442424115,
        "final_max_force_per_coil": [
          522523.31175821775,
          349065.88766217255,
          419485.80385233305
        ],
        "final_max_torque_per_coil": [
          155057.8250728851,
          167651.25090623536,
          84546.30297733522
        ],
        "final_max_max_coil_torque": 167651.25090623536,
        "final_avg_max_coil_torque": 135751.79298548523,
        "avg_BdotN_over_B": 0.021536832839182403,
        "max_BdotN_over_B": 0.0718501333940912,
        "lagrange_multipliers": null,
        "output_directory": "/Users/akaptanoglu/actions-runner/_work/stellcoilbench/stellcoilbench/cases/done/2026-03-19_223715_11256/order_4",
        "flux_threshold": 1e-08,
        "cc_threshold": 0.19801419337838158,
        "cs_threshold": 0.15613419147885385,
        "msc_threshold": 6.645988237243583,
        "arclength_variation_threshold": 0.0,
        "curvature_threshold": 22.160027648195168,
        "force_threshold": 2350.3365696148658,
        "torque_threshold": 0.0,
        "timing": {
          "coil_initialization": 0.1405586670152843,
          "biotsavart_setup": 1.2239386250730604,
          "objective_setup": 0.033633042126894,
          "coil_optimization": 96.18525274982676,
          "save_and_metrics": 0.7475384999997914
        },
        "fourier_order": 4,
        "continuation_step": 1
      },
      {
        "initial_B_field": 1.1005391295288542,
        "final_B_field": 1.0997975493202954,
        "target_B_field": 1.0,
        "optimization_time": 95.61687397956848,
        "walltime_sec": 95.61687397956848,
        "iterations_used": 500,
        "final_squared_flux": 0.0019935034274569507,
        "optimization_success": true,
        "optimization_message": "Completed",
        "optimization_nfev": 500,
        "optimization_njev": null,
        "_cached_thresholds": {
          "length_threshold": 11.14126859043464,
          "flux_threshold": 1e-08,
          "cc_threshold": 0.19801419337838158,
          "cs_threshold": 0.15613419147885385,
          "msc_threshold": 6.645988237243583,
          "curvature_threshold": 22.160027648195168,
          "force_threshold": 2350.3365696148658,
          "torque_threshold": 0.0,
          "finite_build_width": 0.05,
          "major_radius": 1.0098736979848935,
          "minor_radius": 0.16831206437162433,
          "a0": 10.100286074838271,
          "arclength_variation_threshold": 0.0,
          "coil_width": 0.039602838675676315
        },
        "final_min_cs_separation": 0.24077430483287832,
        "final_min_cc_separation": 0.19390157229970714,
        "final_length_per_coil": [
          3.9670655133629977,
          3.5867243285133132,
          3.607181730897138
        ],
        "final_current_per_coil": [
          440220.470796708,
          353343.0356711626,
          456879.66403926443
        ],
        "total_current_before": 1250443.170507135,
        "total_current_after": 1250443.170507135,
        "final_total_length": 11.160971572773448,
        "final_max_curvature": 5.1428687094823236,
        "final_average_curvature": 2.326707959289351,
        "final_arclength_variation": 0.005777454892266445,
        "final_mean_squared_curvature": 6.697991607947446,
        "final_max_torsion": 465.1684037452176,
        "final_linking_number": 0,
        "coils_linked_to_surface": true,
        "final_max_max_coil_force": 425078.1488365646,
        "final_avg_max_coil_force": 364140.94186408934,
        "final_max_force_per_coil": [
          360167.77756261075,
          425078.1488365646,
          307176.8991930928
        ],
        "final_max_torque_per_coil": [
          130394.46048310841,
          209113.5095087193,
          64851.912039944196
        ],
        "final_max_max_coil_torque": 209113.5095087193,
        "final_avg_max_coil_torque": 134786.627343924,
        "avg_BdotN_over_B": 0.020560589855911325,
        "max_BdotN_over_B": 0.07519530998210647,
        "lagrange_multipliers": null,
        "output_directory": "/Users/akaptanoglu/actions-runner/_work/stellcoilbench/stellcoilbench/cases/done/2026-03-19_223715_11256/order_8",
        "flux_threshold": 1e-08,
        "cc_threshold": 0.19801419337838158,
        "cs_threshold": 0.15613419147885385,
        "msc_threshold": 6.645988237243583,
        "arclength_variation_threshold": 0.0,
        "curvature_threshold": 22.160027648195168,
        "force_threshold": 2350.3365696148658,
        "torque_threshold": 0.0,
        "timing": {
          "coil_initialization": 5.83939254283905e-07,
          "biotsavart_setup": 0.0024724171962589025,
          "objective_setup": 0.004661499988287687,
          "coil_optimization": 95.61691575008444,
          "save_and_metrics": 0.7791597910691053
        },
        "fourier_order": 8,
        "continuation_step": 2
      },
      {
        "initial_B_field": 1.0997975493202954,
        "final_B_field": 1.099828560323523,
        "target_B_field": 1.0,
        "optimization_time": 137.82479405403137,
        "walltime_sec": 137.82479405403137,
        "iterations_used": 500,
        "final_squared_flux": 0.0019780497171904133,
        "optimization_success": true,
        "optimization_message": "Completed",