{
  "metadata": {
    "contact": "auto",
    "hardware": "CPU: self-hosted runner",
    "run_date": "2026-03-14T08:01:23.517974",
    "iterations_used": 500,
    "walltime_sec": 5.900315046310425
  },
  "version_info": {
    "stellcoilbench_commit": "7b571ed840736c1d6f46edee3c31258b490beab4",
    "stellcoilbench_branch": "main",
    "simsopt_version": "0.1.dev5668+ga79006b0b",
    "simsopt_commit": "a79006b0b"
  },
  "metrics": {
    "fourier_continuation": true,
    "fourier_orders": [
      4,
      8,
      16
    ],
    "final_order": 16,
    "continuation_results": [
      {
        "initial_B_field": 1.0000305513510055,
        "final_B_field": 1.0979127287016035,
        "target_B_field": 1.0,
        "optimization_time": 65.08922696113586,
        "walltime_sec": 65.08922696113586,
        "iterations_used": 500,
        "final_squared_flux": 0.0,
        "optimization_success": true,
        "optimization_message": "Completed",
        "optimization_nfev": 500,
        "optimization_njev": null,
        "_cached_thresholds": {
          "length_threshold": 19.80141933783816,
          "flux_threshold": 1.3e-05,
          "cc_threshold": 0.10500000000000001,
          "cs_threshold": 0.0010287827416973815,
          "msc_threshold": 170.5397245715155,
          "curvature_threshold": 101.43983952512453,
          "force_threshold": 0.0,
          "torque_threshold": 0.0,
          "finite_build_width": 0.05,
          "major_radius": 1.0098736979848935,
          "minor_radius": 0.16831206437162433,
          "a0": 10.100286074838271,
          "arclength_variation_threshold": 0.0,
          "coil_width": 0.039602838675676315
        },
        "final_min_cs_separation": 0.2774717210860948,
        "final_min_cc_separation": 0.10429457137560089,
        "final_length_per_coil": [
          4.428677631321956,
          4.777359506906903,
          4.8003568119191735,
          5.05624326976959
        ],
        "final_current_per_coil": [
          233718.9137034898,
          316531.9629191374,
          297759.23306021903,
          402065.51495261793
        ],
        "total_current_before": 1250075.624635464,
        "total_current_after": 1250075.624635464,
        "final_total_length": 19.06263721991762,
        "final_max_curvature": 2.7276781255013134,
        "final_average_curvature": 1.8065699751406117,
        "final_arclength_variation": 0.001542010252506134,
        "final_mean_squared_curvature": 3.8873245667642835,
        "final_max_torsion": 22.595520899074508,
        "final_linking_number": 0,
        "coils_linked_to_surface": true,
        "final_max_max_coil_force": 424024.57110241236,
        "final_avg_max_coil_force": 350668.0691805952,
        "final_max_force_per_coil": [
          236460.18457238263,
          401946.7017174853,
          340240.8193301005,
          424024.57110241236
        ],
        "final_max_torque_per_coil": [
          106202.1390006508,
          191981.48098524095,
          140815.05679731336,
          114820.17413094545
        ],
        "final_max_max_coil_torque": 191981.48098524095,
        "final_avg_max_coil_torque": 138454.71272853765,
        "avg_BdotN_over_B": 0.0015341233812015023,
        "max_BdotN_over_B": 0.007607321327235024,
        "lagrange_multipliers": null,
        "output_directory": "/Users/akaptanoglu/actions-runner/_work/stellcoilbench/stellcoilbench/cases/done/2026-03-14_075836_22992/order_4",
        "flux_threshold": 1.3e-05,
        "cc_threshold": 0.10500000000000001,
        "cs_threshold": 0.0010287827416973815,
        "msc_threshold": 170.5397245715155,
        "arclength_variation_threshold": 0.0,
        "curvature_threshold": 101.43983952512453,
        "force_threshold": 0.0,
        "torque_threshold": 0.0,
        "timing": {
          "coil_initialization": 0.19015254196710885,
          "biotsavart_setup": 1.2456929999170825,
          "objective_setup": 0.03996350010856986,
          "coil_optimization": 65.08930037508253,
          "save_and_metrics": 0.9714454580098391
        },
        "fourier_order": 4,
        "continuation_step": 1
      },
      {
        "initial_B_field": 1.0979127287016035,
        "final_B_field": 1.0975781327281733,
        "target_B_field": 1.0,
        "optimization_time": 22.833343982696533,
        "walltime_sec": 22.833343982696533,
        "iterations_used": 500,
        "final_squared_flux": 0.0,
        "optimization_success": true,
        "optimization_message": "Completed",
        "optimization_nfev": 500,
        "optimization_njev": null,
        "_cached_thresholds": {
          "length_threshold": 19.80141933783816,
          "flux_threshold": 1.3e-05,
          "cc_threshold": 0.10500000000000001,
          "cs_threshold": 0.0010287827416973815,
          "msc_threshold": 170.5397245715155,
          "curvature_threshold": 101.43983952512453,
          "force_threshold": 0.0,
          "torque_threshold": 0.0,
          "finite_build_width": 0.05,
          "major_radius": 1.0098736979848935,
          "minor_radius": 0.16831206437162433,
          "a0": 10.100286074838271,
          "arclength_variation_threshold": 0.0,
          "coil_width": 0.039602838675676315
        },
        "final_min_cs_separation": 0.27894691232152263,
        "final_min_cc_separation": 0.10608361544579238,
        "final_length_per_coil": [
          4.429171422024892,
          4.7768301367773836,
          4.8004037755495395,
          5.056473422101587
        ],
        "final_current_per_coil": [
          233205.0322723742,
          317758.6301871136,
          295872.7619927376,
          403239.2001832386
        ],
        "total_current_before": 1250075.624635464,
        "total_current_after": 1250075.624635464,
        "final_total_length": 19.0628787564534,
        "final_max_curvature": 2.642609120145244,
        "final_average_curvature": 1.8046737840291787,
        "final_arclength_variation": 1.9595959013087873e-05,
        "final_mean_squared_curvature": 3.8843172106140353,
        "final_max_torsion": 20.09508805626481,
        "final_linking_number": 0,
        "coils_linked_to_surface": true,
        "final_max_max_coil_force": 386274.6651847569,
        "final_avg_max_coil_force": 328722.1889988282,
        "final_max_force_per_coil": [
          216818.71165323924,
          386274.6651847569,
          338939.0522189083,
          372856.3269384081
        ],
        "final_max_torque_per_coil": [
          99383.0455758911,
          200093.1469228372,
          149638.3655139379,
          90708.07506411406
        ],
        "final_max_max_coil_torque": 200093.1469228372,
        "final_avg_max_coil_torque": 134955.65826919506,
        "avg_BdotN_over_B": 0.00153262102755359,
        "max_BdotN_over_B": 0.007684841222346149,
        "lagrange_multipliers": null,
        "output_directory": "/Users/akaptanoglu/actions-runner/_work/stellcoilbench/stellcoilbench/cases/done/2026-03-14_075836_22992/order_8",
        "flux_threshold": 1.3e-05,
        "cc_threshold": 0.10500000000000001,
        "cs_threshold": 0.0010287827416973815,
        "msc_threshold": 170.5397245715155,
        "arclength_variation_threshold": 0.0,
        "curvature_threshold": 101.43983952512453,
        "force_threshold": 0.0,
        "torque_threshold": 0.0,
        "timing": {
          "coil_initialization": 6.25033862888813e-07,
          "biotsavart_setup": 0.0027091660303995013,
          "objective_setup": 0.005609916988760233,
          "coil_optimization": 22.833370540989563,
          "save_and_metrics": 0.9030084169935435
        },
        "fourier_order": 8,
        "continuation_step": 2
      },
      {
        "initial_B_field": 1.0975781327281733,
        "final_B_field": 1.0975781327281733,
        "target_B_field": 1.0,
        "optimization_time": 5.900315046310425,
        "walltime_sec": 5.900315046310425,
        "iterations_used": 500,
        "final_squared_flux": 0.0,