{
  "metadata": {
    "contact": "auto",
    "hardware": "CPU: self-hosted runner",
    "run_date": "2026-03-25T00:42:01.067244",
    "iterations_used": 500,
    "walltime_sec": 133.4807481765747,
    "tags": [
      "explore"
    ],
    "parent_ids": []
  },
  "version_info": {
    "stellcoilbench_commit": "2099734fb672ead4f58914c8440b5500034fde07",
    "stellcoilbench_branch": "main",
    "simsopt_version": "0.1.dev5668+ga79006b0b",
    "simsopt_commit": "a79006b0b"
  },
  "metrics": {
    "fourier_continuation": true,
    "fourier_orders": [
      4,
      8,
      16
    ],
    "final_order": 16,
    "continuation_results": [
      {
        "initial_B_field": 2.50000000044544,
        "final_B_field": 2.734434517700806,
        "target_B_field": 2.5,
        "optimization_time": 468.36825013160706,
        "walltime_sec": 468.36825013160706,
        "iterations_used": 500,
        "final_squared_flux": 0.11216552988245523,
        "optimization_success": true,
        "optimization_message": "Completed",
        "optimization_nfev": 500,
        "optimization_njev": null,
        "_cached_thresholds": {
          "length_threshold": 53.31133495491017,
          "flux_threshold": 1e-08,
          "cc_threshold": 0.22658781698871783,
          "cs_threshold": 0.5795715591003939,
          "msc_threshold": 15.0803121077341,
          "curvature_threshold": 4.307733809221529,
          "force_threshold": 1229.7152764125613,
          "torque_threshold": 0.0,
          "finite_build_width": 0.10789896047081801,
          "major_radius": 5.483631261799852,
          "minor_radius": 0.5240806651439732,
          "a0": 3.2437754587511507,
          "arclength_variation_threshold": 0.0,
          "coil_width": 0.12331309768093489
        },
        "final_min_cs_separation": 0.537190364961642,
        "final_min_cc_separation": 0.13216997335269007,
        "final_length_per_coil": [
          10.250487365592674,
          8.877017217890138,
          10.335373011421508,
          7.845233101960253,
          8.712282160046609,
          7.504904405969378
        ],
        "final_current_per_coil": [
          2227062.48619355,
          1855344.058680152,
          3928383.9827570906,
          6923752.714682226,
          14666244.087597698,
          6606700.847734599
        ],
        "total_current_before": 6875000.002449921,
        "total_current_after": 6875000.00244992,
        "final_total_length": 53.525297262880564,
        "final_max_curvature": 2.023527383999703,
        "final_average_curvature": 0.7979828603863217,
        "final_arclength_variation": 0.09823366627879175,
        "final_mean_squared_curvature": 0.9276080800219475,
        "final_max_torsion": 2.733402432879532,
        "final_linking_number": 0,
        "coils_linked_to_surface": true,
        "final_max_max_coil_force": 130985770.56255572,
        "final_avg_max_coil_force": 63324615.510841824,
        "final_max_force_per_coil": [
          9870460.694350589,
          6540880.100454516,
          52802068.09180433,
          98124835.82831198,
          130985770.56255572,
          81623677.78757381
        ],
        "final_max_torque_per_coil": [
          11074940.622416552,
          10790505.549777519,
          87954419.36004712,
          128414236.63030824,
          124184139.91042922,
          73934641.74334194
        ],
        "final_max_max_coil_torque": 128414236.63030824,
        "final_avg_max_coil_torque": 72725480.63605343,
        "avg_BdotN_over_B": 0.013973730435345683,
        "max_BdotN_over_B": 0.0943974975797833,
        "lagrange_multipliers": null,
        "output_directory": "/Users/akaptanoglu/actions-runner/_work/stellcoilbench/stellcoilbench/cases/done/2026-03-25_000328_16030/order_4",
        "flux_threshold": 1e-08,
        "cc_threshold": 0.22658781698871783,
        "cs_threshold": 0.5795715591003939,
        "msc_threshold": 15.0803121077341,
        "arclength_variation_threshold": 0.0,
        "curvature_threshold": 4.307733809221529,
        "force_threshold": 1229.7152764125613,
        "torque_threshold": 0.0,
        "timing": {
          "coil_initialization": 2.7280922909267247,
          "biotsavart_setup": 3.9446397500578314,
          "objective_setup": 0.03130729217082262,
          "coil_optimization": 468.3685606250074,
          "save_and_metrics": 2.3575208340771496
        },
        "fourier_order": 4,
        "continuation_step": 1
      },
      {
        "initial_B_field": 2.734434517700806,
        "final_B_field": 2.7416997300640213,
        "target_B_field": 2.5,
        "optimization_time": 1437.9176869392395,
        "walltime_sec": 1437.9176869392395,
        "iterations_used": 500,
        "final_squared_flux": 0.4149011308441695,
        "optimization_success": true,
        "optimization_message": "Completed",
        "optimization_nfev": 500,
        "optimization_njev": null,
        "_cached_thresholds": {
          "length_threshold": 53.31133495491017,
          "flux_threshold": 1e-08,
          "cc_threshold": 0.22658781698871783,
          "cs_threshold": 0.5795715591003939,
          "msc_threshold": 15.0803121077341,
          "curvature_threshold": 4.307733809221529,
          "force_threshold": 1229.7152764125613,
          "torque_threshold": 0.0,
          "finite_build_width": 0.10789896047081801,
          "major_radius": 5.483631261799852,
          "minor_radius": 0.5240806651439732,
          "a0": 3.2437754587511507,
          "arclength_variation_threshold": 0.0,
          "coil_width": 0.12331309768093489
        },
        "final_min_cs_separation": 0.5102024988145721,
        "final_min_cc_separation": 0.09717966766255007,
        "final_length_per_coil": [
          10.215922348722618,
          8.85468970342201,
          10.314242896558955,
          7.833665198747405,
          8.706715101556313,
          7.4918572161776265
        ],
        "final_current_per_coil": [
          2224923.5778776607,
          1856595.6071639576,
          3929741.4593244707,
          6923498.735757596,
          14666191.800394807,
          6606432.422721042
        ],
        "total_current_before": 6875000.00244992,
        "total_current_after": 6875000.00244992,
        "final_total_length": 53.41709246518493,
        "final_max_curvature": 2.7910890751909867,
        "final_average_curvature": 0.7734094786803384,
        "final_arclength_variation": 0.2755644034604521,
        "final_mean_squared_curvature": 1.0322216822285177,
        "final_max_torsion": 1.0495924391943763,
        "final_linking_number": 0,
        "coils_linked_to_surface": true,
        "final_max_max_coil_force": 128895671.30385013,
        "final_avg_max_coil_force": 67558534.76540245,
        "final_max_force_per_coil": [
          11359189.831445785,
          8599721.423441125,
          48829783.41042359,
          127583042.54580861,
          128895671.30385013,
          80083800.07744554
        ],
        "final_max_torque_per_coil": [
          13595942.403737769,
          14059520.085217502,
          64771368.02279365,
          147635791.6786631,
          147683118.43509772,
          75412701.10050072
        ],
        "final_max_max_coil_torque": 147683118.43509772,
        "final_avg_max_coil_torque": 77193073.62100174,
        "avg_BdotN_over_B": 0.027092547535067183,
        "max_BdotN_over_B": 0.13453962660531202,
        "lagrange_multipliers": null,
        "output_directory": "/Users/akaptanoglu/actions-runner/_work/stellcoilbench/stellcoilbench/cases/done/2026-03-25_000328_16030/order_8",
        "flux_threshold": 1e-08,
        "cc_threshold": 0.22658781698871783,
        "cs_threshold": 0.5795715591003939,
        "msc_threshold": 15.0803121077341,
        "arclength_variation_threshold": 0.0,
        "curvature_threshold": 4.307733809221529,
        "force_threshold": 1229.7152764125613,
        "torque_threshold": 0.0,