{
  "metadata": {
    "contact": "auto",
    "hardware": "CPU: self-hosted runner",
    "run_date": "2026-03-17T07:52:20.565987",
    "iterations_used": 500,
    "walltime_sec": 21.687350034713745
  },
  "version_info": {
    "stellcoilbench_commit": "93d8397a878480be2d30db8da86430c15423db39",
    "stellcoilbench_branch": "main",
    "simsopt_version": "0.1.dev5668+ga79006b0b",
    "simsopt_commit": "a79006b0b"
  },
  "metrics": {
    "fourier_continuation": true,
    "fourier_orders": [
      4,
      8,
      16
    ],
    "final_order": 16,
    "continuation_results": [
      {
        "initial_B_field": 1.0000305513510055,
        "final_B_field": 1.0970539929137484,
        "target_B_field": 1.0,
        "optimization_time": 65.12190413475037,
        "walltime_sec": 65.12190413475037,
        "iterations_used": 500,
        "final_squared_flux": 0.0,
        "optimization_success": true,
        "optimization_message": "Completed",
        "optimization_nfev": 500,
        "optimization_njev": null,
        "_cached_thresholds": {
          "length_threshold": 19.80141933783816,
          "flux_threshold": 8e-06,
          "cc_threshold": 0.10500000000000001,
          "cs_threshold": 0.2585786165509,
          "msc_threshold": 43.18315699552047,
          "curvature_threshold": 55.718611942716166,
          "force_threshold": 0.0,
          "torque_threshold": 0.0,
          "finite_build_width": 0.05,
          "major_radius": 1.0098736979848935,
          "minor_radius": 0.16831206437162433,
          "a0": 10.100286074838271,
          "arclength_variation_threshold": 0.0,
          "coil_width": 0.039602838675676315
        },
        "final_min_cs_separation": 0.2782725065423973,
        "final_min_cc_separation": 0.10452223884547682,
        "final_length_per_coil": [
          4.768325700343566,
          4.6832980988890105,
          4.814352193107964,
          5.1612819327720905
        ],
        "final_current_per_coil": [
          268396.8459272882,
          288637.25160207116,
          298996.1111830516,
          394045.41592305305
        ],
        "total_current_before": 1250075.624635464,
        "total_current_after": 1250075.624635464,
        "final_total_length": 19.42725792511263,
        "final_max_curvature": 2.8566027693156943,
        "final_average_curvature": 1.7731444494427882,
        "final_arclength_variation": 0.0010784762930937004,
        "final_mean_squared_curvature": 3.7063948284223796,
        "final_max_torsion": 47.70261169131101,
        "final_linking_number": 0,
        "coils_linked_to_surface": true,
        "final_max_max_coil_force": 411605.3389452368,
        "final_avg_max_coil_force": 370663.0357863311,
        "final_max_force_per_coil": [
          276302.11964772333,
          396396.54788646696,
          398348.1366658974,
          411605.3389452368
        ],
        "final_max_torque_per_coil": [
          109495.08812069241,
          187005.4174489686,
          153173.5153469156,
          138053.04148364594
        ],
        "final_max_max_coil_torque": 187005.4174489686,
        "final_avg_max_coil_torque": 146931.76560005563,
        "avg_BdotN_over_B": 0.0012242455928423706,
        "max_BdotN_over_B": 0.005523472744181161,
        "lagrange_multipliers": null,
        "output_directory": "/Users/akaptanoglu/actions-runner/_work/stellcoilbench/stellcoilbench/cases/done/2026-03-17_074712_78663/order_4",
        "flux_threshold": 8e-06,
        "cc_threshold": 0.10500000000000001,
        "cs_threshold": 0.2585786165509,
        "msc_threshold": 43.18315699552047,
        "arclength_variation_threshold": 0.0,
        "curvature_threshold": 55.718611942716166,
        "force_threshold": 0.0,
        "torque_threshold": 0.0,
        "timing": {
          "coil_initialization": 0.20094375009648502,
          "biotsavart_setup": 1.2444249580148607,
          "objective_setup": 0.03611337498296052,
          "coil_optimization": 65.12195529101882,
          "save_and_metrics": 1.0178417920833454
        },
        "fourier_order": 4,
        "continuation_step": 1
      },
      {
        "initial_B_field": 1.0970539929137484,
        "final_B_field": 1.096861813666098,
        "target_B_field": 1.0,
        "optimization_time": 14.428303718566895,
        "walltime_sec": 14.428303718566895,
        "iterations_used": 500,
        "final_squared_flux": 0.0,
        "optimization_success": true,
        "optimization_message": "Completed",
        "optimization_nfev": 500,
        "optimization_njev": null,
        "_cached_thresholds": {
          "length_threshold": 19.80141933783816,
          "flux_threshold": 8e-06,
          "cc_threshold": 0.10500000000000001,
          "cs_threshold": 0.2585786165509,
          "msc_threshold": 43.18315699552047,
          "curvature_threshold": 55.718611942716166,
          "force_threshold": 0.0,
          "torque_threshold": 0.0,
          "finite_build_width": 0.05,
          "major_radius": 1.0098736979848935,
          "minor_radius": 0.16831206437162433,
          "a0": 10.100286074838271,
          "arclength_variation_threshold": 0.0,
          "coil_width": 0.039602838675676315
        },
        "final_min_cs_separation": 0.2787835700028342,
        "final_min_cc_separation": 0.10519197339001586,
        "final_length_per_coil": [
          4.769499557799495,
          4.682499684063609,
          4.815145030088336,
          5.161740010316532
        ],
        "final_current_per_coil": [
          268528.8410991294,
          289397.8683994029,
          297901.5189913446,
          394247.3961455871
        ],
        "total_current_before": 1250075.624635464,
        "total_current_after": 1250075.624635464,
        "final_total_length": 19.428884282267973,
        "final_max_curvature": 2.7350414103296394,
        "final_average_curvature": 1.7742289663577013,
        "final_arclength_variation": 2.7281011568314346e-05,
        "final_mean_squared_curvature": 3.704735578762919,
        "final_max_torsion": 46.07859763280066,
        "final_linking_number": 0,
        "coils_linked_to_surface": true,
        "final_max_max_coil_force": 396352.7516900692,
        "final_avg_max_coil_force": 348245.4965059276,
        "final_max_force_per_coil": [
          242579.06037119322,
          385396.43531953817,
          396352.7516900692,
          368653.73864290986
        ],
        "final_max_torque_per_coil": [
          93797.00899885304,
          190725.1159739799,
          164108.5811633146,
          110363.65447904721
        ],
        "final_max_max_coil_torque": 190725.1159739799,
        "final_avg_max_coil_torque": 139748.5901537987,
        "avg_BdotN_over_B": 0.0012179397445439824,
        "max_BdotN_over_B": 0.005649994000601009,
        "lagrange_multipliers": null,
        "output_directory": "/Users/akaptanoglu/actions-runner/_work/stellcoilbench/stellcoilbench/cases/done/2026-03-17_074712_78663/order_8",
        "flux_threshold": 8e-06,
        "cc_threshold": 0.10500000000000001,
        "cs_threshold": 0.2585786165509,
        "msc_threshold": 43.18315699552047,
        "arclength_variation_threshold": 0.0,
        "curvature_threshold": 55.718611942716166,
        "force_threshold": 0.0,
        "torque_threshold": 0.0,
        "timing": {
          "coil_initialization": 5.00003807246685e-07,
          "biotsavart_setup": 0.0028598749777302146,
          "objective_setup": 0.005473500001244247,
          "coil_optimization": 14.428316333098337,
          "save_and_metrics": 0.9210347919724882
        },
        "fourier_order": 8,
        "continuation_step": 2
      },
      {
        "initial_B_field": 1.096861813666098,
        "final_B_field": 1.0968783873746388,
        "target_B_field": 1.0,
        "optimization_time": 21.687350034713745,
        "walltime_sec": 21.687350034713745,
        "iterations_used": 500,
        "final_squared_flux": 0.0,
        "optimization_success": true,