{
  "metadata": {
    "contact": "auto",
    "hardware": "CPU: self-hosted runner",
    "run_date": "2026-03-21T21:55:51.953676",
    "iterations_used": 500,
    "walltime_sec": 81.46905374526978,
    "tags": [
      "explore"
    ],
    "parent_ids": []
  },
  "version_info": {
    "stellcoilbench_commit": "46f1bf8793a93b05d428c7db8729654eb45d9bd4",
    "stellcoilbench_branch": "main",
    "simsopt_version": "0.1.dev5668+ga79006b0b",
    "simsopt_commit": "a79006b0b"
  },
  "metrics": {
    "fourier_continuation": true,
    "fourier_orders": [
      4,
      8,
      16
    ],
    "final_order": 16,
    "continuation_results": [
      {
        "initial_B_field": 2.5000086086152167,
        "final_B_field": 2.778731301300909,
        "target_B_field": 2.5,
        "optimization_time": 1018.1276001930237,
        "walltime_sec": 1018.1276001930237,
        "iterations_used": 500,
        "final_squared_flux": 0.045400741235753155,
        "optimization_success": true,
        "optimization_message": "Completed",
        "optimization_nfev": 500,
        "optimization_njev": null,
        "_cached_thresholds": {
          "length_threshold": 56.680865349041724,
          "flux_threshold": 1e-08,
          "cc_threshold": 0.24261851968723938,
          "cs_threshold": 0.3733304032290304,
          "msc_threshold": 24.39319144980865,
          "curvature_threshold": 19.42372744700189,
          "force_threshold": 1406.825416460374,
          "torque_threshold": 0.0,
          "finite_build_width": 0.10789896047081801,
          "major_radius": 5.483631261799852,
          "minor_radius": 0.5240806651439732,
          "a0": 3.2437754587511507,
          "arclength_variation_threshold": 0.0,
          "coil_width": 0.12331309768093489
        },
        "final_min_cs_separation": 0.36280195601208726,
        "final_min_cc_separation": 0.15484650492823337,
        "final_length_per_coil": [
          10.63083143481865,
          12.006186055266824,
          13.09896956956409,
          12.685239788684068
        ],
        "final_current_per_coil": [
          1274147.1218376325,
          2489757.0413869657,
          2026601.7302361212,
          1084541.4173986446
        ],
        "total_current_before": 6875047.310859364,
        "total_current_after": 6875047.3108593635,
        "final_total_length": 48.42122684833363,
        "final_max_curvature": 1.498054000127022,
        "final_average_curvature": 0.858620540450084,
        "final_arclength_variation": 0.08695394850613164,
        "final_mean_squared_curvature": 0.9101020264273025,
        "final_max_torsion": 20.94223145451439,
        "final_linking_number": 0,
        "coils_linked_to_surface": true,
        "final_max_max_coil_force": 6649449.466996477,
        "final_avg_max_coil_force": 4396850.265358164,
        "final_max_force_per_coil": [
          2929731.5952535537,
          6649449.466996477,
          5439536.135086121,
          2568683.864096504
        ],
        "final_max_torque_per_coil": [
          3326910.2028673314,
          6006322.989136519,
          4232960.931257802,
          1641290.0647628973
        ],
        "final_max_max_coil_torque": 6006322.989136519,
        "final_avg_max_coil_torque": 3801871.0470061377,
        "avg_BdotN_over_B": 0.009235809982792142,
        "max_BdotN_over_B": 0.057058685285459626,
        "lagrange_multipliers": null,
        "output_directory": "/Users/akaptanoglu/actions-runner/_work/stellcoilbench/stellcoilbench/cases/done/2026-03-21_211816_32114/order_4",
        "flux_threshold": 1e-08,
        "cc_threshold": 0.24261851968723938,
        "cs_threshold": 0.3733304032290304,
        "msc_threshold": 24.39319144980865,
        "arclength_variation_threshold": 0.0,
        "curvature_threshold": 19.42372744700189,
        "force_threshold": 1406.825416460374,
        "torque_threshold": 0.0,
        "timing": {
          "coil_initialization": 0.4242239580489695,
          "biotsavart_setup": 2.0085472920909524,
          "objective_setup": 0.06429512496106327,
          "coil_optimization": 1018.1285180838313,
          "save_and_metrics": 1.4014231248293072
        },
        "fourier_order": 4,
        "continuation_step": 1
      },
      {
        "initial_B_field": 2.778731301300909,
        "final_B_field": 2.819261502864559,
        "target_B_field": 2.5,
        "optimization_time": 811.1195409297943,
        "walltime_sec": 811.1195409297943,
        "iterations_used": 500,
        "final_squared_flux": 0.14799176063013197,
        "optimization_success": true,
        "optimization_message": "Completed",
        "optimization_nfev": 500,
        "optimization_njev": null,
        "_cached_thresholds": {
          "length_threshold": 56.680865349041724,
          "flux_threshold": 1e-08,
          "cc_threshold": 0.24261851968723938,
          "cs_threshold": 0.3733304032290304,
          "msc_threshold": 24.39319144980865,
          "curvature_threshold": 19.42372744700189,
          "force_threshold": 1406.825416460374,
          "torque_threshold": 0.0,
          "finite_build_width": 0.10789896047081801,
          "major_radius": 5.483631261799852,
          "minor_radius": 0.5240806651439732,
          "a0": 3.2437754587511507,
          "arclength_variation_threshold": 0.0,
          "coil_width": 0.12331309768093489
        },
        "final_min_cs_separation": 0.32363515633677237,
        "final_min_cc_separation": 0.17927618952848964,
        "final_length_per_coil": [
          10.831655690630667,
          12.137524510185756,
          13.120350928807436,
          12.672081181774725
        ],
        "final_current_per_coil": [
          1274114.3691444618,
          2489615.6149257687,
          2026467.751670131,
          1084849.5751190027
        ],
        "total_current_before": 6875047.3108593635,
        "total_current_after": 6875047.310859364,
        "final_total_length": 48.76161231139859,
        "final_max_curvature": 1.7903635063042456,
        "final_average_curvature": 0.8251912455741516,
        "final_arclength_variation": 0.8570348807628541,
        "final_mean_squared_curvature": 0.9768880644037039,
        "final_max_torsion": 2.301665145220671,
        "final_linking_number": 0,
        "coils_linked_to_surface": true,
        "final_max_max_coil_force": 6350950.878950184,
        "final_avg_max_coil_force": 4345947.830999166,
        "final_max_force_per_coil": [
          3882943.296241472,
          6350950.878950184,
          4737976.659827824,
          2411920.4889771813
        ],
        "final_max_torque_per_coil": [
          3848062.984874046,
          5841595.964958975,
          4012486.6701700925,
          1724302.5420311834
        ],
        "final_max_max_coil_torque": 5841595.964958975,
        "final_avg_max_coil_torque": 3856612.0405085743,
        "avg_BdotN_over_B": 0.0159067135200634,
        "max_BdotN_over_B": 0.06687388691834889,
        "lagrange_multipliers": null,
        "output_directory": "/Users/akaptanoglu/actions-runner/_work/stellcoilbench/stellcoilbench/cases/done/2026-03-21_211816_32114/order_8",
        "flux_threshold": 1e-08,
        "cc_threshold": 0.24261851968723938,
        "cs_threshold": 0.3733304032290304,
        "msc_threshold": 24.39319144980865,
        "arclength_variation_threshold": 0.0,
        "curvature_threshold": 19.42372744700189,
        "force_threshold": 1406.825416460374,
        "torque_threshold": 0.0,
        "timing": {
          "coil_initialization": 4.998873919248581e-07,
          "biotsavart_setup": 0.0036694160662591457,
          "objective_setup": 0.0069725001230835915,
          "coil_optimization": 811.1202522909734,
          "save_and_metrics": 1.4119707501959056
        },
        "fourier_order": 8,
        "continuation_step": 2
      },
      {
        "initial_B_field": 2.819261502864559,
        "final_B_field": 2.819261502864559,
        "target_B_field": 2.5,