{
  "metadata": {
    "contact": "auto",
    "hardware": "CPU: self-hosted runner",
    "run_date": "2026-04-10T00:20:25.735862",
    "iterations_used": 500,
    "walltime_sec": 381.8273870944977,
    "tags": [
      "explore"
    ],
    "parent_ids": []
  },
  "version_info": {
    "stellcoilbench_commit": "6642ee6fc4c2ba97344d2dd1d7bf9bd382ff0c52",
    "stellcoilbench_branch": "main",
    "simsopt_version": "0.1.dev5668+ga79006b0b",
    "simsopt_commit": "a79006b0b"
  },
  "metrics": {
    "fourier_continuation": true,
    "fourier_orders": [
      4,
      8,
      16
    ],
    "final_order": 16,
    "continuation_results": [
      {
        "initial_B_field": 5.700002679910652,
        "final_B_field": 6.2672964076086295,
        "target_B_field": 5.7,
        "optimization_time": 317.5132038593292,
        "walltime_sec": 317.5132038593292,
        "iterations_used": 500,
        "final_squared_flux": 0.5017312914547001,
        "optimization_success": true,
        "optimization_message": "Completed",
        "optimization_nfev": 500,
        "optimization_njev": null,
        "_cached_thresholds": {
          "length_threshold": 125.0246768291906,
          "flux_threshold": 1e-08,
          "cc_threshold": 0.7369136926179236,
          "cs_threshold": 1.2993743477997675,
          "msc_threshold": 6.322538238430714,
          "curvature_threshold": 1.1549927875221275,
          "force_threshold": 89.16783696414353,
          "torque_threshold": 0.0,
          "finite_build_width": 0.35091128219901124,
          "major_radius": 13.635429024906689,
          "minor_radius": 1.7044262278237692,
          "a0": 0.9974030980329254,
          "arclength_variation_threshold": 0.0,
          "coil_width": 0.40104146537029867
        },
        "final_min_cs_separation": 1.9222996060133402,
        "final_min_cc_separation": 0.6264310200956893,
        "final_length_per_coil": [
          29.779316772664533,
          33.73388052408017,
          31.930974575052588,
          29.934895150612892
        ],
        "final_current_per_coil": [
          10113690.172603762,
          13228431.920983188,
          13436422.315718958,
          11934241.027696043
        ],
        "total_current_before": 48712785.43700195,
        "total_current_after": 48712785.43700195,
        "final_total_length": 125.37906702241018,
        "final_max_curvature": 0.443106253144229,
        "final_average_curvature": 0.24399646932306612,
        "final_arclength_variation": 0.2297592270792817,
        "final_mean_squared_curvature": 0.07553329711922217,
        "final_max_torsion": 6.218654505109506,
        "final_linking_number": 8,
        "coils_linked_to_surface": true,
        "final_max_max_coil_force": 86315693.06611691,
        "final_avg_max_coil_force": 58306319.212176114,
        "final_max_force_per_coil": [
          55487389.14545007,
          86315693.06611691,
          50909684.48759798,
          40512510.149539515
        ],
        "final_max_torque_per_coil": [
          237333366.97723883,
          238603392.88410816,
          129315023.88174534,
          93178937.1667642
        ],
        "final_max_max_coil_torque": 238603392.88410816,
        "final_avg_max_coil_torque": 174607680.22746414,
        "avg_BdotN_over_B": 0.005622236341447815,
        "max_BdotN_over_B": 0.019264278034177306,
        "lagrange_multipliers": null,
        "output_directory": "/Users/akaptanoglu/actions-runner/_work/stellcoilbench/stellcoilbench/cases/done/2026-04-10_000121_29667/order_4",
        "flux_threshold": 1e-08,
        "cc_threshold": 0.7369136926179236,
        "cs_threshold": 1.2993743477997675,
        "msc_threshold": 6.322538238430714,
        "arclength_variation_threshold": 0.0,
        "curvature_threshold": 1.1549927875221275,
        "force_threshold": 89.16783696414353,
        "torque_threshold": 0.0,
        "timing": {
          "coil_initialization": 0.5768537080148235,
          "biotsavart_setup": 1.708271958050318,
          "objective_setup": 0.05824491591192782,
          "coil_optimization": 317.5141767921159,
          "save_and_metrics": 1.32593916694168
        },
        "fourier_order": 4,
        "continuation_step": 1
      },
      {
        "initial_B_field": 6.2672964076086295,
        "final_B_field": 6.2017106335746615,
        "target_B_field": 5.7,
        "optimization_time": 285.04438829421997,
        "walltime_sec": 285.04438829421997,
        "iterations_used": 500,
        "final_squared_flux": 0.3533676834045931,
        "optimization_success": true,
        "optimization_message": "Completed",
        "optimization_nfev": 500,
        "optimization_njev": null,
        "_cached_thresholds": {
          "length_threshold": 125.0246768291906,
          "flux_threshold": 1e-08,
          "cc_threshold": 0.7369136926179236,
          "cs_threshold": 1.2993743477997675,
          "msc_threshold": 6.322538238430714,
          "curvature_threshold": 1.1549927875221275,
          "force_threshold": 89.16783696414353,
          "torque_threshold": 0.0,
          "finite_build_width": 0.35091128219901124,
          "major_radius": 13.635429024906689,
          "minor_radius": 1.7044262278237692,
          "a0": 0.9974030980329254,
          "arclength_variation_threshold": 0.0,
          "coil_width": 0.40104146537029867
        },
        "final_min_cs_separation": 1.8167096334524133,
        "final_min_cc_separation": 0.6092815758563813,
        "final_length_per_coil": [
          30.42124623095586,
          34.18740428331982,
          31.166704653653206,
          29.554262915874155
        ],
        "final_current_per_coil": [
          10480091.231338529,
          13946291.172421664,
          12795827.921525123,
          11490575.111716636
        ],
        "total_current_before": 48712785.43700195,
        "total_current_after": 48712785.43700195,
        "final_total_length": 125.32961808380304,
        "final_max_curvature": 0.6833211524146788,
        "final_average_curvature": 0.2691191984011554,
        "final_arclength_variation": 0.10594409402308669,
        "final_mean_squared_curvature": 0.09418223624385412,
        "final_max_torsion": 12.40891602155052,
        "final_linking_number": 8,
        "coils_linked_to_surface": true,
        "final_max_max_coil_force": 75546478.95540677,
        "final_avg_max_coil_force": 53352048.38106122,
        "final_max_force_per_coil": [
          47666718.986195564,
          75546478.95540677,
          49167897.04404409,
          41027098.53859844
        ],
        "final_max_torque_per_coil": [
          173269124.26913664,
          250140309.99532658,
          133079672.59907307,
          88153635.65367484
        ],
        "final_max_max_coil_torque": 250140309.99532658,
        "final_avg_max_coil_torque": 161160685.62930277,
        "avg_BdotN_over_B": 0.004732374870297958,
        "max_BdotN_over_B": 0.016761768464524148,
        "lagrange_multipliers": null,
        "output_directory": "/Users/akaptanoglu/actions-runner/_work/stellcoilbench/stellcoilbench/cases/done/2026-04-10_000121_29667/order_8",
        "flux_threshold": 1e-08,
        "cc_threshold": 0.7369136926179236,
        "cs_threshold": 1.2993743477997675,
        "msc_threshold": 6.322538238430714,
        "arclength_variation_threshold": 0.0,
        "curvature_threshold": 1.1549927875221275,
        "force_threshold": 89.16783696414353,
        "torque_threshold": 0.0,
        "timing": {
          "coil_initialization": 1.0828953236341476e-06,
          "biotsavart_setup": 0.003551916917786002,
          "objective_setup": 0.006098416983149946,
          "coil_optimization": 285.0452720829053,
          "save_and_metrics": 1.2727602500235662
        },
        "fourier_order": 8,
        "continuation_step": 2
      },
      {
        "initial_B_field": 6.2017106335746615,
        "final_B_field": 6.292122245914602,
        "target_B_field": 5.7,