{
  "metadata": {
    "contact": "auto",
    "hardware": "CPU: self-hosted runner",
    "run_date": "2026-03-20T14:28:49.179608",
    "iterations_used": 500,
    "walltime_sec": 50.61139678955078,
    "tags": [
      "explore"
    ],
    "parent_ids": []
  },
  "version_info": {
    "stellcoilbench_commit": "c9558e1e7fc37cc7dff149e1777800e970db5c37",
    "stellcoilbench_branch": "main",
    "simsopt_version": "0.1.dev5668+ga79006b0b",
    "simsopt_commit": "a79006b0b"
  },
  "metrics": {
    "fourier_continuation": true,
    "fourier_orders": [
      4,
      8,
      16
    ],
    "final_order": 16,
    "continuation_results": [
      {
        "initial_B_field": 1.0000050243934888,
        "final_B_field": 0.02485357384695095,
        "target_B_field": 1.0,
        "optimization_time": 746.2909409999847,
        "walltime_sec": 746.2909409999847,
        "iterations_used": 500,
        "final_squared_flux": 7.328523532589965e-05,
        "optimization_success": true,
        "optimization_message": "Completed",
        "optimization_nfev": 500,
        "optimization_njev": null,
        "_cached_thresholds": {
          "length_threshold": 14.05306730406374,
          "flux_threshold": 1e-08,
          "cc_threshold": 0.10500000000000001,
          "cs_threshold": 0.14702553858344833,
          "msc_threshold": 43.08782039526007,
          "curvature_threshold": 22.483236802589992,
          "force_threshold": 2043.2878729397823,
          "torque_threshold": 0.0,
          "finite_build_width": 0.05,
          "major_radius": 1.0098736979848935,
          "minor_radius": 0.16831206437162433,
          "a0": 10.100286074838271,
          "arclength_variation_threshold": 0.0,
          "coil_width": 0.039602838675676315
        },
        "final_min_cs_separation": 0.02542495663366773,
        "final_min_cc_separation": 0.08744709833591822,
        "final_length_per_coil": [
          0.9841471286656076,
          1.5109032204906367,
          2.4694570811261647,
          2.1395540813379577,
          2.3447926343563656
        ],
        "final_current_per_coil": [
          328582.20108051895,
          925628.8656785617,
          7200.125351156891,
          7524.988807426235,
          4523.391775416676
        ],
        "total_current_before": 1250012.5384399334,
        "total_current_after": 1250012.5384399334,
        "final_total_length": 9.448854145976732,
        "final_max_curvature": 11.47392969451189,
        "final_average_curvature": 4.647143344527527,
        "final_arclength_variation": 0.02730835779600882,
        "final_mean_squared_curvature": 43.07465448154899,
        "final_max_torsion": 196.35751542391833,
        "final_linking_number": 0,
        "coils_linked_to_surface": false,
        "final_max_max_coil_force": 1631873.1637343771,
        "final_avg_max_coil_force": 394464.09913434077,
        "final_max_force_per_coil": [
          338494.56608974986,
          1631873.1637343771,
          1414.9600729264016,
          393.4008789905117,
          144.40489565976057
        ],
        "final_max_torque_per_coil": [
          13147.709078760588,
          211461.54514364977,
          617.0233037942661,
          145.3845475808788,
          52.90255651704444
        ],
        "final_max_max_coil_torque": 211461.54514364977,
        "final_avg_max_coil_torque": 45084.91292606051,
        "avg_BdotN_over_B": 0.308919151253806,
        "max_BdotN_over_B": 0.99980449007946,
        "lagrange_multipliers": null,
        "output_directory": "/Users/akaptanoglu/actions-runner/_work/stellcoilbench/stellcoilbench/cases/done/2026-03-20_140438_84750/order_4",
        "flux_threshold": 1e-08,
        "cc_threshold": 0.10500000000000001,
        "cs_threshold": 0.14702553858344833,
        "msc_threshold": 43.08782039526007,
        "arclength_variation_threshold": 0.0,
        "curvature_threshold": 22.483236802589992,
        "force_threshold": 2043.2878729397823,
        "torque_threshold": 0.0,
        "timing": {
          "coil_initialization": 0.24113962496630847,
          "biotsavart_setup": 1.412400458008051,
          "objective_setup": 0.07456175005063415,
          "coil_optimization": 746.2934304999653,
          "save_and_metrics": 0.8996990411542356
        },
        "fourier_order": 4,
        "continuation_step": 1
      },
      {
        "initial_B_field": 0.02485357384695095,
        "final_B_field": 0.022588408049040012,
        "target_B_field": 1.0,
        "optimization_time": 360.45707535743713,
        "walltime_sec": 360.45707535743713,
        "iterations_used": 500,
        "final_squared_flux": 7.310346845632475e-05,
        "optimization_success": true,
        "optimization_message": "Completed",
        "optimization_nfev": 500,
        "optimization_njev": null,
        "_cached_thresholds": {
          "length_threshold": 14.05306730406374,
          "flux_threshold": 1e-08,
          "cc_threshold": 0.10500000000000001,
          "cs_threshold": 0.14702553858344833,
          "msc_threshold": 43.08782039526007,
          "curvature_threshold": 22.483236802589992,
          "force_threshold": 2043.2878729397823,
          "torque_threshold": 0.0,
          "finite_build_width": 0.05,
          "major_radius": 1.0098736979848935,
          "minor_radius": 0.16831206437162433,
          "a0": 10.100286074838271,
          "arclength_variation_threshold": 0.0,
          "coil_width": 0.039602838675676315
        },
        "final_min_cs_separation": 0.025637297002437175,
        "final_min_cc_separation": 0.09502288185331707,
        "final_length_per_coil": [
          0.984338520223759,
          1.5142031952388078,
          2.41379050859784,
          2.0379895974231794,
          2.283081808850851
        ],
        "final_current_per_coil": [
          323621.3005931004,
          926638.179907905,
          6439.004626108633,
          5688.2321611094685,
          503.83040392701514
        ],
        "total_current_before": 1250012.5384399334,
        "total_current_after": 1250012.5384399332,
        "final_total_length": 9.233403630334436,
        "final_max_curvature": 14.479115922269884,
        "final_average_curvature": 5.790293154538955,
        "final_arclength_variation": 0.020685520626782715,
        "final_mean_squared_curvature": 43.34610453224076,
        "final_max_torsion": 185.63798972195025,
        "final_linking_number": 0,
        "coils_linked_to_surface": false,
        "final_max_max_coil_force": 292560.76829526166,
        "final_avg_max_coil_force": 95736.89609946168,
        "final_max_force_per_coil": [
          184901.82062378962,
          292560.76829526166,
          916.165221476096,
          285.6514184951847,
          20.074938285858742
        ],
        "final_max_torque_per_coil": [
          10033.144765498524,
          43291.93640253419,
          399.3525957845287,
          109.75821151643288,
          7.465262681439177
        ],
        "final_max_max_coil_torque": 43291.93640253419,
        "final_avg_max_coil_torque": 10768.331447603025,
        "avg_BdotN_over_B": 0.345928190073087,
        "max_BdotN_over_B": 0.9976303249332992,
        "lagrange_multipliers": null,
        "output_directory": "/Users/akaptanoglu/actions-runner/_work/stellcoilbench/stellcoilbench/cases/done/2026-03-20_140438_84750/order_8",
        "flux_threshold": 1e-08,
        "cc_threshold": 0.10500000000000001,
        "cs_threshold": 0.14702553858344833,
        "msc_threshold": 43.08782039526007,
        "arclength_variation_threshold": 0.0,
        "curvature_threshold": 22.483236802589992,
        "force_threshold": 2043.2878729397823,
        "torque_threshold": 0.0,
        "timing": {
          "coil_initialization": 4.998873919248581e-07,
          "biotsavart_setup": 0.0028996251057833433,
          "objective_setup": 0.006952208001166582,
          "coil_optimization": 360.45744795911014,
          "save_and_metrics": 0.9338662079535425
        },