{
  "metadata": {
    "contact": "auto",
    "hardware": "CPU: self-hosted runner",
    "run_date": "2026-03-14T08:34:21.003329",
    "iterations_used": 500,
    "walltime_sec": 6.593423128128052
  },
  "version_info": {
    "stellcoilbench_commit": "8fc3b3f6000df150027e18a3ccdf1d0a9c833f58",
    "stellcoilbench_branch": "main",
    "simsopt_version": "0.1.dev5668+ga79006b0b",
    "simsopt_commit": "a79006b0b"
  },
  "metrics": {
    "fourier_continuation": true,
    "fourier_orders": [
      4,
      8,
      16
    ],
    "final_order": 16,
    "continuation_results": [
      {
        "initial_B_field": 1.0000305513510055,
        "final_B_field": 1.0961054488224984,
        "target_B_field": 1.0,
        "optimization_time": 334.3630540370941,
        "walltime_sec": 334.3630540370941,
        "iterations_used": 500,
        "final_squared_flux": 3.8312529471033776e-06,
        "optimization_success": true,
        "optimization_message": "Completed",
        "optimization_nfev": 500,
        "optimization_njev": null,
        "_cached_thresholds": {
          "length_threshold": 19.80141933783816,
          "flux_threshold": 2e-06,
          "cc_threshold": 0.10500000000000001,
          "cs_threshold": 0.006209329075959289,
          "msc_threshold": 23.735793479302835,
          "curvature_threshold": 59.95314677930604,
          "force_threshold": 0.0,
          "torque_threshold": 0.0,
          "finite_build_width": 0.05,
          "major_radius": 1.0098736979848935,
          "minor_radius": 0.16831206437162433,
          "a0": 10.100286074838271,
          "arclength_variation_threshold": 0.0,
          "coil_width": 0.039602838675676315
        },
        "final_min_cs_separation": 0.24133537462375512,
        "final_min_cc_separation": 0.10475784480182912,
        "final_length_per_coil": [
          6.230458183908777,
          3.6920938512295725,
          5.267101973435294,
          4.613418193330272
        ],
        "final_current_per_coil": [
          507205.2018839058,
          61682.69361426085,
          414965.95294846524,
          266221.7761888321
        ],
        "total_current_before": 1250075.624635464,
        "total_current_after": 1250075.624635464,
        "final_total_length": 19.803072201903916,
        "final_max_curvature": 3.1278073528269488,
        "final_average_curvature": 1.7995983509531595,
        "final_arclength_variation": 0.000739724095544426,
        "final_mean_squared_curvature": 5.883353891306542,
        "final_max_torsion": 21.699978951947365,
        "final_linking_number": 0,
        "coils_linked_to_surface": true,
        "final_max_max_coil_force": 669860.4572539382,
        "final_avg_max_coil_force": 411449.9946559972,
        "final_max_force_per_coil": [
          669860.4572539382,
          117193.97353440025,
          595180.1672532094,
          263565.3805824408
        ],
        "final_max_torque_per_coil": [
          420235.0038142503,
          47806.08441887175,
          233865.7644288036,
          83679.61975749157
        ],
        "final_max_max_coil_torque": 420235.0038142503,
        "final_avg_max_coil_torque": 196396.6181048543,
        "avg_BdotN_over_B": 0.0008826012293989254,
        "max_BdotN_over_B": 0.0035867371062319455,
        "lagrange_multipliers": null,
        "output_directory": "/Users/akaptanoglu/actions-runner/_work/stellcoilbench/stellcoilbench/cases/done/2026-03-14_082618_47572/order_4",
        "flux_threshold": 2e-06,
        "cc_threshold": 0.10500000000000001,
        "cs_threshold": 0.006209329075959289,
        "msc_threshold": 23.735793479302835,
        "arclength_variation_threshold": 0.0,
        "curvature_threshold": 59.95314677930604,
        "force_threshold": 0.0,
        "torque_threshold": 0.0,
        "timing": {
          "coil_initialization": 0.23129120806697756,
          "biotsavart_setup": 1.4044780830154195,
          "objective_setup": 0.04396504093892872,
          "coil_optimization": 334.3635975829093,
          "save_and_metrics": 0.9109793750103563
        },
        "fourier_order": 4,
        "continuation_step": 1
      },
      {
        "initial_B_field": 1.0961054488224984,
        "final_B_field": 1.0959079511510081,
        "target_B_field": 1.0,
        "optimization_time": 66.83025884628296,
        "walltime_sec": 66.83025884628296,
        "iterations_used": 500,
        "final_squared_flux": 0.0,
        "optimization_success": true,
        "optimization_message": "Completed",
        "optimization_nfev": 500,
        "optimization_njev": null,
        "_cached_thresholds": {
          "length_threshold": 19.80141933783816,
          "flux_threshold": 2e-06,
          "cc_threshold": 0.10500000000000001,
          "cs_threshold": 0.006209329075959289,
          "msc_threshold": 23.735793479302835,
          "curvature_threshold": 59.95314677930604,
          "force_threshold": 0.0,
          "torque_threshold": 0.0,
          "finite_build_width": 0.05,
          "major_radius": 1.0098736979848935,
          "minor_radius": 0.16831206437162433,
          "a0": 10.100286074838271,
          "arclength_variation_threshold": 0.0,
          "coil_width": 0.039602838675676315
        },
        "final_min_cs_separation": 0.2460953008464585,
        "final_min_cc_separation": 0.10504758064035313,
        "final_length_per_coil": [
          6.195597913830148,
          3.7598299781151945,
          5.2482564075963705,
          4.597660388016257
        ],
        "final_current_per_coil": [
          506135.8804768922,
          62368.54479228016,
          415330.21811860305,
          266240.98124768864
        ],
        "total_current_before": 1250075.624635464,
        "total_current_after": 1250075.624635464,
        "final_total_length": 19.80134468755797,
        "final_max_curvature": 4.4545795540278705,
        "final_average_curvature": 1.8553230254069744,
        "final_arclength_variation": 0.0001590042144549542,
        "final_mean_squared_curvature": 6.658232356770206,
        "final_max_torsion": 232.6906492199717,
        "final_linking_number": 0,
        "coils_linked_to_surface": true,
        "final_max_max_coil_force": 604987.1082593864,
        "final_avg_max_coil_force": 355405.8902823749,
        "final_max_force_per_coil": [
          604987.1082593864,
          116165.30543940216,
          471635.39790970535,
          228835.74952100584
        ],
        "final_max_torque_per_coil": [
          301045.98399985686,
          53295.170314904644,
          216297.3565216209,
          58187.37649556522
        ],
        "final_max_max_coil_torque": 301045.98399985686,
        "final_avg_max_coil_torque": 157206.4718329869,
        "avg_BdotN_over_B": 0.0006077772006420875,
        "max_BdotN_over_B": 0.002689427662513244,
        "lagrange_multipliers": null,
        "output_directory": "/Users/akaptanoglu/actions-runner/_work/stellcoilbench/stellcoilbench/cases/done/2026-03-14_082618_47572/order_8",
        "flux_threshold": 2e-06,
        "cc_threshold": 0.10500000000000001,
        "cs_threshold": 0.006209329075959289,
        "msc_threshold": 23.735793479302835,
        "arclength_variation_threshold": 0.0,
        "curvature_threshold": 59.95314677930604,
        "force_threshold": 0.0,
        "torque_threshold": 0.0,
        "timing": {
          "coil_initialization": 6.25033862888813e-07,
          "biotsavart_setup": 0.0032785000512376428,
          "objective_setup": 0.0060345419915392995,
          "coil_optimization": 66.83034587500151,
          "save_and_metrics": 0.9509126249467954
        },
        "fourier_order": 8,
        "continuation_step": 2
      },
      {
        "initial_B_field": 1.0959079511510081,
        "final_B_field": 1.0959079511510081,
        "target_B_field": 1.0,
        "optimization_time": 6.593423128128052,
        "walltime_sec": 6.593423128128052,
        "iterations_used": 500,
        "final_squared_flux": 0.0,