{
  "metadata": {
    "contact": "auto",
    "hardware": "CPU: self-hosted runner",
    "run_date": "2026-03-13T19:28:21.727585",
    "iterations_used": 500,
    "walltime_sec": 8.535106897354126
  },
  "version_info": {
    "stellcoilbench_commit": "e5ee8cf115466ed7ed1f5a722d0742153474e6c2",
    "stellcoilbench_branch": "main",
    "simsopt_version": "0.1.dev5668+ga79006b0b",
    "simsopt_commit": "a79006b0b"
  },
  "metrics": {
    "fourier_continuation": true,
    "fourier_orders": [
      4,
      8,
      16
    ],
    "final_order": 16,
    "continuation_results": [
      {
        "initial_B_field": 1.0000305513510055,
        "final_B_field": 1.096105826624078,
        "target_B_field": 1.0,
        "optimization_time": 353.6460039615631,
        "walltime_sec": 353.6460039615631,
        "iterations_used": 500,
        "final_squared_flux": 3.835146420428155e-06,
        "optimization_success": true,
        "optimization_message": "Completed",
        "optimization_nfev": 500,
        "optimization_njev": null,
        "_cached_thresholds": {
          "length_threshold": 19.80141933783816,
          "flux_threshold": 2e-06,
          "cc_threshold": 0.10500000000000001,
          "cs_threshold": 0.009851305127671173,
          "msc_threshold": 166.59415891952676,
          "curvature_threshold": 142.84482095659757,
          "force_threshold": 0.0,
          "torque_threshold": 0.0,
          "finite_build_width": 0.05,
          "major_radius": 1.0098736979848935,
          "minor_radius": 0.16831206437162433,
          "a0": 10.100286074838271,
          "arclength_variation_threshold": 0.0,
          "coil_width": 0.039602838675676315
        },
        "final_min_cs_separation": 0.24077085868574288,
        "final_min_cc_separation": 0.1045717655439518,
        "final_length_per_coil": [
          6.198086130288383,
          3.696226172935655,
          5.288789189588925,
          4.619362927424727
        ],
        "final_current_per_coil": [
          502881.7990091107,
          62215.21861825664,
          419199.1065655558,
          265779.50044254086
        ],
        "total_current_before": 1250075.624635464,
        "total_current_after": 1250075.624635464,
        "final_total_length": 19.80246442023769,
        "final_max_curvature": 3.122955481570637,
        "final_average_curvature": 1.798224114102127,
        "final_arclength_variation": 0.0007359197043286727,
        "final_mean_squared_curvature": 5.859805934031048,
        "final_max_torsion": 22.155014791273615,
        "final_linking_number": 0,
        "coils_linked_to_surface": true,
        "final_max_max_coil_force": 666089.841781654,
        "final_avg_max_coil_force": 412992.1116535358,
        "final_max_force_per_coil": [
          666089.841781654,
          117747.70160434007,
          604262.4150674173,
          263868.4881607318
        ],
        "final_max_torque_per_coil": [
          415348.4467487657,
          47995.337023936474,
          238933.36384183733,
          83881.25475933845
        ],
        "final_max_max_coil_torque": 415348.4467487657,
        "final_avg_max_coil_torque": 196539.6005934695,
        "avg_BdotN_over_B": 0.0008818890419753472,
        "max_BdotN_over_B": 0.0036173145550116312,
        "lagrange_multipliers": null,
        "output_directory": "/Users/akaptanoglu/actions-runner/_work/stellcoilbench/stellcoilbench/cases/done/2026-03-13_192014_41049/order_4",
        "flux_threshold": 2e-06,
        "cc_threshold": 0.10500000000000001,
        "cs_threshold": 0.009851305127671173,
        "msc_threshold": 166.59415891952676,
        "arclength_variation_threshold": 0.0,
        "curvature_threshold": 142.84482095659757,
        "force_threshold": 0.0,
        "torque_threshold": 0.0,
        "timing": {
          "coil_initialization": 0.3832208749372512,
          "biotsavart_setup": 1.212893791962415,
          "objective_setup": 0.03323724993970245,
          "coil_optimization": 353.6462236669613,
          "save_and_metrics": 1.0282645829720423
        },
        "fourier_order": 4,
        "continuation_step": 1
      },
      {
        "initial_B_field": 1.096105826624078,
        "final_B_field": 1.0959745675669574,
        "target_B_field": 1.0,
        "optimization_time": 74.33759903907776,
        "walltime_sec": 74.33759903907776,
        "iterations_used": 500,
        "final_squared_flux": 0.0,
        "optimization_success": true,
        "optimization_message": "Completed",
        "optimization_nfev": 500,
        "optimization_njev": null,
        "_cached_thresholds": {
          "length_threshold": 19.80141933783816,
          "flux_threshold": 2e-06,
          "cc_threshold": 0.10500000000000001,
          "cs_threshold": 0.009851305127671173,
          "msc_threshold": 166.59415891952676,
          "curvature_threshold": 142.84482095659757,
          "force_threshold": 0.0,
          "torque_threshold": 0.0,
          "finite_build_width": 0.05,
          "major_radius": 1.0098736979848935,
          "minor_radius": 0.16831206437162433,
          "a0": 10.100286074838271,
          "arclength_variation_threshold": 0.0,
          "coil_width": 0.039602838675676315
        },
        "final_min_cs_separation": 0.2474381192018259,
        "final_min_cc_separation": 0.10515838730276947,
        "final_length_per_coil": [
          6.1710186897612775,
          3.7593405608587647,
          5.271267960050879,
          4.599698248907973
        ],
        "final_current_per_coil": [
          502337.24288292107,
          62215.068825811264,
          420278.2674565752,
          265245.0454701566
        ],
        "total_current_before": 1250075.624635464,
        "total_current_after": 1250075.624635464,
        "final_total_length": 19.801325459578894,
        "final_max_curvature": 4.30314088485814,
        "final_average_curvature": 1.8424873775787984,
        "final_arclength_variation": 0.0001688771584398286,
        "final_mean_squared_curvature": 6.579351987422073,
        "final_max_torsion": 66.28554743236715,
        "final_linking_number": 0,
        "coils_linked_to_surface": true,
        "final_max_max_coil_force": 611795.9736131458,
        "final_avg_max_coil_force": 357337.05596377904,
        "final_max_force_per_coil": [
          611795.9736131458,
          116729.91601581505,
          472025.25559033937,
          228797.07863581597
        ],
        "final_max_torque_per_coil": [
          297897.4544163299,
          53609.72845713457,
          221364.15029220158,
          59195.35389867853
        ],
        "final_max_max_coil_torque": 297897.4544163299,
        "final_avg_max_coil_torque": 158016.67176608616,
        "avg_BdotN_over_B": 0.0006072436909997635,
        "max_BdotN_over_B": 0.0026564132445677045,
        "lagrange_multipliers": null,
        "output_directory": "/Users/akaptanoglu/actions-runner/_work/stellcoilbench/stellcoilbench/cases/done/2026-03-13_192014_41049/order_8",
        "flux_threshold": 2e-06,
        "cc_threshold": 0.10500000000000001,
        "cs_threshold": 0.009851305127671173,
        "msc_threshold": 166.59415891952676,
        "arclength_variation_threshold": 0.0,
        "curvature_threshold": 142.84482095659757,
        "force_threshold": 0.0,
        "torque_threshold": 0.0,
        "timing": {
          "coil_initialization": 7.08969309926033e-07,
          "biotsavart_setup": 0.0026741669280454516,
          "objective_setup": 0.005785917048342526,
          "coil_optimization": 74.33764533302747,
          "save_and_metrics": 0.981605542008765
        },
        "fourier_order": 8,
        "continuation_step": 2
      },
      {
        "initial_B_field": 1.0959745675669574,
        "final_B_field": 1.095998128214477,
        "target_B_field": 1.0,
        "optimization_time": 8.535106897354126,
        "walltime_sec": 8.535106897354126,
        "iterations_used": 500,
        "final_squared_flux": 2.021586622474859e-06,