{
  "metadata": {
    "contact": "auto",
    "hardware": "CPU: self-hosted runner",
    "run_date": "2026-03-14T11:09:07.513947",
    "iterations_used": 500,
    "walltime_sec": 52.60061192512512
  },
  "version_info": {
    "stellcoilbench_commit": "5713354a9d761c643010b8d17a0ef4e3aaa8cdb1",
    "stellcoilbench_branch": "main",
    "simsopt_version": "0.1.dev5668+ga79006b0b",
    "simsopt_commit": "a79006b0b"
  },
  "metrics": {
    "fourier_continuation": true,
    "fourier_orders": [
      4,
      8,
      16
    ],
    "final_order": 16,
    "continuation_results": [
      {
        "initial_B_field": 1.0000050243934888,
        "final_B_field": 1.0968293826616318,
        "target_B_field": 1.0,
        "optimization_time": 374.9487988948822,
        "walltime_sec": 374.9487988948822,
        "iterations_used": 500,
        "final_squared_flux": 4.6952935897216264e-06,
        "optimization_success": true,
        "optimization_message": "Completed",
        "optimization_nfev": 500,
        "optimization_njev": null,
        "_cached_thresholds": {
          "length_threshold": 19.80141933783816,
          "flux_threshold": 3e-06,
          "cc_threshold": 0.10500000000000001,
          "cs_threshold": 0.021068116132879663,
          "msc_threshold": 31.493328299368443,
          "curvature_threshold": 77.57652993412685,
          "force_threshold": 0.0,
          "torque_threshold": 0.0,
          "finite_build_width": 0.05,
          "major_radius": 1.0098736979848935,
          "minor_radius": 0.16831206437162433,
          "a0": 10.100286074838271,
          "arclength_variation_threshold": 0.0,
          "coil_width": 0.039602838675676315
        },
        "final_min_cs_separation": 0.272425745248769,
        "final_min_cc_separation": 0.1048864281667103,
        "final_length_per_coil": [
          4.08335857571205,
          4.386538385550152,
          4.162300100599148,
          3.7111697028323367,
          3.4587773275403264
        ],
        "final_current_per_coil": [
          223536.3510787957,
          312061.4029320671,
          287967.09979141224,
          227334.41533687565,
          199113.26930078282
        ],
        "total_current_before": 1250012.5384399334,
        "total_current_after": 1250012.5384399334,
        "final_total_length": 19.80214409223401,
        "final_max_curvature": 3.1604557724903835,
        "final_average_curvature": 2.0578564096603276,
        "final_arclength_variation": 0.0006785593478808629,
        "final_mean_squared_curvature": 5.734672616972042,
        "final_max_torsion": 20.18074334747027,
        "final_linking_number": 0,
        "coils_linked_to_surface": true,
        "final_max_max_coil_force": 368765.86526766926,
        "final_avg_max_coil_force": 264160.29124019906,
        "final_max_force_per_coil": [
          313523.9204477217,
          263269.08365398133,
          368765.86526766926,
          216219.64893986142,
          159022.93789176157
        ],
        "final_max_torque_per_coil": [
          84040.6181314414,
          87030.1474185145,
          93335.93176789608,
          44845.40424301104,
          25575.61824912211
        ],
        "final_max_max_coil_torque": 93335.93176789608,
        "final_avg_max_coil_torque": 66965.54396199701,
        "avg_BdotN_over_B": 0.0009594126841971722,
        "max_BdotN_over_B": 0.004887914627779328,
        "lagrange_multipliers": null,
        "output_directory": "/Users/akaptanoglu/actions-runner/_work/stellcoilbench/stellcoilbench/cases/done/2026-03-14_110004_85242/order_4",
        "flux_threshold": 3e-06,
        "cc_threshold": 0.10500000000000001,
        "cs_threshold": 0.021068116132879663,
        "msc_threshold": 31.493328299368443,
        "arclength_variation_threshold": 0.0,
        "curvature_threshold": 77.57652993412685,
        "force_threshold": 0.0,
        "torque_threshold": 0.0,
        "timing": {
          "coil_initialization": 0.26146254199557006,
          "biotsavart_setup": 1.4951017920393497,
          "objective_setup": 0.036034041084349155,
          "coil_optimization": 374.94933570793364,
          "save_and_metrics": 0.9621929590357468
        },
        "fourier_order": 4,
        "continuation_step": 1
      },
      {
        "initial_B_field": 1.0968293826616318,
        "final_B_field": 1.0962829316390041,
        "target_B_field": 1.0,
        "optimization_time": 40.440895080566406,
        "walltime_sec": 40.440895080566406,
        "iterations_used": 500,
        "final_squared_flux": 0.0,
        "optimization_success": true,
        "optimization_message": "Completed",
        "optimization_nfev": 500,
        "optimization_njev": null,
        "_cached_thresholds": {
          "length_threshold": 19.80141933783816,
          "flux_threshold": 3e-06,
          "cc_threshold": 0.10500000000000001,
          "cs_threshold": 0.021068116132879663,
          "msc_threshold": 31.493328299368443,
          "curvature_threshold": 77.57652993412685,
          "force_threshold": 0.0,
          "torque_threshold": 0.0,
          "finite_build_width": 0.05,
          "major_radius": 1.0098736979848935,
          "minor_radius": 0.16831206437162433,
          "a0": 10.100286074838271,
          "arclength_variation_threshold": 0.0,
          "coil_width": 0.039602838675676315
        },
        "final_min_cs_separation": 0.27224951016337484,
        "final_min_cc_separation": 0.10495985758089413,
        "final_length_per_coil": [
          4.086218571898236,
          4.3879805563438,
          4.158505247406026,
          3.7111739828920225,
          3.4575440488696088
        ],
        "final_current_per_coil": [
          224345.58323072037,
          311143.4719963364,
          287403.5364127387,
          228304.6161378263,
          198815.33066231152
        ],
        "total_current_before": 1250012.5384399334,
        "total_current_after": 1250012.5384399332,
        "final_total_length": 19.801422407409692,
        "final_max_curvature": 3.77856813986034,
        "final_average_curvature": 2.0397603530479125,
        "final_arclength_variation": 0.00024338507524149342,
        "final_mean_squared_curvature": 6.045173868154817,
        "final_max_torsion": 120.75237616618558,
        "final_linking_number": 0,
        "coils_linked_to_surface": true,
        "final_max_max_coil_force": 360444.4254010296,
        "final_avg_max_coil_force": 250119.11605264782,
        "final_max_force_per_coil": [
          311337.9834712044,
          247641.25714506066,
          360444.4254010296,
          193030.9289053983,
          138140.98534054618
        ],
        "final_max_torque_per_coil": [
          80686.90556655018,
          68096.34708317716,
          91862.15710491891,
          39751.05327204061,
          20776.843297518386
        ],
        "final_max_max_coil_torque": 91862.15710491891,
        "final_avg_max_coil_torque": 60234.66126484105,
        "avg_BdotN_over_B": 0.0007554861765878628,
        "max_BdotN_over_B": 0.0035754945635178897,
        "lagrange_multipliers": null,
        "output_directory": "/Users/akaptanoglu/actions-runner/_work/stellcoilbench/stellcoilbench/cases/done/2026-03-14_110004_85242/order_8",
        "flux_threshold": 3e-06,
        "cc_threshold": 0.10500000000000001,
        "cs_threshold": 0.021068116132879663,
        "msc_threshold": 31.493328299368443,
        "arclength_variation_threshold": 0.0,
        "curvature_threshold": 77.57652993412685,
        "force_threshold": 0.0,
        "torque_threshold": 0.0,
        "timing": {
          "coil_initialization": 1.00000761449337e-06,
          "biotsavart_setup": 0.0034352499060332775,
          "objective_setup": 0.007467375020496547,
          "coil_optimization": 40.44095254200511,
          "save_and_metrics": 0.9803330829599872
        },
        "fourier_order": 8,
        "continuation_step": 2
      },
      {
        "initial_B_field": 1.0962829316390041,