{
  "metadata": {
    "contact": "auto",
    "hardware": "CPU: self-hosted runner",
    "run_date": "2026-03-17T13:18:40.390055",
    "iterations_used": 500,
    "walltime_sec": 6.2435548305511475
  },
  "version_info": {
    "stellcoilbench_commit": "51f274d4a0d10f34206fa00bea614935f9406cdb",
    "stellcoilbench_branch": "main",
    "simsopt_version": "0.1.dev5668+ga79006b0b",
    "simsopt_commit": "a79006b0b"
  },
  "metrics": {
    "fourier_continuation": true,
    "fourier_orders": [
      4,
      8,
      16
    ],
    "final_order": 16,
    "continuation_results": [
      {
        "initial_B_field": 1.0001867526877442,
        "final_B_field": 1.0970892348370338,
        "target_B_field": 1.0,
        "optimization_time": 72.90403890609741,
        "walltime_sec": 72.90403890609741,
        "iterations_used": 500,
        "final_squared_flux": 0.0,
        "optimization_success": true,
        "optimization_message": "Completed",
        "optimization_nfev": 500,
        "optimization_njev": null,
        "_cached_thresholds": {
          "length_threshold": 19.80141933783816,
          "flux_threshold": 8e-06,
          "cc_threshold": 0.10500000000000001,
          "cs_threshold": 0.2419803738122472,
          "msc_threshold": 21.230579123016398,
          "curvature_threshold": 22.87250182791426,
          "force_threshold": 0.0,
          "torque_threshold": 0.0,
          "finite_build_width": 0.05,
          "major_radius": 1.0098736979848935,
          "minor_radius": 0.16831206437162433,
          "a0": 10.100286074838271,
          "arclength_variation_threshold": 0.0,
          "coil_width": 0.039602838675676315
        },
        "final_min_cs_separation": 0.32356939877995694,
        "final_min_cc_separation": 0.10452756130233717,
        "final_length_per_coil": [
          7.067005605218358,
          6.683817536058582,
          6.026475634283844
        ],
        "final_current_per_coil": [
          411724.07433111407,
          438141.0095290146,
          400578.08664700645
        ],
        "total_current_before": 1250443.170507135,
        "total_current_after": 1250443.170507135,
        "final_total_length": 19.777298775560784,
        "final_max_curvature": 2.045423723842535,
        "final_average_curvature": 1.3703922971442724,
        "final_arclength_variation": 0.0016825996183053012,
        "final_mean_squared_curvature": 2.3728674079126604,
        "final_max_torsion": 14.45281154143258,
        "final_linking_number": 0,
        "coils_linked_to_surface": true,
        "final_max_max_coil_force": 780520.4381639748,
        "final_avg_max_coil_force": 694178.5239402298,
        "final_max_force_per_coil": [
          595266.4141460898,
          780520.4381639748,
          706748.7195106247
        ],
        "final_max_torque_per_coil": [
          413302.9378471768,
          565345.2896336586,
          351744.76458460564
        ],
        "final_max_max_coil_torque": 565345.2896336586,
        "final_avg_max_coil_torque": 443464.33068848035,
        "avg_BdotN_over_B": 0.0012131852089036083,
        "max_BdotN_over_B": 0.004526026959294556,
        "lagrange_multipliers": null,
        "output_directory": "/Users/akaptanoglu/actions-runner/_work/stellcoilbench/stellcoilbench/cases/done/2026-03-17_131415_57026/order_4",
        "flux_threshold": 8e-06,
        "cc_threshold": 0.10500000000000001,
        "cs_threshold": 0.2419803738122472,
        "msc_threshold": 21.230579123016398,
        "arclength_variation_threshold": 0.0,
        "curvature_threshold": 22.87250182791426,
        "force_threshold": 0.0,
        "torque_threshold": 0.0,
        "timing": {
          "coil_initialization": 0.14364270796068013,
          "biotsavart_setup": 1.202388042001985,
          "objective_setup": 0.031146666035056114,
          "coil_optimization": 72.90409295796417,
          "save_and_metrics": 0.8603320420952514
        },
        "fourier_order": 4,
        "continuation_step": 1
      },
      {
        "initial_B_field": 1.0970892348370338,
        "final_B_field": 1.0971329047983147,
        "target_B_field": 1.0,
        "optimization_time": 12.890527963638306,
        "walltime_sec": 12.890527963638306,
        "iterations_used": 500,
        "final_squared_flux": 0.0,
        "optimization_success": true,
        "optimization_message": "Completed",
        "optimization_nfev": 500,
        "optimization_njev": null,
        "_cached_thresholds": {
          "length_threshold": 19.80141933783816,
          "flux_threshold": 8e-06,
          "cc_threshold": 0.10500000000000001,
          "cs_threshold": 0.2419803738122472,
          "msc_threshold": 21.230579123016398,
          "curvature_threshold": 22.87250182791426,
          "force_threshold": 0.0,
          "torque_threshold": 0.0,
          "finite_build_width": 0.05,
          "major_radius": 1.0098736979848935,
          "minor_radius": 0.16831206437162433,
          "a0": 10.100286074838271,
          "arclength_variation_threshold": 0.0,
          "coil_width": 0.039602838675676315
        },
        "final_min_cs_separation": 0.3242554534144459,
        "final_min_cc_separation": 0.10502820789094483,
        "final_length_per_coil": [
          7.068525007245228,
          6.687135093838004,
          6.026435769908817
        ],
        "final_current_per_coil": [
          410716.3721572355,
          438908.54171964974,
          400818.2566302498
        ],
        "total_current_before": 1250443.170507135,
        "total_current_after": 1250443.170507135,
        "final_total_length": 19.78209587099205,
        "final_max_curvature": 2.0479197784575325,
        "final_average_curvature": 1.3716025835044756,
        "final_arclength_variation": 3.049181124400045e-05,
        "final_mean_squared_curvature": 2.3728113255823855,
        "final_max_torsion": 18.411924630046812,
        "final_linking_number": 0,
        "coils_linked_to_surface": true,
        "final_max_max_coil_force": 749892.782199558,
        "final_avg_max_coil_force": 650458.4312833933,
        "final_max_force_per_coil": [
          556591.1581051367,
          749892.782199558,
          644891.353545485
        ],
        "final_max_torque_per_coil": [
          389705.2874730417,
          568785.2074687369,
          307066.7610878684
        ],
        "final_max_max_coil_torque": 568785.2074687369,
        "final_avg_max_coil_torque": 421852.41867654904,
        "avg_BdotN_over_B": 0.001211606741482316,
        "max_BdotN_over_B": 0.005169856698112277,
        "lagrange_multipliers": null,
        "output_directory": "/Users/akaptanoglu/actions-runner/_work/stellcoilbench/stellcoilbench/cases/done/2026-03-17_131415_57026/order_8",
        "flux_threshold": 8e-06,
        "cc_threshold": 0.10500000000000001,
        "cs_threshold": 0.2419803738122472,
        "msc_threshold": 21.230579123016398,
        "arclength_variation_threshold": 0.0,
        "curvature_threshold": 22.87250182791426,
        "force_threshold": 0.0,
        "torque_threshold": 0.0,
        "timing": {
          "coil_initialization": 7.499475032091141e-07,
          "biotsavart_setup": 0.002955583040602505,
          "objective_setup": 0.004553708015009761,
          "coil_optimization": 12.890538292005658,
          "save_and_metrics": 0.9618189580505714
        },
        "fourier_order": 8,
        "continuation_step": 2
      },
      {
        "initial_B_field": 1.0971329047983147,
        "final_B_field": 1.0971288421228271,
        "target_B_field": 1.0,
        "optimization_time": 6.2435548305511475,
        "walltime_sec": 6.2435548305511475,
        "iterations_used": 500,
        "final_squared_flux": 0.0,
        "optimization_success": true,
        "optimization_message": "Completed",
        "optimization_nfev": 500,
        "optimization_njev": null,
        "_cached_thresholds": {
          "length_threshold": 19.80141933783816,
          "flux_threshold": 8e-06,