{
  "metadata": {
    "contact": "auto",
    "hardware": "CPU: self-hosted runner",
    "run_date": "2026-03-25T18:52:24.611890",
    "iterations_used": 500,
    "walltime_sec": 126.54791116714478,
    "tags": [
      "explore"
    ],
    "parent_ids": []
  },
  "version_info": {
    "stellcoilbench_commit": "8eca08cb9acc8b383bd80b332cec6f1f68b8f020",
    "stellcoilbench_branch": "main",
    "simsopt_version": "0.1.dev5668+ga79006b0b",
    "simsopt_commit": "a79006b0b"
  },
  "metrics": {
    "fourier_continuation": true,
    "fourier_orders": [
      4,
      8,
      16
    ],
    "final_order": 16,
    "continuation_results": [
      {
        "initial_B_field": 2.50000000044544,
        "final_B_field": 2.0110161557254314,
        "target_B_field": 2.5,
        "optimization_time": 1034.0099370479584,
        "walltime_sec": 1034.0099370479584,
        "iterations_used": 500,
        "final_squared_flux": 0.4311001958539825,
        "optimization_success": true,
        "optimization_message": "Completed",
        "optimization_nfev": 500,
        "optimization_njev": null,
        "_cached_thresholds": {
          "length_threshold": 35.22438635255905,
          "flux_threshold": 1e-08,
          "cc_threshold": 0.3480512182044387,
          "cs_threshold": 0.3082827442023372,
          "msc_threshold": 6.039909904194643,
          "curvature_threshold": 3.7595357566925838,
          "force_threshold": 177.75889513956304,
          "torque_threshold": 0.0,
          "finite_build_width": 0.10789896047081801,
          "major_radius": 5.483631261799852,
          "minor_radius": 0.5240806651439732,
          "a0": 3.2437754587511507,
          "arclength_variation_threshold": 0.0,
          "coil_width": 0.12331309768093489
        },
        "final_min_cs_separation": 0.046064501944710234,
        "final_min_cc_separation": 0.18584339367647854,
        "final_length_per_coil": [
          7.1385488721441925,
          4.671673197336976,
          6.001026267849146,
          4.856184230511347,
          6.116907683449203,
          6.503343977837743
        ],
        "final_current_per_coil": [
          450113.8581211072,
          1087645.458220949,
          708526.1929354673,
          1465596.7759938485,
          1698823.7462016009,
          1464293.9709769487
        ],
        "total_current_before": 6875000.002449921,
        "total_current_after": 6875000.002449921,
        "final_total_length": 35.28768422912861,
        "final_max_curvature": 4.4485445052275265,
        "final_average_curvature": 1.6116144778942267,
        "final_arclength_variation": 0.21348255797911606,
        "final_mean_squared_curvature": 5.009224070396042,
        "final_max_torsion": 9.55595836541939,
        "final_linking_number": 0,
        "coils_linked_to_surface": false,
        "final_max_max_coil_force": 3339695.9645447936,
        "final_avg_max_coil_force": 1984751.9979997668,
        "final_max_force_per_coil": [
          420493.70962859545,
          1454651.8142916297,
          839832.4985997324,
          2650240.5178145645,
          3203597.4831192843,
          3339695.9645447936
        ],
        "final_max_torque_per_coil": [
          382679.08448577527,
          813091.7850103087,
          442883.3034495466,
          1262194.4567152697,
          1704392.4560869855,
          1838418.235184634
        ],
        "final_max_max_coil_torque": 1838418.235184634,
        "final_avg_max_coil_torque": 1073943.22015542,
        "avg_BdotN_over_B": 0.057004590672451984,
        "max_BdotN_over_B": 0.9978238689245457,
        "lagrange_multipliers": null,
        "output_directory": "/Users/akaptanoglu/actions-runner/_work/stellcoilbench/stellcoilbench/cases/done/2026-03-25_181603_79859/order_4",
        "flux_threshold": 1e-08,
        "cc_threshold": 0.3480512182044387,
        "cs_threshold": 0.3082827442023372,
        "msc_threshold": 6.039909904194643,
        "arclength_variation_threshold": 0.0,
        "curvature_threshold": 3.7595357566925838,
        "force_threshold": 177.75889513956304,
        "torque_threshold": 0.0,
        "timing": {
          "coil_initialization": 2.696994125144556,
          "biotsavart_setup": 3.7390815829858184,
          "objective_setup": 0.03447675006464124,
          "coil_optimization": 1034.0107220001519,
          "save_and_metrics": 2.282036375021562
        },
        "fourier_order": 4,
        "continuation_step": 1
      },
      {
        "initial_B_field": 2.0110161557254314,
        "final_B_field": 2.1426074721832955,
        "target_B_field": 2.5,
        "optimization_time": 931.2070529460907,
        "walltime_sec": 931.2070529460907,
        "iterations_used": 500,
        "final_squared_flux": 0.8718438714937429,
        "optimization_success": true,
        "optimization_message": "Completed",
        "optimization_nfev": 500,
        "optimization_njev": null,
        "_cached_thresholds": {
          "length_threshold": 35.22438635255905,
          "flux_threshold": 1e-08,
          "cc_threshold": 0.3480512182044387,
          "cs_threshold": 0.3082827442023372,
          "msc_threshold": 6.039909904194643,
          "curvature_threshold": 3.7595357566925838,
          "force_threshold": 177.75889513956304,
          "torque_threshold": 0.0,
          "finite_build_width": 0.10789896047081801,
          "major_radius": 5.483631261799852,
          "minor_radius": 0.5240806651439732,
          "a0": 3.2437754587511507,
          "arclength_variation_threshold": 0.0,
          "coil_width": 0.12331309768093489
        },
        "final_min_cs_separation": 0.03969095806503862,
        "final_min_cc_separation": 0.17781119151360703,
        "final_length_per_coil": [
          7.037930059885264,
          4.643020295597856,
          5.95347880039589,
          4.840556563686448,
          6.077116495299634,
          6.495516655269214
        ],
        "final_current_per_coil": [
          450103.3944080846,
          1087584.4169470144,
          708517.294745986,
          1465584.8446125733,
          1698811.3945486702,
          1464398.6571875932
        ],
        "total_current_before": 6875000.002449921,
        "total_current_after": 6875000.002449921,
        "final_total_length": 35.04761887013431,
        "final_max_curvature": 7.8573232863830675,
        "final_average_curvature": 1.5804278007943946,
        "final_arclength_variation": 0.6122060797554387,
        "final_mean_squared_curvature": 6.0692990887414195,
        "final_max_torsion": 4.081034281831179,
        "final_linking_number": 0,
        "coils_linked_to_surface": false,
        "final_max_max_coil_force": 3225127.2155814334,
        "final_avg_max_coil_force": 1775000.5737983778,
        "final_max_force_per_coil": [
          432572.2277595939,
          1154337.4083114453,
          733850.1986328019,
          2134583.564467269,
          2969532.8280377216,
          3225127.2155814334
        ],
        "final_max_torque_per_coil": [
          377054.1769600076,
          683962.1605457973,
          398697.4597050813,
          1077791.5618985018,
          1234491.4009791985,
          2149186.802020013
        ],
        "final_max_max_coil_torque": 2149186.802020013,
        "final_avg_max_coil_torque": 986863.9270180998,
        "avg_BdotN_over_B": 0.06669905920159655,
        "max_BdotN_over_B": 0.9971483671823019,
        "lagrange_multipliers": null,
        "output_directory": "/Users/akaptanoglu/actions-runner/_work/stellcoilbench/stellcoilbench/cases/done/2026-03-25_181603_79859/order_8",
        "flux_threshold": 1e-08,
        "cc_threshold": 0.3480512182044387,
        "cs_threshold": 0.3082827442023372,
        "msc_threshold": 6.039909904194643,
        "arclength_variation_threshold": 0.0,
        "curvature_threshold": 3.7595357566925838,
        "force_threshold": 177.75889513956304,
        "torque_threshold": 0.0,