{
  "metadata": {
    "contact": "auto",
    "hardware": "CPU: self-hosted runner",
    "run_date": "2026-03-25T18:50:24.490638",
    "iterations_used": 500,
    "walltime_sec": 51.51390480995178,
    "tags": [
      "explore"
    ],
    "parent_ids": []
  },
  "version_info": {
    "stellcoilbench_commit": "8eca08cb9acc8b383bd80b332cec6f1f68b8f020",
    "stellcoilbench_branch": "main",
    "simsopt_version": "0.1.dev5668+ga79006b0b",
    "simsopt_commit": "a79006b0b"
  },
  "metrics": {
    "fourier_continuation": true,
    "fourier_orders": [
      4,
      8,
      16
    ],
    "final_order": 16,
    "continuation_results": [
      {
        "initial_B_field": 2.50000000044544,
        "final_B_field": 2.7707664799172504,
        "target_B_field": 2.5,
        "optimization_time": 1522.5098950862885,
        "walltime_sec": 1522.5098950862885,
        "iterations_used": 500,
        "final_squared_flux": 0.05101089469138114,
        "optimization_success": true,
        "optimization_message": "Completed",
        "optimization_nfev": 500,
        "optimization_njev": null,
        "_cached_thresholds": {
          "length_threshold": 58.39800023424874,
          "flux_threshold": 1e-08,
          "cc_threshold": 0.22658781698871783,
          "cs_threshold": 0.32277203317984704,
          "msc_threshold": 19.981656825907088,
          "curvature_threshold": 3.276213213338662,
          "force_threshold": 315.61935213648695,
          "torque_threshold": 0.0,
          "finite_build_width": 0.10789896047081801,
          "major_radius": 5.483631261799852,
          "minor_radius": 0.5240806651439732,
          "a0": 3.2437754587511507,
          "arclength_variation_threshold": 0.0,
          "coil_width": 0.12331309768093489
        },
        "final_min_cs_separation": 0.06726291006319447,
        "final_min_cc_separation": 0.14836477767211168,
        "final_length_per_coil": [
          9.458606698841322,
          11.362732384133938,
          10.699406769557267,
          11.914325118714542,
          8.659734578694277,
          6.329371393240465
        ],
        "final_current_per_coil": [
          1421179.5876501305,
          1912359.24688908,
          1349651.5681871732,
          1754682.0852999361,
          465233.6594710959,
          902361.1738946969
        ],
        "total_current_before": 6875000.002449921,
        "total_current_after": 6875000.00244992,
        "final_total_length": 58.42417694318181,
        "final_max_curvature": 3.680331300799565,
        "final_average_curvature": 1.053803536179914,
        "final_arclength_variation": 0.08491489071045782,
        "final_mean_squared_curvature": 3.2377448606136783,
        "final_max_torsion": 23.22057207383694,
        "final_linking_number": 0,
        "coils_linked_to_surface": false,
        "final_max_max_coil_force": 3534566.6066366513,
        "final_avg_max_coil_force": 2650224.459621347,
        "final_max_force_per_coil": [
          3030290.8676824896,
          3534566.6066366513,
          2948740.589303877,
          3253088.0425855317,
          1057758.0196403805,
          2076902.6318791504
        ],
        "final_max_torque_per_coil": [
          2495916.1701838737,
          3352152.5992135196,
          2459029.952679158,
          2984645.5181695386,
          796189.265158003,
          1030809.0802836049
        ],
        "final_max_max_coil_torque": 3352152.5992135196,
        "final_avg_max_coil_torque": 2186457.097614616,
        "avg_BdotN_over_B": 0.009245237868277283,
        "max_BdotN_over_B": 0.06584722042060702,
        "lagrange_multipliers": null,
        "output_directory": "/Users/akaptanoglu/actions-runner/_work/stellcoilbench/stellcoilbench/cases/done/2026-03-25_181603_79327/order_4",
        "flux_threshold": 1e-08,
        "cc_threshold": 0.22658781698871783,
        "cs_threshold": 0.32277203317984704,
        "msc_threshold": 19.981656825907088,
        "arclength_variation_threshold": 0.0,
        "curvature_threshold": 3.276213213338662,
        "force_threshold": 315.61935213648695,
        "torque_threshold": 0.0,
        "timing": {
          "coil_initialization": 2.6389534170739353,
          "biotsavart_setup": 3.8759842910803854,
          "objective_setup": 0.03949941601604223,
          "coil_optimization": 1522.5110520829912,
          "save_and_metrics": 2.274388208054006
        },
        "fourier_order": 4,
        "continuation_step": 1
      },
      {
        "initial_B_field": 2.7707664799172504,
        "final_B_field": 2.770953634470676,
        "target_B_field": 2.5,
        "optimization_time": 397.44870710372925,
        "walltime_sec": 397.44870710372925,
        "iterations_used": 500,
        "final_squared_flux": 0.05259507273252685,
        "optimization_success": true,
        "optimization_message": "Completed",
        "optimization_nfev": 500,
        "optimization_njev": null,
        "_cached_thresholds": {
          "length_threshold": 58.39800023424874,
          "flux_threshold": 1e-08,
          "cc_threshold": 0.22658781698871783,
          "cs_threshold": 0.32277203317984704,
          "msc_threshold": 19.981656825907088,
          "curvature_threshold": 3.276213213338662,
          "force_threshold": 315.61935213648695,
          "torque_threshold": 0.0,
          "finite_build_width": 0.10789896047081801,
          "major_radius": 5.483631261799852,
          "minor_radius": 0.5240806651439732,
          "a0": 3.2437754587511507,
          "arclength_variation_threshold": 0.0,
          "coil_width": 0.12331309768093489
        },
        "final_min_cs_separation": 0.06467708759204202,
        "final_min_cc_separation": 0.14932594385198442,
        "final_length_per_coil": [
          9.458011872025741,
          11.362694028049104,
          10.699898533314213,
          11.915351280664474,
          8.658668894091862,
          6.331360263848088
        ],
        "final_current_per_coil": [
          1421179.5876501305,
          1912359.2468890783,
          1349651.5681871732,
          1754682.0852999345,
          465233.65947109513,
          902361.1738947006
        ],
        "total_current_before": 6875000.00244992,
        "total_current_after": 6875000.002449922,
        "final_total_length": 58.425984871993485,
        "final_max_curvature": 3.607643251309917,
        "final_average_curvature": 1.0536906976598526,
        "final_arclength_variation": 0.08684670104793464,
        "final_mean_squared_curvature": 3.267390235352937,
        "final_max_torsion": 8.074418860756259,
        "final_linking_number": 0,
        "coils_linked_to_surface": false,
        "final_max_max_coil_force": 3514600.630865316,
        "final_avg_max_coil_force": 2676707.138153421,
        "final_max_force_per_coil": [
          3112343.094109012,
          3514600.630865316,
          2963667.502929553,
          3337901.9026556634,
          1064809.2747080366,
          2066920.423652947
        ],
        "final_max_torque_per_coil": [
          2239858.4222856276,
          3035800.5469337828,
          2443591.912713528,
          2930483.1138805263,
          800571.5878117299,
          989195.8751313785
        ],
        "final_max_max_coil_torque": 3035800.5469337828,
        "final_avg_max_coil_torque": 2073250.2431260953,
        "avg_BdotN_over_B": 0.009305548833044698,
        "max_BdotN_over_B": 0.08623625958144193,
        "lagrange_multipliers": null,
        "output_directory": "/Users/akaptanoglu/actions-runner/_work/stellcoilbench/stellcoilbench/cases/done/2026-03-25_181603_79327/order_8",
        "flux_threshold": 1e-08,
        "cc_threshold": 0.22658781698871783,
        "cs_threshold": 0.32277203317984704,
        "msc_threshold": 19.981656825907088,
        "arclength_variation_threshold": 0.0,
        "curvature_threshold": 3.276213213338662,
        "force_threshold": 315.61935213648695,
        "torque_threshold": 0.0,