{
  "metadata": {
    "contact": "auto",
    "hardware": "CPU: self-hosted runner",
    "run_date": "2026-03-29T15:05:42.266349",
    "iterations_used": 500,
    "walltime_sec": 213.13730573654175,
    "tags": [
      "explore"
    ],
    "parent_ids": []
  },
  "version_info": {
    "stellcoilbench_commit": "22eae3e81693132bea64d2e35f953b77af13ca87",
    "stellcoilbench_branch": "main",
    "simsopt_version": "0.1.dev5668+ga79006b0b",
    "simsopt_commit": "a79006b0b"
  },
  "metrics": {
    "fourier_continuation": true,
    "fourier_orders": [
      4,
      8,
      16
    ],
    "final_order": 16,
    "continuation_results": [
      {
        "initial_B_field": 2.5000971540886527,
        "final_B_field": 2.7705671341977585,
        "target_B_field": 2.5,
        "optimization_time": 307.4646682739258,
        "walltime_sec": 307.4646682739258,
        "iterations_used": 500,
        "final_squared_flux": 0.10586933768635136,
        "optimization_success": true,
        "optimization_message": "Completed",
        "optimization_nfev": 500,
        "optimization_njev": null,
        "_cached_thresholds": {
          "length_threshold": 32.443675999853966,
          "flux_threshold": 1e-08,
          "cc_threshold": 0.3150649645747886,
          "cs_threshold": 0.3243134469008587,
          "msc_threshold": 8.475985273716757,
          "curvature_threshold": 8.012125383115343,
          "force_threshold": 363.62722892600397,
          "torque_threshold": 0.0,
          "finite_build_width": 0.10789896047081801,
          "major_radius": 5.483631261799852,
          "minor_radius": 0.5240806651439732,
          "a0": 3.2437754587511507,
          "arclength_variation_threshold": 0.0,
          "coil_width": 0.12331309768093489
        },
        "final_min_cs_separation": 0.38676221882388545,
        "final_min_cc_separation": 0.22274465678373911,
        "final_length_per_coil": [
          10.727918922658242,
          11.441275430820864,
          10.411710610979755
        ],
        "final_current_per_coil": [
          2695406.347438049,
          2562175.808563734,
          1617948.7888251552
        ],
        "total_current_before": 6875530.944826938,
        "total_current_after": 6875530.944826938,
        "final_total_length": 32.58090496445886,
        "final_max_curvature": 1.6865122389825258,
        "final_average_curvature": 0.9762074616697037,
        "final_arclength_variation": 0.13180101097023963,
        "final_mean_squared_curvature": 1.202229217572154,
        "final_max_torsion": 13.54913831617468,
        "final_linking_number": 0,
        "coils_linked_to_surface": true,
        "final_max_max_coil_force": 5890992.883457122,
        "final_avg_max_coil_force": 5059141.751864983,
        "final_max_force_per_coil": [
          5890992.883457122,
          5781729.41910679,
          3504702.953031035
        ],
        "final_max_torque_per_coil": [
          5506953.634297781,
          4888677.286758902,
          2425453.5534527865
        ],
        "final_max_max_coil_torque": 5506953.634297781,
        "final_avg_max_coil_torque": 4273694.82483649,
        "avg_BdotN_over_B": 0.014179125589663355,
        "max_BdotN_over_B": 0.08322680321563401,
        "lagrange_multipliers": null,
        "output_directory": "/Users/akaptanoglu/actions-runner/_work/stellcoilbench/stellcoilbench/cases/done/2026-03-29_144745_99448/order_4",
        "flux_threshold": 1e-08,
        "cc_threshold": 0.3150649645747886,
        "cs_threshold": 0.3243134469008587,
        "msc_threshold": 8.475985273716757,
        "arclength_variation_threshold": 0.0,
        "curvature_threshold": 8.012125383115343,
        "force_threshold": 363.62722892600397,
        "torque_threshold": 0.0,
        "timing": {
          "coil_initialization": 0.453158708056435,
          "biotsavart_setup": 1.620190832996741,
          "objective_setup": 0.02855745912529528,
          "coil_optimization": 307.4649539170787,
          "save_and_metrics": 1.1933984579518437
        },
        "fourier_order": 4,
        "continuation_step": 1
      },
      {
        "initial_B_field": 2.7705671341977585,
        "final_B_field": 3.1934015623295577,
        "target_B_field": 2.5,
        "optimization_time": 182.99819993972778,
        "walltime_sec": 182.99819993972778,
        "iterations_used": 500,
        "final_squared_flux": 2.239372368132572,
        "optimization_success": true,
        "optimization_message": "Completed",
        "optimization_nfev": 500,
        "optimization_njev": null,
        "_cached_thresholds": {
          "length_threshold": 32.443675999853966,
          "flux_threshold": 1e-08,
          "cc_threshold": 0.3150649645747886,
          "cs_threshold": 0.3243134469008587,
          "msc_threshold": 8.475985273716757,
          "curvature_threshold": 8.012125383115343,
          "force_threshold": 363.62722892600397,
          "torque_threshold": 0.0,
          "finite_build_width": 0.10789896047081801,
          "major_radius": 5.483631261799852,
          "minor_radius": 0.5240806651439732,
          "a0": 3.2437754587511507,
          "arclength_variation_threshold": 0.0,
          "coil_width": 0.12331309768093489
        },
        "final_min_cs_separation": 0.22922151145465142,
        "final_min_cc_separation": 0.021218301072393655,
        "final_length_per_coil": [
          11.48798838230003,
          11.893689126453163,
          11.666618926135468
        ],
        "final_current_per_coil": [
          2595326.5795165813,
          2606822.9105052,
          1673381.4548051571
        ],
        "total_current_before": 6875530.944826938,
        "total_current_after": 6875530.944826938,
        "final_total_length": 35.04829643488866,
        "final_max_curvature": 2.6632688782992315,
        "final_average_curvature": 0.9465295053342949,
        "final_arclength_variation": 0.9021783522666822,
        "final_mean_squared_curvature": 1.4657959889424779,
        "final_max_torsion": 1.8064487443313781,
        "final_linking_number": 0,
        "coils_linked_to_surface": true,
        "final_max_max_coil_force": 77285828.77676035,
        "final_avg_max_coil_force": 33228588.792730372,
        "final_max_force_per_coil": [
          77285828.77676035,
          18872450.161071125,
          3527487.440359634
        ],
        "final_max_torque_per_coil": [
          62767084.347876005,
          16689905.958706647,
          3179259.6901755678
        ],
        "final_max_max_coil_torque": 62767084.347876005,
        "final_avg_max_coil_torque": 27545416.665586073,
        "avg_BdotN_over_B": 0.05386652428180974,
        "max_BdotN_over_B": 0.21515754434186235,
        "lagrange_multipliers": null,
        "output_directory": "/Users/akaptanoglu/actions-runner/_work/stellcoilbench/stellcoilbench/cases/done/2026-03-29_144745_99448/order_8",
        "flux_threshold": 1e-08,
        "cc_threshold": 0.3150649645747886,
        "cs_threshold": 0.3243134469008587,
        "msc_threshold": 8.475985273716757,
        "arclength_variation_threshold": 0.0,
        "curvature_threshold": 8.012125383115343,
        "force_threshold": 363.62722892600397,
        "torque_threshold": 0.0,
        "timing": {
          "coil_initialization": 5.830079317092896e-07,
          "biotsavart_setup": 0.0032060828525573015,
          "objective_setup": 0.004787875106558204,
          "coil_optimization": 182.9983625409659,
          "save_and_metrics": 1.1718647498637438
        },
        "fourier_order": 8,
        "continuation_step": 2
      },
      {
        "initial_B_field": 3.1934015623295577,
        "final_B_field": 3.120884063406858,
        "target_B_field": 2.5,
        "optimization_time": 213.13730573654175,
        "walltime_sec": 213.13730573654175,
        "iterations_used": 500,
        "final_squared_flux": 1.9587784886386168,
        "optimization_success": true,
        "optimization_message": "Completed",