{
  "metadata": {
    "contact": "auto",
    "hardware": "CPU: self-hosted runner",
    "run_date": "2026-03-29T02:40:32.452139",
    "iterations_used": 500,
    "walltime_sec": 56.29489207267761,
    "tags": [
      "explore"
    ],
    "parent_ids": []
  },
  "version_info": {
    "stellcoilbench_commit": "a103090e60d98777dd2188d757570b4b52993ef7",
    "stellcoilbench_branch": "main",
    "simsopt_version": "0.1.dev5668+ga79006b0b",
    "simsopt_commit": "a79006b0b"
  },
  "metrics": {
    "fourier_continuation": true,
    "fourier_orders": [
      4,
      8,
      16
    ],
    "final_order": 16,
    "continuation_results": [
      {
        "initial_B_field": 2.5000971540886527,
        "final_B_field": 2.749452361043908,
        "target_B_field": 2.5,
        "optimization_time": 306.3694820404053,
        "walltime_sec": 306.3694820404053,
        "iterations_used": 500,
        "final_squared_flux": 0.10578108777762742,
        "optimization_success": true,
        "optimization_message": "Completed",
        "optimization_nfev": 500,
        "optimization_njev": null,
        "_cached_thresholds": {
          "length_threshold": 38.24247441829993,
          "flux_threshold": 1e-08,
          "cc_threshold": 0.22658781698871783,
          "cs_threshold": 0.3634653554145556,
          "msc_threshold": 32.194471428105174,
          "curvature_threshold": 3.5746405555437684,
          "force_threshold": 729.8494782190089,
          "torque_threshold": 0.0,
          "finite_build_width": 0.10789896047081801,
          "major_radius": 5.483631261799852,
          "minor_radius": 0.5240806651439732,
          "a0": 3.2437754587511507,
          "arclength_variation_threshold": 0.0,
          "coil_width": 0.12331309768093489
        },
        "final_min_cs_separation": 0.3185501390876597,
        "final_min_cc_separation": 0.13956575331974336,
        "final_length_per_coil": [
          12.748039477677457,
          16.12513985141602,
          9.500935812923789
        ],
        "final_current_per_coil": [
          3250483.928091437,
          2853882.91773782,
          771164.0989976805
        ],
        "total_current_before": 6875530.944826938,
        "total_current_after": 6875530.944826938,
        "final_total_length": 38.37411514201726,
        "final_max_curvature": 1.801403737060377,
        "final_average_curvature": 0.8193564857805812,
        "final_arclength_variation": 0.14121430586521735,
        "final_mean_squared_curvature": 1.561023768255722,
        "final_max_torsion": 6.016287915000091,
        "final_linking_number": 0,
        "coils_linked_to_surface": true,
        "final_max_max_coil_force": 9976394.838518493,
        "final_avg_max_coil_force": 6551400.951667976,
        "final_max_force_per_coil": [
          7780885.046953132,
          9976394.838518493,
          1896922.9695323003
        ],
        "final_max_torque_per_coil": [
          16265515.698617784,
          23981188.284807485,
          1272647.9051310993
        ],
        "final_max_max_coil_torque": 23981188.284807485,
        "final_avg_max_coil_torque": 13839783.962852122,
        "avg_BdotN_over_B": 0.013819278169492315,
        "max_BdotN_over_B": 0.07102542421443468,
        "lagrange_multipliers": null,
        "output_directory": "/Users/akaptanoglu/actions-runner/_work/stellcoilbench/stellcoilbench/cases/done/2026-03-29_021418_56795/order_4",
        "flux_threshold": 1e-08,
        "cc_threshold": 0.22658781698871783,
        "cs_threshold": 0.3634653554145556,
        "msc_threshold": 32.194471428105174,
        "arclength_variation_threshold": 0.0,
        "curvature_threshold": 3.5746405555437684,
        "force_threshold": 729.8494782190089,
        "torque_threshold": 0.0,
        "timing": {
          "coil_initialization": 0.4380781250074506,
          "biotsavart_setup": 1.5766882910393178,
          "objective_setup": 0.030668958090245724,
          "coil_optimization": 306.3695459999144,
          "save_and_metrics": 1.1830543328542262
        },
        "fourier_order": 4,
        "continuation_step": 1
      },
      {
        "initial_B_field": 2.749452361043908,
        "final_B_field": 2.7548126459496824,
        "target_B_field": 2.5,
        "optimization_time": 915.1985049247742,
        "walltime_sec": 915.1985049247742,
        "iterations_used": 500,
        "final_squared_flux": 0.14706589253203292,
        "optimization_success": true,
        "optimization_message": "Completed",
        "optimization_nfev": 500,
        "optimization_njev": null,
        "_cached_thresholds": {
          "length_threshold": 38.24247441829993,
          "flux_threshold": 1e-08,
          "cc_threshold": 0.22658781698871783,
          "cs_threshold": 0.3634653554145556,
          "msc_threshold": 32.194471428105174,
          "curvature_threshold": 3.5746405555437684,
          "force_threshold": 729.8494782190089,
          "torque_threshold": 0.0,
          "finite_build_width": 0.10789896047081801,
          "major_radius": 5.483631261799852,
          "minor_radius": 0.5240806651439732,
          "a0": 3.2437754587511507,
          "arclength_variation_threshold": 0.0,
          "coil_width": 0.12331309768093489
        },
        "final_min_cs_separation": 0.29430507199029216,
        "final_min_cc_separation": 0.10042074714471426,
        "final_length_per_coil": [
          12.590606035255883,
          16.149090746386907,
          9.536254838306018
        ],
        "final_current_per_coil": [
          3250054.527509151,
          2854787.533892637,
          770688.8834251501
        ],
        "total_current_before": 6875530.944826938,
        "total_current_after": 6875530.944826938,
        "final_total_length": 38.27595161994881,
        "final_max_curvature": 2.6794106409340555,
        "final_average_curvature": 0.7578162865297867,
        "final_arclength_variation": 0.6770649770318934,
        "final_mean_squared_curvature": 1.730349293786989,
        "final_max_torsion": 1.1444349884894562,
        "final_linking_number": 0,
        "coils_linked_to_surface": true,
        "final_max_max_coil_force": 11574443.949270932,
        "final_avg_max_coil_force": 7571709.372130692,
        "final_max_force_per_coil": [
          9512671.777581792,
          11574443.949270932,
          1628012.389539354
        ],
        "final_max_torque_per_coil": [
          21653856.8682163,
          29420368.896706533,
          1216200.3685420277
        ],
        "final_max_max_coil_torque": 29420368.896706533,
        "final_avg_max_coil_torque": 17430142.044488285,
        "avg_BdotN_over_B": 0.01673455904128293,
        "max_BdotN_over_B": 0.07508529428719342,
        "lagrange_multipliers": null,
        "output_directory": "/Users/akaptanoglu/actions-runner/_work/stellcoilbench/stellcoilbench/cases/done/2026-03-29_021418_56795/order_8",
        "flux_threshold": 1e-08,
        "cc_threshold": 0.22658781698871783,
        "cs_threshold": 0.3634653554145556,
        "msc_threshold": 32.194471428105174,
        "arclength_variation_threshold": 0.0,
        "curvature_threshold": 3.5746405555437684,
        "force_threshold": 729.8494782190089,
        "torque_threshold": 0.0,
        "timing": {
          "coil_initialization": 7.499475032091141e-07,
          "biotsavart_setup": 0.0034338748082518578,
          "objective_setup": 0.005644624819979072,
          "coil_optimization": 915.1987097922247,
          "save_and_metrics": 1.1549414999317378
        },
        "fourier_order": 8,
        "continuation_step": 2
      },
      {
        "initial_B_field": 2.7548126459496824,
        "final_B_field": 2.7548126459496824,
        "target_B_field": 2.5,
        "optimization_time": 56.29489207267761,
        "walltime_sec": 56.29489207267761,
        "iterations_used": 500,
        "final_squared_flux": 0.14706589253203292,
        "optimization_success": true,
        "optimization_message": "Completed",