{
  "metadata": {
    "contact": "auto",
    "hardware": "CPU: self-hosted runner",
    "run_date": "2026-03-18T17:50:46.756086",
    "iterations_used": 500,
    "walltime_sec": 747.9811909198761,
    "tags": [
      "explore"
    ],
    "parent_ids": []
  },
  "version_info": {
    "stellcoilbench_commit": "2570bbc8f62201e696ce471620908d9689116bdc",
    "stellcoilbench_branch": "main",
    "simsopt_version": "0.1.dev5668+ga79006b0b",
    "simsopt_commit": "a79006b0b"
  },
  "metrics": {
    "fourier_continuation": true,
    "fourier_orders": [
      4,
      8,
      16
    ],
    "final_order": 16,
    "continuation_results": [
      {
        "initial_B_field": 1.0000050243934888,
        "final_B_field": 1.0541386228671685,
        "target_B_field": 1.0,
        "optimization_time": 528.587112903595,
        "walltime_sec": 528.587112903595,
        "iterations_used": 500,
        "final_squared_flux": 0.08852810005721844,
        "optimization_success": true,
        "optimization_message": "Completed",
        "optimization_nfev": 500,
        "optimization_njev": null,
        "_cached_thresholds": {
          "length_threshold": 11.836298409192759,
          "flux_threshold": 1e-08,
          "cc_threshold": 0.15316397857817815,
          "cs_threshold": 0.2961302261973697,
          "msc_threshold": 13.73638906178005,
          "curvature_threshold": 11.312320403818864,
          "force_threshold": 1772.6002061341167,
          "torque_threshold": 0.0,
          "finite_build_width": 0.05,
          "major_radius": 1.0098736979848935,
          "minor_radius": 0.16831206437162433,
          "a0": 10.100286074838271,
          "arclength_variation_threshold": 0.0,
          "coil_width": 0.039602838675676315
        },
        "final_min_cs_separation": 0.2324850743673311,
        "final_min_cc_separation": 0.1134124440878735,
        "final_length_per_coil": [
          2.819034748166544,
          2.772109376693783,
          2.740356122218873,
          2.7192740319823474,
          2.729223404004462
        ],
        "final_current_per_coil": [
          547269.8803819251,
          154807.0793964702,
          523178.54194556363,
          13361.342640869825,
          321009.8528680451
        ],
        "total_current_before": 1250012.5384399334,
        "total_current_after": 1250012.5384399334,
        "final_total_length": 13.77999768306601,
        "final_max_curvature": 3.303653278261216,
        "final_average_curvature": 2.281507421845471,
        "final_arclength_variation": 0.026618822079450145,
        "final_mean_squared_curvature": 5.641781022274907,
        "final_max_torsion": 3.3122993208120657,
        "final_linking_number": 0,
        "coils_linked_to_surface": true,
        "final_max_max_coil_force": 556363.7713076097,
        "final_avg_max_coil_force": 301467.56141774263,
        "final_max_force_per_coil": [
          460317.2908713875,
          142005.96212820895,
          556363.7713076097,
          13098.274313229733,
          335552.50846827694
        ],
        "final_max_torque_per_coil": [
          87284.5257315443,
          23920.06838112905,
          96312.29278704186,
          1486.8302666901666,
          46070.18576753668
        ],
        "final_max_max_coil_torque": 96312.29278704186,
        "final_avg_max_coil_torque": 51014.780586788416,
        "avg_BdotN_over_B": 0.10831655404479455,
        "max_BdotN_over_B": 0.47734662901106717,
        "lagrange_multipliers": null,
        "output_directory": "/Users/akaptanoglu/actions-runner/_work/stellcoilbench/stellcoilbench/cases/done/2026-03-18_171542_79420/order_4",
        "flux_threshold": 1e-08,
        "cc_threshold": 0.15316397857817815,
        "cs_threshold": 0.2961302261973697,
        "msc_threshold": 13.73638906178005,
        "arclength_variation_threshold": 0.0,
        "curvature_threshold": 11.312320403818864,
        "force_threshold": 1772.6002061341167,
        "torque_threshold": 0.0,
        "timing": {
          "coil_initialization": 0.2317743330495432,
          "biotsavart_setup": 1.3370150839909911,
          "objective_setup": 0.04144200007431209,
          "coil_optimization": 528.5874177500373,
          "save_and_metrics": 0.9403234589844942
        },
        "fourier_order": 4,
        "continuation_step": 1
      },
      {
        "initial_B_field": 1.0541386228671685,
        "final_B_field": 1.0541311781856781,
        "target_B_field": 1.0,
        "optimization_time": 576.8420720100403,
        "walltime_sec": 576.8420720100403,
        "iterations_used": 500,
        "final_squared_flux": 0.08854228496683306,
        "optimization_success": true,
        "optimization_message": "Completed",
        "optimization_nfev": 500,
        "optimization_njev": null,
        "_cached_thresholds": {
          "length_threshold": 11.836298409192759,
          "flux_threshold": 1e-08,
          "cc_threshold": 0.15316397857817815,
          "cs_threshold": 0.2961302261973697,
          "msc_threshold": 13.73638906178005,
          "curvature_threshold": 11.312320403818864,
          "force_threshold": 1772.6002061341167,
          "torque_threshold": 0.0,
          "finite_build_width": 0.05,
          "major_radius": 1.0098736979848935,
          "minor_radius": 0.16831206437162433,
          "a0": 10.100286074838271,
          "arclength_variation_threshold": 0.0,
          "coil_width": 0.039602838675676315
        },
        "final_min_cs_separation": 0.23258818600607803,
        "final_min_cc_separation": 0.11338613749963503,
        "final_length_per_coil": [
          2.819035518011121,
          2.7721122167163905,
          2.7403504398545095,
          2.7192638612257363,
          2.7292265322652405
        ],
        "final_current_per_coil": [
          547176.0576258613,
          154552.45567772156,
          522836.81752865965,
          13674.466780167897,
          320877.6521829661
        ],
        "total_current_before": 1250012.5384399334,
        "total_current_after": 1250012.5384399334,
        "final_total_length": 13.779988568072998,
        "final_max_curvature": 3.318310962806656,
        "final_average_curvature": 2.2781400789333275,
        "final_arclength_variation": 0.023535757820948085,
        "final_mean_squared_curvature": 5.634279463886932,
        "final_max_torsion": 3.02517482514128,
        "final_linking_number": 0,
        "coils_linked_to_surface": true,
        "final_max_max_coil_force": 429691.96251436666,
        "final_avg_max_coil_force": 237772.02081722952,
        "final_max_force_per_coil": [
          320921.39367835125,
          149634.18306227133,
          429691.96251436666,
          13294.169018122644,
          275318.3958130357
        ],
        "final_max_torque_per_coil": [
          72966.44881716794,
          24874.20192687568,
          89349.72791314594,
          1508.4004146466916,
          41260.249076374785
        ],
        "final_max_max_coil_torque": 89349.72791314594,
        "final_avg_max_coil_torque": 45991.8056296422,
        "avg_BdotN_over_B": 0.10832306098561123,
        "max_BdotN_over_B": 0.47734414561710115,
        "lagrange_multipliers": null,
        "output_directory": "/Users/akaptanoglu/actions-runner/_work/stellcoilbench/stellcoilbench/cases/done/2026-03-18_171542_79420/order_8",
        "flux_threshold": 1e-08,
        "cc_threshold": 0.15316397857817815,
        "cs_threshold": 0.2961302261973697,
        "msc_threshold": 13.73638906178005,
        "arclength_variation_threshold": 0.0,
        "curvature_threshold": 11.312320403818864,
        "force_threshold": 1772.6002061341167,
        "torque_threshold": 0.0,
        "timing": {
          "coil_initialization": 8.329516276717186e-07,
          "biotsavart_setup": 0.003082041977904737,
          "objective_setup": 0.009340250049717724,
          "coil_optimization": 576.8424009589944,
          "save_and_metrics": 1.003428417025134
        },