{
  "metadata": {
    "contact": "auto",
    "hardware": "CPU: self-hosted runner",
    "run_date": "2026-03-20T15:13:29.195798",
    "iterations_used": 500,
    "walltime_sec": 276.4841170310974,
    "tags": [
      "explore"
    ],
    "parent_ids": []
  },
  "version_info": {
    "stellcoilbench_commit": "50202228b59396840e2c216b4fc6ff2d3fe0c8df",
    "stellcoilbench_branch": "main",
    "simsopt_version": "0.1.dev5668+ga79006b0b",
    "simsopt_commit": "a79006b0b"
  },
  "metrics": {
    "fourier_continuation": true,
    "fourier_orders": [
      4,
      8,
      16
    ],
    "final_order": 16,
    "continuation_results": [
      {
        "initial_B_field": 1.0000008292436955,
        "final_B_field": 1.0967505035443788,
        "target_B_field": 1.0,
        "optimization_time": 498.1262001991272,
        "walltime_sec": 498.1262001991272,
        "iterations_used": 500,
        "final_squared_flux": 2.854954458834905e-05,
        "optimization_success": true,
        "optimization_message": "Completed",
        "optimization_nfev": 500,
        "optimization_njev": null,
        "_cached_thresholds": {
          "length_threshold": 19.1846051254645,
          "flux_threshold": 1e-08,
          "cc_threshold": 0.17138128436898925,
          "cs_threshold": 0.10564057216736657,
          "msc_threshold": 6.9792976777132445,
          "curvature_threshold": 6.474283373971332,
          "force_threshold": 588.8466781630711,
          "torque_threshold": 0.0,
          "finite_build_width": 0.05,
          "major_radius": 1.0098736979848935,
          "minor_radius": 0.16831206437162433,
          "a0": 10.100286074838271,
          "arclength_variation_threshold": 0.0,
          "coil_width": 0.039602838675676315
        },
        "final_min_cs_separation": 0.19161964116787958,
        "final_min_cc_separation": 0.17037227565214041,
        "final_length_per_coil": [
          3.208891927031254,
          3.929613808713499,
          3.101693239388233,
          3.0250975681309433,
          2.9732808112989906,
          2.948161925695448
        ],
        "final_current_per_coil": [
          154254.9102431507,
          357697.38367448904,
          160500.18273211728,
          188342.4275260379,
          194124.73384352875,
          195082.43443504907
        ],
        "total_current_before": 1250002.0724543727,
        "total_current_after": 1250002.0724543727,
        "final_total_length": 19.18673928025837,
        "final_max_curvature": 4.068369193868589,
        "final_average_curvature": 2.419047163113419,
        "final_arclength_variation": 0.0011704864140905352,
        "final_mean_squared_curvature": 7.023211555656258,
        "final_max_torsion": 17.840418215364014,
        "final_linking_number": 0,
        "coils_linked_to_surface": true,
        "final_max_max_coil_force": 227639.2618726519,
        "final_avg_max_coil_force": 168875.96939303682,
        "final_max_force_per_coil": [
          168045.13779735015,
          227639.2618726519,
          177293.32529038936,
          164650.65911339206,
          144718.96827546196,
          130908.46400897551
        ],
        "final_max_torque_per_coil": [
          46600.95322169758,
          58442.09697357521,
          41059.95814180219,
          30203.936279832444,
          23748.817515503477,
          19979.589625024102
        ],
        "final_max_max_coil_torque": 58442.09697357521,
        "final_avg_max_coil_torque": 36672.558626239166,
        "avg_BdotN_over_B": 0.00225442784276216,
        "max_BdotN_over_B": 0.010220086435176887,
        "lagrange_multipliers": null,
        "output_directory": "/Users/akaptanoglu/actions-runner/_work/stellcoilbench/stellcoilbench/cases/done/2026-03-20_145312_44468/order_4",
        "flux_threshold": 1e-08,
        "cc_threshold": 0.17138128436898925,
        "cs_threshold": 0.10564057216736657,
        "msc_threshold": 6.9792976777132445,
        "arclength_variation_threshold": 0.0,
        "curvature_threshold": 6.474283373971332,
        "force_threshold": 588.8466781630711,
        "torque_threshold": 0.0,
        "timing": {
          "coil_initialization": 0.29883958399295807,
          "biotsavart_setup": 1.530612374888733,
          "objective_setup": 0.035856708185747266,
          "coil_optimization": 498.12670662486926,
          "save_and_metrics": 1.0649383328855038
        },
        "fourier_order": 4,
        "continuation_step": 1
      },
      {
        "initial_B_field": 1.0967505035443788,
        "final_B_field": 1.094815956356312,
        "target_B_field": 1.0,
        "optimization_time": 318.21698904037476,
        "walltime_sec": 318.21698904037476,
        "iterations_used": 500,
        "final_squared_flux": 1.9743081242474334e-05,
        "optimization_success": true,
        "optimization_message": "Completed",
        "optimization_nfev": 500,
        "optimization_njev": null,
        "_cached_thresholds": {
          "length_threshold": 19.1846051254645,
          "flux_threshold": 1e-08,
          "cc_threshold": 0.17138128436898925,
          "cs_threshold": 0.10564057216736657,
          "msc_threshold": 6.9792976777132445,
          "curvature_threshold": 6.474283373971332,
          "force_threshold": 588.8466781630711,
          "torque_threshold": 0.0,
          "finite_build_width": 0.05,
          "major_radius": 1.0098736979848935,
          "minor_radius": 0.16831206437162433,
          "a0": 10.100286074838271,
          "arclength_variation_threshold": 0.0,
          "coil_width": 0.039602838675676315
        },
        "final_min_cs_separation": 0.2075309327794429,
        "final_min_cc_separation": 0.17065375095909877,
        "final_length_per_coil": [
          3.359789445288449,
          3.7453316764853093,
          3.1159753344387027,
          3.026087389462548,
          2.9815969260926227,
          2.9576734629205874
        ],
        "final_current_per_coil": [
          191745.45422885034,
          297140.71341549396,
          172364.02159408006,
          190652.258170262,
          198048.92820806702,
          200050.6968376194
        ],
        "total_current_before": 1250002.0724543727,
        "total_current_after": 1250002.072454373,
        "final_total_length": 19.18645423468822,
        "final_max_curvature": 5.056150916831347,
        "final_average_curvature": 2.436166775642184,
        "final_arclength_variation": 0.0004781226875254405,
        "final_mean_squared_curvature": 6.995814654275095,
        "final_max_torsion": 96.67066350961889,
        "final_linking_number": 0,
        "coils_linked_to_surface": true,
        "final_max_max_coil_force": 196711.03199429877,
        "final_avg_max_coil_force": 154822.7490027063,
        "final_max_force_per_coil": [
          196711.03199429877,
          162883.5719098629,
          179329.16140274997,
          151236.61577787725,
          127661.32512031264,
          111114.78781113622
        ],
        "final_max_torque_per_coil": [
          57255.11290059648,
          34197.945201397684,
          41760.77555828422,
          24751.597863798073,
          18159.737914318044,
          15145.679036694924
        ],
        "final_max_max_coil_torque": 57255.11290059648,
        "final_avg_max_coil_torque": 31878.474745848234,
        "avg_BdotN_over_B": 0.001997620717744006,
        "max_BdotN_over_B": 0.008446473566971589,
        "lagrange_multipliers": null,
        "output_directory": "/Users/akaptanoglu/actions-runner/_work/stellcoilbench/stellcoilbench/cases/done/2026-03-20_145312_44468/order_8",
        "flux_threshold": 1e-08,
        "cc_threshold": 0.17138128436898925,
        "cs_threshold": 0.10564057216736657,
        "msc_threshold": 6.9792976777132445,
        "arclength_variation_threshold": 0.0,
        "curvature_threshold": 6.474283373971332,
        "force_threshold": 588.8466781630711,
        "torque_threshold": 0.0,