{
  "metadata": {
    "contact": "auto",
    "hardware": "CPU: self-hosted runner",
    "run_date": "2026-03-27T14:51:52.237678",
    "iterations_used": 500,
    "walltime_sec": 121.87677192687988,
    "tags": [
      "explore"
    ],
    "parent_ids": []
  },
  "version_info": {
    "stellcoilbench_commit": "fd49e84c999036192cf1124a811a5196cebacf35",
    "stellcoilbench_branch": "main",
    "simsopt_version": "0.1.dev5668+ga79006b0b",
    "simsopt_commit": "a79006b0b"
  },
  "metrics": {
    "fourier_continuation": true,
    "fourier_orders": [
      4,
      8,
      16
    ],
    "final_order": 16,
    "continuation_results": [
      {
        "initial_B_field": 2.500000766903552,
        "final_B_field": 2.7339570009136636,
        "target_B_field": 2.5,
        "optimization_time": 699.5223920345306,
        "walltime_sec": 699.5223920345306,
        "iterations_used": 500,
        "final_squared_flux": 0.40464249095641125,
        "optimization_success": true,
        "optimization_message": "Completed",
        "optimization_nfev": 500,
        "optimization_njev": null,
        "_cached_thresholds": {
          "length_threshold": 34.564661279966046,
          "flux_threshold": 1e-08,
          "cc_threshold": 0.42358049053401137,
          "cs_threshold": 0.22597125150031316,
          "msc_threshold": 7.86615548747154,
          "curvature_threshold": 4.249345850964008,
          "force_threshold": 249.7707103238386,
          "torque_threshold": 0.0,
          "finite_build_width": 0.10789896047081801,
          "major_radius": 5.483631261799852,
          "minor_radius": 0.5240806651439732,
          "a0": 3.2437754587511507,
          "arclength_variation_threshold": 0.0,
          "coil_width": 0.12331309768093489
        },
        "final_min_cs_separation": 0.22339092730271365,
        "final_min_cc_separation": 0.3228900301969627,
        "final_length_per_coil": [
          8.249131910566762,
          7.925191609230057,
          6.52347512981497,
          6.263402684358677,
          6.010214634130245
        ],
        "final_current_per_coil": [
          2257335.4299950106,
          1580349.6428172437,
          1007248.3956024532,
          1083005.2829521382,
          947065.4662502697
        ],
        "total_current_before": 6875004.217617116,
        "total_current_after": 6875004.217617115,
        "final_total_length": 34.97141596810071,
        "final_max_curvature": 2.7982222525808815,
        "final_average_curvature": 1.3136642284054936,
        "final_arclength_variation": 0.229382693484825,
        "final_mean_squared_curvature": 2.5187689059773133,
        "final_max_torsion": 6.401421992620785,
        "final_linking_number": 0,
        "coils_linked_to_surface": true,
        "final_max_max_coil_force": 3916442.453100556,
        "final_avg_max_coil_force": 2550463.1279196497,
        "final_max_force_per_coil": [
          3530712.2385227797,
          3916442.453100556,
          2381014.8732572664,
          1681973.6565386392,
          1242172.418179007
        ],
        "final_max_torque_per_coil": [
          3488398.7559672995,
          3502966.5861808322,
          942938.6410685856,
          757977.9876016241,
          553498.7840995875
        ],
        "final_max_max_coil_torque": 3502966.5861808322,
        "final_avg_max_coil_torque": 1849156.1509835857,
        "avg_BdotN_over_B": 0.027658035667916293,
        "max_BdotN_over_B": 0.1707079153492985,
        "lagrange_multipliers": null,
        "output_directory": "/Users/akaptanoglu/actions-runner/_work/stellcoilbench/stellcoilbench/cases/done/2026-03-27_141931_61180/order_4",
        "flux_threshold": 1e-08,
        "cc_threshold": 0.42358049053401137,
        "cs_threshold": 0.22597125150031316,
        "msc_threshold": 7.86615548747154,
        "arclength_variation_threshold": 0.0,
        "curvature_threshold": 4.249345850964008,
        "force_threshold": 249.7707103238386,
        "torque_threshold": 0.0,
        "timing": {
          "coil_initialization": 0.702686833916232,
          "biotsavart_setup": 2.4140960827935487,
          "objective_setup": 0.05328937480226159,
          "coil_optimization": 699.5230239580851,
          "save_and_metrics": 2.137962375069037
        },
        "fourier_order": 4,
        "continuation_step": 1
      },
      {
        "initial_B_field": 2.7339570009136636,
        "final_B_field": 2.7379621243125154,
        "target_B_field": 2.5,
        "optimization_time": 956.6365370750427,
        "walltime_sec": 956.6365370750427,
        "iterations_used": 500,
        "final_squared_flux": 0.4154555394473517,
        "optimization_success": true,
        "optimization_message": "Completed",
        "optimization_nfev": 500,
        "optimization_njev": null,
        "_cached_thresholds": {
          "length_threshold": 34.564661279966046,
          "flux_threshold": 1e-08,
          "cc_threshold": 0.42358049053401137,
          "cs_threshold": 0.22597125150031316,
          "msc_threshold": 7.86615548747154,
          "curvature_threshold": 4.249345850964008,
          "force_threshold": 249.7707103238386,
          "torque_threshold": 0.0,
          "finite_build_width": 0.10789896047081801,
          "major_radius": 5.483631261799852,
          "minor_radius": 0.5240806651439732,
          "a0": 3.2437754587511507,
          "arclength_variation_threshold": 0.0,
          "coil_width": 0.12331309768093489
        },
        "final_min_cs_separation": 0.21667141627658557,
        "final_min_cc_separation": 0.36287380373128375,
        "final_length_per_coil": [
          8.209857706297596,
          7.90766384420543,
          6.506447900115581,
          6.248114481069668,
          5.997749381655822
        ],
        "final_current_per_coil": [
          2257334.4833495994,
          1580347.2801019875,
          1007254.3623976145,
          1083005.5530217336,
          947062.538746181
        ],
        "total_current_before": 6875004.217617115,
        "total_current_after": 6875004.217617116,
        "final_total_length": 34.8698333133441,
        "final_max_curvature": 5.5135148448473075,
        "final_average_curvature": 1.2884979545568036,
        "final_arclength_variation": 0.7391698067516891,
        "final_mean_squared_curvature": 3.6040175798826772,
        "final_max_torsion": 3.102928888230268,
        "final_linking_number": 0,
        "coils_linked_to_surface": true,
        "final_max_max_coil_force": 4177551.7134710946,
        "final_avg_max_coil_force": 2396027.858028899,
        "final_max_force_per_coil": [
          2909657.250792524,
          4177551.7134710946,
          2321110.8774731425,
          1439613.4189858437,
          1132206.0294218913
        ],
        "final_max_torque_per_coil": [
          2902671.9542807713,
          3800370.107107499,
          1036784.749356465,
          753857.6413929792,
          566092.1673579444
        ],
        "final_max_max_coil_torque": 3800370.107107499,
        "final_avg_max_coil_torque": 1811955.323899132,
        "avg_BdotN_over_B": 0.02801816015331355,
        "max_BdotN_over_B": 0.16990101662611598,
        "lagrange_multipliers": null,
        "output_directory": "/Users/akaptanoglu/actions-runner/_work/stellcoilbench/stellcoilbench/cases/done/2026-03-27_141931_61180/order_8",
        "flux_threshold": 1e-08,
        "cc_threshold": 0.42358049053401137,
        "cs_threshold": 0.22597125150031316,
        "msc_threshold": 7.86615548747154,
        "arclength_variation_threshold": 0.0,
        "curvature_threshold": 4.249345850964008,
        "force_threshold": 249.7707103238386,
        "torque_threshold": 0.0,
        "timing": {
          "coil_initialization": 5.830079317092896e-07,
          "biotsavart_setup": 0.00513070821762085,
          "objective_setup": 0.011758166830986738,
          "coil_optimization": 956.6374774998985,
          "save_and_metrics": 1.8652868748176843
        },