{
  "metadata": {
    "contact": "auto",
    "hardware": "CPU: self-hosted runner",
    "run_date": "2026-03-29T09:33:40.357416",
    "iterations_used": 500,
    "walltime_sec": 153.61698293685913,
    "tags": [
      "explore"
    ],
    "parent_ids": []
  },
  "version_info": {
    "stellcoilbench_commit": "f5e04d02ed986db9421dcf21cb6b0b903e3811a5",
    "stellcoilbench_branch": "main",
    "simsopt_version": "0.1.dev5668+ga79006b0b",
    "simsopt_commit": "a79006b0b"
  },
  "metrics": {
    "fourier_continuation": true,
    "fourier_orders": [
      4,
      8,
      16
    ],
    "final_order": 16,
    "continuation_results": [
      {
        "initial_B_field": 2.500000766903552,
        "final_B_field": 2.775114193924265,
        "target_B_field": 2.5,
        "optimization_time": 518.6617350578308,
        "walltime_sec": 518.6617350578308,
        "iterations_used": 500,
        "final_squared_flux": 0.05065944948542665,
        "optimization_success": true,
        "optimization_message": "Completed",
        "optimization_nfev": 500,
        "optimization_njev": null,
        "_cached_thresholds": {
          "length_threshold": 57.85542260445262,
          "flux_threshold": 1e-08,
          "cc_threshold": 0.22658781698871783,
          "cs_threshold": 0.45286735123323335,
          "msc_threshold": 10.328181060663665,
          "curvature_threshold": 21.597057004365162,
          "force_threshold": 843.3816192752992,
          "torque_threshold": 0.0,
          "finite_build_width": 0.10789896047081801,
          "major_radius": 5.483631261799852,
          "minor_radius": 0.5240806651439732,
          "a0": 3.2437754587511507,
          "arclength_variation_threshold": 0.0,
          "coil_width": 0.12331309768093489
        },
        "final_min_cs_separation": 0.41938708472029645,
        "final_min_cc_separation": 0.13685813913519676,
        "final_length_per_coil": [
          11.019129237393775,
          7.937481613534109,
          16.161296114116755,
          12.702155677749413,
          12.980990186678369
        ],
        "final_current_per_coil": [
          1660307.1285719015,
          842602.5544117574,
          2458716.861451519,
          860037.9625687961,
          1053339.7106131418
        ],
        "total_current_before": 6875004.217617116,
        "total_current_after": 6875004.217617116,
        "final_total_length": 60.801052829472425,
        "final_max_curvature": 1.715132869578036,
        "final_average_curvature": 0.7832600436133669,
        "final_arclength_variation": 0.07301825998457331,
        "final_mean_squared_curvature": 1.0031753091213453,
        "final_max_torsion": 4.358357756448395,
        "final_linking_number": 10,
        "coils_linked_to_surface": true,
        "final_max_max_coil_force": 6229735.020307555,
        "final_avg_max_coil_force": 3556960.691627741,
        "final_max_force_per_coil": [
          4792257.421128072,
          1938557.132962084,
          6229735.020307555,
          2360650.7172115697,
          2463603.166529423
        ],
        "final_max_torque_per_coil": [
          4733048.0298696095,
          1293393.087764327,
          15601122.38615019,
          4462981.853749238,
          1825479.809689487
        ],
        "final_max_max_coil_torque": 15601122.38615019,
        "final_avg_max_coil_torque": 5583205.03344457,
        "avg_BdotN_over_B": 0.009397600455745034,
        "max_BdotN_over_B": 0.06775024218679895,
        "lagrange_multipliers": null,
        "output_directory": "/Users/akaptanoglu/actions-runner/_work/stellcoilbench/stellcoilbench/cases/done/2026-03-29_083016_79888/order_4",
        "flux_threshold": 1e-08,
        "cc_threshold": 0.22658781698871783,
        "cs_threshold": 0.45286735123323335,
        "msc_threshold": 10.328181060663665,
        "arclength_variation_threshold": 0.0,
        "curvature_threshold": 21.597057004365162,
        "force_threshold": 843.3816192752992,
        "torque_threshold": 0.0,
        "timing": {
          "coil_initialization": 0.7667352089192718,
          "biotsavart_setup": 2.631779042072594,
          "objective_setup": 0.045329707907512784,
          "coil_optimization": 518.6622003749944,
          "save_and_metrics": 1.9383078331593424
        },
        "fourier_order": 4,
        "continuation_step": 1
      },
      {
        "initial_B_field": 2.775114193924265,
        "final_B_field": 2.7654223089675694,
        "target_B_field": 2.5,
        "optimization_time": 2828.987884044647,
        "walltime_sec": 2828.987884044647,
        "iterations_used": 500,
        "final_squared_flux": 0.2094293967597897,
        "optimization_success": true,
        "optimization_message": "Completed",
        "optimization_nfev": 500,
        "optimization_njev": null,
        "_cached_thresholds": {
          "length_threshold": 57.85542260445262,
          "flux_threshold": 1e-08,
          "cc_threshold": 0.22658781698871783,
          "cs_threshold": 0.45286735123323335,
          "msc_threshold": 10.328181060663665,
          "curvature_threshold": 21.597057004365162,
          "force_threshold": 843.3816192752992,
          "torque_threshold": 0.0,
          "finite_build_width": 0.10789896047081801,
          "major_radius": 5.483631261799852,
          "minor_radius": 0.5240806651439732,
          "a0": 3.2437754587511507,
          "arclength_variation_threshold": 0.0,
          "coil_width": 0.12331309768093489
        },
        "final_min_cs_separation": 0.3934002482288124,
        "final_min_cc_separation": 0.08876821858703518,
        "final_length_per_coil": [
          10.820017046920595,
          7.754897872412166,
          15.835052149626483,
          12.432767974657091,
          12.743081697091016
        ],
        "final_current_per_coil": [
          1658337.420080785,
          842654.9188548196,
          2458048.9661658215,
          859411.0433857504,
          1056551.869129939
        ],
        "total_current_before": 6875004.217617116,
        "total_current_after": 6875004.217617115,
        "final_total_length": 59.58581674070735,
        "final_max_curvature": 2.344002394033051,
        "final_average_curvature": 0.7410299073473111,
        "final_arclength_variation": 0.5376612382587532,
        "final_mean_squared_curvature": 1.0773283755732732,
        "final_max_torsion": 1.3421045873228326,
        "final_linking_number": 10,
        "coils_linked_to_surface": true,
        "final_max_max_coil_force": 7056100.539993715,
        "final_avg_max_coil_force": 4059537.556375485,
        "final_max_force_per_coil": [
          4871174.968703498,
          1868026.2107024007,
          7056100.539993715,
          2630223.68668308,
          3872162.37579473
        ],
        "final_max_torque_per_coil": [
          4700431.766347374,
          1307620.2240568367,
          15564440.026358178,
          5247530.434031177,
          2665153.3181051337
        ],
        "final_max_max_coil_torque": 15564440.026358178,
        "final_avg_max_coil_torque": 5897035.15377974,
        "avg_BdotN_over_B": 0.019439388846121956,
        "max_BdotN_over_B": 0.07576296199072505,
        "lagrange_multipliers": null,
        "output_directory": "/Users/akaptanoglu/actions-runner/_work/stellcoilbench/stellcoilbench/cases/done/2026-03-29_083016_79888/order_8",
        "flux_threshold": 1e-08,
        "cc_threshold": 0.22658781698871783,
        "cs_threshold": 0.45286735123323335,
        "msc_threshold": 10.328181060663665,
        "arclength_variation_threshold": 0.0,
        "curvature_threshold": 21.597057004365162,
        "force_threshold": 843.3816192752992,
        "torque_threshold": 0.0,
        "timing": {
          "coil_initialization": 5.420297384262085e-07,
          "biotsavart_setup": 0.004269415978342295,
          "objective_setup": 0.009399167029187083,
          "coil_optimization": 2828.98904354102,