{
  "metadata": {
    "contact": "auto",
    "hardware": "CPU: self-hosted runner",
    "run_date": "2026-03-21T12:04:37.424620",
    "iterations_used": 500,
    "walltime_sec": 64.44729924201965,
    "tags": [
      "explore"
    ],
    "parent_ids": []
  },
  "version_info": {
    "stellcoilbench_commit": "e3bbb477d0c154b753c4ee6128e1957a91272b5d",
    "stellcoilbench_branch": "main",
    "simsopt_version": "0.1.dev5668+ga79006b0b",
    "simsopt_commit": "a79006b0b"
  },
  "metrics": {
    "fourier_continuation": true,
    "fourier_orders": [
      4,
      8,
      16
    ],
    "final_order": 16,
    "continuation_results": [
      {
        "initial_B_field": 2.500000000019017,
        "final_B_field": 2.02570421067177,
        "target_B_field": 2.5,
        "optimization_time": 969.7214598655701,
        "walltime_sec": 969.7214598655701,
        "iterations_used": 500,
        "final_squared_flux": 1.091900299655493,
        "optimization_success": true,
        "optimization_message": "Completed",
        "optimization_nfev": 500,
        "optimization_njev": null,
        "_cached_thresholds": {
          "length_threshold": 38.93302776531317,
          "flux_threshold": 1e-08,
          "cc_threshold": 0.27221366313066375,
          "cs_threshold": 0.33726132215735694,
          "msc_threshold": 10.895841765945114,
          "curvature_threshold": 9.47182433955336,
          "force_threshold": 1211.87451138943,
          "torque_threshold": 0.0,
          "finite_build_width": 0.10789896047081801,
          "major_radius": 5.483631261799852,
          "minor_radius": 0.5240806651439732,
          "a0": 3.2437754587511507,
          "arclength_variation_threshold": 0.0,
          "coil_width": 0.12331309768093489
        },
        "final_min_cs_separation": 0.06057821175609381,
        "final_min_cc_separation": 0.18861947396610163,
        "final_length_per_coil": [
          5.517914529023498,
          5.782315015932442,
          5.9905307689051845,
          5.919621815286818,
          6.4009529178926305,
          4.489410659904199,
          4.55573039387515
        ],
        "final_current_per_coil": [
          866261.8139122319,
          354766.97430721467,
          1174183.0081959085,
          1486214.503728441,
          322321.0736106645,
          1509315.9327205252,
          1161936.6936296048
        ],
        "total_current_before": 6875000.00010459,
        "total_current_after": 6875000.00010459,
        "final_total_length": 38.65647610081992,
        "final_max_curvature": 7.394788021304247,
        "final_average_curvature": 1.3237161250124434,
        "final_arclength_variation": 0.3290193661291812,
        "final_mean_squared_curvature": 4.147265623818123,
        "final_max_torsion": 3.2485250469752414,
        "final_linking_number": 0,
        "coils_linked_to_surface": false,
        "final_max_max_coil_force": 2862535.0605797237,
        "final_avg_max_coil_force": 1502953.302555796,
        "final_max_force_per_coil": [
          1086488.9022204587,
          445945.8750640879,
          1333415.250851441,
          2302450.4970489545,
          383961.4024866187,
          2862535.0605797237,
          2105876.129639288
        ],
        "final_max_torque_per_coil": [
          761627.6974250387,
          317608.97683472396,
          556385.9245806772,
          1123765.6316675816,
          259392.3484267073,
          1090102.932952691,
          529427.7022063419
        ],
        "final_max_max_coil_torque": 1123765.6316675816,
        "final_avg_max_coil_torque": 662615.8877276803,
        "avg_BdotN_over_B": 0.08474290008323317,
        "max_BdotN_over_B": 0.9973074337279728,
        "lagrange_multipliers": null,
        "output_directory": "/Users/akaptanoglu/actions-runner/_work/stellcoilbench/stellcoilbench/cases/done/2026-03-21_111413_43068/order_4",
        "flux_threshold": 1e-08,
        "cc_threshold": 0.27221366313066375,
        "cs_threshold": 0.33726132215735694,
        "msc_threshold": 10.895841765945114,
        "arclength_variation_threshold": 0.0,
        "curvature_threshold": 9.47182433955336,
        "force_threshold": 1211.87451138943,
        "torque_threshold": 0.0,
        "timing": {
          "coil_initialization": 3.452911082888022,
          "biotsavart_setup": 3.469317249953747,
          "objective_setup": 0.03846745798364282,
          "coil_optimization": 969.7226553328801,
          "save_and_metrics": 2.5669366670772433
        },
        "fourier_order": 4,
        "continuation_step": 1
      },
      {
        "initial_B_field": 2.02570421067177,
        "final_B_field": 2.0198338535896743,
        "target_B_field": 2.5,
        "optimization_time": 1683.7595641613007,
        "walltime_sec": 1683.7595641613007,
        "iterations_used": 500,
        "final_squared_flux": 1.2556385017260252,
        "optimization_success": true,
        "optimization_message": "Completed",
        "optimization_nfev": 500,
        "optimization_njev": null,
        "_cached_thresholds": {
          "length_threshold": 38.93302776531317,
          "flux_threshold": 1e-08,
          "cc_threshold": 0.27221366313066375,
          "cs_threshold": 0.33726132215735694,
          "msc_threshold": 10.895841765945114,
          "curvature_threshold": 9.47182433955336,
          "force_threshold": 1211.87451138943,
          "torque_threshold": 0.0,
          "finite_build_width": 0.10789896047081801,
          "major_radius": 5.483631261799852,
          "minor_radius": 0.5240806651439732,
          "a0": 3.2437754587511507,
          "arclength_variation_threshold": 0.0,
          "coil_width": 0.12331309768093489
        },
        "final_min_cs_separation": 0.05230787097436962,
        "final_min_cc_separation": 0.18176938216005162,
        "final_length_per_coil": [
          5.5061979349555665,
          5.76253830169032,
          5.973267263510984,
          5.919635603105197,
          6.380521782563358,
          4.47430367913885,
          4.541372736043648
        ],
        "final_current_per_coil": [
          866208.5291315649,
          354847.6302390156,
          1174074.2937373586,
          1485781.0966809709,
          322540.64666440006,
          1509429.3905796607,
          1162118.4130716203
        ],
        "total_current_before": 6875000.00010459,
        "total_current_after": 6875000.000104591,
        "final_total_length": 38.55783730100792,
        "final_max_curvature": 8.346928224777766,
        "final_average_curvature": 1.3052916408197188,
        "final_arclength_variation": 0.40055148347763725,
        "final_mean_squared_curvature": 4.123668163572705,
        "final_max_torsion": 1.3686169153058463,
        "final_linking_number": 0,
        "coils_linked_to_surface": false,
        "final_max_max_coil_force": 2568297.4382610945,
        "final_avg_max_coil_force": 1332715.499090815,
        "final_max_force_per_coil": [
          949638.3399043811,
          451059.8513839021,
          1129708.1139157272,
          2013394.1438828104,
          363561.6693642157,
          2568297.4382610945,
          1853348.9369235735
        ],
        "final_max_torque_per_coil": [
          617458.6143398292,
          306058.6346984759,
          527361.7469761901,
          985630.3871777593,
          224973.70146176958,
          924443.8166961528,
          465800.8600865803
        ],
        "final_max_max_coil_torque": 985630.3871777593,
        "final_avg_max_coil_torque": 578818.2516338225,
        "avg_BdotN_over_B": 0.08683679180675041,
        "max_BdotN_over_B": 0.999381405847125,
        "lagrange_multipliers": null,
        "output_directory": "/Users/akaptanoglu/actions-runner/_work/stellcoilbench/stellcoilbench/cases/done/2026-03-21_111413_43068/order_8",
        "flux_threshold": 1e-08,
        "cc_threshold": 0.27221366313066375,
        "cs_threshold": 0.33726132215735694,
        "msc_threshold": 10.895841765945114,