{
  "metadata": {
    "contact": "auto",
    "hardware": "CPU: self-hosted runner",
    "run_date": "2026-03-15T22:23:27.360560",
    "iterations_used": 500,
    "walltime_sec": 7.349887847900391
  },
  "version_info": {
    "stellcoilbench_commit": "fea62a579e0615a126b9175954df2285453bd4e1",
    "stellcoilbench_branch": "main",
    "simsopt_version": "0.1.dev5668+ga79006b0b",
    "simsopt_commit": "a79006b0b"
  },
  "metrics": {
    "fourier_continuation": true,
    "fourier_orders": [
      4,
      8,
      16
    ],
    "final_order": 16,
    "continuation_results": [
      {
        "initial_B_field": 1.0000305513510055,
        "final_B_field": 1.0973336158486036,
        "target_B_field": 1.0,
        "optimization_time": 53.7830228805542,
        "walltime_sec": 53.7830228805542,
        "iterations_used": 500,
        "final_squared_flux": 0.0,
        "optimization_success": true,
        "optimization_message": "Completed",
        "optimization_nfev": 500,
        "optimization_njev": null,
        "_cached_thresholds": {
          "length_threshold": 19.80141933783816,
          "flux_threshold": 1.5e-05,
          "cc_threshold": 0.10500000000000001,
          "cs_threshold": 0.018217305790811104,
          "msc_threshold": 64.6086110380648,
          "curvature_threshold": 196.60128062441314,
          "force_threshold": 0.0,
          "torque_threshold": 0.0,
          "finite_build_width": 0.05,
          "major_radius": 1.0098736979848935,
          "minor_radius": 0.16831206437162433,
          "a0": 10.100286074838271,
          "arclength_variation_threshold": 0.0,
          "coil_width": 0.039602838675676315
        },
        "final_min_cs_separation": 0.2713010052260526,
        "final_min_cc_separation": 0.10402498104467474,
        "final_length_per_coil": [
          4.501877193750939,
          4.666791551881954,
          4.771877311265088,
          5.054244688622517
        ],
        "final_current_per_coil": [
          245244.73814049273,
          302985.5776294489,
          297866.25899285136,
          403979.049872671
        ],
        "total_current_before": 1250075.624635464,
        "total_current_after": 1250075.624635464,
        "final_total_length": 18.994790745520497,
        "final_max_curvature": 2.7642301765540966,
        "final_average_curvature": 1.8501117019105116,
        "final_arclength_variation": 0.0016205362795292597,
        "final_mean_squared_curvature": 4.082346247330882,
        "final_max_torsion": 18.5334150458166,
        "final_linking_number": 0,
        "coils_linked_to_surface": true,
        "final_max_max_coil_force": 475742.6128457513,
        "final_avg_max_coil_force": 361813.0152312933,
        "final_max_force_per_coil": [
          240128.88133635864,
          394632.2811617025,
          336748.2855813607,
          475742.6128457513
        ],
        "final_max_torque_per_coil": [
          88484.21456460148,
          184226.38655860166,
          134130.7901547944,
          131015.71387036121
        ],
        "final_max_max_coil_torque": 184226.38655860166,
        "final_avg_max_coil_torque": 134464.27628708968,
        "avg_BdotN_over_B": 0.0016189109009586782,
        "max_BdotN_over_B": 0.009130205594658578,
        "lagrange_multipliers": null,
        "output_directory": "/Users/akaptanoglu/actions-runner/_work/stellcoilbench/stellcoilbench/cases/done/2026-03-15_221915_64623/order_4",
        "flux_threshold": 1.5e-05,
        "cc_threshold": 0.10500000000000001,
        "cs_threshold": 0.018217305790811104,
        "msc_threshold": 64.6086110380648,
        "arclength_variation_threshold": 0.0,
        "curvature_threshold": 196.60128062441314,
        "force_threshold": 0.0,
        "torque_threshold": 0.0,
        "timing": {
          "coil_initialization": 0.19652375008445233,
          "biotsavart_setup": 1.2539702500216663,
          "objective_setup": 0.03252037498168647,
          "coil_optimization": 53.78306837496348,
          "save_and_metrics": 0.9681925419718027
        },
        "fourier_order": 4,
        "continuation_step": 1
      },
      {
        "initial_B_field": 1.0973336158486036,
        "final_B_field": 1.0972769497270312,
        "target_B_field": 1.0,
        "optimization_time": 9.785439014434814,
        "walltime_sec": 9.785439014434814,
        "iterations_used": 500,
        "final_squared_flux": 0.0,
        "optimization_success": true,
        "optimization_message": "Completed",
        "optimization_nfev": 500,
        "optimization_njev": null,
        "_cached_thresholds": {
          "length_threshold": 19.80141933783816,
          "flux_threshold": 1.5e-05,
          "cc_threshold": 0.10500000000000001,
          "cs_threshold": 0.018217305790811104,
          "msc_threshold": 64.6086110380648,
          "curvature_threshold": 196.60128062441314,
          "force_threshold": 0.0,
          "torque_threshold": 0.0,
          "finite_build_width": 0.05,
          "major_radius": 1.0098736979848935,
          "minor_radius": 0.16831206437162433,
          "a0": 10.100286074838271,
          "arclength_variation_threshold": 0.0,
          "coil_width": 0.039602838675676315
        },
        "final_min_cs_separation": 0.27123537493305955,
        "final_min_cc_separation": 0.1055673804014281,
        "final_length_per_coil": [
          4.502492128408096,
          4.666497408118342,
          4.771768975022284,
          5.054507026790907
        ],
        "final_current_per_coil": [
          245274.03221967412,
          302982.721840884,
          297862.09264294815,
          403956.77793195774
        ],
        "total_current_before": 1250075.624635464,
        "total_current_after": 1250075.624635464,
        "final_total_length": 18.99526553833963,
        "final_max_curvature": 2.731807890158884,
        "final_average_curvature": 1.8499316577128524,
        "final_arclength_variation": 0.0002624965194632726,
        "final_mean_squared_curvature": 4.079942037511613,
        "final_max_torsion": 16.821342586674163,
        "final_linking_number": 0,
        "coils_linked_to_surface": true,
        "final_max_max_coil_force": 423443.27053414437,
        "final_avg_max_coil_force": 339232.986348312,
        "final_max_force_per_coil": [
          216193.36367373308,
          375104.160259824,
          342191.15092554665,
          423443.27053414437
        ],
        "final_max_torque_per_coil": [
          80073.33806179256,
          189894.95390215836,
          145411.00360308978,
          102723.62531863838
        ],
        "final_max_max_coil_torque": 189894.95390215836,
        "final_avg_max_coil_torque": 129525.73022141977,
        "avg_BdotN_over_B": 0.0016193802536046903,
        "max_BdotN_over_B": 0.009082292242445784,
        "lagrange_multipliers": null,
        "output_directory": "/Users/akaptanoglu/actions-runner/_work/stellcoilbench/stellcoilbench/cases/done/2026-03-15_221915_64623/order_8",
        "flux_threshold": 1.5e-05,
        "cc_threshold": 0.10500000000000001,
        "cs_threshold": 0.018217305790811104,
        "msc_threshold": 64.6086110380648,
        "arclength_variation_threshold": 0.0,
        "curvature_threshold": 196.60128062441314,
        "force_threshold": 0.0,
        "torque_threshold": 0.0,
        "timing": {
          "coil_initialization": 6.25033862888813e-07,
          "biotsavart_setup": 0.0026850419817492366,
          "objective_setup": 0.006024083937518299,
          "coil_optimization": 9.78544787503779,
          "save_and_metrics": 0.9826311669312418
        },
        "fourier_order": 8,
        "continuation_step": 2
      },
      {
        "initial_B_field": 1.0972769497270312,
        "final_B_field": 1.0972769497270312,
        "target_B_field": 1.0,
        "optimization_time": 7.349887847900391,
        "walltime_sec": 7.349887847900391,
        "iterations_used": 500,
        "final_squared_flux": 0.0,