{
  "metadata": {
    "contact": "auto",
    "hardware": "CPU: self-hosted runner",
    "run_date": "2026-03-19T14:47:24.004225",
    "iterations_used": 500,
    "walltime_sec": 124.97964811325073,
    "tags": [
      "explore"
    ],
    "parent_ids": []
  },
  "version_info": {
    "stellcoilbench_commit": "886a095368c728ad16f8c6341e53ae97d46418f7",
    "stellcoilbench_branch": "main",
    "simsopt_version": "0.1.dev5668+ga79006b0b",
    "simsopt_commit": "a79006b0b"
  },
  "metrics": {
    "fourier_continuation": true,
    "fourier_orders": [
      4,
      8,
      16
    ],
    "final_order": 16,
    "continuation_results": [
      {
        "initial_B_field": 1.0001867526877442,
        "final_B_field": 1.0971799511122877,
        "target_B_field": 1.0,
        "optimization_time": 72.64262509346008,
        "walltime_sec": 72.64262509346008,
        "iterations_used": 500,
        "final_squared_flux": 0.0013771163616841076,
        "optimization_success": true,
        "optimization_message": "Completed",
        "optimization_nfev": 500,
        "optimization_njev": null,
        "_cached_thresholds": {
          "length_threshold": 10.801674248790714,
          "flux_threshold": 1e-08,
          "cc_threshold": 0.1439563185860834,
          "cs_threshold": 0.1708862488855433,
          "msc_threshold": 23.271059116427374,
          "curvature_threshold": 44.84527017228193,
          "force_threshold": 5010.751921727267,
          "torque_threshold": 0.0,
          "finite_build_width": 0.05,
          "major_radius": 1.0098736979848935,
          "minor_radius": 0.16831206437162433,
          "a0": 10.100286074838271,
          "arclength_variation_threshold": 0.0,
          "coil_width": 0.039602838675676315
        },
        "final_min_cs_separation": 0.24376647922969902,
        "final_min_cc_separation": 0.2328618174962771,
        "final_length_per_coil": [
          4.112155027985005,
          3.5908176162710794,
          3.113481163612973
        ],
        "final_current_per_coil": [
          502504.45152190846,
          420666.2431622932,
          327272.4758229335
        ],
        "total_current_before": 1250443.170507135,
        "total_current_after": 1250443.170507135,
        "final_total_length": 10.816453807869056,
        "final_max_curvature": 3.9477276308695037,
        "final_average_curvature": 2.1243283149149677,
        "final_arclength_variation": 0.00842786910204246,
        "final_mean_squared_curvature": 6.577504487988865,
        "final_max_torsion": 41.43979531402854,
        "final_linking_number": 0,
        "coils_linked_to_surface": true,
        "final_max_max_coil_force": 387788.85158009117,
        "final_avg_max_coil_force": 323884.0551383014,
        "final_max_force_per_coil": [
          387788.85158009117,
          337395.93523510604,
          246467.378599707
        ],
        "final_max_torque_per_coil": [
          143459.6459679874,
          93584.97463652641,
          46063.82626478935
        ],
        "final_max_max_coil_torque": 143459.6459679874,
        "final_avg_max_coil_torque": 94369.48228976771,
        "avg_BdotN_over_B": 0.017267110400415696,
        "max_BdotN_over_B": 0.05870595999539254,
        "lagrange_multipliers": null,
        "output_directory": "/Users/akaptanoglu/actions-runner/_work/stellcoilbench/stellcoilbench/cases/done/2026-03-19_144029_38661/order_4",
        "flux_threshold": 1e-08,
        "cc_threshold": 0.1439563185860834,
        "cs_threshold": 0.1708862488855433,
        "msc_threshold": 23.271059116427374,
        "arclength_variation_threshold": 0.0,
        "curvature_threshold": 44.84527017228193,
        "force_threshold": 5010.751921727267,
        "torque_threshold": 0.0,
        "timing": {
          "coil_initialization": 0.15190162509679794,
          "biotsavart_setup": 1.2908385421615094,
          "objective_setup": 0.03334724996238947,
          "coil_optimization": 72.64267516578548,
          "save_and_metrics": 0.7897880838718265
        },
        "fourier_order": 4,
        "continuation_step": 1
      },
      {
        "initial_B_field": 1.0971799511122877,
        "final_B_field": 1.0967209796102377,
        "target_B_field": 1.0,
        "optimization_time": 96.38204002380371,
        "walltime_sec": 96.38204002380371,
        "iterations_used": 500,
        "final_squared_flux": 0.0013415105744610475,
        "optimization_success": true,
        "optimization_message": "Completed",
        "optimization_nfev": 500,
        "optimization_njev": null,
        "_cached_thresholds": {
          "length_threshold": 10.801674248790714,
          "flux_threshold": 1e-08,
          "cc_threshold": 0.1439563185860834,
          "cs_threshold": 0.1708862488855433,
          "msc_threshold": 23.271059116427374,
          "curvature_threshold": 44.84527017228193,
          "force_threshold": 5010.751921727267,
          "torque_threshold": 0.0,
          "finite_build_width": 0.05,
          "major_radius": 1.0098736979848935,
          "minor_radius": 0.16831206437162433,
          "a0": 10.100286074838271,
          "arclength_variation_threshold": 0.0,
          "coil_width": 0.039602838675676315
        },
        "final_min_cs_separation": 0.2293665676773869,
        "final_min_cc_separation": 0.24477555194173956,
        "final_length_per_coil": [
          4.158554171910406,
          3.5880245418935828,
          3.0697610319034108
        ],
        "final_current_per_coil": [
          512977.0461180697,
          420253.8944870704,
          317212.22990199504
        ],
        "total_current_before": 1250443.170507135,
        "total_current_after": 1250443.170507135,
        "final_total_length": 10.8163397457074,
        "final_max_curvature": 4.424936277765388,
        "final_average_curvature": 2.1466373875746982,
        "final_arclength_variation": 0.0022294981668737625,
        "final_mean_squared_curvature": 6.974609923762782,
        "final_max_torsion": 141.35997333400576,
        "final_linking_number": 0,
        "coils_linked_to_surface": true,
        "final_max_max_coil_force": 360536.4394886476,
        "final_avg_max_coil_force": 265506.83371461503,
        "final_max_force_per_coil": [
          360536.4394886476,
          259296.11523432872,
          176687.9464208686
        ],
        "final_max_torque_per_coil": [
          106813.61218332496,
          68182.07098883172,
          30333.330181333204
        ],
        "final_max_max_coil_torque": 106813.61218332496,
        "final_avg_max_coil_torque": 68443.0044511633,
        "avg_BdotN_over_B": 0.017097301402128406,
        "max_BdotN_over_B": 0.059477423164011146,
        "lagrange_multipliers": null,
        "output_directory": "/Users/akaptanoglu/actions-runner/_work/stellcoilbench/stellcoilbench/cases/done/2026-03-19_144029_38661/order_8",
        "flux_threshold": 1e-08,
        "cc_threshold": 0.1439563185860834,
        "cs_threshold": 0.1708862488855433,
        "msc_threshold": 23.271059116427374,
        "arclength_variation_threshold": 0.0,
        "curvature_threshold": 44.84527017228193,
        "force_threshold": 5010.751921727267,
        "torque_threshold": 0.0,
        "timing": {
          "coil_initialization": 5.83939254283905e-07,
          "biotsavart_setup": 0.002333708107471466,
          "objective_setup": 0.0045859168749302626,
          "coil_optimization": 96.38210629206151,
          "save_and_metrics": 0.8213992919772863
        },
        "fourier_order": 8,
        "continuation_step": 2
      },
      {
        "initial_B_field": 1.0967209796102377,
        "final_B_field": 1.0964181274352138,
        "target_B_field": 1.0,
        "optimization_time": 124.97964811325073,
        "walltime_sec": 124.97964811325073,
        "iterations_used": 500,
        "final_squared_flux": 0.0013412486957151504,
        "optimization_success": true,
        "optimization_message": "Completed",