{
  "metadata": {
    "contact": "auto",
    "hardware": "CPU: self-hosted runner",
    "run_date": "2026-03-30T20:44:56.115365",
    "iterations_used": 500,
    "walltime_sec": 40.297006130218506,
    "tags": [
      "explore"
    ],
    "parent_ids": []
  },
  "version_info": {
    "stellcoilbench_commit": "b730ecf92920f846aa322f7b22b074b1315c90cd",
    "stellcoilbench_branch": "main",
    "simsopt_version": "0.1.dev5668+ga79006b0b",
    "simsopt_commit": "a79006b0b"
  },
  "metrics": {
    "fourier_continuation": true,
    "fourier_orders": [
      4,
      8,
      16
    ],
    "final_order": 16,
    "continuation_results": [
      {
        "initial_B_field": 2.5000971540886527,
        "final_B_field": 2.7579120555461683,
        "target_B_field": 2.5,
        "optimization_time": 450.29157304763794,
        "walltime_sec": 450.29157304763794,
        "iterations_used": 500,
        "final_squared_flux": 0.11354854439384156,
        "optimization_success": true,
        "optimization_message": "Completed",
        "optimization_nfev": 500,
        "optimization_njev": null,
        "_cached_thresholds": {
          "length_threshold": 37.19123026056996,
          "flux_threshold": 1e-08,
          "cc_threshold": 0.4275881662086417,
          "cs_threshold": 0.33849445313416626,
          "msc_threshold": 15.816649136870613,
          "curvature_threshold": 2.7280151608097176,
          "force_threshold": 760.6653450771448,
          "torque_threshold": 0.0,
          "finite_build_width": 0.10789896047081801,
          "major_radius": 5.483631261799852,
          "minor_radius": 0.5240806651439732,
          "a0": 3.2437754587511507,
          "arclength_variation_threshold": 0.0,
          "coil_width": 0.12331309768093489
        },
        "final_min_cs_separation": 0.3689562610772022,
        "final_min_cc_separation": 0.32511837989723863,
        "final_length_per_coil": [
          11.33920503610824,
          13.810718479002427,
          12.113028728557786
        ],
        "final_current_per_coil": [
          2535289.2079615844,
          3051607.7775513576,
          1288633.9593139961
        ],
        "total_current_before": 6875530.944826938,
        "total_current_after": 6875530.944826938,
        "final_total_length": 37.26295224366845,
        "final_max_curvature": 1.6518884255546464,
        "final_average_curvature": 0.9094768498616161,
        "final_arclength_variation": 0.1397479311592759,
        "final_mean_squared_curvature": 1.061392152417762,
        "final_max_torsion": 10.618070512206275,
        "final_linking_number": 0,
        "coils_linked_to_surface": true,
        "final_max_max_coil_force": 5261894.065931527,
        "final_avg_max_coil_force": 4382688.557736997,
        "final_max_force_per_coil": [
          5261894.065931527,
          5260272.107327744,
          2625899.4999517193
        ],
        "final_max_torque_per_coil": [
          5571660.35249379,
          6662254.591415526,
          1688679.702046953
        ],
        "final_max_max_coil_torque": 6662254.591415526,
        "final_avg_max_coil_torque": 4640864.881985423,
        "avg_BdotN_over_B": 0.014405829841768861,
        "max_BdotN_over_B": 0.08264167462828846,
        "lagrange_multipliers": null,
        "output_directory": "/Users/akaptanoglu/actions-runner/_work/stellcoilbench/stellcoilbench/cases/done/2026-03-30_202223_28953/order_4",
        "flux_threshold": 1e-08,
        "cc_threshold": 0.4275881662086417,
        "cs_threshold": 0.33849445313416626,
        "msc_threshold": 15.816649136870613,
        "arclength_variation_threshold": 0.0,
        "curvature_threshold": 2.7280151608097176,
        "force_threshold": 760.6653450771448,
        "torque_threshold": 0.0,
        "timing": {
          "coil_initialization": 0.4608684170525521,
          "biotsavart_setup": 1.5959717079531401,
          "objective_setup": 0.03549508308060467,
          "coil_optimization": 450.2920299170073,
          "save_and_metrics": 1.2417584168724716
        },
        "fourier_order": 4,
        "continuation_step": 1
      },
      {
        "initial_B_field": 2.7579120555461683,
        "final_B_field": 3.7154013115944937,
        "target_B_field": 2.5,
        "optimization_time": 536.1439747810364,
        "walltime_sec": 536.1439747810364,
        "iterations_used": 500,
        "final_squared_flux": 1.5648796831522873,
        "optimization_success": true,
        "optimization_message": "Completed",
        "optimization_nfev": 500,
        "optimization_njev": null,
        "_cached_thresholds": {
          "length_threshold": 37.19123026056996,
          "flux_threshold": 1e-08,
          "cc_threshold": 0.4275881662086417,
          "cs_threshold": 0.33849445313416626,
          "msc_threshold": 15.816649136870613,
          "curvature_threshold": 2.7280151608097176,
          "force_threshold": 760.6653450771448,
          "torque_threshold": 0.0,
          "finite_build_width": 0.10789896047081801,
          "major_radius": 5.483631261799852,
          "minor_radius": 0.5240806651439732,
          "a0": 3.2437754587511507,
          "arclength_variation_threshold": 0.0,
          "coil_width": 0.12331309768093489
        },
        "final_min_cs_separation": 0.22679292629220754,
        "final_min_cc_separation": 0.21782508821087782,
        "final_length_per_coil": [
          11.931806999139068,
          13.99625420829271,
          12.179021815072863
        ],
        "final_current_per_coil": [
          2473465.6343107354,
          3041221.6723826784,
          1360843.638133524
        ],
        "total_current_before": 6875530.944826938,
        "total_current_after": 6875530.944826938,
        "final_total_length": 38.10708302250464,
        "final_max_curvature": 1.9762098107996642,
        "final_average_curvature": 0.8331039430166576,
        "final_arclength_variation": 0.5900592102072745,
        "final_mean_squared_curvature": 0.9986625239490385,
        "final_max_torsion": 1.5261525543978973,
        "final_linking_number": 0,
        "coils_linked_to_surface": true,
        "final_max_max_coil_force": 6085331.205563637,
        "final_avg_max_coil_force": 4568737.473595458,
        "final_max_force_per_coil": [
          6085331.205563637,
          4868685.793246509,
          2752195.421976227
        ],
        "final_max_torque_per_coil": [
          5013539.418127862,
          5428268.470374465,
          2122573.929411697
        ],
        "final_max_max_coil_torque": 5428268.470374465,
        "final_avg_max_coil_torque": 4188127.272638008,
        "avg_BdotN_over_B": 0.04285637147451702,
        "max_BdotN_over_B": 0.23479337915591109,
        "lagrange_multipliers": null,
        "output_directory": "/Users/akaptanoglu/actions-runner/_work/stellcoilbench/stellcoilbench/cases/done/2026-03-30_202223_28953/order_8",
        "flux_threshold": 1e-08,
        "cc_threshold": 0.4275881662086417,
        "cs_threshold": 0.33849445313416626,
        "msc_threshold": 15.816649136870613,
        "arclength_variation_threshold": 0.0,
        "curvature_threshold": 2.7280151608097176,
        "force_threshold": 760.6653450771448,
        "torque_threshold": 0.0,
        "timing": {
          "coil_initialization": 6.249174475669861e-07,
          "biotsavart_setup": 0.004391625057905912,
          "objective_setup": 0.010881124995648861,
          "coil_optimization": 536.1445223749615,
          "save_and_metrics": 1.2913435001391917
        },
        "fourier_order": 8,
        "continuation_step": 2
      },
      {
        "initial_B_field": 3.7154013115944937,
        "final_B_field": 3.7154013115944937,
        "target_B_field": 2.5,
        "optimization_time": 40.297006130218506,
        "walltime_sec": 40.297006130218506,
        "iterations_used": 500,
        "final_squared_flux": 1.5648796831522873,
        "optimization_success": true,
        "optimization_message": "Completed",