{
  "metadata": {
    "contact": "auto",
    "hardware": "CPU: self-hosted runner",
    "run_date": "2026-03-14T00:02:45.759274",
    "iterations_used": 500,
    "walltime_sec": 138.13560819625854
  },
  "version_info": {
    "stellcoilbench_commit": "31534ca6282fa8f64b35c35b84a88d2b442f1ab2",
    "stellcoilbench_branch": "main",
    "simsopt_version": "0.1.dev5668+ga79006b0b",
    "simsopt_commit": "a79006b0b"
  },
  "metrics": {
    "fourier_continuation": true,
    "fourier_orders": [
      4,
      8,
      16
    ],
    "final_order": 16,
    "continuation_results": [
      {
        "initial_B_field": 1.0000305513510055,
        "final_B_field": 1.1817935177256627,
        "target_B_field": 1.0,
        "optimization_time": 618.4078509807587,
        "walltime_sec": 618.4078509807587,
        "iterations_used": 500,
        "final_squared_flux": 0.009860488421084302,
        "optimization_success": true,
        "optimization_message": "Completed",
        "optimization_nfev": 500,
        "optimization_njev": null,
        "_cached_thresholds": {
          "length_threshold": 11.303640229004912,
          "flux_threshold": 1e-08,
          "cc_threshold": 0.15623319857554308,
          "cs_threshold": 0.10059121023621784,
          "msc_threshold": 41.199066899265304,
          "curvature_threshold": 13.443480765609738,
          "force_threshold": 3702.7648750357102,
          "torque_threshold": 0.0,
          "finite_build_width": 0.05,
          "major_radius": 1.0098736979848935,
          "minor_radius": 0.16831206437162433,
          "a0": 10.100286074838271,
          "arclength_variation_threshold": 0.0,
          "coil_width": 0.039602838675676315
        },
        "final_min_cs_separation": 0.025085858953098002,
        "final_min_cc_separation": 0.1483753474572551,
        "final_length_per_coil": [
          1.8193493508958187,
          1.4869039813524376,
          1.3980776648146744,
          2.624369649688749
        ],
        "final_current_per_coil": [
          139831.1281543303,
          33170.21576534686,
          572377.9007309891,
          504696.3799847978
        ],
        "total_current_before": 1250075.624635464,
        "total_current_after": 1250075.624635464,
        "final_total_length": 7.328700646751679,
        "final_max_curvature": 13.748994769672814,
        "final_average_curvature": 5.484634022864841,
        "final_arclength_variation": 0.037563643546452086,
        "final_mean_squared_curvature": 46.46569590304628,
        "final_max_torsion": 651.7086153161958,
        "final_linking_number": 0,
        "coils_linked_to_surface": false,
        "final_max_max_coil_force": 1122464.7393219045,
        "final_avg_max_coil_force": 469802.22982919845,
        "final_max_force_per_coil": [
          77355.71322439107,
          7561.303461603935,
          671827.1633088944,
          1122464.7393219045
        ],
        "final_max_torque_per_coil": [
          15868.889972306619,
          1494.585126085184,
          96735.56086463146,
          225001.57900210618
        ],
        "final_max_max_coil_torque": 225001.57900210618,
        "final_avg_max_coil_torque": 84775.15374128237,
        "avg_BdotN_over_B": 0.06931636923832796,
        "max_BdotN_over_B": 0.9943296141933646,
        "lagrange_multipliers": null,
        "output_directory": "/Users/akaptanoglu/actions-runner/_work/stellcoilbench/stellcoilbench/cases/done/2026-03-13_234126_78367/order_4",
        "flux_threshold": 1e-08,
        "cc_threshold": 0.15623319857554308,
        "cs_threshold": 0.10059121023621784,
        "msc_threshold": 41.199066899265304,
        "arclength_variation_threshold": 0.0,
        "curvature_threshold": 13.443480765609738,
        "force_threshold": 3702.7648750357102,
        "torque_threshold": 0.0,
        "timing": {
          "coil_initialization": 0.18825033295433968,
          "biotsavart_setup": 1.2314718751003966,
          "objective_setup": 0.026846415945328772,
          "coil_optimization": 618.4083783749957,
          "save_and_metrics": 0.8972069169394672
        },
        "fourier_order": 4,
        "continuation_step": 1
      },
      {
        "initial_B_field": 1.1817935177256627,
        "final_B_field": 1.1559002000633598,
        "target_B_field": 1.0,
        "optimization_time": 472.3311622142792,
        "walltime_sec": 472.3311622142792,
        "iterations_used": 500,
        "final_squared_flux": 0.008776475568251322,
        "optimization_success": true,
        "optimization_message": "Completed",
        "optimization_nfev": 500,
        "optimization_njev": null,
        "_cached_thresholds": {
          "length_threshold": 11.303640229004912,
          "flux_threshold": 1e-08,
          "cc_threshold": 0.15623319857554308,
          "cs_threshold": 0.10059121023621784,
          "msc_threshold": 41.199066899265304,
          "curvature_threshold": 13.443480765609738,
          "force_threshold": 3702.7648750357102,
          "torque_threshold": 0.0,
          "finite_build_width": 0.05,
          "major_radius": 1.0098736979848935,
          "minor_radius": 0.16831206437162433,
          "a0": 10.100286074838271,
          "arclength_variation_threshold": 0.0,
          "coil_width": 0.039602838675676315
        },
        "final_min_cs_separation": 0.02541388648271114,
        "final_min_cc_separation": 0.1472576975328643,
        "final_length_per_coil": [
          1.8853740193027329,
          1.5189706848654299,
          1.4784845061516096,
          2.9258078627589335
        ],
        "final_current_per_coil": [
          104375.58058158598,
          36482.739990404596,
          564193.5112231829,
          545023.7928402906
        ],
        "total_current_before": 1250075.624635464,
        "total_current_after": 1250075.624635464,
        "final_total_length": 7.808637073078706,
        "final_max_curvature": 13.656693929091096,
        "final_average_curvature": 5.5084087777828605,
        "final_arclength_variation": 0.036953358758668904,
        "final_mean_squared_curvature": 44.65584001528717,
        "final_max_torsion": 728.8796265341346,
        "final_linking_number": 0,
        "coils_linked_to_surface": false,
        "final_max_max_coil_force": 259258.91326958218,
        "final_avg_max_coil_force": 131396.21534186866,
        "final_max_force_per_coil": [
          9781.277041300114,
          7089.511457900374,
          249455.15959869194,
          259258.91326958218
        ],
        "final_max_torque_per_coil": [
          3027.010815356925,
          1539.626763989734,
          39784.76646653065,
          59311.8865018271
        ],
        "final_max_max_coil_torque": 59311.8865018271,
        "final_avg_max_coil_torque": 25915.822636926103,
        "avg_BdotN_over_B": 0.06623718771483744,
        "max_BdotN_over_B": 0.9876338334625959,
        "lagrange_multipliers": null,
        "output_directory": "/Users/akaptanoglu/actions-runner/_work/stellcoilbench/stellcoilbench/cases/done/2026-03-13_234126_78367/order_8",
        "flux_threshold": 1e-08,
        "cc_threshold": 0.15623319857554308,
        "cs_threshold": 0.10059121023621784,
        "msc_threshold": 41.199066899265304,
        "arclength_variation_threshold": 0.0,
        "curvature_threshold": 13.443480765609738,
        "force_threshold": 3702.7648750357102,
        "torque_threshold": 0.0,
        "timing": {
          "coil_initialization": 6.25033862888813e-07,
          "biotsavart_setup": 0.002843499998562038,
          "objective_setup": 0.005890375003218651,
          "coil_optimization": 472.3315502089681,
          "save_and_metrics": 0.8725567500805482
        },
        "fourier_order": 8,
        "continuation_step": 2
      },
      {
        "initial_B_field": 1.1559002000633598,
        "final_B_field": 1.1563304328572501,
        "target_B_field": 1.0,
        "optimization_time": 138.13560819625854,
        "walltime_sec": 138.13560819625854,