{
  "metadata": {
    "contact": "auto",
    "hardware": "CPU: self-hosted runner",
    "run_date": "2026-03-14T11:04:57.174473",
    "iterations_used": 500,
    "walltime_sec": 4.8733229637146
  },
  "version_info": {
    "stellcoilbench_commit": "5713354a9d761c643010b8d17a0ef4e3aaa8cdb1",
    "stellcoilbench_branch": "main",
    "simsopt_version": "0.1.dev5668+ga79006b0b",
    "simsopt_commit": "a79006b0b"
  },
  "metrics": {
    "fourier_continuation": true,
    "fourier_orders": [
      4,
      8,
      16
    ],
    "final_order": 16,
    "continuation_results": [
      {
        "initial_B_field": 1.0000305513510055,
        "final_B_field": 1.0963995136696107,
        "target_B_field": 1.0,
        "optimization_time": 184.43997287750244,
        "walltime_sec": 184.43997287750244,
        "iterations_used": 500,
        "final_squared_flux": 0.0,
        "optimization_success": true,
        "optimization_message": "Completed",
        "optimization_nfev": 500,
        "optimization_njev": null,
        "_cached_thresholds": {
          "length_threshold": 19.80141933783816,
          "flux_threshold": 5e-06,
          "cc_threshold": 0.10500000000000001,
          "cs_threshold": 0.04012341799006808,
          "msc_threshold": 51.032402413145604,
          "curvature_threshold": 76.69308821201896,
          "force_threshold": 0.0,
          "torque_threshold": 0.0,
          "finite_build_width": 0.05,
          "major_radius": 1.0098736979848935,
          "minor_radius": 0.16831206437162433,
          "a0": 10.100286074838271,
          "arclength_variation_threshold": 0.0,
          "coil_width": 0.039602838675676315
        },
        "final_min_cs_separation": 0.28200147035006257,
        "final_min_cc_separation": 0.10471572454476372,
        "final_length_per_coil": [
          5.605373966732039,
          4.90494252115823,
          4.529185144676926,
          4.7628664125880595
        ],
        "final_current_per_coil": [
          358414.8609474955,
          301766.89885197056,
          251628.5291021402,
          338265.3357338578
        ],
        "total_current_before": 1250075.624635464,
        "total_current_after": 1250075.624635464,
        "final_total_length": 19.802368045155255,
        "final_max_curvature": 2.650957038469938,
        "final_average_curvature": 1.7502247198654584,
        "final_arclength_variation": 0.0008602491156295881,
        "final_mean_squared_curvature": 3.9031043439383577,
        "final_max_torsion": 15.025541222446435,
        "final_linking_number": 0,
        "coils_linked_to_surface": true,
        "final_max_max_coil_force": 453676.37010097527,
        "final_avg_max_coil_force": 397264.43963731977,
        "final_max_force_per_coil": [
          403220.3252014041,
          453676.37010097527,
          369809.3727408238,
          362351.6905060759
        ],
        "final_max_torque_per_coil": [
          204082.88759330803,
          213582.77259337672,
          128406.14557264968,
          110569.2633069967
        ],
        "final_max_max_coil_torque": 213582.77259337672,
        "final_avg_max_coil_torque": 164160.26726658278,
        "avg_BdotN_over_B": 0.0009862757780610132,
        "max_BdotN_over_B": 0.003511606174884906,
        "lagrange_multipliers": null,
        "output_directory": "/Users/akaptanoglu/actions-runner/_work/stellcoilbench/stellcoilbench/cases/done/2026-03-14_110004_89855/order_4",
        "flux_threshold": 5e-06,
        "cc_threshold": 0.10500000000000001,
        "cs_threshold": 0.04012341799006808,
        "msc_threshold": 51.032402413145604,
        "arclength_variation_threshold": 0.0,
        "curvature_threshold": 76.69308821201896,
        "force_threshold": 0.0,
        "torque_threshold": 0.0,
        "timing": {
          "coil_initialization": 0.17875404201913625,
          "biotsavart_setup": 1.1703190839616582,
          "objective_setup": 0.03218129195738584,
          "coil_optimization": 184.44023158296477,
          "save_and_metrics": 0.9306172910146415
        },
        "fourier_order": 4,
        "continuation_step": 1
      },
      {
        "initial_B_field": 1.0963995136696107,
        "final_B_field": 1.0963045345149491,
        "target_B_field": 1.0,
        "optimization_time": 29.111089944839478,
        "walltime_sec": 29.111089944839478,
        "iterations_used": 500,
        "final_squared_flux": 0.0,
        "optimization_success": true,
        "optimization_message": "Completed",
        "optimization_nfev": 500,
        "optimization_njev": null,
        "_cached_thresholds": {
          "length_threshold": 19.80141933783816,
          "flux_threshold": 5e-06,
          "cc_threshold": 0.10500000000000001,
          "cs_threshold": 0.04012341799006808,
          "msc_threshold": 51.032402413145604,
          "curvature_threshold": 76.69308821201896,
          "force_threshold": 0.0,
          "torque_threshold": 0.0,
          "finite_build_width": 0.05,
          "major_radius": 1.0098736979848935,
          "minor_radius": 0.16831206437162433,
          "a0": 10.100286074838271,
          "arclength_variation_threshold": 0.0,
          "coil_width": 0.039602838675676315
        },
        "final_min_cs_separation": 0.28117653715207347,
        "final_min_cc_separation": 0.10528916536319985,
        "final_length_per_coil": [
          5.5968259386564005,
          4.898952291034556,
          4.519914271000618,
          4.754362832345494
        ],
        "final_current_per_coil": [
          358462.7226314894,
          301847.5358073088,
          251739.88597240974,
          338025.4802242562
        ],
        "total_current_before": 1250075.624635464,
        "total_current_after": 1250075.624635464,
        "final_total_length": 19.77005533303707,
        "final_max_curvature": 2.5517434923469233,
        "final_average_curvature": 1.7507070262908742,
        "final_arclength_variation": 6.4173928074285856e-06,
        "final_mean_squared_curvature": 3.9099846923788117,
        "final_max_torsion": 14.46550154413081,
        "final_linking_number": 0,
        "coils_linked_to_surface": true,
        "final_max_max_coil_force": 445207.37947174325,
        "final_avg_max_coil_force": 371537.8639582856,
        "final_max_force_per_coil": [
          353397.23068292363,
          445207.37947174325,
          364821.46847515984,
          322725.3772033157
        ],
        "final_max_torque_per_coil": [
          175867.4848374422,
          221810.37152271645,
          136805.6628814623,
          88257.2078982007
        ],
        "final_max_max_coil_torque": 221810.37152271645,
        "final_avg_max_coil_torque": 155685.18178495544,
        "avg_BdotN_over_B": 0.0009886787814315946,
        "max_BdotN_over_B": 0.003607526315332028,
        "lagrange_multipliers": null,
        "output_directory": "/Users/akaptanoglu/actions-runner/_work/stellcoilbench/stellcoilbench/cases/done/2026-03-14_110004_89855/order_8",
        "flux_threshold": 5e-06,
        "cc_threshold": 0.10500000000000001,
        "cs_threshold": 0.04012341799006808,
        "msc_threshold": 51.032402413145604,
        "arclength_variation_threshold": 0.0,
        "curvature_threshold": 76.69308821201896,
        "force_threshold": 0.0,
        "torque_threshold": 0.0,
        "timing": {
          "coil_initialization": 6.660120561718941e-07,
          "biotsavart_setup": 0.00327745801769197,
          "objective_setup": 0.010139624937437475,
          "coil_optimization": 29.111142124980688,
          "save_and_metrics": 0.9352402080548927
        },
        "fourier_order": 8,
        "continuation_step": 2
      },
      {
        "initial_B_field": 1.0963045345149491,
        "final_B_field": 1.0963045345149491,
        "target_B_field": 1.0,
        "optimization_time": 4.8733229637146,
        "walltime_sec": 4.8733229637146,
        "iterations_used": 500,
        "final_squared_flux": 0.0,