{
  "metadata": {
    "contact": "auto",
    "hardware": "CPU: self-hosted runner",
    "run_date": "2026-04-09T15:47:39.033215",
    "iterations_used": 500,
    "walltime_sec": 655.3534598350525,
    "tags": [
      "explore"
    ],
    "parent_ids": []
  },
  "version_info": {
    "stellcoilbench_commit": "2bc31927f12213ae28cc9561ef078fac34b6f76a",
    "stellcoilbench_branch": "main",
    "simsopt_version": "0.1.dev5668+ga79006b0b",
    "simsopt_commit": "a79006b0b"
  },
  "metrics": {
    "fourier_continuation": true,
    "fourier_orders": [
      4,
      8,
      16
    ],
    "final_order": 16,
    "continuation_results": [
      {
        "initial_B_field": 5.700002679910652,
        "final_B_field": 5.169363684632582,
        "target_B_field": 5.7,
        "optimization_time": 209.936354637146,
        "walltime_sec": 209.936354637146,
        "iterations_used": 500,
        "final_squared_flux": 1.6160147892148027,
        "optimization_success": true,
        "optimization_message": "Completed",
        "optimization_nfev": 500,
        "optimization_njev": null,
        "_cached_thresholds": {
          "length_threshold": 108.63210693217964,
          "flux_threshold": 1e-08,
          "cc_threshold": 0.7369136926179236,
          "cs_threshold": 1.5359888123682437,
          "msc_threshold": 5.547556031259131,
          "curvature_threshold": 2.766796193943335,
          "force_threshold": 96.44887957978389,
          "torque_threshold": 0.0,
          "finite_build_width": 0.35091128219901124,
          "major_radius": 13.635429024906689,
          "minor_radius": 1.7044262278237692,
          "a0": 0.9974030980329254,
          "arclength_variation_threshold": 0.0,
          "coil_width": 0.40104146537029867
        },
        "final_min_cs_separation": 1.6368407346650478,
        "final_min_cc_separation": 1.1962351284393538,
        "final_length_per_coil": [
          28.5495855121017,
          28.28667188151561,
          26.927706791308662,
          25.69858586654499
        ],
        "final_current_per_coil": [
          12498438.92585554,
          13029222.923137475,
          12174252.106770396,
          11010871.481238537
        ],
        "total_current_before": 48712785.43700195,
        "total_current_after": 48712785.43700194,
        "final_total_length": 109.46255005147096,
        "final_max_curvature": 0.5049488836317656,
        "final_average_curvature": 0.26683141860623827,
        "final_arclength_variation": 0.29963297867571104,
        "final_mean_squared_curvature": 0.0936924363923851,
        "final_max_torsion": 7.541702469015644,
        "final_linking_number": 0,
        "coils_linked_to_surface": true,
        "final_max_max_coil_force": 51298812.45812078,
        "final_avg_max_coil_force": 44558847.45732826,
        "final_max_force_per_coil": [
          51298812.45812078,
          49056188.2171812,
          42203033.17991602,
          35677355.97409505
        ],
        "final_max_torque_per_coil": [
          121417843.0026228,
          112110449.31662555,
          83604966.35426158,
          63752016.78996838
        ],
        "final_max_max_coil_torque": 121417843.0026228,
        "final_avg_max_coil_torque": 95221318.86586958,
        "avg_BdotN_over_B": 0.010265711647399952,
        "max_BdotN_over_B": 0.033516856220860154,
        "lagrange_multipliers": null,
        "output_directory": "/Users/akaptanoglu/actions-runner/_work/stellcoilbench/stellcoilbench/cases/done/2026-04-09_152209_22448/order_4",
        "flux_threshold": 1e-08,
        "cc_threshold": 0.7369136926179236,
        "cs_threshold": 1.5359888123682437,
        "msc_threshold": 5.547556031259131,
        "arclength_variation_threshold": 0.0,
        "curvature_threshold": 2.766796193943335,
        "force_threshold": 96.44887957978389,
        "torque_threshold": 0.0,
        "timing": {
          "coil_initialization": 0.5745446669170633,
          "biotsavart_setup": 1.7204844169318676,
          "objective_setup": 0.035303916898556054,
          "coil_optimization": 209.93676216702443,
          "save_and_metrics": 1.326739542069845
        },
        "fourier_order": 4,
        "continuation_step": 1
      },
      {
        "initial_B_field": 5.169363684632582,
        "final_B_field": 5.13535152366255,
        "target_B_field": 5.7,
        "optimization_time": 195.72122716903687,
        "walltime_sec": 195.72122716903687,
        "iterations_used": 500,
        "final_squared_flux": 1.5494055826088708,
        "optimization_success": true,
        "optimization_message": "Completed",
        "optimization_nfev": 500,
        "optimization_njev": null,
        "_cached_thresholds": {
          "length_threshold": 108.63210693217964,
          "flux_threshold": 1e-08,
          "cc_threshold": 0.7369136926179236,
          "cs_threshold": 1.5359888123682437,
          "msc_threshold": 5.547556031259131,
          "curvature_threshold": 2.766796193943335,
          "force_threshold": 96.44887957978389,
          "torque_threshold": 0.0,
          "finite_build_width": 0.35091128219901124,
          "major_radius": 13.635429024906689,
          "minor_radius": 1.7044262278237692,
          "a0": 0.9974030980329254,
          "arclength_variation_threshold": 0.0,
          "coil_width": 0.40104146537029867
        },
        "final_min_cs_separation": 1.6040193866893764,
        "final_min_cc_separation": 1.2432512292522937,
        "final_length_per_coil": [
          28.703161212631986,
          28.406206423555027,
          26.777765662125894,
          25.56641648219958
        ],
        "final_current_per_coil": [
          12625030.536733093,
          13188588.653874518,
          12019441.39485155,
          10879724.851542793
        ],
        "total_current_before": 48712785.43700194,
        "total_current_after": 48712785.43700196,
        "final_total_length": 109.45354978051247,
        "final_max_curvature": 0.7030471391589717,
        "final_average_curvature": 0.26815272746590035,
        "final_arclength_variation": 0.11354398393428848,
        "final_mean_squared_curvature": 0.1015199451307808,
        "final_max_torsion": 12.704714806094554,
        "final_linking_number": 0,
        "coils_linked_to_surface": true,
        "final_max_max_coil_force": 52560786.261481225,
        "final_avg_max_coil_force": 45220212.38365501,
        "final_max_force_per_coil": [
          52560786.261481225,
          50049502.27374037,
          42235282.12122426,
          36035278.878174186
        ],
        "final_max_torque_per_coil": [
          128246065.25992335,
          127164630.11744238,
          89932254.18656874,
          66867339.88420753
        ],
        "final_max_max_coil_torque": 128246065.25992335,
        "final_avg_max_coil_torque": 103052572.3620355,
        "avg_BdotN_over_B": 0.010075203779701815,
        "max_BdotN_over_B": 0.0320082854162592,
        "lagrange_multipliers": null,
        "output_directory": "/Users/akaptanoglu/actions-runner/_work/stellcoilbench/stellcoilbench/cases/done/2026-04-09_152209_22448/order_8",
        "flux_threshold": 1e-08,
        "cc_threshold": 0.7369136926179236,
        "cs_threshold": 1.5359888123682437,
        "msc_threshold": 5.547556031259131,
        "arclength_variation_threshold": 0.0,
        "curvature_threshold": 2.766796193943335,
        "force_threshold": 96.44887957978389,
        "torque_threshold": 0.0,
        "timing": {
          "coil_initialization": 5.420297384262085e-07,
          "biotsavart_setup": 0.0036733340239152312,
          "objective_setup": 0.006184249999932945,
          "coil_optimization": 195.7216300839791,
          "save_and_metrics": 1.2357741249725223
        },
        "fourier_order": 8,
        "continuation_step": 2
      },
      {
        "initial_B_field": 5.13535152366255,
        "final_B_field": 5.172820180805882,
        "target_B_field": 5.7,