{
  "metadata": {
    "contact": "auto",
    "hardware": "CPU: self-hosted runner",
    "run_date": "2026-04-02T20:34:24.536080",
    "iterations_used": 500,
    "walltime_sec": 146.078852891922,
    "tags": [
      "explore"
    ],
    "parent_ids": []
  },
  "version_info": {
    "stellcoilbench_commit": "2ba3a54ea96f6f0f14a3f8aed3d501e18db79ab3",
    "stellcoilbench_branch": "main",
    "simsopt_version": "0.1.dev5668+ga79006b0b",
    "simsopt_commit": "a79006b0b"
  },
  "metrics": {
    "fourier_continuation": true,
    "fourier_orders": [
      4,
      8,
      16
    ],
    "final_order": 16,
    "continuation_results": [
      {
        "initial_B_field": 2.50000000044544,
        "final_B_field": 2.129290224268956,
        "target_B_field": 2.5,
        "optimization_time": 691.0399119853973,
        "walltime_sec": 691.0399119853973,
        "iterations_used": 500,
        "final_squared_flux": 0.9066262260313012,
        "optimization_success": true,
        "optimization_message": "Completed",
        "optimization_nfev": 500,
        "optimization_njev": null,
        "_cached_thresholds": {
          "length_threshold": 41.060178700309294,
          "flux_threshold": 1e-08,
          "cc_threshold": 0.2965679999226484,
          "cs_threshold": 0.3813457545782912,
          "msc_threshold": 1.9235588470394323,
          "curvature_threshold": 19.59240377085695,
          "force_threshold": 318.538750049363,
          "torque_threshold": 0.0,
          "finite_build_width": 0.10789896047081801,
          "major_radius": 5.483631261799852,
          "minor_radius": 0.5240806651439732,
          "a0": 3.2437754587511507,
          "arclength_variation_threshold": 0.0,
          "coil_width": 0.12331309768093489
        },
        "final_min_cs_separation": 0.05316553489126772,
        "final_min_cc_separation": 0.016959543287537855,
        "final_length_per_coil": [
          6.029313548813249,
          6.8197928672790376,
          6.702481569229913,
          6.338551138561707,
          9.99777726105876,
          5.287949090604142
        ],
        "final_current_per_coil": [
          988407.672539729,
          947640.6173057127,
          1173253.9771979144,
          861851.7673729501,
          1168469.0692571837,
          1735376.8987764316
        ],
        "total_current_before": 6875000.002449921,
        "total_current_after": 6875000.002449921,
        "final_total_length": 41.17586547554681,
        "final_max_curvature": 7.385083991595845,
        "final_average_curvature": 1.4259454335418953,
        "final_arclength_variation": 0.3381407592215326,
        "final_mean_squared_curvature": 5.645489937302516,
        "final_max_torsion": 32.24997710548544,
        "final_linking_number": 5,
        "coils_linked_to_surface": false,
        "final_max_max_coil_force": 11474315.012009721,
        "final_avg_max_coil_force": 4692637.234843222,
        "final_max_force_per_coil": [
          1344750.6876432034,
          1369627.1854623207,
          1968272.8966994649,
          7505885.298192425,
          11474315.012009721,
          4492972.3290522
        ],
        "final_max_torque_per_coil": [
          933512.1209721111,
          631143.470601111,
          1024648.4618065209,
          5631089.337316663,
          8153862.76168277,
          2181534.680729174
        ],
        "final_max_max_coil_torque": 8153862.76168277,
        "final_avg_max_coil_torque": 3092631.8055180586,
        "avg_BdotN_over_B": 0.06291272197819696,
        "max_BdotN_over_B": 0.9741222491612817,
        "lagrange_multipliers": null,
        "output_directory": "/Users/akaptanoglu/actions-runner/_work/stellcoilbench/stellcoilbench/cases/done/2026-04-02_201029_14144/order_4",
        "flux_threshold": 1e-08,
        "cc_threshold": 0.2965679999226484,
        "cs_threshold": 0.3813457545782912,
        "msc_threshold": 1.9235588470394323,
        "arclength_variation_threshold": 0.0,
        "curvature_threshold": 19.59240377085695,
        "force_threshold": 318.538750049363,
        "torque_threshold": 0.0,
        "timing": {
          "coil_initialization": 2.849180166987935,
          "biotsavart_setup": 4.249766832974274,
          "objective_setup": 0.04365370800951496,
          "coil_optimization": 691.0423888750083,
          "save_and_metrics": 2.3132474579906557
        },
        "fourier_order": 4,
        "continuation_step": 1
      },
      {
        "initial_B_field": 2.129290224268956,
        "final_B_field": 2.1066631900199106,
        "target_B_field": 2.5,
        "optimization_time": 501.27569103240967,
        "walltime_sec": 501.27569103240967,
        "iterations_used": 500,
        "final_squared_flux": 0.976001025752701,
        "optimization_success": true,
        "optimization_message": "Completed",
        "optimization_nfev": 500,
        "optimization_njev": null,
        "_cached_thresholds": {
          "length_threshold": 41.060178700309294,
          "flux_threshold": 1e-08,
          "cc_threshold": 0.2965679999226484,
          "cs_threshold": 0.3813457545782912,
          "msc_threshold": 1.9235588470394323,
          "curvature_threshold": 19.59240377085695,
          "force_threshold": 318.538750049363,
          "torque_threshold": 0.0,
          "finite_build_width": 0.10789896047081801,
          "major_radius": 5.483631261799852,
          "minor_radius": 0.5240806651439732,
          "a0": 3.2437754587511507,
          "arclength_variation_threshold": 0.0,
          "coil_width": 0.12331309768093489
        },
        "final_min_cs_separation": 0.04548963822951105,
        "final_min_cc_separation": 0.023909048617138152,
        "final_length_per_coil": [
          6.054438569643577,
          6.794848873710098,
          6.676500368490862,
          6.328014520831489,
          9.998442931276887,
          5.273579284772689
        ],
        "final_current_per_coil": [
          988407.5155859028,
          947640.4949268322,
          1173253.56849474,
          861851.6354912963,
          1168468.3967980037,
          1735378.3911531465
        ],
        "total_current_before": 6875000.002449921,
        "total_current_after": 6875000.002449921,
        "final_total_length": 41.125824548725596,
        "final_max_curvature": 7.582762851560182,
        "final_average_curvature": 1.4191576880910972,
        "final_arclength_variation": 0.42536724669809517,
        "final_mean_squared_curvature": 5.518844329623953,
        "final_max_torsion": 9.205883220127427,
        "final_linking_number": 5,
        "coils_linked_to_surface": false,
        "final_max_max_coil_force": 8411405.046522643,
        "final_avg_max_coil_force": 4076524.798494929,
        "final_max_force_per_coil": [
          1262999.362236976,
          1212764.2027533047,
          1610422.0022460422,
          7410769.821200813,
          8411405.046522643,
          4550788.356009793
        ],
        "final_max_torque_per_coil": [
          840549.4247198711,
          545277.8461812832,
          789219.5040167336,
          5573231.131316362,
          5687321.75066133,
          2080071.9950233945
        ],
        "final_max_max_coil_torque": 5687321.75066133,
        "final_avg_max_coil_torque": 2585945.275319829,
        "avg_BdotN_over_B": 0.06442887110493178,
        "max_BdotN_over_B": 0.961812176157897,
        "lagrange_multipliers": null,
        "output_directory": "/Users/akaptanoglu/actions-runner/_work/stellcoilbench/stellcoilbench/cases/done/2026-04-02_201029_14144/order_8",
        "flux_threshold": 1e-08,
        "cc_threshold": 0.2965679999226484,
        "cs_threshold": 0.3813457545782912,
        "msc_threshold": 1.9235588470394323,
        "arclength_variation_threshold": 0.0,
        "curvature_threshold": 19.59240377085695,
        "force_threshold": 318.538750049363,
        "torque_threshold": 0.0,
        "timing": {
          "coil_initialization": 5.410111043602228e-07,