{
  "metadata": {
    "contact": "auto",
    "hardware": "CPU: self-hosted runner",
    "run_date": "2026-03-24T15:35:59.159313",
    "iterations_used": 500,
    "walltime_sec": 54.90905976295471,
    "tags": [
      "explore"
    ],
    "parent_ids": []
  },
  "version_info": {
    "stellcoilbench_commit": "638744e45960f91d5fb70f2eff240ddb2cce9c81",
    "stellcoilbench_branch": "main",
    "simsopt_version": "0.1.dev5668+ga79006b0b",
    "simsopt_commit": "a79006b0b"
  },
  "metrics": {
    "fourier_continuation": true,
    "fourier_orders": [
      4,
      8,
      16
    ],
    "final_order": 16,
    "continuation_results": [
      {
        "initial_B_field": 2.5000971540886527,
        "final_B_field": 2.7678799920367503,
        "target_B_field": 2.5,
        "optimization_time": 242.15650463104248,
        "walltime_sec": 242.15650463104248,
        "iterations_used": 500,
        "final_squared_flux": 0.15591556672945,
        "optimization_success": true,
        "optimization_message": "Completed",
        "optimization_nfev": 500,
        "optimization_njev": null,
        "_cached_thresholds": {
          "length_threshold": 36.56233346239719,
          "flux_threshold": 1e-08,
          "cc_threshold": 0.3902859541601589,
          "cs_threshold": 0.22782094796552718,
          "msc_threshold": 2.6793585289284505,
          "curvature_threshold": 11.330507677417769,
          "force_threshold": 303.6173829391077,
          "torque_threshold": 0.0,
          "finite_build_width": 0.10789896047081801,
          "major_radius": 5.483631261799852,
          "minor_radius": 0.5240806651439732,
          "a0": 3.2437754587511507,
          "arclength_variation_threshold": 0.0,
          "coil_width": 0.12331309768093489
        },
        "final_min_cs_separation": 0.3923388992689259,
        "final_min_cc_separation": 0.2916840368049075,
        "final_length_per_coil": [
          10.61207130610162,
          12.999296170597557,
          13.12046330019121
        ],
        "final_current_per_coil": [
          2619887.983311492,
          2133808.541447196,
          2121834.42006825
        ],
        "total_current_before": 6875530.944826938,
        "total_current_after": 6875530.944826938,
        "final_total_length": 36.73183077689039,
        "final_max_curvature": 1.4949222128547934,
        "final_average_curvature": 0.8230132080970807,
        "final_arclength_variation": 0.17616638439094356,
        "final_mean_squared_curvature": 0.883767316925441,
        "final_max_torsion": 5.240672465683227,
        "final_linking_number": 0,
        "coils_linked_to_surface": true,
        "final_max_max_coil_force": 4767727.592327642,
        "final_avg_max_coil_force": 4232276.593049617,
        "final_max_force_per_coil": [
          4767727.592327642,
          4646334.940543725,
          3282767.246277482
        ],
        "final_max_torque_per_coil": [
          5085564.4065813655,
          7823149.501664965,
          3130600.7897866415
        ],
        "final_max_max_coil_torque": 7823149.501664965,
        "final_avg_max_coil_torque": 5346438.232677657,
        "avg_BdotN_over_B": 0.017167944465343764,
        "max_BdotN_over_B": 0.09338122635642757,
        "lagrange_multipliers": null,
        "output_directory": "/Users/akaptanoglu/actions-runner/_work/stellcoilbench/stellcoilbench/cases/done/2026-03-24_152325_95974/order_4",
        "flux_threshold": 1e-08,
        "cc_threshold": 0.3902859541601589,
        "cs_threshold": 0.22782094796552718,
        "msc_threshold": 2.6793585289284505,
        "arclength_variation_threshold": 0.0,
        "curvature_threshold": 11.330507677417769,
        "force_threshold": 303.6173829391077,
        "torque_threshold": 0.0,
        "timing": {
          "coil_initialization": 0.2791033748071641,
          "biotsavart_setup": 1.6083064579870552,
          "objective_setup": 0.02811345807276666,
          "coil_optimization": 242.1567580839619,
          "save_and_metrics": 1.1567571659106761
        },
        "fourier_order": 4,
        "continuation_step": 1
      },
      {
        "initial_B_field": 2.7678799920367503,
        "final_B_field": 2.755825864703107,
        "target_B_field": 2.5,
        "optimization_time": 314.9873950481415,
        "walltime_sec": 314.9873950481415,
        "iterations_used": 500,
        "final_squared_flux": 0.18937449958779148,
        "optimization_success": true,
        "optimization_message": "Completed",
        "optimization_nfev": 500,
        "optimization_njev": null,
        "_cached_thresholds": {
          "length_threshold": 36.56233346239719,
          "flux_threshold": 1e-08,
          "cc_threshold": 0.3902859541601589,
          "cs_threshold": 0.22782094796552718,
          "msc_threshold": 2.6793585289284505,
          "curvature_threshold": 11.330507677417769,
          "force_threshold": 303.6173829391077,
          "torque_threshold": 0.0,
          "finite_build_width": 0.10789896047081801,
          "major_radius": 5.483631261799852,
          "minor_radius": 0.5240806651439732,
          "a0": 3.2437754587511507,
          "arclength_variation_threshold": 0.0,
          "coil_width": 0.12331309768093489
        },
        "final_min_cs_separation": 0.41767944425385917,
        "final_min_cc_separation": 0.30842032676297937,
        "final_length_per_coil": [
          10.5359216410824,
          13.00400598284526,
          13.117415405799461
        ],
        "final_current_per_coil": [
          2619844.7858866313,
          2133915.7160743102,
          2121770.4428659966
        ],
        "total_current_before": 6875530.944826938,
        "total_current_after": 6875530.944826938,
        "final_total_length": 36.65734302972712,
        "final_max_curvature": 2.680059659769779,
        "final_average_curvature": 0.8036056097816513,
        "final_arclength_variation": 0.9894230879880768,
        "final_mean_squared_curvature": 0.9907039392222826,
        "final_max_torsion": 1.9751677652952806,
        "final_linking_number": 0,
        "coils_linked_to_surface": true,
        "final_max_max_coil_force": 4797821.378282433,
        "final_avg_max_coil_force": 4102855.6126455,
        "final_max_force_per_coil": [
          4529530.34067711,
          4797821.378282433,
          2981215.118976956
        ],
        "final_max_torque_per_coil": [
          5075662.065071284,
          8470296.848711496,
          2691321.5059236605
        ],
        "final_max_max_coil_torque": 8470296.848711496,
        "final_avg_max_coil_torque": 5412426.8065688135,
        "avg_BdotN_over_B": 0.018622350681883407,
        "max_BdotN_over_B": 0.10614655693466532,
        "lagrange_multipliers": null,
        "output_directory": "/Users/akaptanoglu/actions-runner/_work/stellcoilbench/stellcoilbench/cases/done/2026-03-24_152325_95974/order_8",
        "flux_threshold": 1e-08,
        "cc_threshold": 0.3902859541601589,
        "cs_threshold": 0.22782094796552718,
        "msc_threshold": 2.6793585289284505,
        "arclength_variation_threshold": 0.0,
        "curvature_threshold": 11.330507677417769,
        "force_threshold": 303.6173829391077,
        "torque_threshold": 0.0,
        "timing": {
          "coil_initialization": 5.830079317092896e-07,
          "biotsavart_setup": 0.003939750138670206,
          "objective_setup": 0.005288625136017799,
          "coil_optimization": 314.9877288748976,
          "save_and_metrics": 1.0891932079102844
        },
        "fourier_order": 8,
        "continuation_step": 2
      },
      {
        "initial_B_field": 2.755825864703107,
        "final_B_field": 2.755825864703107,
        "target_B_field": 2.5,
        "optimization_time": 54.90905976295471,
        "walltime_sec": 54.90905976295471,
        "iterations_used": 500,
        "final_squared_flux": 0.1893744995877915,
        "optimization_success": true,
        "optimization_message": "Completed",