{
  "metadata": {
    "contact": "auto",
    "hardware": "CPU: self-hosted runner",
    "run_date": "2026-03-17T17:44:28.824968",
    "iterations_used": 500,
    "walltime_sec": 593.6971080303192
  },
  "version_info": {
    "stellcoilbench_commit": "eba79c1af4014aaf723d05e410a6ab16183d4808",
    "stellcoilbench_branch": "main",
    "simsopt_version": "0.1.dev5668+ga79006b0b",
    "simsopt_commit": "a79006b0b"
  },
  "metrics": {
    "fourier_continuation": true,
    "fourier_orders": [
      4,
      8,
      16
    ],
    "final_order": 16,
    "continuation_results": [
      {
        "initial_B_field": 1.0000008292436955,
        "final_B_field": 1.092351473836454,
        "target_B_field": 1.0,
        "optimization_time": 560.6847281455994,
        "walltime_sec": 560.6847281455994,
        "iterations_used": 500,
        "final_squared_flux": 0.012244170236856013,
        "optimization_success": true,
        "optimization_message": "Completed",
        "optimization_nfev": 500,
        "optimization_njev": null,
        "_cached_thresholds": {
          "length_threshold": 13.085767969410345,
          "flux_threshold": 1e-08,
          "cc_threshold": 0.10500000000000001,
          "cs_threshold": 0.15197589341790785,
          "msc_threshold": 10.443695801382773,
          "curvature_threshold": 35.542906697355875,
          "force_threshold": 2206.9125073521623,
          "torque_threshold": 0.0,
          "finite_build_width": 0.05,
          "major_radius": 1.0098736979848935,
          "minor_radius": 0.16831206437162433,
          "a0": 10.100286074838271,
          "arclength_variation_threshold": 0.0,
          "coil_width": 0.039602838675676315
        },
        "final_min_cs_separation": 0.13207001723131384,
        "final_min_cc_separation": 0.12120781076557224,
        "final_length_per_coil": [
          2.411185467866055,
          2.3172186395588317,
          2.2037786731393956,
          2.120861252444838,
          2.0748942084689417,
          2.0553414597606126
        ],
        "final_current_per_coil": [
          252432.57833943464,
          252316.29773027997,
          233784.42598812346,
          207940.16117731278,
          173081.44953254325,
          130447.15968667855
        ],
        "total_current_before": 1250002.0724543727,
        "total_current_after": 1250002.0724543727,
        "final_total_length": 13.183279701238673,
        "final_max_curvature": 6.057158934147343,
        "final_average_curvature": 3.0129050215392446,
        "final_arclength_variation": 0.009636291324078986,
        "final_mean_squared_curvature": 11.09774158694716,
        "final_max_torsion": 26.490703598423366,
        "final_linking_number": 0,
        "coils_linked_to_surface": true,
        "final_max_max_coil_force": 151247.0034242696,
        "final_avg_max_coil_force": 126559.49904694835,
        "final_max_force_per_coil": [
          143900.2324210366,
          151247.0034242696,
          144677.72153600855,
          130352.59224734352,
          108701.97691624038,
          80477.46773679141
        ],
        "final_max_torque_per_coil": [
          34850.86257237984,
          31392.441177504727,
          23098.860721976984,
          16014.002513797574,
          11284.743471305435,
          7736.793912648344
        ],
        "final_max_max_coil_torque": 34850.86257237984,
        "final_avg_max_coil_torque": 20729.617394935485,
        "avg_BdotN_over_B": 0.04855801243428807,
        "max_BdotN_over_B": 0.18721518296002643,
        "lagrange_multipliers": null,
        "output_directory": "/Users/akaptanoglu/actions-runner/_work/stellcoilbench/stellcoilbench/cases/done/2026-03-17_172005_94125/order_4",
        "flux_threshold": 1e-08,
        "cc_threshold": 0.10500000000000001,
        "cs_threshold": 0.15197589341790785,
        "msc_threshold": 10.443695801382773,
        "arclength_variation_threshold": 0.0,
        "curvature_threshold": 35.542906697355875,
        "force_threshold": 2206.9125073521623,
        "torque_threshold": 0.0,
        "timing": {
          "coil_initialization": 0.2935002079466358,
          "biotsavart_setup": 1.4671347090043128,
          "objective_setup": 0.13785445899702609,
          "coil_optimization": 560.6852312500123,
          "save_and_metrics": 1.054753917036578
        },
        "fourier_order": 4,
        "continuation_step": 1
      },
      {
        "initial_B_field": 1.092351473836454,
        "final_B_field": 1.0892701866801837,
        "target_B_field": 1.0,
        "optimization_time": 37.93316197395325,
        "walltime_sec": 37.93316197395325,
        "iterations_used": 500,
        "final_squared_flux": 0.012234360656583395,
        "optimization_success": true,
        "optimization_message": "Completed",
        "optimization_nfev": 500,
        "optimization_njev": null,
        "_cached_thresholds": {
          "length_threshold": 13.085767969410345,
          "flux_threshold": 1e-08,
          "cc_threshold": 0.10500000000000001,
          "cs_threshold": 0.15197589341790785,
          "msc_threshold": 10.443695801382773,
          "curvature_threshold": 35.542906697355875,
          "force_threshold": 2206.9125073521623,
          "torque_threshold": 0.0,
          "finite_build_width": 0.05,
          "major_radius": 1.0098736979848935,
          "minor_radius": 0.16831206437162433,
          "a0": 10.100286074838271,
          "arclength_variation_threshold": 0.0,
          "coil_width": 0.039602838675676315
        },
        "final_min_cs_separation": 0.1321014822708369,
        "final_min_cc_separation": 0.12019004050139055,
        "final_length_per_coil": [
          2.4112632186410154,
          2.317775544690669,
          2.2041601075597486,
          2.121209547990225,
          2.075276503485647,
          2.055630316445669
        ],
        "final_current_per_coil": [
          252313.1549813452,
          252431.85907485886,
          233839.94580896493,
          208010.63444942186,
          173278.49572797044,
          130127.98241181136
        ],
        "total_current_before": 1250002.0724543727,
        "total_current_after": 1250002.0724543727,
        "final_total_length": 13.185315238812974,
        "final_max_curvature": 5.948918720415879,
        "final_average_curvature": 2.9748205807679757,
        "final_arclength_variation": 0.0013086723319056454,
        "final_mean_squared_curvature": 10.568865967006017,
        "final_max_torsion": 108.29904717817902,
        "final_linking_number": 0,
        "coils_linked_to_surface": true,
        "final_max_max_coil_force": 130003.1701555363,
        "final_avg_max_coil_force": 106193.99950808664,
        "final_max_force_per_coil": [
          126232.54239979087,
          130003.1701555363,
          118876.87848531913,
          104774.14842125328,
          89198.31894482844,
          68078.9386417917
        ],
        "final_max_torque_per_coil": [
          24193.426741002997,
          22554.17814532466,
          17170.86848005226,
          12297.5130690091,
          9063.768196097653,
          6560.548332148564
        ],
        "final_max_max_coil_torque": 24193.426741002997,
        "final_avg_max_coil_torque": 15306.717160605871,
        "avg_BdotN_over_B": 0.04853383235653365,
        "max_BdotN_over_B": 0.18690785211987834,
        "lagrange_multipliers": null,
        "output_directory": "/Users/akaptanoglu/actions-runner/_work/stellcoilbench/stellcoilbench/cases/done/2026-03-17_172005_94125/order_8",
        "flux_threshold": 1e-08,
        "cc_threshold": 0.10500000000000001,
        "cs_threshold": 0.15197589341790785,
        "msc_threshold": 10.443695801382773,
        "arclength_variation_threshold": 0.0,
        "curvature_threshold": 35.542906697355875,
        "force_threshold": 2206.9125073521623,
        "torque_threshold": 0.0,
        "timing": {
          "coil_initialization": 4.5797787606716156e-07,