{
  "metadata": {
    "contact": "auto",
    "hardware": "CPU: self-hosted runner",
    "run_date": "2026-03-16T18:10:52.520749",
    "iterations_used": 500,
    "walltime_sec": 597.5308840274811
  },
  "version_info": {
    "stellcoilbench_commit": "6ce62ef6f558d7b09c4688c1ed35ad8848d2c38f",
    "stellcoilbench_branch": "main",
    "simsopt_version": "0.1.dev5668+ga79006b0b",
    "simsopt_commit": "a79006b0b"
  },
  "metrics": {
    "fourier_continuation": true,
    "fourier_orders": [
      4,
      8,
      16
    ],
    "final_order": 16,
    "continuation_results": [
      {
        "initial_B_field": 1.0000008292436955,
        "final_B_field": 0.09686579844635548,
        "target_B_field": 1.0,
        "optimization_time": 203.71658992767334,
        "walltime_sec": 203.71658992767334,
        "iterations_used": 500,
        "final_squared_flux": 0.0022389656276056353,
        "optimization_success": true,
        "optimization_message": "Completed",
        "optimization_nfev": 500,
        "optimization_njev": null,
        "_cached_thresholds": {
          "length_threshold": 15.633220567223226,
          "flux_threshold": 1e-08,
          "cc_threshold": 0.10500000000000001,
          "cs_threshold": 0.16494582308419184,
          "msc_threshold": 40.805155742346614,
          "curvature_threshold": 48.7439805971695,
          "force_threshold": 1306.9770180840724,
          "torque_threshold": 0.0,
          "finite_build_width": 0.05,
          "major_radius": 1.0098736979848935,
          "minor_radius": 0.16831206437162433,
          "a0": 10.100286074838271,
          "arclength_variation_threshold": 0.0,
          "coil_width": 0.039602838675676315
        },
        "final_min_cs_separation": 0.02343213343881594,
        "final_min_cc_separation": 0.09281708975680934,
        "final_length_per_coil": [
          1.1022413636081445,
          1.2916219998861984,
          2.600041036036596,
          2.5548022255157834,
          2.4374948641322356,
          2.5769000040546333
        ],
        "final_current_per_coil": [
          1745050.6505353241,
          472420.1669628969,
          52847.1549940776,
          5017.211044086282,
          7951.347480615151,
          17250.185351321474
        ],
        "total_current_before": 1250002.0724543727,
        "total_current_after": 1250002.0724543727,
        "final_total_length": 12.563101493233592,
        "final_max_curvature": 12.638331224817431,
        "final_average_curvature": 4.272552646146615,
        "final_arclength_variation": 0.04315897587411568,
        "final_mean_squared_curvature": 42.9433398203479,
        "final_max_torsion": 201.8190545635131,
        "final_linking_number": 0,
        "coils_linked_to_surface": false,
        "final_max_max_coil_force": 7360117.346529878,
        "final_avg_max_coil_force": 1403837.0195702326,
        "final_max_force_per_coil": [
          7360117.346529878,
          1011150.3589866221,
          46826.93817686354,
          2170.3516002077613,
          1200.3023399528404,
          1556.8197878726728
        ],
        "final_max_torque_per_coil": [
          623987.3408179334,
          75512.45406198682,
          15966.532922022709,
          821.7508486053068,
          550.6927966423334,
          653.776087431712
        ],
        "final_max_max_coil_torque": 623987.3408179334,
        "final_avg_max_coil_torque": 119582.0912557704,
        "avg_BdotN_over_B": 0.38164265763105576,
        "max_BdotN_over_B": 0.9973506822650133,
        "lagrange_multipliers": null,
        "output_directory": "/Users/akaptanoglu/actions-runner/_work/stellcoilbench/stellcoilbench/cases/done/2026-03-16_175130_99390/order_4",
        "flux_threshold": 1e-08,
        "cc_threshold": 0.10500000000000001,
        "cs_threshold": 0.16494582308419184,
        "msc_threshold": 40.805155742346614,
        "arclength_variation_threshold": 0.0,
        "curvature_threshold": 48.7439805971695,
        "force_threshold": 1306.9770180840724,
        "torque_threshold": 0.0,
        "timing": {
          "coil_initialization": 0.3057485839817673,
          "biotsavart_setup": 1.5035580840194598,
          "objective_setup": 0.06405225000344217,
          "coil_optimization": 203.71677141601685,
          "save_and_metrics": 1.078861250076443
        },
        "fourier_order": 4,
        "continuation_step": 1
      },
      {
        "initial_B_field": 0.09686579844635548,
        "final_B_field": 0.06968496243663133,
        "target_B_field": 1.0,
        "optimization_time": 199.9131269454956,
        "walltime_sec": 199.9131269454956,
        "iterations_used": 500,
        "final_squared_flux": 0.0009919984318068934,
        "optimization_success": true,
        "optimization_message": "Completed",
        "optimization_nfev": 500,
        "optimization_njev": null,
        "_cached_thresholds": {
          "length_threshold": 15.633220567223226,
          "flux_threshold": 1e-08,
          "cc_threshold": 0.10500000000000001,
          "cs_threshold": 0.16494582308419184,
          "msc_threshold": 40.805155742346614,
          "curvature_threshold": 48.7439805971695,
          "force_threshold": 1306.9770180840724,
          "torque_threshold": 0.0,
          "finite_build_width": 0.05,
          "major_radius": 1.0098736979848935,
          "minor_radius": 0.16831206437162433,
          "a0": 10.100286074838271,
          "arclength_variation_threshold": 0.0,
          "coil_width": 0.039602838675676315
        },
        "final_min_cs_separation": 0.023633065691438204,
        "final_min_cc_separation": 0.10123368983505074,
        "final_length_per_coil": [
          1.013139219581769,
          1.3495137903331997,
          2.4861737153306467,
          2.5530730113556683,
          2.4185230948514342,
          2.623700815449057
        ],
        "final_current_per_coil": [
          1660741.6145057636,
          405515.86630763195,
          24502.315162739265,
          1906.7475818721127,
          8501.038161662646,
          12684.348839189857
        ],
        "total_current_before": 1250002.0724543727,
        "total_current_after": 1250002.072454373,
        "final_total_length": 12.444123646901774,
        "final_max_curvature": 13.109900442795109,
        "final_average_curvature": 5.339639030708781,
        "final_arclength_variation": 0.035181827465696924,
        "final_mean_squared_curvature": 41.391636536488186,
        "final_max_torsion": 340.3194295795818,
        "final_linking_number": 0,
        "coils_linked_to_surface": false,
        "final_max_max_coil_force": 3227982.50540108,
        "final_avg_max_coil_force": 677830.5011596688,
        "final_max_force_per_coil": [
          3227982.50540108,
          820197.2327879944,
          16467.27818097215,
          638.0921292630478,
          940.7629837189814,
          757.1354749842145
        ],
        "final_max_torque_per_coil": [
          218358.4145703171,
          78134.23986961754,
          4744.173259631426,
          255.28119809338403,
          420.3643061218229,
          350.6635572579242
        ],
        "final_max_max_coil_torque": 218358.4145703171,
        "final_avg_max_coil_torque": 50377.1894601732,
        "avg_BdotN_over_B": 0.39768340197019064,
        "max_BdotN_over_B": 0.9993672909751437,
        "lagrange_multipliers": null,
        "output_directory": "/Users/akaptanoglu/actions-runner/_work/stellcoilbench/stellcoilbench/cases/done/2026-03-16_175130_99390/order_8",
        "flux_threshold": 1e-08,
        "cc_threshold": 0.10500000000000001,
        "cs_threshold": 0.16494582308419184,
        "msc_threshold": 40.805155742346614,
        "arclength_variation_threshold": 0.0,
        "curvature_threshold": 48.7439805971695,
        "force_threshold": 1306.9770180840724,
        "torque_threshold": 0.0,
        "timing": {
          "coil_initialization": 5.00003807246685e-07,