{
  "metadata": {
    "contact": "auto",
    "hardware": "CPU: self-hosted runner",
    "run_date": "2026-03-13T20:27:24.771290",
    "iterations_used": 500,
    "walltime_sec": 38.56586694717407
  },
  "version_info": {
    "stellcoilbench_commit": "fdb2ea4c06d5e9071381f52d8dddfb7adc3620d7",
    "stellcoilbench_branch": "main",
    "simsopt_version": "0.1.dev5668+ga79006b0b",
    "simsopt_commit": "a79006b0b"
  },
  "metrics": {
    "fourier_continuation": true,
    "fourier_orders": [
      4,
      8,
      16
    ],
    "final_order": 16,
    "continuation_results": [
      {
        "initial_B_field": 1.0001867526877442,
        "final_B_field": 1.0970951070092028,
        "target_B_field": 1.0,
        "optimization_time": 235.90333819389343,
        "walltime_sec": 235.90333819389343,
        "iterations_used": 500,
        "final_squared_flux": 7.388464134766994e-06,
        "optimization_success": true,
        "optimization_message": "Completed",
        "optimization_nfev": 500,
        "optimization_njev": null,
        "_cached_thresholds": {
          "length_threshold": 19.80141933783816,
          "flux_threshold": 1e-06,
          "cc_threshold": 0.10500000000000001,
          "cs_threshold": 0.008477878682398717,
          "msc_threshold": 187.66174972615346,
          "curvature_threshold": 104.48313652176188,
          "force_threshold": 0.0,
          "torque_threshold": 0.0,
          "finite_build_width": 0.05,
          "major_radius": 1.0098736979848935,
          "minor_radius": 0.16831206437162433,
          "a0": 10.100286074838271,
          "arclength_variation_threshold": 0.0,
          "coil_width": 0.039602838675676315
        },
        "final_min_cs_separation": 0.3291679297536522,
        "final_min_cc_separation": 0.10459266838677585,
        "final_length_per_coil": [
          7.471638634044391,
          6.599975640110654,
          5.73105344976508
        ],
        "final_current_per_coil": [
          465190.9645669396,
          421234.12280606065,
          364018.08313413477
        ],
        "total_current_before": 1250443.170507135,
        "total_current_after": 1250443.170507135,
        "final_total_length": 19.802667723920123,
        "final_max_curvature": 2.15894540387438,
        "final_average_curvature": 1.356168202450034,
        "final_arclength_variation": 0.0012919758924841288,
        "final_mean_squared_curvature": 2.490930106604404,
        "final_max_torsion": 11.025487538593884,
        "final_linking_number": 0,
        "coils_linked_to_surface": true,
        "final_max_max_coil_force": 780256.7760112461,
        "final_avg_max_coil_force": 722247.1673246924,
        "final_max_force_per_coil": [
          726463.9555953817,
          780256.7760112461,
          660020.7703674491
        ],
        "final_max_torque_per_coil": [
          498953.27418920316,
          573505.3260167914,
          341453.85536272195
        ],
        "final_max_max_coil_torque": 573505.3260167914,
        "final_avg_max_coil_torque": 471304.1518562389,
        "avg_BdotN_over_B": 0.0011921405070301405,
        "max_BdotN_over_B": 0.0050067380376138185,
        "lagrange_multipliers": null,
        "output_directory": "/Users/akaptanoglu/actions-runner/_work/stellcoilbench/stellcoilbench/cases/done/2026-03-13_201622_68051/order_4",
        "flux_threshold": 1e-06,
        "cc_threshold": 0.10500000000000001,
        "cs_threshold": 0.008477878682398717,
        "msc_threshold": 187.66174972615346,
        "arclength_variation_threshold": 0.0,
        "curvature_threshold": 104.48313652176188,
        "force_threshold": 0.0,
        "torque_threshold": 0.0,
        "timing": {
          "coil_initialization": 0.1377135410439223,
          "biotsavart_setup": 1.194923583068885,
          "objective_setup": 0.035167917027138174,
          "coil_optimization": 235.9037258339813,
          "save_and_metrics": 0.8986914170673117
        },
        "fourier_order": 4,
        "continuation_step": 1
      },
      {
        "initial_B_field": 1.0970951070092028,
        "final_B_field": 1.0965721085104334,
        "target_B_field": 1.0,
        "optimization_time": 316.9543571472168,
        "walltime_sec": 316.9543571472168,
        "iterations_used": 500,
        "final_squared_flux": 1.1490807339256243e-06,
        "optimization_success": true,
        "optimization_message": "Completed",
        "optimization_nfev": 500,
        "optimization_njev": null,
        "_cached_thresholds": {
          "length_threshold": 19.80141933783816,
          "flux_threshold": 1e-06,
          "cc_threshold": 0.10500000000000001,
          "cs_threshold": 0.008477878682398717,
          "msc_threshold": 187.66174972615346,
          "curvature_threshold": 104.48313652176188,
          "force_threshold": 0.0,
          "torque_threshold": 0.0,
          "finite_build_width": 0.05,
          "major_radius": 1.0098736979848935,
          "minor_radius": 0.16831206437162433,
          "a0": 10.100286074838271,
          "arclength_variation_threshold": 0.0,
          "coil_width": 0.039602838675676315
        },
        "final_min_cs_separation": 0.33557424338268727,
        "final_min_cc_separation": 0.10499693145396068,
        "final_length_per_coil": [
          6.992292235893167,
          6.837247342124287,
          5.9718811887836205
        ],
        "final_current_per_coil": [
          439392.30045301,
          422163.6501098383,
          388887.21994428686
        ],
        "total_current_before": 1250443.170507135,
        "total_current_after": 1250443.170507135,
        "final_total_length": 19.801420766801073,
        "final_max_curvature": 3.143050352474284,
        "final_average_curvature": 1.4754091209248494,
        "final_arclength_variation": 0.0003916862816105298,
        "final_mean_squared_curvature": 3.2530234284779955,
        "final_max_torsion": 44.060150468014456,
        "final_linking_number": 0,
        "coils_linked_to_surface": true,
        "final_max_max_coil_force": 730608.7790072374,
        "final_avg_max_coil_force": 594443.3441006397,
        "final_max_force_per_coil": [
          565655.988759655,
          730608.7790072374,
          487065.26453502674
        ],
        "final_max_torque_per_coil": [
          510100.1289450429,
          681226.8530991839,
          335777.3621175981
        ],
        "final_max_max_coil_torque": 681226.8530991839,
        "final_avg_max_coil_torque": 509034.7813872749,
        "avg_BdotN_over_B": 0.00046293204262958556,
        "max_BdotN_over_B": 0.0021742121847718346,
        "lagrange_multipliers": null,
        "output_directory": "/Users/akaptanoglu/actions-runner/_work/stellcoilbench/stellcoilbench/cases/done/2026-03-13_201622_68051/order_8",
        "flux_threshold": 1e-06,
        "cc_threshold": 0.10500000000000001,
        "cs_threshold": 0.008477878682398717,
        "msc_threshold": 187.66174972615346,
        "arclength_variation_threshold": 0.0,
        "curvature_threshold": 104.48313652176188,
        "force_threshold": 0.0,
        "torque_threshold": 0.0,
        "timing": {
          "coil_initialization": 5.828915163874626e-07,
          "biotsavart_setup": 0.002393958973698318,
          "objective_setup": 0.005460750078782439,
          "coil_optimization": 316.9548792920541,
          "save_and_metrics": 0.9369813750963658
        },
        "fourier_order": 8,
        "continuation_step": 2
      },
      {
        "initial_B_field": 1.0965721085104334,
        "final_B_field": 1.09676272871424,
        "target_B_field": 1.0,
        "optimization_time": 38.56586694717407,
        "walltime_sec": 38.56586694717407,
        "iterations_used": 500,
        "final_squared_flux": 0.0,
        "optimization_success": true,
        "optimization_message": "Completed",
        "optimization_nfev": 500,
        "optimization_njev": null,