{
  "metadata": {
    "contact": "auto",
    "hardware": "CPU: self-hosted runner",
    "run_date": "2026-03-23T09:56:24.595665",
    "iterations_used": 500,
    "walltime_sec": 119.605309009552,
    "tags": [
      "explore"
    ],
    "parent_ids": []
  },
  "version_info": {
    "stellcoilbench_commit": "90ccca653181b3d2b8f26d830158e2c00294cd56",
    "stellcoilbench_branch": "main",
    "simsopt_version": "0.1.dev5668+ga79006b0b",
    "simsopt_commit": "a79006b0b"
  },
  "metrics": {
    "fourier_continuation": true,
    "fourier_orders": [
      4,
      8,
      16
    ],
    "final_order": 16,
    "continuation_results": [
      {
        "initial_B_field": 2.500000766903552,
        "final_B_field": 2.7608729499741584,
        "target_B_field": 2.5,
        "optimization_time": 1237.8914160728455,
        "walltime_sec": 1237.8914160728455,
        "iterations_used": 500,
        "final_squared_flux": 0.13365701933102359,
        "optimization_success": true,
        "optimization_message": "Completed",
        "optimization_nfev": 500,
        "optimization_njev": null,
        "_cached_thresholds": {
          "length_threshold": 41.91103907430774,
          "flux_threshold": 1e-08,
          "cc_threshold": 0.22658781698871783,
          "cs_threshold": 0.33602819118054755,
          "msc_threshold": 21.19807262293877,
          "curvature_threshold": 6.5070135702548075,
          "force_threshold": 771.3698040910236,
          "torque_threshold": 0.0,
          "finite_build_width": 0.10789896047081801,
          "major_radius": 5.483631261799852,
          "minor_radius": 0.5240806651439732,
          "a0": 3.2437754587511507,
          "arclength_variation_threshold": 0.0,
          "coil_width": 0.12331309768093489
        },
        "final_min_cs_separation": 0.2872061360562131,
        "final_min_cc_separation": 0.13534868330668134,
        "final_length_per_coil": [
          7.1556776481116335,
          8.899141789849093,
          10.667803560357807,
          7.504847801585107,
          7.843338064182912
        ],
        "final_current_per_coil": [
          931439.0435584403,
          1981222.4676711387,
          2089469.8916766148,
          812274.1663364681,
          1060598.6483744541
        ],
        "total_current_before": 6875004.217617116,
        "total_current_after": 6875004.217617116,
        "final_total_length": 42.07080886408655,
        "final_max_curvature": 2.3311968294405903,
        "final_average_curvature": 1.1413910552750999,
        "final_arclength_variation": 0.1399987526213656,
        "final_mean_squared_curvature": 2.1620115507137156,
        "final_max_torsion": 9.082633793890286,
        "final_linking_number": 0,
        "coils_linked_to_surface": true,
        "final_max_max_coil_force": 4850239.376404245,
        "final_avg_max_coil_force": 2789512.1338724447,
        "final_max_force_per_coil": [
          1886891.676905539,
          3687201.37053704,
          4850239.376404245,
          1994598.482891028,
          1528629.7626243718
        ],
        "final_max_torque_per_coil": [
          1051689.0120154659,
          5500334.931996965,
          6294399.27534293,
          1013018.8554951187,
          967386.2598730291
        ],
        "final_max_max_coil_torque": 6294399.27534293,
        "final_avg_max_coil_torque": 2965365.6669447017,
        "avg_BdotN_over_B": 0.01591970638082954,
        "max_BdotN_over_B": 0.11237790465778984,
        "lagrange_multipliers": null,
        "output_directory": "/Users/akaptanoglu/actions-runner/_work/stellcoilbench/stellcoilbench/cases/done/2026-03-23_085546_52821/order_4",
        "flux_threshold": 1e-08,
        "cc_threshold": 0.22658781698871783,
        "cs_threshold": 0.33602819118054755,
        "msc_threshold": 21.19807262293877,
        "arclength_variation_threshold": 0.0,
        "curvature_threshold": 6.5070135702548075,
        "force_threshold": 771.3698040910236,
        "torque_threshold": 0.0,
        "timing": {
          "coil_initialization": 0.6356900408864021,
          "biotsavart_setup": 2.3868705409113318,
          "objective_setup": 0.06023120786994696,
          "coil_optimization": 1237.8924442089628,
          "save_and_metrics": 1.6636473329272121
        },
        "fourier_order": 4,
        "continuation_step": 1
      },
      {
        "initial_B_field": 2.7608729499741584,
        "final_B_field": 2.731809225559702,
        "target_B_field": 2.5,
        "optimization_time": 1977.6054661273956,
        "walltime_sec": 1977.6054661273956,
        "iterations_used": 500,
        "final_squared_flux": 0.3479039850467401,
        "optimization_success": true,
        "optimization_message": "Completed",
        "optimization_nfev": 500,
        "optimization_njev": null,
        "_cached_thresholds": {
          "length_threshold": 41.91103907430774,
          "flux_threshold": 1e-08,
          "cc_threshold": 0.22658781698871783,
          "cs_threshold": 0.33602819118054755,
          "msc_threshold": 21.19807262293877,
          "curvature_threshold": 6.5070135702548075,
          "force_threshold": 771.3698040910236,
          "torque_threshold": 0.0,
          "finite_build_width": 0.10789896047081801,
          "major_radius": 5.483631261799852,
          "minor_radius": 0.5240806651439732,
          "a0": 3.2437754587511507,
          "arclength_variation_threshold": 0.0,
          "coil_width": 0.12331309768093489
        },
        "final_min_cs_separation": 0.22579232614096637,
        "final_min_cc_separation": 0.1530739421932221,
        "final_length_per_coil": [
          6.940070743182826,
          9.068683708132614,
          10.44409436708957,
          7.474667465396062,
          7.92683015391042
        ],
        "final_current_per_coil": [
          931055.4726703222,
          1982239.7653694544,
          2087921.8558075835,
          812053.5919275169,
          1061733.5318422383
        ],
        "total_current_before": 6875004.217617116,
        "total_current_after": 6875004.217617115,
        "final_total_length": 41.85434643771149,
        "final_max_curvature": 4.80754715297015,
        "final_average_curvature": 1.0899475931837905,
        "final_arclength_variation": 0.9071991657508953,
        "final_mean_squared_curvature": 2.6467980379298472,
        "final_max_torsion": 2.0134309391202345,
        "final_linking_number": 0,
        "coils_linked_to_surface": true,
        "final_max_max_coil_force": 5165181.681793538,
        "final_avg_max_coil_force": 2801162.6687468635,
        "final_max_force_per_coil": [
          1849196.7441809569,
          3606598.7792864535,
          5165181.681793538,
          2075219.3368670563,
          1309616.8016063138
        ],
        "final_max_torque_per_coil": [
          1022619.567779708,
          5188855.3328894675,
          7209775.436624524,
          1281147.7183637195,
          994018.0986591565
        ],
        "final_max_max_coil_torque": 7209775.436624524,
        "final_avg_max_coil_torque": 3139283.230863315,
        "avg_BdotN_over_B": 0.02444997993233056,
        "max_BdotN_over_B": 0.12239172095979356,
        "lagrange_multipliers": null,
        "output_directory": "/Users/akaptanoglu/actions-runner/_work/stellcoilbench/stellcoilbench/cases/done/2026-03-23_085546_52821/order_8",
        "flux_threshold": 1e-08,
        "cc_threshold": 0.22658781698871783,
        "cs_threshold": 0.33602819118054755,
        "msc_threshold": 21.19807262293877,
        "arclength_variation_threshold": 0.0,
        "curvature_threshold": 6.5070135702548075,
        "force_threshold": 771.3698040910236,
        "torque_threshold": 0.0,
        "timing": {
          "coil_initialization": 4.5797787606716156e-07,
          "biotsavart_setup": 0.003988625016063452,
          "objective_setup": 0.007435166975483298,
          "coil_optimization": 1977.6071305840742,