{
  "metadata": {
    "contact": "auto",
    "hardware": "CPU: self-hosted runner",
    "run_date": "2026-03-30T14:56:47.274791",
    "iterations_used": 500,
    "walltime_sec": 85.89118695259094,
    "tags": [
      "explore"
    ],
    "parent_ids": []
  },
  "version_info": {
    "stellcoilbench_commit": "996ef0cc6eb9f6aa9e2454fa1754d91e96aa0502",
    "stellcoilbench_branch": "main",
    "simsopt_version": "0.1.dev5668+ga79006b0b",
    "simsopt_commit": "a79006b0b"
  },
  "metrics": {
    "fourier_continuation": true,
    "fourier_orders": [
      4,
      8,
      16
    ],
    "final_order": 16,
    "continuation_results": [
      {
        "initial_B_field": 2.500000000019017,
        "final_B_field": 2.5153673320592542,
        "target_B_field": 2.5,
        "optimization_time": 1332.9000840187073,
        "walltime_sec": 1332.9000840187073,
        "iterations_used": 500,
        "final_squared_flux": 0.22766021111629864,
        "optimization_success": true,
        "optimization_message": "Completed",
        "optimization_nfev": 500,
        "optimization_njev": null,
        "_cached_thresholds": {
          "length_threshold": 58.27776996400982,
          "flux_threshold": 1e-08,
          "cc_threshold": 0.22658781698871783,
          "cs_threshold": 0.22381327229089681,
          "msc_threshold": 3.8503614695376163,
          "curvature_threshold": 27.756986600533597,
          "force_threshold": 863.4930271195562,
          "torque_threshold": 0.0,
          "finite_build_width": 0.10789896047081801,
          "major_radius": 5.483631261799852,
          "minor_radius": 0.5240806651439732,
          "a0": 3.2437754587511507,
          "arclength_variation_threshold": 0.0,
          "coil_width": 0.12331309768093489
        },
        "final_min_cs_separation": 0.04439248301885411,
        "final_min_cc_separation": 0.14698178646569815,
        "final_length_per_coil": [
          9.757545241075551,
          7.27250074588098,
          6.882770329322683,
          5.770752865715655,
          11.272865216392043,
          5.600986370216837,
          10.423077673619309
        ],
        "final_current_per_coil": [
          772599.800228006,
          967425.3805955821,
          589283.92686397,
          901956.7399411327,
          1213734.1803019021,
          1911532.5262893129,
          518467.4458846841
        ],
        "total_current_before": 6875000.00010459,
        "total_current_after": 6875000.000104589,
        "final_total_length": 56.98049844222306,
        "final_max_curvature": 5.526020263220032,
        "final_average_curvature": 1.200094826788636,
        "final_arclength_variation": 0.1480837663654848,
        "final_mean_squared_curvature": 4.4662785527482285,
        "final_max_torsion": 5.1460136286395395,
        "final_linking_number": 5,
        "coils_linked_to_surface": false,
        "final_max_max_coil_force": 4621038.016482139,
        "final_avg_max_coil_force": 2013311.1587574312,
        "final_max_force_per_coil": [
          942759.7276474887,
          1936884.0891950128,
          1038283.2698656853,
          2100699.1376805655,
          3163466.7641640473,
          4621038.016482139,
          290047.1062670789
        ],
        "final_max_torque_per_coil": [
          667073.7760906282,
          695222.4897195337,
          425455.8460758577,
          1309471.0973579285,
          2916538.2967147436,
          2547061.119800967,
          333183.9710021285
        ],
        "final_max_max_coil_torque": 2916538.2967147436,
        "final_avg_max_coil_torque": 1270572.3709659693,
        "avg_BdotN_over_B": 0.02649103168517907,
        "max_BdotN_over_B": 0.3812750496556322,
        "lagrange_multipliers": null,
        "output_directory": "/Users/akaptanoglu/actions-runner/_work/stellcoilbench/stellcoilbench/cases/done/2026-03-30_142511_25072/order_4",
        "flux_threshold": 1e-08,
        "cc_threshold": 0.22658781698871783,
        "cs_threshold": 0.22381327229089681,
        "msc_threshold": 3.8503614695376163,
        "arclength_variation_threshold": 0.0,
        "curvature_threshold": 27.756986600533597,
        "force_threshold": 863.4930271195562,
        "torque_threshold": 0.0,
        "timing": {
          "coil_initialization": 3.6592262499034405,
          "biotsavart_setup": 3.1614012918435037,
          "objective_setup": 0.03681416716426611,
          "coil_optimization": 1332.9014525408857,
          "save_and_metrics": 2.52182300016284
        },
        "fourier_order": 4,
        "continuation_step": 1
      },
      {
        "initial_B_field": 2.5153673320592542,
        "final_B_field": 2.4975314641893522,
        "target_B_field": 2.5,
        "optimization_time": 304.1666581630707,
        "walltime_sec": 304.1666581630707,
        "iterations_used": 500,
        "final_squared_flux": 0.2649578414179194,
        "optimization_success": true,
        "optimization_message": "Completed",
        "optimization_nfev": 500,
        "optimization_njev": null,
        "_cached_thresholds": {
          "length_threshold": 58.27776996400982,
          "flux_threshold": 1e-08,
          "cc_threshold": 0.22658781698871783,
          "cs_threshold": 0.22381327229089681,
          "msc_threshold": 3.8503614695376163,
          "curvature_threshold": 27.756986600533597,
          "force_threshold": 863.4930271195562,
          "torque_threshold": 0.0,
          "finite_build_width": 0.10789896047081801,
          "major_radius": 5.483631261799852,
          "minor_radius": 0.5240806651439732,
          "a0": 3.2437754587511507,
          "arclength_variation_threshold": 0.0,
          "coil_width": 0.12331309768093489
        },
        "final_min_cs_separation": 0.041457482837706255,
        "final_min_cc_separation": 0.1456802874130824,
        "final_length_per_coil": [
          9.743377867178813,
          7.256220669685966,
          6.843804192805955,
          5.75295952893783,
          11.267178240615246,
          5.588598026599133,
          10.404856779709691
        ],
        "final_current_per_coil": [
          772599.6600847214,
          967425.6918850818,
          589282.4741542321,
          901955.3761315148,
          1213734.4415804944,
          1911532.6064943015,
          518469.7497742446
        ],
        "total_current_before": 6875000.000104589,
        "total_current_after": 6875000.00010459,
        "final_total_length": 56.856995305532635,
        "final_max_curvature": 7.1666447530009885,
        "final_average_curvature": 1.1890955625224855,
        "final_arclength_variation": 0.35849525975875945,
        "final_mean_squared_curvature": 5.2345500070587105,
        "final_max_torsion": 3.322087889542539,
        "final_linking_number": 5,
        "coils_linked_to_surface": false,
        "final_max_max_coil_force": 3573193.875036443,
        "final_avg_max_coil_force": 1805279.8282582334,
        "final_max_force_per_coil": [
          881188.7291353274,
          1834349.01617457,
          956779.5497332023,
          2114797.925572837,
          3007548.1440705517,
          3573193.875036443,
          269101.5580847013
        ],
        "final_max_torque_per_coil": [
          582643.1559765408,
          696192.6491733425,
          440149.82382688066,
          1200474.8522535907,
          2841906.4842286836,
          1868819.321275804,
          345927.16375123104
        ],
        "final_max_max_coil_torque": 2841906.4842286836,
        "final_avg_max_coil_torque": 1139444.7786408677,
        "avg_BdotN_over_B": 0.027961382336617675,
        "max_BdotN_over_B": 0.47759853750849945,
        "lagrange_multipliers": null,
        "output_directory": "/Users/akaptanoglu/actions-runner/_work/stellcoilbench/stellcoilbench/cases/done/2026-03-30_142511_25072/order_8",
        "flux_threshold": 1e-08,
        "cc_threshold": 0.22658781698871783,
        "cs_threshold": 0.22381327229089681,