{
  "metadata": {
    "contact": "auto",
    "hardware": "CPU: self-hosted runner",
    "run_date": "2026-03-21T06:29:38.835677",
    "iterations_used": 500,
    "walltime_sec": 738.4963729381561,
    "tags": [
      "explore"
    ],
    "parent_ids": []
  },
  "version_info": {
    "stellcoilbench_commit": "e6c515ef19b59096cac787cd8c453bafa66b1d48",
    "stellcoilbench_branch": "main",
    "simsopt_version": "0.1.dev5668+ga79006b0b",
    "simsopt_commit": "a79006b0b"
  },
  "metrics": {
    "fourier_continuation": true,
    "fourier_orders": [
      4,
      8,
      16
    ],
    "final_order": 16,
    "continuation_results": [
      {
        "initial_B_field": 1.0000050243934888,
        "final_B_field": 1.0491854076653355,
        "target_B_field": 1.0,
        "optimization_time": 403.67991399765015,
        "walltime_sec": 403.67991399765015,
        "iterations_used": 500,
        "final_squared_flux": 0.08314798110978111,
        "optimization_success": true,
        "optimization_message": "Completed",
        "optimization_nfev": 500,
        "optimization_njev": null,
        "_cached_thresholds": {
          "length_threshold": 12.936267253409667,
          "flux_threshold": 1e-08,
          "cc_threshold": 0.13227348117675888,
          "cs_threshold": 0.28345731782115324,
          "msc_threshold": 14.564612519916787,
          "curvature_threshold": 33.10873775331985,
          "force_threshold": 4562.299220004447,
          "torque_threshold": 0.0,
          "finite_build_width": 0.05,
          "major_radius": 1.0098736979848935,
          "minor_radius": 0.16831206437162433,
          "a0": 10.100286074838271,
          "arclength_variation_threshold": 0.0,
          "coil_width": 0.039602838675676315
        },
        "final_min_cs_separation": 0.2419836704091019,
        "final_min_cc_separation": 0.10745080231418949,
        "final_length_per_coil": [
          2.828688717876351,
          2.787152070449256,
          2.758240621690756,
          2.739488334176246,
          2.742241629081406
        ],
        "final_current_per_coil": [
          768019.2381454277,
          755590.584866456,
          1321748.51141938,
          629305.3668040611,
          545140.7405456429
        ],
        "total_current_before": 1250012.5384399334,
        "total_current_after": 1250012.5384399337,
        "final_total_length": 13.855811373274014,
        "final_max_curvature": 3.3443527677036338,
        "final_average_curvature": 2.278505855844891,
        "final_arclength_variation": 0.017166663261957836,
        "final_mean_squared_curvature": 5.697570047710813,
        "final_max_torsion": 4.327725764193693,
        "final_linking_number": 0,
        "coils_linked_to_surface": true,
        "final_max_max_coil_force": 1661491.5994353509,
        "final_avg_max_coil_force": 978285.712897427,
        "final_max_force_per_coil": [
          759009.9743209666,
          928582.3852540838,
          1661491.5994353509,
          678373.5478064577,
          863971.057670276
        ],
        "final_max_torque_per_coil": [
          153972.27298663414,
          351168.1031150353,
          261562.44691876226,
          192408.26503577371,
          284350.45227129024
        ],
        "final_max_max_coil_torque": 351168.1031150353,
        "final_avg_max_coil_torque": 248692.30806549912,
        "avg_BdotN_over_B": 0.10321950092643116,
        "max_BdotN_over_B": 0.46931739665236016,
        "lagrange_multipliers": null,
        "output_directory": "/Users/akaptanoglu/actions-runner/_work/stellcoilbench/stellcoilbench/cases/done/2026-03-21_055656_86379/order_4",
        "flux_threshold": 1e-08,
        "cc_threshold": 0.13227348117675888,
        "cs_threshold": 0.28345731782115324,
        "msc_threshold": 14.564612519916787,
        "arclength_variation_threshold": 0.0,
        "curvature_threshold": 33.10873775331985,
        "force_threshold": 4562.299220004447,
        "torque_threshold": 0.0,
        "timing": {
          "coil_initialization": 0.24078087508678436,
          "biotsavart_setup": 1.3941621659323573,
          "objective_setup": 0.03391208313405514,
          "coil_optimization": 403.67594666592777,
          "save_and_metrics": 0.9832915000151843
        },
        "fourier_order": 4,
        "continuation_step": 1
      },
      {
        "initial_B_field": 1.0491854076653355,
        "final_B_field": 1.0491793867347114,
        "target_B_field": 1.0,
        "optimization_time": 540.5621292591095,
        "walltime_sec": 540.5621292591095,
        "iterations_used": 500,
        "final_squared_flux": 0.08316488368494726,
        "optimization_success": true,
        "optimization_message": "Completed",
        "optimization_nfev": 500,
        "optimization_njev": null,
        "_cached_thresholds": {
          "length_threshold": 12.936267253409667,
          "flux_threshold": 1e-08,
          "cc_threshold": 0.13227348117675888,
          "cs_threshold": 0.28345731782115324,
          "msc_threshold": 14.564612519916787,
          "curvature_threshold": 33.10873775331985,
          "force_threshold": 4562.299220004447,
          "torque_threshold": 0.0,
          "finite_build_width": 0.05,
          "major_radius": 1.0098736979848935,
          "minor_radius": 0.16831206437162433,
          "a0": 10.100286074838271,
          "arclength_variation_threshold": 0.0,
          "coil_width": 0.039602838675676315
        },
        "final_min_cs_separation": 0.24214712278961717,
        "final_min_cc_separation": 0.10727113655384456,
        "final_length_per_coil": [
          2.8286669509395193,
          2.787150843680946,
          2.7582374897438986,
          2.739474160527487,
          2.7422420491130515
        ],
        "final_current_per_coil": [
          768126.6067512784,
          755798.8295239015,
          1321790.8180627339,
          629085.2011763491,
          544979.1443261716
        ],
        "total_current_before": 1250012.5384399337,
        "total_current_after": 1250012.5384399332,
        "final_total_length": 13.855771494004902,
        "final_max_curvature": 3.381215831464866,
        "final_average_curvature": 2.2727525369755583,
        "final_arclength_variation": 0.014294016147926969,
        "final_mean_squared_curvature": 5.65314677948973,
        "final_max_torsion": 3.5233370997194946,
        "final_linking_number": 0,
        "coils_linked_to_surface": true,
        "final_max_max_coil_force": 1080322.751470565,
        "final_avg_max_coil_force": 795475.0527159953,
        "final_max_force_per_coil": [
          477151.303170886,
          1080322.751470565,
          761971.9262611121,
          906359.2165232619,
          751570.0661541515
        ],
        "final_max_torque_per_coil": [
          115111.3122050769,
          351839.0682973913,
          231393.94854987392,
          205580.19908924552,
          285256.4445896128
        ],
        "final_max_max_coil_torque": 351839.0682973913,
        "final_avg_max_coil_torque": 237836.1945462401,
        "avg_BdotN_over_B": 0.10322604088279694,
        "max_BdotN_over_B": 0.4693246985049058,
        "lagrange_multipliers": null,
        "output_directory": "/Users/akaptanoglu/actions-runner/_work/stellcoilbench/stellcoilbench/cases/done/2026-03-21_055656_86379/order_8",
        "flux_threshold": 1e-08,
        "cc_threshold": 0.13227348117675888,
        "cs_threshold": 0.28345731782115324,
        "msc_threshold": 14.564612519916787,
        "arclength_variation_threshold": 0.0,
        "curvature_threshold": 33.10873775331985,
        "force_threshold": 4562.299220004447,
        "torque_threshold": 0.0,
        "timing": {
          "coil_initialization": 5.408655852079391e-07,
          "biotsavart_setup": 0.0032573339994996786,
          "objective_setup": 0.00697862496599555,
          "coil_optimization": 540.5623057500925,
          "save_and_metrics": 0.9179344589356333
        },