{
  "metadata": {
    "contact": "auto",
    "hardware": "CPU: self-hosted runner",
    "run_date": "2026-04-03T09:03:43.375643",
    "iterations_used": 500,
    "walltime_sec": 75.3828821182251,
    "tags": [
      "explore"
    ],
    "parent_ids": []
  },
  "version_info": {
    "stellcoilbench_commit": "68cd2b677c4ef354eb5d754f5f9953f03575ab6f",
    "stellcoilbench_branch": "main",
    "simsopt_version": "0.1.dev5668+ga79006b0b",
    "simsopt_commit": "a79006b0b"
  },
  "metrics": {
    "fourier_continuation": true,
    "fourier_orders": [
      4,
      8,
      16
    ],
    "final_order": 16,
    "continuation_results": [
      {
        "initial_B_field": 2.5000086086152167,
        "final_B_field": 2.764273962742315,
        "target_B_field": 2.5,
        "optimization_time": 712.0728979110718,
        "walltime_sec": 712.0728979110718,
        "iterations_used": 500,
        "final_squared_flux": 0.05963938097969921,
        "optimization_success": true,
        "optimization_message": "Completed",
        "optimization_nfev": 500,
        "optimization_njev": null,
        "_cached_thresholds": {
          "length_threshold": 59.45541004686276,
          "flux_threshold": 1e-08,
          "cc_threshold": 0.3862782784855285,
          "cs_threshold": 0.4047752431376687,
          "msc_threshold": 2.173329557363271,
          "curvature_threshold": 13.3935488691835,
          "force_threshold": 531.6547976893136,
          "torque_threshold": 0.0,
          "finite_build_width": 0.10789896047081801,
          "major_radius": 5.483631261799852,
          "minor_radius": 0.5240806651439732,
          "a0": 3.2437754587511507,
          "arclength_variation_threshold": 0.0,
          "coil_width": 0.12331309768093489
        },
        "final_min_cs_separation": 0.36964462487400646,
        "final_min_cc_separation": 0.32132371748071564,
        "final_length_per_coil": [
          12.483853572296189,
          15.735906991343102,
          14.591934388641075,
          11.623995753568229
        ],
        "final_current_per_coil": [
          2161810.749405845,
          2458062.0463832235,
          1358312.2698979925,
          896862.2451723032
        ],
        "total_current_before": 6875047.310859364,
        "total_current_after": 6875047.310859364,
        "final_total_length": 54.43569070584859,
        "final_max_curvature": 1.425881954595723,
        "final_average_curvature": 0.8009907692352152,
        "final_arclength_variation": 0.11213456917234219,
        "final_mean_squared_curvature": 1.0511282062634515,
        "final_max_torsion": 9.181338094746438,
        "final_linking_number": 0,
        "coils_linked_to_surface": true,
        "final_max_max_coil_force": 5416550.563113942,
        "final_avg_max_coil_force": 3443376.658789142,
        "final_max_force_per_coil": [
          4423033.986676537,
          5416550.563113942,
          2169222.973464032,
          1764699.111902057
        ],
        "final_max_torque_per_coil": [
          6076795.69119031,
          9610083.186324729,
          2503463.041148204,
          1123578.8414878333
        ],
        "final_max_max_coil_torque": 9610083.186324729,
        "final_avg_max_coil_torque": 4828480.190037768,
        "avg_BdotN_over_B": 0.010410279248807346,
        "max_BdotN_over_B": 0.05792440300628859,
        "lagrange_multipliers": null,
        "output_directory": "/Users/akaptanoglu/actions-runner/_work/stellcoilbench/stellcoilbench/cases/done/2026-04-03_083009_43983/order_4",
        "flux_threshold": 1e-08,
        "cc_threshold": 0.3862782784855285,
        "cs_threshold": 0.4047752431376687,
        "msc_threshold": 2.173329557363271,
        "arclength_variation_threshold": 0.0,
        "curvature_threshold": 13.3935488691835,
        "force_threshold": 531.6547976893136,
        "torque_threshold": 0.0,
        "timing": {
          "coil_initialization": 0.5561384170141537,
          "biotsavart_setup": 1.9661520830122754,
          "objective_setup": 0.04788516601547599,
          "coil_optimization": 712.0713719589985,
          "save_and_metrics": 1.4955791659886017
        },
        "fourier_order": 4,
        "continuation_step": 1
      },
      {
        "initial_B_field": 2.764273962742315,
        "final_B_field": 2.739522249749533,
        "target_B_field": 2.5,
        "optimization_time": 903.8845319747925,
        "walltime_sec": 903.8845319747925,
        "iterations_used": 500,
        "final_squared_flux": 0.12888973066517717,
        "optimization_success": true,
        "optimization_message": "Completed",
        "optimization_nfev": 500,
        "optimization_njev": null,
        "_cached_thresholds": {
          "length_threshold": 59.45541004686276,
          "flux_threshold": 1e-08,
          "cc_threshold": 0.3862782784855285,
          "cs_threshold": 0.4047752431376687,
          "msc_threshold": 2.173329557363271,
          "curvature_threshold": 13.3935488691835,
          "force_threshold": 531.6547976893136,
          "torque_threshold": 0.0,
          "finite_build_width": 0.10789896047081801,
          "major_radius": 5.483631261799852,
          "minor_radius": 0.5240806651439732,
          "a0": 3.2437754587511507,
          "arclength_variation_threshold": 0.0,
          "coil_width": 0.12331309768093489
        },
        "final_min_cs_separation": 0.3699303641802572,
        "final_min_cc_separation": 0.30684387420439335,
        "final_length_per_coil": [
          12.412971552728294,
          15.72464154218054,
          14.601150375675731,
          11.613482446183568
        ],
        "final_current_per_coil": [
          2161635.1183324414,
          2458134.315262578,
          1358250.7217331966,
          897027.1555311484
        ],
        "total_current_before": 6875047.310859364,
        "total_current_after": 6875047.310859364,
        "final_total_length": 54.35224591676813,
        "final_max_curvature": 2.0487232531640616,
        "final_average_curvature": 0.7751738503789015,
        "final_arclength_variation": 0.9297645086884596,
        "final_mean_squared_curvature": 1.1388627828303775,
        "final_max_torsion": 1.9464978441365413,
        "final_linking_number": 0,
        "coils_linked_to_surface": true,
        "final_max_max_coil_force": 5103239.006534041,
        "final_avg_max_coil_force": 3244265.257247871,
        "final_max_force_per_coil": [
          4070125.3601415576,
          5103239.006534041,
          2179400.398173487,
          1624296.2641423983
        ],
        "final_max_torque_per_coil": [
          6139670.457326341,
          9357052.469220627,
          2549668.84248902,
          1096816.6658673803
        ],
        "final_max_max_coil_torque": 9357052.469220627,
        "final_avg_max_coil_torque": 4785802.108725842,
        "avg_BdotN_over_B": 0.014521241892407355,
        "max_BdotN_over_B": 0.06538199388087759,
        "lagrange_multipliers": null,
        "output_directory": "/Users/akaptanoglu/actions-runner/_work/stellcoilbench/stellcoilbench/cases/done/2026-04-03_083009_43983/order_8",
        "flux_threshold": 1e-08,
        "cc_threshold": 0.3862782784855285,
        "cs_threshold": 0.4047752431376687,
        "msc_threshold": 2.173329557363271,
        "arclength_variation_threshold": 0.0,
        "curvature_threshold": 13.3935488691835,
        "force_threshold": 531.6547976893136,
        "torque_threshold": 0.0,
        "timing": {
          "coil_initialization": 5.420006345957518e-07,
          "biotsavart_setup": 0.003726583003299311,
          "objective_setup": 0.00707062499714084,
          "coil_optimization": 903.8964254580205,
          "save_and_metrics": 1.4444052500184625
        },
        "fourier_order": 8,
        "continuation_step": 2
      },
      {
        "initial_B_field": 2.739522249749533,
        "final_B_field": 2.739522249749533,
        "target_B_field": 2.5,
        "optimization_time": 75.3828821182251,