{
  "metadata": {
    "contact": "auto",
    "hardware": "CPU: self-hosted runner",
    "run_date": "2026-03-26T07:02:08.981544",
    "iterations_used": 500,
    "walltime_sec": 151.3607578277588,
    "tags": [
      "explore"
    ],
    "parent_ids": []
  },
  "version_info": {
    "stellcoilbench_commit": "d7bf3f8c171022319a080277f79fe75f6fe098ea",
    "stellcoilbench_branch": "main",
    "simsopt_version": "0.1.dev5668+ga79006b0b",
    "simsopt_commit": "a79006b0b"
  },
  "metrics": {
    "fourier_continuation": true,
    "fourier_orders": [
      4,
      8,
      16
    ],
    "final_order": 16,
    "continuation_results": [
      {
        "initial_B_field": 2.500000766903552,
        "final_B_field": 2.7600538243430712,
        "target_B_field": 2.5,
        "optimization_time": 1006.5575568675995,
        "walltime_sec": 1006.5575568675995,
        "iterations_used": 500,
        "final_squared_flux": 0.07428948990996793,
        "optimization_success": true,
        "optimization_message": "Completed",
        "optimization_nfev": 500,
        "optimization_njev": null,
        "_cached_thresholds": {
          "length_threshold": 50.105194415205865,
          "flux_threshold": 1e-08,
          "cc_threshold": 0.2571078086647492,
          "cs_threshold": 0.45779987514047077,
          "msc_threshold": 2.757209139938478,
          "curvature_threshold": 12.362028273300636,
          "force_threshold": 439.5315746607809,
          "torque_threshold": 0.0,
          "finite_build_width": 0.10789896047081801,
          "major_radius": 5.483631261799852,
          "minor_radius": 0.5240806651439732,
          "a0": 3.2437754587511507,
          "arclength_variation_threshold": 0.0,
          "coil_width": 0.12331309768093489
        },
        "final_min_cs_separation": 0.42388116613524396,
        "final_min_cc_separation": 0.19711739755111238,
        "final_length_per_coil": [
          9.723363279519765,
          8.409593734815427,
          12.577366151452084,
          10.007438476983937,
          9.493144429642163
        ],
        "final_current_per_coil": [
          1845041.7390988541,
          809718.7705526963,
          2210916.3506580517,
          1002182.982249179,
          1007144.3750583343
        ],
        "total_current_before": 6875004.217617116,
        "total_current_after": 6875004.217617115,
        "final_total_length": 50.21090607241337,
        "final_max_curvature": 1.8667691405097857,
        "final_average_curvature": 1.0048099957415286,
        "final_arclength_variation": 0.09951381985541054,
        "final_mean_squared_curvature": 1.497128151130055,
        "final_max_torsion": 7.361036787426808,
        "final_linking_number": 0,
        "coils_linked_to_surface": true,
        "final_max_max_coil_force": 5253704.626573614,
        "final_avg_max_coil_force": 2966730.773679616,
        "final_max_force_per_coil": [
          3065603.779602676,
          1882035.7083606194,
          5253704.626573614,
          2382336.540399278,
          2249973.2134618927
        ],
        "final_max_torque_per_coil": [
          3307276.14563355,
          1360010.9104891105,
          8294662.147890542,
          958214.488228744,
          1099482.200165426
        ],
        "final_max_max_coil_torque": 8294662.147890542,
        "final_avg_max_coil_torque": 3003929.1784814745,
        "avg_BdotN_over_B": 0.011614361232404028,
        "max_BdotN_over_B": 0.07036361407491774,
        "lagrange_multipliers": null,
        "output_directory": "/Users/akaptanoglu/actions-runner/_work/stellcoilbench/stellcoilbench/cases/done/2026-03-26_061117_49555/order_4",
        "flux_threshold": 1e-08,
        "cc_threshold": 0.2571078086647492,
        "cs_threshold": 0.45779987514047077,
        "msc_threshold": 2.757209139938478,
        "arclength_variation_threshold": 0.0,
        "curvature_threshold": 12.362028273300636,
        "force_threshold": 439.5315746607809,
        "torque_threshold": 0.0,
        "timing": {
          "coil_initialization": 0.5882142500486225,
          "biotsavart_setup": 2.5397573329973966,
          "objective_setup": 0.07392233284190297,
          "coil_optimization": 1006.5583461669739,
          "save_and_metrics": 1.7189468340948224
        },
        "fourier_order": 4,
        "continuation_step": 1
      },
      {
        "initial_B_field": 2.7600538243430712,
        "final_B_field": 2.7516622419963035,
        "target_B_field": 2.5,
        "optimization_time": 1569.3573560714722,
        "walltime_sec": 1569.3573560714722,
        "iterations_used": 500,
        "final_squared_flux": 0.152335179589359,
        "optimization_success": true,
        "optimization_message": "Completed",
        "optimization_nfev": 500,
        "optimization_njev": null,
        "_cached_thresholds": {
          "length_threshold": 50.105194415205865,
          "flux_threshold": 1e-08,
          "cc_threshold": 0.2571078086647492,
          "cs_threshold": 0.45779987514047077,
          "msc_threshold": 2.757209139938478,
          "curvature_threshold": 12.362028273300636,
          "force_threshold": 439.5315746607809,
          "torque_threshold": 0.0,
          "finite_build_width": 0.10789896047081801,
          "major_radius": 5.483631261799852,
          "minor_radius": 0.5240806651439732,
          "a0": 3.2437754587511507,
          "arclength_variation_threshold": 0.0,
          "coil_width": 0.12331309768093489
        },
        "final_min_cs_separation": 0.38887259385482065,
        "final_min_cc_separation": 0.154320930521785,
        "final_length_per_coil": [
          9.567708776696106,
          8.31508718227081,
          12.584828247332567,
          10.024803792811515,
          9.485516857697702
        ],
        "final_current_per_coil": [
          1845099.3927220467,
          809631.5696372354,
          2210897.984584504,
          1002146.9835427613,
          1007228.2871305691
        ],
        "total_current_before": 6875004.217617115,
        "total_current_after": 6875004.217617116,
        "final_total_length": 49.977944856808705,
        "final_max_curvature": 3.5184705342463776,
        "final_average_curvature": 0.9475448904102343,
        "final_arclength_variation": 0.8817808201196493,
        "final_mean_squared_curvature": 1.7344039229956092,
        "final_max_torsion": 2.293277936632999,
        "final_linking_number": 0,
        "coils_linked_to_surface": true,
        "final_max_max_coil_force": 5206595.687678906,
        "final_avg_max_coil_force": 2806909.440247531,
        "final_max_force_per_coil": [
          2731109.096433866,
          1633178.8324249412,
          5206595.687678906,
          2293485.652558818,
          2170177.932141125
        ],
        "final_max_torque_per_coil": [
          4039550.3013850506,
          1380034.0879885317,
          8793409.841585994,
          970852.1423898856,
          1217013.4054411491
        ],
        "final_max_max_coil_torque": 8793409.841585994,
        "final_avg_max_coil_torque": 3280171.9557581223,
        "avg_BdotN_over_B": 0.017147525197506883,
        "max_BdotN_over_B": 0.07958234061076631,
        "lagrange_multipliers": null,
        "output_directory": "/Users/akaptanoglu/actions-runner/_work/stellcoilbench/stellcoilbench/cases/done/2026-03-26_061117_49555/order_8",
        "flux_threshold": 1e-08,
        "cc_threshold": 0.2571078086647492,
        "cs_threshold": 0.45779987514047077,
        "msc_threshold": 2.757209139938478,
        "arclength_variation_threshold": 0.0,
        "curvature_threshold": 12.362028273300636,
        "force_threshold": 439.5315746607809,
        "torque_threshold": 0.0,
        "timing": {
          "coil_initialization": 1.709209755063057e-06,
          "biotsavart_setup": 0.004638040903955698,
          "objective_setup": 0.009330667089670897,
          "coil_optimization": 1569.358645166969,