{
  "metadata": {
    "contact": "auto",
    "hardware": "CPU: self-hosted runner",
    "run_date": "2026-03-24T20:55:45.627141",
    "iterations_used": 500,
    "walltime_sec": 134.65633726119995,
    "tags": [
      "explore"
    ],
    "parent_ids": []
  },
  "version_info": {
    "stellcoilbench_commit": "c640d6ec7c51337e3bd8c73abb0f49ae918b865c",
    "stellcoilbench_branch": "main",
    "simsopt_version": "0.1.dev5668+ga79006b0b",
    "simsopt_commit": "a79006b0b"
  },
  "metrics": {
    "fourier_continuation": true,
    "fourier_orders": [
      4,
      8,
      16
    ],
    "final_order": 16,
    "continuation_results": [
      {
        "initial_B_field": 2.5000971540886527,
        "final_B_field": 2.78199594059404,
        "target_B_field": 2.5,
        "optimization_time": 154.01849794387817,
        "walltime_sec": 154.01849794387817,
        "iterations_used": 500,
        "final_squared_flux": 0.14050590402890045,
        "optimization_success": true,
        "optimization_message": "Completed",
        "optimization_nfev": 500,
        "optimization_njev": null,
        "_cached_thresholds": {
          "length_threshold": 39.44477712068905,
          "flux_threshold": 1e-08,
          "cc_threshold": 0.22658781698871783,
          "cs_threshold": 0.2863946693639713,
          "msc_threshold": 6.218317554425956,
          "curvature_threshold": 3.772510858527588,
          "force_threshold": 1422.3955386623795,
          "torque_threshold": 0.0,
          "finite_build_width": 0.10789896047081801,
          "major_radius": 5.483631261799852,
          "minor_radius": 0.5240806651439732,
          "a0": 3.2437754587511507,
          "arclength_variation_threshold": 0.0,
          "coil_width": 0.12331309768093489
        },
        "final_min_cs_separation": 0.3691095330544703,
        "final_min_cc_separation": 0.0343200144767612,
        "final_length_per_coil": [
          10.80805663463822,
          13.305009391406154,
          13.85858107427974
        ],
        "final_current_per_coil": [
          2844266.271371406,
          2013807.8801998817,
          2017456.7932556504
        ],
        "total_current_before": 6875530.944826938,
        "total_current_after": 6875530.944826938,
        "final_total_length": 37.97164710032411,
        "final_max_curvature": 1.4601287686630127,
        "final_average_curvature": 0.8291874246949062,
        "final_arclength_variation": 0.17802098871525027,
        "final_mean_squared_curvature": 0.8790785526088487,
        "final_max_torsion": 6.029099182543663,
        "final_linking_number": 0,
        "coils_linked_to_surface": true,
        "final_max_max_coil_force": 34862529.967152685,
        "final_avg_max_coil_force": 24224043.096440088,
        "final_max_force_per_coil": [
          32987793.039844476,
          34862529.967152685,
          4821806.282323092
        ],
        "final_max_torque_per_coil": [
          50914650.49037846,
          68437846.38721874,
          3477447.1295357966
        ],
        "final_max_max_coil_torque": 68437846.38721874,
        "final_avg_max_coil_torque": 40943314.66904434,
        "avg_BdotN_over_B": 0.016341340466724096,
        "max_BdotN_over_B": 0.0873998522469532,
        "lagrange_multipliers": null,
        "output_directory": "/Users/akaptanoglu/actions-runner/_work/stellcoilbench/stellcoilbench/cases/done/2026-03-24_203858_62771/order_4",
        "flux_threshold": 1e-08,
        "cc_threshold": 0.22658781698871783,
        "cs_threshold": 0.2863946693639713,
        "msc_threshold": 6.218317554425956,
        "arclength_variation_threshold": 0.0,
        "curvature_threshold": 3.772510858527588,
        "force_threshold": 1422.3955386623795,
        "torque_threshold": 0.0,
        "timing": {
          "coil_initialization": 0.27536341710947454,
          "biotsavart_setup": 1.6291516250930727,
          "objective_setup": 0.030253542121499777,
          "coil_optimization": 154.01864675013348,
          "save_and_metrics": 1.2866754170972854
        },
        "fourier_order": 4,
        "continuation_step": 1
      },
      {
        "initial_B_field": 2.78199594059404,
        "final_B_field": 2.7817662591176733,
        "target_B_field": 2.5,
        "optimization_time": 454.9623486995697,
        "walltime_sec": 454.9623486995697,
        "iterations_used": 500,
        "final_squared_flux": 0.17132828354096438,
        "optimization_success": true,
        "optimization_message": "Completed",
        "optimization_nfev": 500,
        "optimization_njev": null,
        "_cached_thresholds": {
          "length_threshold": 39.44477712068905,
          "flux_threshold": 1e-08,
          "cc_threshold": 0.22658781698871783,
          "cs_threshold": 0.2863946693639713,
          "msc_threshold": 6.218317554425956,
          "curvature_threshold": 3.772510858527588,
          "force_threshold": 1422.3955386623795,
          "torque_threshold": 0.0,
          "finite_build_width": 0.10789896047081801,
          "major_radius": 5.483631261799852,
          "minor_radius": 0.5240806651439732,
          "a0": 3.2437754587511507,
          "arclength_variation_threshold": 0.0,
          "coil_width": 0.12331309768093489
        },
        "final_min_cs_separation": 0.37969770858456864,
        "final_min_cc_separation": 0.01332181777139888,
        "final_length_per_coil": [
          10.69918800941282,
          13.318375642140422,
          13.875432906442652
        ],
        "final_current_per_coil": [
          2844504.5376096563,
          2014054.8552334565,
          2016971.5519838259
        ],
        "total_current_before": 6875530.944826938,
        "total_current_after": 6875530.944826938,
        "final_total_length": 37.89299655799589,
        "final_max_curvature": 2.3429460203294155,
        "final_average_curvature": 0.79432118893248,
        "final_arclength_variation": 1.0378251268039917,
        "final_mean_squared_curvature": 0.9240576140759191,
        "final_max_torsion": 1.667822735042764,
        "final_linking_number": 10,
        "coils_linked_to_surface": true,
        "final_max_max_coil_force": 199655272.53246695,
        "final_avg_max_coil_force": 84045641.23253174,
        "final_max_force_per_coil": [
          199655272.53246695,
          47388680.063659936,
          5092971.101468342
        ],
        "final_max_torque_per_coil": [
          283533063.10034144,
          87714803.94071981,
          3749502.2429718785
        ],
        "final_max_max_coil_torque": 283533063.10034144,
        "final_avg_max_coil_torque": 124999123.09467773,
        "avg_BdotN_over_B": 0.01771296942585582,
        "max_BdotN_over_B": 0.09392958828299237,
        "lagrange_multipliers": null,
        "output_directory": "/Users/akaptanoglu/actions-runner/_work/stellcoilbench/stellcoilbench/cases/done/2026-03-24_203858_62771/order_8",
        "flux_threshold": 1e-08,
        "cc_threshold": 0.22658781698871783,
        "cs_threshold": 0.2863946693639713,
        "msc_threshold": 6.218317554425956,
        "arclength_variation_threshold": 0.0,
        "curvature_threshold": 3.772510858527588,
        "force_threshold": 1422.3955386623795,
        "torque_threshold": 0.0,
        "timing": {
          "coil_initialization": 4.998873919248581e-07,
          "biotsavart_setup": 0.004350875038653612,
          "objective_setup": 0.006364875007420778,
          "coil_optimization": 454.9627184169367,
          "save_and_metrics": 1.1308866669423878
        },
        "fourier_order": 8,
        "continuation_step": 2
      },
      {
        "initial_B_field": 2.7817662591176733,
        "final_B_field": 2.7817662672987487,
        "target_B_field": 2.5,
        "optimization_time": 134.65633726119995,
        "walltime_sec": 134.65633726119995,
        "iterations_used": 500,
        "final_squared_flux": 0.17132827953013424,
        "optimization_success": true,
        "optimization_message": "Completed",