{
  "metadata": {
    "contact": "auto",
    "hardware": "CPU: self-hosted runner",
    "run_date": "2026-03-20T19:39:51.898443",
    "iterations_used": 500,
    "walltime_sec": 8.916742086410522,
    "tags": [
      "explore"
    ],
    "parent_ids": []
  },
  "version_info": {
    "stellcoilbench_commit": "d98447057dee7659c51ba82ad9c59909f25e9294",
    "stellcoilbench_branch": "main",
    "simsopt_version": "0.1.dev5668+ga79006b0b",
    "simsopt_commit": "a79006b0b"
  },
  "metrics": {
    "fourier_continuation": true,
    "fourier_orders": [
      4,
      8,
      16
    ],
    "final_order": 16,
    "continuation_results": [
      {
        "initial_B_field": 1.0001867526877442,
        "final_B_field": 1.0972367060587258,
        "target_B_field": 1.0,
        "optimization_time": 175.64061212539673,
        "walltime_sec": 175.64061212539673,
        "iterations_used": 500,
        "final_squared_flux": 8.930963198086063e-06,
        "optimization_success": true,
        "optimization_message": "Completed",
        "optimization_nfev": 500,
        "optimization_njev": null,
        "_cached_thresholds": {
          "length_threshold": 19.478656202631395,
          "flux_threshold": 1e-08,
          "cc_threshold": 0.11544227473959645,
          "cs_threshold": 0.16484681598750267,
          "msc_threshold": 7.898423710523528,
          "curvature_threshold": 41.75458263338142,
          "force_threshold": 3192.7004282563776,
          "torque_threshold": 0.0,
          "finite_build_width": 0.05,
          "major_radius": 1.0098736979848935,
          "minor_radius": 0.16831206437162433,
          "a0": 10.100286074838271,
          "arclength_variation_threshold": 0.0,
          "coil_width": 0.039602838675676315
        },
        "final_min_cs_separation": 0.3291612800266666,
        "final_min_cc_separation": 0.11510767710502318,
        "final_length_per_coil": [
          7.091591492572332,
          6.700712718861419,
          5.687856963401123
        ],
        "final_current_per_coil": [
          417400.4062398123,
          470602.05063698813,
          362440.7136303347
        ],
        "total_current_before": 1250443.170507135,
        "total_current_after": 1250443.170507135,
        "final_total_length": 19.480161174834873,
        "final_max_curvature": 2.1888215372633075,
        "final_average_curvature": 1.3688360421597807,
        "final_arclength_variation": 0.0014378907958996542,
        "final_mean_squared_curvature": 2.543719298190819,
        "final_max_torsion": 12.4084666285181,
        "final_linking_number": 0,
        "coils_linked_to_surface": true,
        "final_max_max_coil_force": 790988.8664660603,
        "final_avg_max_coil_force": 686665.7169048595,
        "final_max_force_per_coil": [
          646619.8575160404,
          790988.8664660603,
          622388.4267324777
        ],
        "final_max_torque_per_coil": [
          447022.51432264195,
          582109.2926412264,
          308460.21580299165
        ],
        "final_max_max_coil_torque": 582109.2926412264,
        "final_avg_max_coil_torque": 445864.0075889534,
        "avg_BdotN_over_B": 0.0013034562409373928,
        "max_BdotN_over_B": 0.005488002089656951,
        "lagrange_multipliers": null,
        "output_directory": "/Users/akaptanoglu/actions-runner/_work/stellcoilbench/stellcoilbench/cases/done/2026-03-20_192808_86526/order_4",
        "flux_threshold": 1e-08,
        "cc_threshold": 0.11544227473959645,
        "cs_threshold": 0.16484681598750267,
        "msc_threshold": 7.898423710523528,
        "arclength_variation_threshold": 0.0,
        "curvature_threshold": 41.75458263338142,
        "force_threshold": 3192.7004282563776,
        "torque_threshold": 0.0,
        "timing": {
          "coil_initialization": 0.14168191608041525,
          "biotsavart_setup": 1.238494916819036,
          "objective_setup": 0.04688100004568696,
          "coil_optimization": 175.64038783381693,
          "save_and_metrics": 0.832406333880499
        },
        "fourier_order": 4,
        "continuation_step": 1
      },
      {
        "initial_B_field": 1.0972367060587258,
        "final_B_field": 1.0966635927330315,
        "target_B_field": 1.0,
        "optimization_time": 242.1552770137787,
        "walltime_sec": 242.1552770137787,
        "iterations_used": 500,
        "final_squared_flux": 1.6651408351036749e-06,
        "optimization_success": true,
        "optimization_message": "Completed",
        "optimization_nfev": 500,
        "optimization_njev": null,
        "_cached_thresholds": {
          "length_threshold": 19.478656202631395,
          "flux_threshold": 1e-08,
          "cc_threshold": 0.11544227473959645,
          "cs_threshold": 0.16484681598750267,
          "msc_threshold": 7.898423710523528,
          "curvature_threshold": 41.75458263338142,
          "force_threshold": 3192.7004282563776,
          "torque_threshold": 0.0,
          "finite_build_width": 0.05,
          "major_radius": 1.0098736979848935,
          "minor_radius": 0.16831206437162433,
          "a0": 10.100286074838271,
          "arclength_variation_threshold": 0.0,
          "coil_width": 0.039602838675676315
        },
        "final_min_cs_separation": 0.3305286373521678,
        "final_min_cc_separation": 0.11542571231167147,
        "final_length_per_coil": [
          6.767657801564569,
          6.857301734124258,
          5.8537231580098
        ],
        "final_current_per_coil": [
          411434.8398165411,
          452295.56273574854,
          386712.76795484545
        ],
        "total_current_before": 1250443.170507135,
        "total_current_after": 1250443.170507135,
        "final_total_length": 19.478682693698627,
        "final_max_curvature": 3.09064509942826,
        "final_average_curvature": 1.4997878253316965,
        "final_arclength_variation": 0.0004973201563557118,
        "final_mean_squared_curvature": 3.1991576939049935,
        "final_max_torsion": 60.184514652835965,
        "final_linking_number": 0,
        "coils_linked_to_surface": true,
        "final_max_max_coil_force": 690977.875902112,
        "final_avg_max_coil_force": 545559.0152237188,
        "final_max_force_per_coil": [
          502758.17433513957,
          690977.875902112,
          442940.995433905
        ],
        "final_max_torque_per_coil": [
          445131.7102266975,
          633999.3594831167,
          292380.03176610003
        ],
        "final_max_max_coil_torque": 633999.3594831167,
        "final_avg_max_coil_torque": 457170.3671586381,
        "avg_BdotN_over_B": 0.0005606548194705364,
        "max_BdotN_over_B": 0.002490084741644645,
        "lagrange_multipliers": null,
        "output_directory": "/Users/akaptanoglu/actions-runner/_work/stellcoilbench/stellcoilbench/cases/done/2026-03-20_192808_86526/order_8",
        "flux_threshold": 1e-08,
        "cc_threshold": 0.11544227473959645,
        "cs_threshold": 0.16484681598750267,
        "msc_threshold": 7.898423710523528,
        "arclength_variation_threshold": 0.0,
        "curvature_threshold": 41.75458263338142,
        "force_threshold": 3192.7004282563776,
        "torque_threshold": 0.0,
        "timing": {
          "coil_initialization": 6.249174475669861e-07,
          "biotsavart_setup": 0.0029716251883655787,
          "objective_setup": 0.005571041023358703,
          "coil_optimization": 242.15532650006935,
          "save_and_metrics": 0.7662851670756936
        },
        "fourier_order": 8,
        "continuation_step": 2
      },
      {
        "initial_B_field": 1.0966635927330315,
        "final_B_field": 1.0966635927330315,
        "target_B_field": 1.0,
        "optimization_time": 8.916742086410522,
        "walltime_sec": 8.916742086410522,
        "iterations_used": 500,
        "final_squared_flux": 1.6651408351036749e-06,
        "optimization_success": true,
        "optimization_message": "Completed",