{
  "metadata": {
    "contact": "auto",
    "hardware": "CPU: self-hosted runner",
    "run_date": "2026-03-20T15:47:08.111996",
    "iterations_used": 500,
    "walltime_sec": 160.20410227775574,
    "tags": [
      "explore"
    ],
    "parent_ids": []
  },
  "version_info": {
    "stellcoilbench_commit": "3c376b1b15fa74e83a2bfe078377db7d315193e2",
    "stellcoilbench_branch": "main",
    "simsopt_version": "0.1.dev5668+ga79006b0b",
    "simsopt_commit": "a79006b0b"
  },
  "metrics": {
    "fourier_continuation": true,
    "fourier_orders": [
      4,
      8,
      16
    ],
    "final_order": 16,
    "continuation_results": [
      {
        "initial_B_field": 1.0001867526877442,
        "final_B_field": 1.096773710071189,
        "target_B_field": 1.0,
        "optimization_time": 105.66359615325928,
        "walltime_sec": 105.66359615325928,
        "iterations_used": 500,
        "final_squared_flux": 0.001119313146138287,
        "optimization_success": true,
        "optimization_message": "Completed",
        "optimization_nfev": 500,
        "optimization_njev": null,
        "_cached_thresholds": {
          "length_threshold": 11.769963654411,
          "flux_threshold": 1e-08,
          "cc_threshold": 0.14603546761655642,
          "cs_threshold": 0.11217504054885316,
          "msc_threshold": 6.080372217052639,
          "curvature_threshold": 22.95795024810739,
          "force_threshold": 4730.973997454246,
          "torque_threshold": 0.0,
          "finite_build_width": 0.05,
          "major_radius": 1.0098736979848935,
          "minor_radius": 0.16831206437162433,
          "a0": 10.100286074838271,
          "arclength_variation_threshold": 0.0,
          "coil_width": 0.039602838675676315
        },
        "final_min_cs_separation": 0.2348196315662958,
        "final_min_cc_separation": 0.14141882651147655,
        "final_length_per_coil": [
          4.059110991013082,
          3.6324911543673966,
          4.09833894818196
        ],
        "final_current_per_coil": [
          441478.97042506834,
          300227.61666388286,
          508736.58341818396
        ],
        "total_current_before": 1250443.170507135,
        "total_current_after": 1250443.170507135,
        "final_total_length": 11.789941093562438,
        "final_max_curvature": 3.8465825267052858,
        "final_average_curvature": 2.066888700422129,
        "final_arclength_variation": 0.011134677428016085,
        "final_mean_squared_curvature": 6.157515687101238,
        "final_max_torsion": 28.607450582865305,
        "final_linking_number": 0,
        "coils_linked_to_surface": true,
        "final_max_max_coil_force": 461306.10597305757,
        "final_avg_max_coil_force": 431055.68887529057,
        "final_max_force_per_coil": [
          426194.07197955175,
          405666.88867326255,
          461306.10597305757
        ],
        "final_max_torque_per_coil": [
          142439.36419928377,
          176761.25006403774,
          125325.29960809133
        ],
        "final_max_max_coil_torque": 176761.25006403774,
        "final_avg_max_coil_torque": 148175.3046238043,
        "avg_BdotN_over_B": 0.01516229545009341,
        "max_BdotN_over_B": 0.0536260203722442,
        "lagrange_multipliers": null,
        "output_directory": "/Users/akaptanoglu/actions-runner/_work/stellcoilbench/stellcoilbench/cases/done/2026-03-20_153527_97702/order_4",
        "flux_threshold": 1e-08,
        "cc_threshold": 0.14603546761655642,
        "cs_threshold": 0.11217504054885316,
        "msc_threshold": 6.080372217052639,
        "arclength_variation_threshold": 0.0,
        "curvature_threshold": 22.95795024810739,
        "force_threshold": 4730.973997454246,
        "torque_threshold": 0.0,
        "timing": {
          "coil_initialization": 0.14659945899620652,
          "biotsavart_setup": 1.3115277499891818,
          "objective_setup": 0.036887000082060695,
          "coil_optimization": 105.66361916693859,
          "save_and_metrics": 0.8218076671473682
        },
        "fourier_order": 4,
        "continuation_step": 1
      },
      {
        "initial_B_field": 1.096773710071189,
        "final_B_field": 1.0962547731000885,
        "target_B_field": 1.0,
        "optimization_time": 109.62231802940369,
        "walltime_sec": 109.62231802940369,
        "iterations_used": 500,
        "final_squared_flux": 0.0005724354846421719,
        "optimization_success": true,
        "optimization_message": "Completed",
        "optimization_nfev": 500,
        "optimization_njev": null,
        "_cached_thresholds": {
          "length_threshold": 11.769963654411,
          "flux_threshold": 1e-08,
          "cc_threshold": 0.14603546761655642,
          "cs_threshold": 0.11217504054885316,
          "msc_threshold": 6.080372217052639,
          "curvature_threshold": 22.95795024810739,
          "force_threshold": 4730.973997454246,
          "torque_threshold": 0.0,
          "finite_build_width": 0.05,
          "major_radius": 1.0098736979848935,
          "minor_radius": 0.16831206437162433,
          "a0": 10.100286074838271,
          "arclength_variation_threshold": 0.0,
          "coil_width": 0.039602838675676315
        },
        "final_min_cs_separation": 0.2516553297589836,
        "final_min_cc_separation": 0.22098096808126266,
        "final_length_per_coil": [
          4.365415656589712,
          3.9299642375219337,
          3.483062083910973
        ],
        "final_current_per_coil": [
          480715.15918522107,
          424075.93755295983,
          345652.07376895426
        ],
        "total_current_before": 1250443.170507135,
        "total_current_after": 1250443.170507135,
        "final_total_length": 11.778441978022618,
        "final_max_curvature": 4.330156965509584,
        "final_average_curvature": 2.030844538101421,
        "final_arclength_variation": 0.0017465223372291501,
        "final_mean_squared_curvature": 5.987538360524731,
        "final_max_torsion": 119.68619383169424,
        "final_linking_number": 0,
        "coils_linked_to_surface": true,
        "final_max_max_coil_force": 374397.53824857937,
        "final_avg_max_coil_force": 284976.55297886673,
        "final_max_force_per_coil": [
          374397.53824857937,
          281919.8354986677,
          198612.28518935316
        ],
        "final_max_torque_per_coil": [
          113484.81351902791,
          82978.50066939412,
          41546.94023379166
        ],
        "final_max_max_coil_torque": 113484.81351902791,
        "final_avg_max_coil_torque": 79336.75147407124,
        "avg_BdotN_over_B": 0.0111098667813594,
        "max_BdotN_over_B": 0.0386592510196227,
        "lagrange_multipliers": null,
        "output_directory": "/Users/akaptanoglu/actions-runner/_work/stellcoilbench/stellcoilbench/cases/done/2026-03-20_153527_97702/order_8",
        "flux_threshold": 1e-08,
        "cc_threshold": 0.14603546761655642,
        "cs_threshold": 0.11217504054885316,
        "msc_threshold": 6.080372217052639,
        "arclength_variation_threshold": 0.0,
        "curvature_threshold": 22.95795024810739,
        "force_threshold": 4730.973997454246,
        "torque_threshold": 0.0,
        "timing": {
          "coil_initialization": 5.830079317092896e-07,
          "biotsavart_setup": 0.0025025000795722008,
          "objective_setup": 0.10213125008158386,
          "coil_optimization": 109.62238066620193,
          "save_and_metrics": 0.8322040000930429
        },
        "fourier_order": 8,
        "continuation_step": 2
      },
      {
        "initial_B_field": 1.0962547731000885,
        "final_B_field": 1.0958839694399747,
        "target_B_field": 1.0,
        "optimization_time": 160.20410227775574,
        "walltime_sec": 160.20410227775574,
        "iterations_used": 500,
        "final_squared_flux": 0.0005719569596172017,
        "optimization_success": true,
        "optimization_message": "Completed",