{
  "metadata": {
    "contact": "auto",
    "hardware": "CPU: self-hosted runner",
    "run_date": "2026-04-05T09:02:29.252003",
    "iterations_used": 500,
    "walltime_sec": 141.70295095443726,
    "tags": [
      "explore"
    ],
    "parent_ids": []
  },
  "version_info": {
    "stellcoilbench_commit": "93be450dc7d698fb9cb9c6ad30edb012cf9ced1c",
    "stellcoilbench_branch": "main",
    "simsopt_version": "0.1.dev5668+ga79006b0b",
    "simsopt_commit": "a79006b0b"
  },
  "metrics": {
    "fourier_continuation": true,
    "fourier_orders": [
      4,
      8,
      16
    ],
    "final_order": 16,
    "continuation_results": [
      {
        "initial_B_field": 2.50000000044544,
        "final_B_field": 2.690456163887446,
        "target_B_field": 2.5,
        "optimization_time": 1937.4486999511719,
        "walltime_sec": 1937.4486999511719,
        "iterations_used": 500,
        "final_squared_flux": 0.32530425360545434,
        "optimization_success": true,
        "optimization_message": "Completed",
        "optimization_nfev": 500,
        "optimization_njev": null,
        "_cached_thresholds": {
          "length_threshold": 57.556388342576355,
          "flux_threshold": 1e-08,
          "cc_threshold": 0.4285130144412487,
          "cs_threshold": 0.6005347857061528,
          "msc_threshold": 3.026442503014824,
          "curvature_threshold": 3.084830461272344,
          "force_threshold": 820.6751910640411,
          "torque_threshold": 0.0,
          "finite_build_width": 0.10789896047081801,
          "major_radius": 5.483631261799852,
          "minor_radius": 0.5240806651439732,
          "a0": 3.2437754587511507,
          "arclength_variation_threshold": 0.0,
          "coil_width": 0.12331309768093489
        },
        "final_min_cs_separation": 0.5509219227811231,
        "final_min_cc_separation": 0.3029348330700167,
        "final_length_per_coil": [
          9.012197860695284,
          11.909792693103494,
          9.407538107992195,
          9.052322889184067,
          8.921566154912476,
          9.52559077010055
        ],
        "final_current_per_coil": [
          1735719.6443939433,
          4767419.9757575095,
          2357756.3294994514,
          2450482.8267174633,
          2864738.4615049916,
          3143872.3465854484
        ],
        "total_current_before": 6875000.002449921,
        "total_current_after": 6875000.002449921,
        "final_total_length": 57.82900847598807,
        "final_max_curvature": 2.1193894167320813,
        "final_average_curvature": 0.9136780622636907,
        "final_arclength_variation": 0.15420801220416988,
        "final_mean_squared_curvature": 1.2283952004722,
        "final_max_torsion": 16.965718122808042,
        "final_linking_number": 0,
        "coils_linked_to_surface": true,
        "final_max_max_coil_force": 18047429.90057969,
        "final_avg_max_coil_force": 11278430.056359708,
        "final_max_force_per_coil": [
          5225710.927347625,
          18047429.90057969,
          10488035.429089315,
          10756121.004624207,
          11682164.456450608,
          11471118.620066805
        ],
        "final_max_torque_per_coil": [
          3440150.615849066,
          22163976.96792263,
          10003120.113482285,
          5163816.016804181,
          11826254.528424863,
          8177741.461017095
        ],
        "final_max_max_coil_torque": 22163976.96792263,
        "final_avg_max_coil_torque": 10129176.617250022,
        "avg_BdotN_over_B": 0.02398090380051232,
        "max_BdotN_over_B": 0.14136385580731764,
        "lagrange_multipliers": null,
        "output_directory": "/Users/akaptanoglu/actions-runner/_work/stellcoilbench/stellcoilbench/cases/done/2026-04-05_075459_65169/order_4",
        "flux_threshold": 1e-08,
        "cc_threshold": 0.4285130144412487,
        "cs_threshold": 0.6005347857061528,
        "msc_threshold": 3.026442503014824,
        "arclength_variation_threshold": 0.0,
        "curvature_threshold": 3.084830461272344,
        "force_threshold": 820.6751910640411,
        "torque_threshold": 0.0,
        "timing": {
          "coil_initialization": 2.776961499999743,
          "biotsavart_setup": 4.016010666964576,
          "objective_setup": 0.03463487501721829,
          "coil_optimization": 1937.4575479999767,
          "save_and_metrics": 2.006059292005375
        },
        "fourier_order": 4,
        "continuation_step": 1
      },
      {
        "initial_B_field": 2.690456163887446,
        "final_B_field": 2.716360713907099,
        "target_B_field": 2.5,
        "optimization_time": 1536.0863192081451,
        "walltime_sec": 1536.0863192081451,
        "iterations_used": 500,
        "final_squared_flux": 0.6045329524695742,
        "optimization_success": true,
        "optimization_message": "Completed",
        "optimization_nfev": 500,
        "optimization_njev": null,
        "_cached_thresholds": {
          "length_threshold": 57.556388342576355,
          "flux_threshold": 1e-08,
          "cc_threshold": 0.4285130144412487,
          "cs_threshold": 0.6005347857061528,
          "msc_threshold": 3.026442503014824,
          "curvature_threshold": 3.084830461272344,
          "force_threshold": 820.6751910640411,
          "torque_threshold": 0.0,
          "finite_build_width": 0.10789896047081801,
          "major_radius": 5.483631261799852,
          "minor_radius": 0.5240806651439732,
          "a0": 3.2437754587511507,
          "arclength_variation_threshold": 0.0,
          "coil_width": 0.12331309768093489
        },
        "final_min_cs_separation": 0.4807921192700792,
        "final_min_cc_separation": 0.2246991763938215,
        "final_length_per_coil": [
          9.249145698436601,
          12.00884315287415,
          9.368189488824195,
          8.931052017981717,
          9.220335468339302,
          9.32884323130914
        ],
        "final_current_per_coil": [
          1735057.920213586,
          4767026.187890727,
          2357442.580805582,
          2451240.4711617734,
          2863468.4318569624,
          3142586.4358463795
        ],
        "total_current_before": 6875000.002449921,
        "total_current_after": 6875000.002449921,
        "final_total_length": 58.10640905776509,
        "final_max_curvature": 3.9939636564203083,
        "final_average_curvature": 0.8770737208053239,
        "final_arclength_variation": 0.7869583216567307,
        "final_mean_squared_curvature": 1.389402899577861,
        "final_max_torsion": 2.515438927795397,
        "final_linking_number": 0,
        "coils_linked_to_surface": true,
        "final_max_max_coil_force": 18595720.722395882,
        "final_avg_max_coil_force": 11640564.726329468,
        "final_max_force_per_coil": [
          5410378.505405335,
          18595720.722395882,
          11598140.42417976,
          10494375.560357125,
          12939449.46147143,
          10805323.68416727
        ],
        "final_max_torque_per_coil": [
          3447278.960360499,
          25642100.401918463,
          8705565.29306511,
          4469619.311541247,
          14751057.951101614,
          7938951.857525959
        ],
        "final_max_max_coil_torque": 25642100.401918463,
        "final_avg_max_coil_torque": 10825762.295918815,
        "avg_BdotN_over_B": 0.032841996947298745,
        "max_BdotN_over_B": 0.18077747076907458,
        "lagrange_multipliers": null,
        "output_directory": "/Users/akaptanoglu/actions-runner/_work/stellcoilbench/stellcoilbench/cases/done/2026-04-05_075459_65169/order_8",
        "flux_threshold": 1e-08,
        "cc_threshold": 0.4285130144412487,
        "cs_threshold": 0.6005347857061528,
        "msc_threshold": 3.026442503014824,
        "arclength_variation_threshold": 0.0,
        "curvature_threshold": 3.084830461272344,
        "force_threshold": 820.6751910640411,
        "torque_threshold": 0.0,