{
  "metadata": {
    "contact": "auto",
    "hardware": "CPU: self-hosted runner",
    "run_date": "2026-03-13T20:13:47.171671",
    "iterations_used": 500,
    "walltime_sec": 389.8887209892273
  },
  "version_info": {
    "stellcoilbench_commit": "072fea27d32833efbe641344f9dbf59280b2740e",
    "stellcoilbench_branch": "main",
    "simsopt_version": "0.1.dev5668+ga79006b0b",
    "simsopt_commit": "a79006b0b"
  },
  "metrics": {
    "fourier_continuation": true,
    "fourier_orders": [
      4,
      8,
      16
    ],
    "final_order": 16,
    "continuation_results": [
      {
        "initial_B_field": 1.0000050243934888,
        "final_B_field": 1.0557985894443795,
        "target_B_field": 1.0,
        "optimization_time": 755.1861550807953,
        "walltime_sec": 755.1861550807953,
        "iterations_used": 500,
        "final_squared_flux": 0.045923646454613595,
        "optimization_success": true,
        "optimization_message": "Completed",
        "optimization_nfev": 500,
        "optimization_njev": null,
        "_cached_thresholds": {
          "length_threshold": 12.633305537540744,
          "flux_threshold": 1e-08,
          "cc_threshold": 0.18088596565115156,
          "cs_threshold": 0.1096998631316234,
          "msc_threshold": 5.807664493032005,
          "curvature_threshold": 6.413681657522302,
          "force_threshold": 570.6661632283623,
          "torque_threshold": 0.0,
          "finite_build_width": 0.05,
          "major_radius": 1.0098736979848935,
          "minor_radius": 0.16831206437162433,
          "a0": 10.100286074838271,
          "arclength_variation_threshold": 0.0,
          "coil_width": 0.039602838675676315
        },
        "final_min_cs_separation": 0.06460874474569618,
        "final_min_cc_separation": 0.1701173912034494,
        "final_length_per_coil": [
          2.5879594908664263,
          2.586432217149923,
          2.5857770430719893,
          2.5857019810812356,
          2.585803944084312
        ],
        "final_current_per_coil": [
          187767.87052131767,
          210326.4841504531,
          240660.65399527297,
          285046.13795604254,
          326211.39181684714
        ],
        "total_current_before": 1250012.5384399334,
        "total_current_after": 1250012.5384399334,
        "final_total_length": 12.931674676253886,
        "final_max_curvature": 2.5815335035068614,
        "final_average_curvature": 2.4320982643878,
        "final_arclength_variation": 0.0054833766064720044,
        "final_mean_squared_curvature": 5.924606473632156,
        "final_max_torsion": 0.31129305195500906,
        "final_linking_number": 0,
        "coils_linked_to_surface": true,
        "final_max_max_coil_force": 226766.35803782401,
        "final_avg_max_coil_force": 177988.5527547563,
        "final_max_force_per_coil": [
          125142.33521074775,
          152179.35682915838,
          177791.19180253483,
          208063.52189351647,
          226766.35803782401
        ],
        "final_max_torque_per_coil": [
          5657.974946381352,
          8857.277482858399,
          5621.12578622612,
          5414.777453225333,
          2866.0219057556255
        ],
        "final_max_max_coil_torque": 8857.277482858399,
        "final_avg_max_coil_torque": 5683.435514889365,
        "avg_BdotN_over_B": 0.10074088047692119,
        "max_BdotN_over_B": 0.39420331805344183,
        "lagrange_multipliers": null,
        "output_directory": "/Users/akaptanoglu/actions-runner/_work/stellcoilbench/stellcoilbench/cases/done/2026-03-13_194648_64852/order_4",
        "flux_threshold": 1e-08,
        "cc_threshold": 0.18088596565115156,
        "cs_threshold": 0.1096998631316234,
        "msc_threshold": 5.807664493032005,
        "arclength_variation_threshold": 0.0,
        "curvature_threshold": 6.413681657522302,
        "force_threshold": 570.6661632283623,
        "torque_threshold": 0.0,
        "timing": {
          "coil_initialization": 0.2501386250369251,
          "biotsavart_setup": 1.466328417067416,
          "objective_setup": 0.03277699998579919,
          "coil_optimization": 755.1873953749891,
          "save_and_metrics": 0.9447003330569714
        },
        "fourier_order": 4,
        "continuation_step": 1
      },
      {
        "initial_B_field": 1.0557985894443795,
        "final_B_field": 1.0558045117775223,
        "target_B_field": 1.0,
        "optimization_time": 421.93489718437195,
        "walltime_sec": 421.93489718437195,
        "iterations_used": 500,
        "final_squared_flux": 0.045921891855446394,
        "optimization_success": true,
        "optimization_message": "Completed",
        "optimization_nfev": 500,
        "optimization_njev": null,
        "_cached_thresholds": {
          "length_threshold": 12.633305537540744,
          "flux_threshold": 1e-08,
          "cc_threshold": 0.18088596565115156,
          "cs_threshold": 0.1096998631316234,
          "msc_threshold": 5.807664493032005,
          "curvature_threshold": 6.413681657522302,
          "force_threshold": 570.6661632283623,
          "torque_threshold": 0.0,
          "finite_build_width": 0.05,
          "major_radius": 1.0098736979848935,
          "minor_radius": 0.16831206437162433,
          "a0": 10.100286074838271,
          "arclength_variation_threshold": 0.0,
          "coil_width": 0.039602838675676315
        },
        "final_min_cs_separation": 0.06460976130338907,
        "final_min_cc_separation": 0.17012512386466672,
        "final_length_per_coil": [
          2.5879476913912733,
          2.586418490347853,
          2.5857628189305997,
          2.5856898228415526,
          2.585790078156226
        ],
        "final_current_per_coil": [
          187771.4375833125,
          210280.9951573651,
          240610.2931393644,
          285103.6141057969,
          326246.1984540946
        ],
        "total_current_before": 1250012.5384399334,
        "total_current_after": 1250012.5384399334,
        "final_total_length": 12.931608901667504,
        "final_max_curvature": 2.5857817966753367,
        "final_average_curvature": 2.4317857392789826,
        "final_arclength_variation": 0.0037624400038286784,
        "final_mean_squared_curvature": 5.920936118583249,
        "final_max_torsion": 0.3191714870801407,
        "final_linking_number": 0,
        "coils_linked_to_surface": true,
        "final_max_max_coil_force": 166610.4578334512,
        "final_avg_max_coil_force": 141909.9374588203,
        "final_max_force_per_coil": [
          106157.87928754439,
          128174.3788928276,
          145797.85701113605,
          162809.11426914216,
          166610.4578334512
        ],
        "final_max_torque_per_coil": [
          5433.4277873489755,
          8716.125122424652,
          5396.110258035584,
          4899.53296401827,
          2023.8139322748218
        ],
        "final_max_max_coil_torque": 8716.125122424652,
        "final_avg_max_coil_torque": 5293.80201282046,
        "avg_BdotN_over_B": 0.1007401095881424,
        "max_BdotN_over_B": 0.39424127202981235,
        "lagrange_multipliers": null,
        "output_directory": "/Users/akaptanoglu/actions-runner/_work/stellcoilbench/stellcoilbench/cases/done/2026-03-13_194648_64852/order_8",
        "flux_threshold": 1e-08,
        "cc_threshold": 0.18088596565115156,
        "cs_threshold": 0.1096998631316234,
        "msc_threshold": 5.807664493032005,
        "arclength_variation_threshold": 0.0,
        "curvature_threshold": 6.413681657522302,
        "force_threshold": 570.6661632283623,
        "torque_threshold": 0.0,
        "timing": {
          "coil_initialization": 6.25033862888813e-07,
          "biotsavart_setup": 0.0032508340664207935,
          "objective_setup": 0.00767716602422297,
          "coil_optimization": 421.93558162509,
          "save_and_metrics": 0.8585367919877172
        },
        "fourier_order": 8,