{
  "initial_B_field": 0.9999657163790154,
  "final_B_field": 1.0017861143298847,
  "target_B_field": 1.0,
  "optimization_time": 13.82164192199707,
  "final_normalized_squared_flux": 0.020264914940520528,
  "_cached_thresholds": {
    "length_threshold": 20.0,
    "flux_threshold": 1e-08,
    "cc_threshold": 0.08,
    "cs_threshold": 0.13,
    "msc_threshold": 10.0,
    "arclength_variation_threshold": 0.0,
    "curvature_threshold": 10.0,
    "force_threshold": 0.03077870113881194,
    "torque_threshold": 0.03077870113881194,
    "coil_width": 0.04,
    "R0": 10.0
  },
  "final_min_cs_separation": 0.09891150923135943,
  "final_min_cc_separation": 0.22623896082047945,
  "final_total_length": 13.210773326069074,
  "final_max_curvature": 8.738218834765256,
  "final_average_curvature": 2.345464874352599,
  "final_arclength_variation": 0.09985587739184648,
  "final_mean_squared_curvature": 10.320023825973012,
  "final_linking_number": 0,
  "final_max_max_coil_force": 252656.82201102993,
  "final_avg_max_coil_force": 237987.6646702572,
  "final_max_max_coil_torque": 70932.69370247624,
  "final_avg_max_coil_torque": 57307.13286355711,
  "avg_BdotN_over_B": 0.1788879831991335,
  "max_BdotN_over_B": 0.4300702327197932,
  "lagrange_multipliers": null,
  "output_directory": "/Users/akaptanoglu/stellcoilbench/submissions/LandremanPaul2021_QA/akaptano/01-23-2026_09-41",
  "flux_threshold": 1e-08,
  "cc_threshold": 0.08,
  "cs_threshold": 0.13,
  "msc_threshold": 10.0,
  "arclength_variation_threshold": 0.0,
  "curvature_threshold": 10.0,
  "force_threshold": 0.03077870113881194,
  "torque_threshold": 0.03077870113881194
}