{
  "metadata": {
    "contact": "auto",
    "hardware": "CPU: self-hosted runner",
    "run_date": "2026-03-14T23:38:46.175399",
    "iterations_used": 500,
    "walltime_sec": 46.2875919342041
  },
  "version_info": {
    "stellcoilbench_commit": "8034b1de5126261808155386809cc352c7eb1ff6",
    "stellcoilbench_branch": "main",
    "simsopt_version": "0.1.dev5668+ga79006b0b",
    "simsopt_commit": "a79006b0b"
  },
  "metrics": {
    "fourier_continuation": true,
    "fourier_orders": [
      4,
      8,
      16
    ],
    "final_order": 16,
    "continuation_results": [
      {
        "initial_B_field": 1.0001867526877442,
        "final_B_field": 1.0972213542869813,
        "target_B_field": 1.0,
        "optimization_time": 76.66640591621399,
        "walltime_sec": 76.66640591621399,
        "iterations_used": 500,
        "final_squared_flux": 0.0015572508388360675,
        "optimization_success": true,
        "optimization_message": "Completed",
        "optimization_nfev": 500,
        "optimization_njev": null,
        "_cached_thresholds": {
          "length_threshold": 10.656133816657604,
          "flux_threshold": 1e-08,
          "cc_threshold": 0.1794998662975029,
          "cs_threshold": 0.11910553731709653,
          "msc_threshold": 6.89849538911454,
          "curvature_threshold": 8.41353830034028,
          "force_threshold": 1689.7778603204429,
          "torque_threshold": 0.0,
          "finite_build_width": 0.05,
          "major_radius": 1.0098736979848935,
          "minor_radius": 0.16831206437162433,
          "a0": 10.100286074838271,
          "arclength_variation_threshold": 0.0,
          "coil_width": 0.039602838675676315
        },
        "final_min_cs_separation": 0.23830686076841828,
        "final_min_cc_separation": 0.2372439451677922,
        "final_length_per_coil": [
          4.079973295626596,
          3.539861580878338,
          3.052368306604779
        ],
        "final_current_per_coil": [
          507474.90507513675,
          420101.79233053507,
          322866.4731014633
        ],
        "total_current_before": 1250443.170507135,
        "total_current_after": 1250443.170507135,
        "final_total_length": 10.672203183109712,
        "final_max_curvature": 4.016044284432733,
        "final_average_curvature": 2.1472942646144513,
        "final_arclength_variation": 0.008756452829041514,
        "final_mean_squared_curvature": 6.786162452559648,
        "final_max_torsion": 49.59874795990042,
        "final_linking_number": 0,
        "coils_linked_to_surface": true,
        "final_max_max_coil_force": 390180.9015670766,
        "final_avg_max_coil_force": 322790.43290536536,
        "final_max_force_per_coil": [
          390180.9015670766,
          335898.5628966424,
          242291.83425237707
        ],
        "final_max_torque_per_coil": [
          142997.51134063114,
          91181.70722729259,
          43949.642267931646
        ],
        "final_max_max_coil_torque": 142997.51134063114,
        "final_avg_max_coil_torque": 92709.62027861846,
        "avg_BdotN_over_B": 0.018392602637003735,
        "max_BdotN_over_B": 0.06258186732540716,
        "lagrange_multipliers": null,
        "output_directory": "/Users/akaptanoglu/actions-runner/_work/stellcoilbench/stellcoilbench/cases/done/2026-03-14_233250_12150/order_4",
        "flux_threshold": 1e-08,
        "cc_threshold": 0.1794998662975029,
        "cs_threshold": 0.11910553731709653,
        "msc_threshold": 6.89849538911454,
        "arclength_variation_threshold": 0.0,
        "curvature_threshold": 8.41353830034028,
        "force_threshold": 1689.7778603204429,
        "torque_threshold": 0.0,
        "timing": {
          "coil_initialization": 0.14175191603135318,
          "biotsavart_setup": 1.1751591250067577,
          "objective_setup": 0.03173433302436024,
          "coil_optimization": 76.66646949993446,
          "save_and_metrics": 0.8021219170186669
        },
        "fourier_order": 4,
        "continuation_step": 1
      },
      {
        "initial_B_field": 1.0972213542869813,
        "final_B_field": 1.0968464903703716,
        "target_B_field": 1.0,
        "optimization_time": 54.91938400268555,
        "walltime_sec": 54.91938400268555,
        "iterations_used": 500,
        "final_squared_flux": 0.0015228316990010876,
        "optimization_success": true,
        "optimization_message": "Completed",
        "optimization_nfev": 500,
        "optimization_njev": null,
        "_cached_thresholds": {
          "length_threshold": 10.656133816657604,
          "flux_threshold": 1e-08,
          "cc_threshold": 0.1794998662975029,
          "cs_threshold": 0.11910553731709653,
          "msc_threshold": 6.89849538911454,
          "curvature_threshold": 8.41353830034028,
          "force_threshold": 1689.7778603204429,
          "torque_threshold": 0.0,
          "finite_build_width": 0.05,
          "major_radius": 1.0098736979848935,
          "minor_radius": 0.16831206437162433,
          "a0": 10.100286074838271,
          "arclength_variation_threshold": 0.0,
          "coil_width": 0.039602838675676315
        },
        "final_min_cs_separation": 0.22911405089161035,
        "final_min_cc_separation": 0.24814098422106715,
        "final_length_per_coil": [
          4.095564174075484,
          3.5237471133587435,
          3.0529845036215506
        ],
        "final_current_per_coil": [
          511888.8552204193,
          415239.0832024911,
          323315.2320842247
        ],
        "total_current_before": 1250443.170507135,
        "total_current_after": 1250443.170507135,
        "final_total_length": 10.672295791055777,
        "final_max_curvature": 4.293908911315001,
        "final_average_curvature": 2.1622267624532947,
        "final_arclength_variation": 0.001986516907124689,
        "final_mean_squared_curvature": 6.917800003626903,
        "final_max_torsion": 209.68455224535276,
        "final_linking_number": 0,
        "coils_linked_to_surface": true,
        "final_max_max_coil_force": 353579.23823446134,
        "final_avg_max_coil_force": 261686.19278000784,
        "final_max_force_per_coil": [
          353579.23823446134,
          254276.28070936422,
          177203.05939619805
        ],
        "final_max_torque_per_coil": [
          103184.83680703609,
          64726.963244273764,
          29795.052263197987
        ],
        "final_max_max_coil_torque": 103184.83680703609,
        "final_avg_max_coil_torque": 65902.28410483596,
        "avg_BdotN_over_B": 0.018230475155347075,
        "max_BdotN_over_B": 0.06348684801600968,
        "lagrange_multipliers": null,
        "output_directory": "/Users/akaptanoglu/actions-runner/_work/stellcoilbench/stellcoilbench/cases/done/2026-03-14_233250_12150/order_8",
        "flux_threshold": 1e-08,
        "cc_threshold": 0.1794998662975029,
        "cs_threshold": 0.11910553731709653,
        "msc_threshold": 6.89849538911454,
        "arclength_variation_threshold": 0.0,
        "curvature_threshold": 8.41353830034028,
        "force_threshold": 1689.7778603204429,
        "torque_threshold": 0.0,
        "timing": {
          "coil_initialization": 6.658956408500671e-07,
          "biotsavart_setup": 0.002357874996960163,
          "objective_setup": 0.004435958922840655,
          "coil_optimization": 54.91943062504288,
          "save_and_metrics": 0.8570002920459956
        },
        "fourier_order": 8,
        "continuation_step": 2
      },
      {
        "initial_B_field": 1.0968464903703716,
        "final_B_field": 1.096537763458957,
        "target_B_field": 1.0,
        "optimization_time": 46.2875919342041,
        "walltime_sec": 46.2875919342041,
        "iterations_used": 500,
        "final_squared_flux": 0.0015098767253012868,
        "optimization_success": true,
        "optimization_message": "Completed",
        "optimization_nfev": 500,
        "optimization_njev": null,