{
  "metadata": {
    "contact": "auto",
    "hardware": "CPU: self-hosted runner",
    "run_date": "2026-03-17T09:34:07.810946",
    "iterations_used": 500,
    "walltime_sec": 259.51164865493774
  },
  "version_info": {
    "stellcoilbench_commit": "c6da4c49c8f31f99862eda01ef114552211bf83c",
    "stellcoilbench_branch": "main",
    "simsopt_version": "0.1.dev5668+ga79006b0b",
    "simsopt_commit": "a79006b0b"
  },
  "metrics": {
    "fourier_continuation": true,
    "fourier_orders": [
      4,
      8,
      16
    ],
    "final_order": 16,
    "continuation_results": [
      {
        "initial_B_field": 1.0000305513510055,
        "final_B_field": 1.0909651673959018,
        "target_B_field": 1.0,
        "optimization_time": 296.3174059391022,
        "walltime_sec": 296.3174059391022,
        "iterations_used": 500,
        "final_squared_flux": 0.0026200548326482083,
        "optimization_success": true,
        "optimization_message": "Completed",
        "optimization_nfev": 500,
        "optimization_njev": null,
        "_cached_thresholds": {
          "length_threshold": 11.394726757958967,
          "flux_threshold": 1e-08,
          "cc_threshold": 0.12762014763236693,
          "cs_threshold": 0.22811235077189557,
          "msc_threshold": 13.241475044112972,
          "curvature_threshold": 37.85587220849384,
          "force_threshold": 1046.3896373532448,
          "torque_threshold": 0.0,
          "finite_build_width": 0.05,
          "major_radius": 1.0098736979848935,
          "minor_radius": 0.16831206437162433,
          "a0": 10.100286074838271,
          "arclength_variation_threshold": 0.0,
          "coil_width": 0.039602838675676315
        },
        "final_min_cs_separation": 0.22232686908619012,
        "final_min_cc_separation": 0.18815677028856775,
        "final_length_per_coil": [
          3.0818328468606855,
          2.9324168046854626,
          2.7559055253864324,
          2.6517567712544663
        ],
        "final_current_per_coil": [
          336157.7771473606,
          323139.3264274917,
          301678.89118037286,
          289099.629880239
        ],
        "total_current_before": 1250075.624635464,
        "total_current_after": 1250075.624635464,
        "final_total_length": 11.421911948187045,
        "final_max_curvature": 4.27108799574768,
        "final_average_curvature": 2.5276143421962853,
        "final_arclength_variation": 0.005182994558122175,
        "final_mean_squared_curvature": 7.934724923967958,
        "final_max_torsion": 51.51434239440029,
        "final_linking_number": 0,
        "coils_linked_to_surface": true,
        "final_max_max_coil_force": 244085.1081264757,
        "final_avg_max_coil_force": 223001.48902947287,
        "final_max_force_per_coil": [
          244085.1081264757,
          238094.06942066777,
          215549.7609426489,
          194277.01762809913
        ],
        "final_max_torque_per_coil": [
          64822.07610496441,
          51576.745749342444,
          36126.97907475307,
          27092.42931848552
        ],
        "final_max_max_coil_torque": 64822.07610496441,
        "final_avg_max_coil_torque": 44904.55756188636,
        "avg_BdotN_over_B": 0.021678642996275036,
        "max_BdotN_over_B": 0.08716309696145876,
        "lagrange_multipliers": null,
        "output_directory": "/Users/akaptanoglu/actions-runner/_work/stellcoilbench/stellcoilbench/cases/done/2026-03-17_091532_32101/order_4",
        "flux_threshold": 1e-08,
        "cc_threshold": 0.12762014763236693,
        "cs_threshold": 0.22811235077189557,
        "msc_threshold": 13.241475044112972,
        "arclength_variation_threshold": 0.0,
        "curvature_threshold": 37.85587220849384,
        "force_threshold": 1046.3896373532448,
        "torque_threshold": 0.0,
        "timing": {
          "coil_initialization": 0.22969883296173066,
          "biotsavart_setup": 1.287817707983777,
          "objective_setup": 0.03132158296648413,
          "coil_optimization": 296.31757620803546,
          "save_and_metrics": 0.9049543329747394
        },
        "fourier_order": 4,
        "continuation_step": 1
      },
      {
        "initial_B_field": 1.0909651673959018,
        "final_B_field": 1.0908653221950788,
        "target_B_field": 1.0,
        "optimization_time": 301.45885586738586,
        "walltime_sec": 301.45885586738586,
        "iterations_used": 500,
        "final_squared_flux": 0.002561587841936551,
        "optimization_success": true,
        "optimization_message": "Completed",
        "optimization_nfev": 500,
        "optimization_njev": null,
        "_cached_thresholds": {
          "length_threshold": 11.394726757958967,
          "flux_threshold": 1e-08,
          "cc_threshold": 0.12762014763236693,
          "cs_threshold": 0.22811235077189557,
          "msc_threshold": 13.241475044112972,
          "curvature_threshold": 37.85587220849384,
          "force_threshold": 1046.3896373532448,
          "torque_threshold": 0.0,
          "finite_build_width": 0.05,
          "major_radius": 1.0098736979848935,
          "minor_radius": 0.16831206437162433,
          "a0": 10.100286074838271,
          "arclength_variation_threshold": 0.0,
          "coil_width": 0.039602838675676315
        },
        "final_min_cs_separation": 0.22184297802301586,
        "final_min_cc_separation": 0.18845559395032827,
        "final_length_per_coil": [
          3.08766044582664,
          2.936255000330284,
          2.759121494310906,
          2.653995116204638
        ],
        "final_current_per_coil": [
          336774.3854436295,
          323105.1638577269,
          301583.07017594157,
          288613.00515816605
        ],
        "total_current_before": 1250075.624635464,
        "total_current_after": 1250075.624635464,
        "final_total_length": 11.437032056672468,
        "final_max_curvature": 4.170994979136301,
        "final_average_curvature": 2.5203337940822923,
        "final_arclength_variation": 0.0016280288210729957,
        "final_mean_squared_curvature": 7.958373891175122,
        "final_max_torsion": 82.1150249868568,
        "final_linking_number": 0,
        "coils_linked_to_surface": true,
        "final_max_max_coil_force": 213396.93256694797,
        "final_avg_max_coil_force": 183328.04571385082,
        "final_max_force_per_coil": [
          213396.93256694797,
          200127.37983927527,
          173087.33204932444,
          146700.53839985555
        ],
        "final_max_torque_per_coil": [
          49667.79004979723,
          40078.15355215192,
          27677.584931136807,
          19420.985388523906
        ],
        "final_max_max_coil_torque": 49667.79004979723,
        "final_avg_max_coil_torque": 34211.12848040246,
        "avg_BdotN_over_B": 0.021505498732251528,
        "max_BdotN_over_B": 0.08644470687110073,
        "lagrange_multipliers": null,
        "output_directory": "/Users/akaptanoglu/actions-runner/_work/stellcoilbench/stellcoilbench/cases/done/2026-03-17_091532_32101/order_8",
        "flux_threshold": 1e-08,
        "cc_threshold": 0.12762014763236693,
        "cs_threshold": 0.22811235077189557,
        "msc_threshold": 13.241475044112972,
        "arclength_variation_threshold": 0.0,
        "curvature_threshold": 37.85587220849384,
        "force_threshold": 1046.3896373532448,
        "torque_threshold": 0.0,
        "timing": {
          "coil_initialization": 5.409820005297661e-07,
          "biotsavart_setup": 0.002622583066113293,
          "objective_setup": 0.005290249944664538,
          "coil_optimization": 301.45905462501105,
          "save_and_metrics": 0.7834235830232501
        },
        "fourier_order": 8,
        "continuation_step": 2
      },
      {
        "initial_B_field": 1.0908653221950788,
        "final_B_field": 1.0908976970197681,
        "target_B_field": 1.0,
        "optimization_time": 259.51164865493774,
        "walltime_sec": 259.51164865493774,