{
  "metadata": {
    "contact": "auto",
    "hardware": "CPU: self-hosted runner",
    "run_date": "2026-03-21T01:21:43.186583",
    "iterations_used": 500,
    "walltime_sec": 682.1396961212158,
    "tags": [
      "explore"
    ],
    "parent_ids": []
  },
  "version_info": {
    "stellcoilbench_commit": "a6e5fbc4dde35acf8299ed1dffafcb9b4a19ece0",
    "stellcoilbench_branch": "main",
    "simsopt_version": "0.1.dev5668+ga79006b0b",
    "simsopt_commit": "a79006b0b"
  },
  "metrics": {
    "fourier_continuation": true,
    "fourier_orders": [
      4,
      8,
      16
    ],
    "final_order": 16,
    "continuation_results": [
      {
        "initial_B_field": 1.0000050243934888,
        "final_B_field": 1.0546724606563753,
        "target_B_field": 1.0,
        "optimization_time": 423.0335669517517,
        "walltime_sec": 423.0335669517517,
        "iterations_used": 500,
        "final_squared_flux": 0.06862741489258452,
        "optimization_success": true,
        "optimization_message": "Completed",
        "optimization_nfev": 500,
        "optimization_njev": null,
        "_cached_thresholds": {
          "length_threshold": 12.061044518677221,
          "flux_threshold": 1e-08,
          "cc_threshold": 0.1750445469464893,
          "cs_threshold": 0.2503889475269635,
          "msc_threshold": 7.938824854822881,
          "curvature_threshold": 12.988967892242018,
          "force_threshold": 1482.7219957862583,
          "torque_threshold": 0.0,
          "finite_build_width": 0.05,
          "major_radius": 1.0098736979848935,
          "minor_radius": 0.16831206437162433,
          "a0": 10.100286074838271,
          "arclength_variation_threshold": 0.0,
          "coil_width": 0.039602838675676315
        },
        "final_min_cs_separation": 0.20542063918565126,
        "final_min_cc_separation": 0.14912502846604161,
        "final_length_per_coil": [
          2.6885231614681304,
          2.617627284957132,
          2.5658333736301597,
          2.532739816912976,
          2.5232811875137706
        ],
        "final_current_per_coil": [
          349029.42568497325,
          145735.38990137528,
          287860.98107976536,
          209400.2650642464,
          257986.47670957318
        ],
        "total_current_before": 1250012.5384399334,
        "total_current_after": 1250012.5384399334,
        "final_total_length": 12.928004824482167,
        "final_max_curvature": 3.840641343733508,
        "final_average_curvature": 2.459805662959504,
        "final_arclength_variation": 0.018173874303340814,
        "final_mean_squared_curvature": 6.829060745838576,
        "final_max_torsion": 6.781528708071581,
        "final_linking_number": 0,
        "coils_linked_to_surface": true,
        "final_max_max_coil_force": 251685.18628690988,
        "final_avg_max_coil_force": 206159.09932261924,
        "final_max_force_per_coil": [
          248160.90699726323,
          115162.34574552598,
          251685.18628690988,
          185358.8455858971,
          230428.21199749998
        ],
        "final_max_torque_per_coil": [
          65946.08745748489,
          19754.24750933363,
          38702.09798151881,
          22878.479278951116,
          25221.518125979426
        ],
        "final_max_max_coil_torque": 65946.08745748489,
        "final_avg_max_coil_torque": 34500.48607065358,
        "avg_BdotN_over_B": 0.09772118173511035,
        "max_BdotN_over_B": 0.4688320779733807,
        "lagrange_multipliers": null,
        "output_directory": "/Users/akaptanoglu/actions-runner/_work/stellcoilbench/stellcoilbench/cases/done/2026-03-21_005019_50186/order_4",
        "flux_threshold": 1e-08,
        "cc_threshold": 0.1750445469464893,
        "cs_threshold": 0.2503889475269635,
        "msc_threshold": 7.938824854822881,
        "arclength_variation_threshold": 0.0,
        "curvature_threshold": 12.988967892242018,
        "force_threshold": 1482.7219957862583,
        "torque_threshold": 0.0,
        "timing": {
          "coil_initialization": 0.42181287496350706,
          "biotsavart_setup": 1.4328133331146091,
          "objective_setup": 0.031106916023418307,
          "coil_optimization": 423.0342971251812,
          "save_and_metrics": 0.9326437921263278
        },
        "fourier_order": 4,
        "continuation_step": 1
      },
      {
        "initial_B_field": 1.0546724606563753,
        "final_B_field": 1.0546657089498546,
        "target_B_field": 1.0,
        "optimization_time": 483.70841121673584,
        "walltime_sec": 483.70841121673584,
        "iterations_used": 500,
        "final_squared_flux": 0.06864102776130977,
        "optimization_success": true,
        "optimization_message": "Completed",
        "optimization_nfev": 500,
        "optimization_njev": null,
        "_cached_thresholds": {
          "length_threshold": 12.061044518677221,
          "flux_threshold": 1e-08,
          "cc_threshold": 0.1750445469464893,
          "cs_threshold": 0.2503889475269635,
          "msc_threshold": 7.938824854822881,
          "curvature_threshold": 12.988967892242018,
          "force_threshold": 1482.7219957862583,
          "torque_threshold": 0.0,
          "finite_build_width": 0.05,
          "major_radius": 1.0098736979848935,
          "minor_radius": 0.16831206437162433,
          "a0": 10.100286074838271,
          "arclength_variation_threshold": 0.0,
          "coil_width": 0.039602838675676315
        },
        "final_min_cs_separation": 0.2053467270573157,
        "final_min_cc_separation": 0.1489969932897863,
        "final_length_per_coil": [
          2.6885012004193776,
          2.6176196192573746,
          2.5658250829637415,
          2.5327318240100802,
          2.523295163826996
        ],
        "final_current_per_coil": [
          349206.4709924654,
          145521.28527065113,
          287989.672732201,
          209305.6062780464,
          257989.5031665695
        ],
        "total_current_before": 1250012.5384399334,
        "total_current_after": 1250012.5384399334,
        "final_total_length": 12.92797289047757,
        "final_max_curvature": 3.8761962593636117,
        "final_average_curvature": 2.45563124504893,
        "final_arclength_variation": 0.013469265946656386,
        "final_mean_squared_curvature": 6.816740508608757,
        "final_max_torsion": 5.28017098112383,
        "final_linking_number": 0,
        "coils_linked_to_surface": true,
        "final_max_max_coil_force": 218066.08248895116,
        "final_avg_max_coil_force": 176207.42244225956,
        "final_max_force_per_coil": [
          201536.18661805408,
          108459.76239057528,
          218066.08248895116,
          163679.54761583844,
          189295.53309787874
        ],
        "final_max_torque_per_coil": [
          58668.03899060135,
          18019.85170716225,
          33104.11043008955,
          19584.394155937873,
          20780.579236245656
        ],
        "final_max_max_coil_torque": 58668.03899060135,
        "final_avg_max_coil_torque": 30031.39490400733,
        "avg_BdotN_over_B": 0.09772734866730584,
        "max_BdotN_over_B": 0.46882937311383904,
        "lagrange_multipliers": null,
        "output_directory": "/Users/akaptanoglu/actions-runner/_work/stellcoilbench/stellcoilbench/cases/done/2026-03-21_005019_50186/order_8",
        "flux_threshold": 1e-08,
        "cc_threshold": 0.1750445469464893,
        "cs_threshold": 0.2503889475269635,
        "msc_threshold": 7.938824854822881,
        "arclength_variation_threshold": 0.0,
        "curvature_threshold": 12.988967892242018,
        "force_threshold": 1482.7219957862583,
        "torque_threshold": 0.0,
        "timing": {
          "coil_initialization": 6.2515027821064e-07,
          "biotsavart_setup": 0.003506625071167946,
          "objective_setup": 0.006664334097877145,
          "coil_optimization": 483.70884087495506,
          "save_and_metrics": 0.894718541065231
        },