{
  "metadata": {
    "contact": "auto",
    "hardware": "CPU: self-hosted runner",
    "run_date": "2026-03-19T05:38:27.276655",
    "iterations_used": 500,
    "walltime_sec": 667.8535969257355,
    "tags": [
      "explore"
    ],
    "parent_ids": []
  },
  "version_info": {
    "stellcoilbench_commit": "390464f4ad87e4801535486f99803051d0149d3b",
    "stellcoilbench_branch": "main",
    "simsopt_version": "0.1.dev5668+ga79006b0b",
    "simsopt_commit": "a79006b0b"
  },
  "metrics": {
    "fourier_continuation": true,
    "fourier_orders": [
      4,
      8,
      16
    ],
    "final_order": 16,
    "continuation_results": [
      {
        "initial_B_field": 1.0000008292436955,
        "final_B_field": 1.056027600666201,
        "target_B_field": 1.0,
        "optimization_time": 576.521665096283,
        "walltime_sec": 576.521665096283,
        "iterations_used": 500,
        "final_squared_flux": 0.07001726451328678,
        "optimization_success": true,
        "optimization_message": "Completed",
        "optimization_nfev": 500,
        "optimization_njev": null,
        "_cached_thresholds": {
          "length_threshold": 14.88868720012051,
          "flux_threshold": 1e-08,
          "cc_threshold": 0.16138156760338096,
          "cs_threshold": 0.2782099416966261,
          "msc_threshold": 8.29233486744222,
          "curvature_threshold": 35.24999840118557,
          "force_threshold": 4183.538492198012,
          "torque_threshold": 0.0,
          "finite_build_width": 0.05,
          "major_radius": 1.0098736979848935,
          "minor_radius": 0.16831206437162433,
          "a0": 10.100286074838271,
          "arclength_variation_threshold": 0.0,
          "coil_width": 0.039602838675676315
        },
        "final_min_cs_separation": 0.22297121489092797,
        "final_min_cc_separation": 0.12563951779058893,
        "final_length_per_coil": [
          2.839960283799203,
          2.7715083973486454,
          2.719711390206383,
          2.6829016025137085,
          2.6578003716470255,
          2.659855162271707
        ],
        "final_current_per_coil": [
          352284.01199080836,
          9155.545877836365,
          330726.5226111825,
          110704.34872736604,
          244355.59763431732,
          202776.04561286198
        ],
        "total_current_before": 1250002.0724543727,
        "total_current_after": 1250002.0724543727,
        "final_total_length": 16.33173720778667,
        "final_max_curvature": 3.527511479541791,
        "final_average_curvature": 2.3201997801220955,
        "final_arclength_variation": 0.024347073061941435,
        "final_mean_squared_curvature": 5.988853458579882,
        "final_max_torsion": 5.804423893404034,
        "final_linking_number": 0,
        "coils_linked_to_surface": true,
        "final_max_max_coil_force": 284009.5575377642,
        "final_avg_max_coil_force": 168865.67819651027,
        "final_max_force_per_coil": [
          231692.5978466665,
          7192.053143692853,
          284009.5575377642,
          94142.11881295574,
          221954.69493284303,
          174203.04690513926
        ],
        "final_max_torque_per_coil": [
          59343.61872727073,
          1336.8488421933866,
          52043.72142842887,
          12047.954817782003,
          27034.60775765744,
          19083.462430272244
        ],
        "final_max_max_coil_torque": 59343.61872727073,
        "final_avg_max_coil_torque": 28481.702333934114,
        "avg_BdotN_over_B": 0.10108554362359648,
        "max_BdotN_over_B": 0.4646293036359101,
        "lagrange_multipliers": null,
        "output_directory": "/Users/akaptanoglu/actions-runner/_work/stellcoilbench/stellcoilbench/cases/done/2026-03-19_050406_41278/order_4",
        "flux_threshold": 1e-08,
        "cc_threshold": 0.16138156760338096,
        "cs_threshold": 0.2782099416966261,
        "msc_threshold": 8.29233486744222,
        "arclength_variation_threshold": 0.0,
        "curvature_threshold": 35.24999840118557,
        "force_threshold": 4183.538492198012,
        "torque_threshold": 0.0,
        "timing": {
          "coil_initialization": 0.2882209171075374,
          "biotsavart_setup": 1.558861874975264,
          "objective_setup": 0.05281529203057289,
          "coil_optimization": 576.5221220001113,
          "save_and_metrics": 0.9745706669054925
        },
        "fourier_order": 4,
        "continuation_step": 1
      },
      {
        "initial_B_field": 1.056027600666201,
        "final_B_field": 1.05601423081202,
        "target_B_field": 1.0,
        "optimization_time": 560.3619959354401,
        "walltime_sec": 560.3619959354401,
        "iterations_used": 500,
        "final_squared_flux": 0.07002917938745441,
        "optimization_success": true,
        "optimization_message": "Completed",
        "optimization_nfev": 500,
        "optimization_njev": null,
        "_cached_thresholds": {
          "length_threshold": 14.88868720012051,
          "flux_threshold": 1e-08,
          "cc_threshold": 0.16138156760338096,
          "cs_threshold": 0.2782099416966261,
          "msc_threshold": 8.29233486744222,
          "curvature_threshold": 35.24999840118557,
          "force_threshold": 4183.538492198012,
          "torque_threshold": 0.0,
          "finite_build_width": 0.05,
          "major_radius": 1.0098736979848935,
          "minor_radius": 0.16831206437162433,
          "a0": 10.100286074838271,
          "arclength_variation_threshold": 0.0,
          "coil_width": 0.039602838675676315
        },
        "final_min_cs_separation": 0.22287663362776414,
        "final_min_cc_separation": 0.12566423665353849,
        "final_length_per_coil": [
          2.8399278901674587,
          2.7714887981949397,
          2.719699976830547,
          2.6829002980686614,
          2.6578017506495524,
          2.6598696538331454
        ],
        "final_current_per_coil": [
          352432.1500686248,
          8804.042810005056,
          331323.1184767075,
          110051.56825302151,
          244838.1747215525,
          202553.01812446117
        ],
        "total_current_before": 1250002.0724543727,
        "total_current_after": 1250002.0724543727,
        "final_total_length": 16.331688367744306,
        "final_max_curvature": 3.54318021165229,
        "final_average_curvature": 2.3191401061699666,
        "final_arclength_variation": 0.01703021906868837,
        "final_mean_squared_curvature": 5.971377525257696,
        "final_max_torsion": 5.4786668569750985,
        "final_linking_number": 0,
        "coils_linked_to_surface": true,
        "final_max_max_coil_force": 244252.8175500491,
        "final_avg_max_coil_force": 144105.67218866324,
        "final_max_force_per_coil": [
          187703.0299124679,
          6896.496857244314,
          244252.8175500491,
          88767.07817163684,
          191060.4656286447,
          145954.1450119367
        ],
        "final_max_torque_per_coil": [
          51938.374810298345,
          1282.2157586355509,
          46502.68139960527,
          11057.095808849297,
          24116.261431570034,
          16441.821339503644
        ],
        "final_max_max_coil_torque": 51938.374810298345,
        "final_avg_max_coil_torque": 25223.075091410352,
        "avg_BdotN_over_B": 0.10109301579479131,
        "max_BdotN_over_B": 0.4646200573690724,
        "lagrange_multipliers": null,
        "output_directory": "/Users/akaptanoglu/actions-runner/_work/stellcoilbench/stellcoilbench/cases/done/2026-03-19_050406_41278/order_8",
        "flux_threshold": 1e-08,
        "cc_threshold": 0.16138156760338096,
        "cs_threshold": 0.2782099416966261,
        "msc_threshold": 8.29233486744222,
        "arclength_variation_threshold": 0.0,
        "curvature_threshold": 35.24999840118557,
        "force_threshold": 4183.538492198012,
        "torque_threshold": 0.0,
        "timing": {
          "coil_initialization": 5.830079317092896e-07,