{
  "metadata": {
    "contact": "auto",
    "hardware": "CPU: self-hosted runner",
    "run_date": "2026-03-30T14:04:35.451441",
    "iterations_used": 500,
    "walltime_sec": 54.619702100753784,
    "tags": [
      "explore"
    ],
    "parent_ids": []
  },
  "version_info": {
    "stellcoilbench_commit": "8984eae16aa8e613865aa800e356f08987ce4abd",
    "stellcoilbench_branch": "main",
    "simsopt_version": "0.1.dev5668+ga79006b0b",
    "simsopt_commit": "a79006b0b"
  },
  "metrics": {
    "fourier_continuation": true,
    "fourier_orders": [
      4,
      8,
      16
    ],
    "final_order": 16,
    "continuation_results": [
      {
        "initial_B_field": 2.500000766903552,
        "final_B_field": 2.736272128149938,
        "target_B_field": 2.5,
        "optimization_time": 1339.0710520744324,
        "walltime_sec": 1339.0710520744324,
        "iterations_used": 500,
        "final_squared_flux": 0.2828800101219296,
        "optimization_success": true,
        "optimization_message": "Completed",
        "optimization_nfev": 500,
        "optimization_njev": null,
        "_cached_thresholds": {
          "length_threshold": 34.247130053437644,
          "flux_threshold": 1e-08,
          "cc_threshold": 0.3178395092726096,
          "cs_threshold": 0.25248356750171413,
          "msc_threshold": 1.7516387477256214,
          "curvature_threshold": 22.699940660340552,
          "force_threshold": 1186.573062811171,
          "torque_threshold": 0.0,
          "finite_build_width": 0.10789896047081801,
          "major_radius": 5.483631261799852,
          "minor_radius": 0.5240806651439732,
          "a0": 3.2437754587511507,
          "arclength_variation_threshold": 0.0,
          "coil_width": 0.12331309768093489
        },
        "final_min_cs_separation": 0.2741482448730509,
        "final_min_cc_separation": 0.21406827293770425,
        "final_length_per_coil": [
          7.150111134900776,
          6.897998117891858,
          6.996299150283344,
          6.799473772719961,
          6.749103994322856
        ],
        "final_current_per_coil": [
          1593463.0583666116,
          1362957.3573038445,
          1426940.7433070822,
          1283621.0239843135,
          1208022.0346552646
        ],
        "total_current_before": 6875004.217617116,
        "total_current_after": 6875004.217617117,
        "final_total_length": 34.59298617011879,
        "final_max_curvature": 2.7778835329049847,
        "final_average_curvature": 1.2728708492036298,
        "final_arclength_variation": 0.18016192889966667,
        "final_mean_squared_curvature": 2.0504463722567188,
        "final_max_torsion": 15.378480175232577,
        "final_linking_number": 0,
        "coils_linked_to_surface": true,
        "final_max_max_coil_force": 3384644.396671042,
        "final_avg_max_coil_force": 2607883.2920190915,
        "final_max_force_per_coil": [
          3384644.396671042,
          3176468.769672654,
          2879874.8243456315,
          1987177.7374727381,
          1611250.7319333935
        ],
        "final_max_torque_per_coil": [
          1727188.6026565577,
          1417964.3075152105,
          1654409.5212528373,
          1165827.8800569626,
          922229.1729075862
        ],
        "final_max_max_coil_torque": 1727188.6026565577,
        "final_avg_max_coil_torque": 1377523.8968778308,
        "avg_BdotN_over_B": 0.023492538666214598,
        "max_BdotN_over_B": 0.14916934497532644,
        "lagrange_multipliers": null,
        "output_directory": "/Users/akaptanoglu/actions-runner/_work/stellcoilbench/stellcoilbench/cases/done/2026-03-30_132631_57802/order_4",
        "flux_threshold": 1e-08,
        "cc_threshold": 0.3178395092726096,
        "cs_threshold": 0.25248356750171413,
        "msc_threshold": 1.7516387477256214,
        "arclength_variation_threshold": 0.0,
        "curvature_threshold": 22.699940660340552,
        "force_threshold": 1186.573062811171,
        "torque_threshold": 0.0,
        "timing": {
          "coil_initialization": 0.7336422081571072,
          "biotsavart_setup": 2.656124542001635,
          "objective_setup": 0.0487359999679029,
          "coil_optimization": 1339.0711331670173,
          "save_and_metrics": 1.7443633750081062
        },
        "fourier_order": 4,
        "continuation_step": 1
      },
      {
        "initial_B_field": 2.736272128149938,
        "final_B_field": 2.72939288390344,
        "target_B_field": 2.5,
        "optimization_time": 561.9432399272919,
        "walltime_sec": 561.9432399272919,
        "iterations_used": 500,
        "final_squared_flux": 0.316402491887507,
        "optimization_success": true,
        "optimization_message": "Completed",
        "optimization_nfev": 500,
        "optimization_njev": null,
        "_cached_thresholds": {
          "length_threshold": 34.247130053437644,
          "flux_threshold": 1e-08,
          "cc_threshold": 0.3178395092726096,
          "cs_threshold": 0.25248356750171413,
          "msc_threshold": 1.7516387477256214,
          "curvature_threshold": 22.699940660340552,
          "force_threshold": 1186.573062811171,
          "torque_threshold": 0.0,
          "finite_build_width": 0.10789896047081801,
          "major_radius": 5.483631261799852,
          "minor_radius": 0.5240806651439732,
          "a0": 3.2437754587511507,
          "arclength_variation_threshold": 0.0,
          "coil_width": 0.12331309768093489
        },
        "final_min_cs_separation": 0.25119043561576176,
        "final_min_cc_separation": 0.20171497746431719,
        "final_length_per_coil": [
          7.13149765366604,
          6.876077493916947,
          6.99417446749376,
          6.783952116545647,
          6.737288314245917
        ],
        "final_current_per_coil": [
          1593463.359830869,
          1362954.3631454932,
          1426940.466143951,
          1283621.0131148496,
          1208025.0153819537
        ],
        "total_current_before": 6875004.217617117,
        "total_current_after": 6875004.217617117,
        "final_total_length": 34.52299004586831,
        "final_max_curvature": 4.1808441743155305,
        "final_average_curvature": 1.2605067726257453,
        "final_arclength_variation": 0.4267609473644483,
        "final_mean_squared_curvature": 2.4262902839541525,
        "final_max_torsion": 4.202951001163107,
        "final_linking_number": 0,
        "coils_linked_to_surface": true,
        "final_max_max_coil_force": 3226056.855022118,
        "final_avg_max_coil_force": 2398154.9325189125,
        "final_max_force_per_coil": [
          3226056.855022118,
          2982340.5527843456,
          2737691.070733403,
          1663186.399977797,
          1381499.7840768995
        ],
        "final_max_torque_per_coil": [
          1466973.0088978382,
          1156935.2924431001,
          1373648.4300166888,
          941745.7385727891,
          766466.5409619288
        ],
        "final_max_max_coil_torque": 1466973.0088978382,
        "final_avg_max_coil_torque": 1141153.802178469,
        "avg_BdotN_over_B": 0.024668822687648646,
        "max_BdotN_over_B": 0.1705184652844534,
        "lagrange_multipliers": null,
        "output_directory": "/Users/akaptanoglu/actions-runner/_work/stellcoilbench/stellcoilbench/cases/done/2026-03-30_132631_57802/order_8",
        "flux_threshold": 1e-08,
        "cc_threshold": 0.3178395092726096,
        "cs_threshold": 0.25248356750171413,
        "msc_threshold": 1.7516387477256214,
        "arclength_variation_threshold": 0.0,
        "curvature_threshold": 22.699940660340552,
        "force_threshold": 1186.573062811171,
        "torque_threshold": 0.0,
        "timing": {
          "coil_initialization": 5.00120222568512e-07,
          "biotsavart_setup": 0.004196709021925926,
          "objective_setup": 0.008181249955669045,
          "coil_optimization": 561.9432690830436,