{
  "metadata": {
    "contact": "auto",
    "hardware": "CPU: self-hosted runner",
    "run_date": "2026-03-23T07:33:28.476091",
    "iterations_used": 500,
    "walltime_sec": 112.18889117240906,
    "tags": [
      "explore"
    ],
    "parent_ids": []
  },
  "version_info": {
    "stellcoilbench_commit": "908fed8e4e4bc95a59422e068f732029c94e52a1",
    "stellcoilbench_branch": "main",
    "simsopt_version": "0.1.dev5668+ga79006b0b",
    "simsopt_commit": "a79006b0b"
  },
  "metrics": {
    "fourier_continuation": true,
    "fourier_orders": [
      4,
      8,
      16
    ],
    "final_order": 16,
    "continuation_results": [
      {
        "initial_B_field": 2.500000000019017,
        "final_B_field": 0.6464940462867738,
        "target_B_field": 2.5,
        "optimization_time": 2004.749222278595,
        "walltime_sec": 2004.749222278595,
        "iterations_used": 500,
        "final_squared_flux": 1.0657507290111705,
        "optimization_success": true,
        "optimization_message": "Completed",
        "optimization_nfev": 500,
        "optimization_njev": null,
        "_cached_thresholds": {
          "length_threshold": 39.14266003137075,
          "flux_threshold": 1e-08,
          "cc_threshold": 0.2876278003407806,
          "cs_threshold": 0.32400516415665637,
          "msc_threshold": 4.7196932924829245,
          "curvature_threshold": 4.479653908535339,
          "force_threshold": 935.1804647579568,
          "torque_threshold": 0.0,
          "finite_build_width": 0.10789896047081801,
          "major_radius": 5.483631261799852,
          "minor_radius": 0.5240806651439732,
          "a0": 3.2437754587511507,
          "arclength_variation_threshold": 0.0,
          "coil_width": 0.12331309768093489
        },
        "final_min_cs_separation": 0.04164474092645462,
        "final_min_cc_separation": 0.0672190282609778,
        "final_length_per_coil": [
          5.055530597182968,
          4.174864643461807,
          4.768697452332721,
          4.892625552370354,
          6.187310785259249,
          5.35058639347764,
          7.957182670709459
        ],
        "final_current_per_coil": [
          626607.5551448405,
          1273627.9550933046,
          1033705.4424949194,
          851679.6658282216,
          1300573.5422483895,
          1590003.4851276516,
          198802.35416726302
        ],
        "total_current_before": 6875000.00010459,
        "total_current_after": 6875000.00010459,
        "final_total_length": 38.386798094794194,
        "final_max_curvature": 5.6925432615232054,
        "final_average_curvature": 1.6084004845509539,
        "final_arclength_variation": 0.366010900105232,
        "final_mean_squared_curvature": 4.998709586996827,
        "final_max_torsion": 60.65977276734305,
        "final_linking_number": 0,
        "coils_linked_to_surface": false,
        "final_max_max_coil_force": 3002446.9361200514,
        "final_avg_max_coil_force": 1557859.6998854016,
        "final_max_force_per_coil": [
          1943197.3079824755,
          1830424.1351813616,
          1233659.6697741477,
          1126700.0380999222,
          1390968.6098988967,
          3002446.9361200514,
          377621.2021409547
        ],
        "final_max_torque_per_coil": [
          1006660.7390181888,
          770880.8013245141,
          411519.9723346138,
          455457.7899847389,
          511601.9890208704,
          1727152.284767184,
          288216.94980474893
        ],
        "final_max_max_coil_torque": 1727152.284767184,
        "final_avg_max_coil_torque": 738784.3608935513,
        "avg_BdotN_over_B": 0.11794600951750693,
        "max_BdotN_over_B": 0.9994760096238929,
        "lagrange_multipliers": null,
        "output_directory": "/Users/akaptanoglu/actions-runner/_work/stellcoilbench/stellcoilbench/cases/done/2026-03-22_174431_26447/order_4",
        "flux_threshold": 1e-08,
        "cc_threshold": 0.2876278003407806,
        "cs_threshold": 0.32400516415665637,
        "msc_threshold": 4.7196932924829245,
        "arclength_variation_threshold": 0.0,
        "curvature_threshold": 4.479653908535339,
        "force_threshold": 935.1804647579568,
        "torque_threshold": 0.0,
        "timing": {
          "coil_initialization": 3.8686164589598775,
          "biotsavart_setup": 3.4557757498696446,
          "objective_setup": 0.05334654194302857,
          "coil_optimization": 2004.7508828749415,
          "save_and_metrics": 2.590640083188191
        },
        "fourier_order": 4,
        "continuation_step": 1
      },
      {
        "initial_B_field": 0.6464940462867738,
        "final_B_field": 0.6469522871539951,
        "target_B_field": 2.5,
        "optimization_time": 763.5384068489075,
        "walltime_sec": 763.5384068489075,
        "iterations_used": 500,
        "final_squared_flux": 1.0630008962123236,
        "optimization_success": true,
        "optimization_message": "Completed",
        "optimization_nfev": 500,
        "optimization_njev": null,
        "_cached_thresholds": {
          "length_threshold": 39.14266003137075,
          "flux_threshold": 1e-08,
          "cc_threshold": 0.2876278003407806,
          "cs_threshold": 0.32400516415665637,
          "msc_threshold": 4.7196932924829245,
          "curvature_threshold": 4.479653908535339,
          "force_threshold": 935.1804647579568,
          "torque_threshold": 0.0,
          "finite_build_width": 0.10789896047081801,
          "major_radius": 5.483631261799852,
          "minor_radius": 0.5240806651439732,
          "a0": 3.2437754587511507,
          "arclength_variation_threshold": 0.0,
          "coil_width": 0.12331309768093489
        },
        "final_min_cs_separation": 0.042027634514865415,
        "final_min_cc_separation": 0.06809634529045742,
        "final_length_per_coil": [
          5.05684766369353,
          4.174864357876458,
          4.7663158052701595,
          4.891195054796678,
          6.186947460315008,
          5.35125727628646,
          7.95745706797567
        ],
        "final_current_per_coil": [
          626607.5656976606,
          1273627.9345036116,
          1033705.408701036,
          851679.6874563777,
          1300573.5322019132,
          1590003.4908389505,
          198802.38070504088
        ],
        "total_current_before": 6875000.00010459,
        "total_current_after": 6875000.00010459,
        "final_total_length": 38.384884686213965,
        "final_max_curvature": 6.079489142402624,
        "final_average_curvature": 1.6078853878465884,
        "final_arclength_variation": 0.3715291738563389,
        "final_mean_squared_curvature": 5.079761075192409,
        "final_max_torsion": 12.364425636549013,
        "final_linking_number": 0,
        "coils_linked_to_surface": false,
        "final_max_max_coil_force": 2486956.3770493823,
        "final_avg_max_coil_force": 1374796.1668286098,
        "final_max_force_per_coil": [
          1836884.3231796497,
          1581713.3703712376,
          1079499.3169777847,
          1081837.2190551609,
          1184415.2436573538,
          2486956.3770493823,
          372267.3175096984
        ],
        "final_max_torque_per_coil": [
          949211.2792152188,
          617641.2871854431,
          350443.52569625946,
          422722.25812204543,
          464566.5631736517,
          1452198.5851170174,
          283422.35183606134
        ],
        "final_max_max_coil_torque": 1452198.5851170174,
        "final_avg_max_coil_torque": 648600.8357636711,
        "avg_BdotN_over_B": 0.1178184671169587,
        "max_BdotN_over_B": 0.9998039982985898,
        "lagrange_multipliers": null,
        "output_directory": "/Users/akaptanoglu/actions-runner/_work/stellcoilbench/stellcoilbench/cases/done/2026-03-22_174431_26447/order_8",
        "flux_threshold": 1e-08,
        "cc_threshold": 0.2876278003407806,
        "cs_threshold": 0.32400516415665637,