{
  "metadata": {
    "contact": "auto",
    "hardware": "CPU: self-hosted runner",
    "run_date": "2026-03-27T20:01:30.346962",
    "iterations_used": 500,
    "walltime_sec": 103.64563775062561,
    "tags": [
      "explore"
    ],
    "parent_ids": []
  },
  "version_info": {
    "stellcoilbench_commit": "70391c5b3051a1eb2f29df9386cf81f767dc6af5",
    "stellcoilbench_branch": "main",
    "simsopt_version": "0.1.dev5668+ga79006b0b",
    "simsopt_commit": "a79006b0b"
  },
  "metrics": {
    "fourier_continuation": true,
    "fourier_orders": [
      4,
      8,
      16
    ],
    "final_order": 16,
    "continuation_results": [
      {
        "initial_B_field": 2.500000766903552,
        "final_B_field": 2.7724081681140835,
        "target_B_field": 2.5,
        "optimization_time": 627.3410079479218,
        "walltime_sec": 627.3410079479218,
        "iterations_used": 500,
        "final_squared_flux": 0.08353683118184206,
        "optimization_success": true,
        "optimization_message": "Completed",
        "optimization_nfev": 500,
        "optimization_njev": null,
        "_cached_thresholds": {
          "length_threshold": 45.91871474893812,
          "flux_threshold": 1e-08,
          "cc_threshold": 0.22658781698871783,
          "cs_threshold": 0.26666457373502167,
          "msc_threshold": 2.835059750948506,
          "curvature_threshold": 11.976018993709248,
          "force_threshold": 511.2190122991813,
          "torque_threshold": 0.0,
          "finite_build_width": 0.10789896047081801,
          "major_radius": 5.483631261799852,
          "minor_radius": 0.5240806651439732,
          "a0": 3.2437754587511507,
          "arclength_variation_threshold": 0.0,
          "coil_width": 0.12331309768093489
        },
        "final_min_cs_separation": 0.34062298860314166,
        "final_min_cc_separation": 0.16702584156200562,
        "final_length_per_coil": [
          9.478497429805666,
          8.894505754685278,
          9.677090791123746,
          9.165794322947274,
          8.8201092997952
        ],
        "final_current_per_coil": [
          2176696.644226961,
          1237589.0217166261,
          1355667.2736711537,
          1266987.9974917946,
          838063.2805105802
        ],
        "total_current_before": 6875004.217617116,
        "total_current_after": 6875004.217617115,
        "final_total_length": 46.03599759835716,
        "final_max_curvature": 2.0896774618419323,
        "final_average_curvature": 1.102485498069725,
        "final_arclength_variation": 0.11279995149621458,
        "final_mean_squared_curvature": 1.7880879514683266,
        "final_max_torsion": 6.320887144477028,
        "final_linking_number": 0,
        "coils_linked_to_surface": true,
        "final_max_max_coil_force": 3559905.621529922,
        "final_avg_max_coil_force": 2857484.5873932275,
        "final_max_force_per_coil": [
          3334188.465433595,
          3033687.853643218,
          3559905.621529922,
          2521469.4077948984,
          1838171.5885645042
        ],
        "final_max_torque_per_coil": [
          3361814.5858073104,
          2942983.995445829,
          3135564.3424759754,
          1289783.9559043155,
          959345.7765617497
        ],
        "final_max_max_coil_torque": 3361814.5858073104,
        "final_avg_max_coil_torque": 2337898.531239036,
        "avg_BdotN_over_B": 0.012227807655583496,
        "max_BdotN_over_B": 0.08067239210421838,
        "lagrange_multipliers": null,
        "output_directory": "/Users/akaptanoglu/actions-runner/_work/stellcoilbench/stellcoilbench/cases/done/2026-03-27_192600_75225/order_4",
        "flux_threshold": 1e-08,
        "cc_threshold": 0.22658781698871783,
        "cs_threshold": 0.26666457373502167,
        "msc_threshold": 2.835059750948506,
        "arclength_variation_threshold": 0.0,
        "curvature_threshold": 11.976018993709248,
        "force_threshold": 511.2190122991813,
        "torque_threshold": 0.0,
        "timing": {
          "coil_initialization": 0.8168129578698426,
          "biotsavart_setup": 2.5594424579758197,
          "objective_setup": 0.046694541815668344,
          "coil_optimization": 627.3415365000255,
          "save_and_metrics": 1.8957039997912943
        },
        "fourier_order": 4,
        "continuation_step": 1
      },
      {
        "initial_B_field": 2.7724081681140835,
        "final_B_field": 2.7773869924703556,
        "target_B_field": 2.5,
        "optimization_time": 1236.2969551086426,
        "walltime_sec": 1236.2969551086426,
        "iterations_used": 500,
        "final_squared_flux": 0.111486225830183,
        "optimization_success": true,
        "optimization_message": "Completed",
        "optimization_nfev": 500,
        "optimization_njev": null,
        "_cached_thresholds": {
          "length_threshold": 45.91871474893812,
          "flux_threshold": 1e-08,
          "cc_threshold": 0.22658781698871783,
          "cs_threshold": 0.26666457373502167,
          "msc_threshold": 2.835059750948506,
          "curvature_threshold": 11.976018993709248,
          "force_threshold": 511.2190122991813,
          "torque_threshold": 0.0,
          "finite_build_width": 0.10789896047081801,
          "major_radius": 5.483631261799852,
          "minor_radius": 0.5240806651439732,
          "a0": 3.2437754587511507,
          "arclength_variation_threshold": 0.0,
          "coil_width": 0.12331309768093489
        },
        "final_min_cs_separation": 0.33423920838784005,
        "final_min_cc_separation": 0.12311500353604662,
        "final_length_per_coil": [
          9.379844208538128,
          8.86251667309976,
          9.67262266504453,
          9.163441043952968,
          8.835158879601853
        ],
        "final_current_per_coil": [
          2176686.38470802,
          1237561.5763875956,
          1355668.3800067732,
          1266974.730914738,
          838113.1455999892
        ],
        "total_current_before": 6875004.217617115,
        "total_current_after": 6875004.217617116,
        "final_total_length": 45.91358347023723,
        "final_max_curvature": 3.1760221912665587,
        "final_average_curvature": 1.0564134327402608,
        "final_arclength_variation": 0.765205046066223,
        "final_mean_squared_curvature": 2.068726596003777,
        "final_max_torsion": 2.2384755625976,
        "final_linking_number": 0,
        "coils_linked_to_surface": true,
        "final_max_max_coil_force": 3766049.6087992727,
        "final_avg_max_coil_force": 2892797.545698773,
        "final_max_force_per_coil": [
          3077147.88155265,
          3074323.2386641684,
          3766049.6087992727,
          2427959.840444903,
          2118507.15903287
        ],
        "final_max_torque_per_coil": [
          3972848.879116182,
          3053796.5543590467,
          4061093.467228871,
          971718.0663500779,
          1166515.991466888
        ],
        "final_max_max_coil_torque": 4061093.467228871,
        "final_avg_max_coil_torque": 2645194.591704213,
        "avg_BdotN_over_B": 0.014183868606912148,
        "max_BdotN_over_B": 0.07691275299545888,
        "lagrange_multipliers": null,
        "output_directory": "/Users/akaptanoglu/actions-runner/_work/stellcoilbench/stellcoilbench/cases/done/2026-03-27_192600_75225/order_8",
        "flux_threshold": 1e-08,
        "cc_threshold": 0.22658781698871783,
        "cs_threshold": 0.26666457373502167,
        "msc_threshold": 2.835059750948506,
        "arclength_variation_threshold": 0.0,
        "curvature_threshold": 11.976018993709248,
        "force_threshold": 511.2190122991813,
        "torque_threshold": 0.0,
        "timing": {
          "coil_initialization": 5.00120222568512e-07,
          "biotsavart_setup": 0.004202042007818818,
          "objective_setup": 0.007323583122342825,
          "coil_optimization": 1236.2980882499833,
          "save_and_metrics": 1.9342058750335127
        },