{
  "metadata": {
    "contact": "auto",
    "hardware": "CPU: self-hosted runner",
    "run_date": "2026-03-14T02:06:21.194192",
    "iterations_used": 500,
    "walltime_sec": 6.523162841796875
  },
  "version_info": {
    "stellcoilbench_commit": "e6876018d9c0ff3af600291c851851d7e638ff4f",
    "stellcoilbench_branch": "main",
    "simsopt_version": "0.1.dev5668+ga79006b0b",
    "simsopt_commit": "a79006b0b"
  },
  "metrics": {
    "fourier_continuation": true,
    "fourier_orders": [
      4,
      8,
      16
    ],
    "final_order": 16,
    "continuation_results": [
      {
        "initial_B_field": 1.0001867526877442,
        "final_B_field": 1.0970951143927556,
        "target_B_field": 1.0,
        "optimization_time": 201.77661299705505,
        "walltime_sec": 201.77661299705505,
        "iterations_used": 500,
        "final_squared_flux": 7.388364970980358e-06,
        "optimization_success": true,
        "optimization_message": "Completed",
        "optimization_nfev": 500,
        "optimization_njev": null,
        "_cached_thresholds": {
          "length_threshold": 19.80141933783816,
          "flux_threshold": 5e-06,
          "cc_threshold": 0.10500000000000001,
          "cs_threshold": 0.002195779390372873,
          "msc_threshold": 170.95107892248544,
          "curvature_threshold": 117.1896701144932,
          "force_threshold": 0.0,
          "torque_threshold": 0.0,
          "finite_build_width": 0.05,
          "major_radius": 1.0098736979848935,
          "minor_radius": 0.16831206437162433,
          "a0": 10.100286074838271,
          "arclength_variation_threshold": 0.0,
          "coil_width": 0.039602838675676315
        },
        "final_min_cs_separation": 0.3291680625755725,
        "final_min_cc_separation": 0.10459341604802372,
        "final_length_per_coil": [
          7.471633905175966,
          6.599998136579167,
          5.7310438658875755
        ],
        "final_current_per_coil": [
          465191.33654831874,
          421237.3408500806,
          364014.49310873577
        ],
        "total_current_before": 1250443.170507135,
        "total_current_after": 1250443.170507135,
        "final_total_length": 19.80267590764271,
        "final_max_curvature": 2.1589508569874196,
        "final_average_curvature": 1.3561672729903833,
        "final_arclength_variation": 0.0012920394121709582,
        "final_mean_squared_curvature": 2.4909386107348475,
        "final_max_torsion": 11.02552303579066,
        "final_linking_number": 0,
        "coils_linked_to_surface": true,
        "final_max_max_coil_force": 780258.3298115514,
        "final_avg_max_coil_force": 722245.9697002283,
        "final_max_force_per_coil": [
          726464.9589117736,
          780258.3298115514,
          660014.6203773599
        ],
        "final_max_torque_per_coil": [
          498959.2733917398,
          573506.8133304627,
          341450.8896515054
        ],
        "final_max_max_coil_torque": 573506.8133304627,
        "final_avg_max_coil_torque": 471305.65879123594,
        "avg_BdotN_over_B": 0.0011921335700952125,
        "max_BdotN_over_B": 0.00500665869698815,
        "lagrange_multipliers": null,
        "output_directory": "/Users/akaptanoglu/actions-runner/_work/stellcoilbench/stellcoilbench/cases/done/2026-03-14_020106_31632/order_4",
        "flux_threshold": 5e-06,
        "cc_threshold": 0.10500000000000001,
        "cs_threshold": 0.002195779390372873,
        "msc_threshold": 170.95107892248544,
        "arclength_variation_threshold": 0.0,
        "curvature_threshold": 117.1896701144932,
        "force_threshold": 0.0,
        "torque_threshold": 0.0,
        "timing": {
          "coil_initialization": 0.12980720901396126,
          "biotsavart_setup": 1.2415351669769734,
          "objective_setup": 0.030797749990597367,
          "coil_optimization": 201.77674554102123,
          "save_and_metrics": 0.8316043330123648
        },
        "fourier_order": 4,
        "continuation_step": 1
      },
      {
        "initial_B_field": 1.0970951143927556,
        "final_B_field": 1.0970219863370163,
        "target_B_field": 1.0,
        "optimization_time": 35.64064311981201,
        "walltime_sec": 35.64064311981201,
        "iterations_used": 500,
        "final_squared_flux": 0.0,
        "optimization_success": true,
        "optimization_message": "Completed",
        "optimization_nfev": 500,
        "optimization_njev": null,
        "_cached_thresholds": {
          "length_threshold": 19.80141933783816,
          "flux_threshold": 5e-06,
          "cc_threshold": 0.10500000000000001,
          "cs_threshold": 0.002195779390372873,
          "msc_threshold": 170.95107892248544,
          "curvature_threshold": 117.1896701144932,
          "force_threshold": 0.0,
          "torque_threshold": 0.0,
          "finite_build_width": 0.05,
          "major_radius": 1.0098736979848935,
          "minor_radius": 0.16831206437162433,
          "a0": 10.100286074838271,
          "arclength_variation_threshold": 0.0,
          "coil_width": 0.039602838675676315
        },
        "final_min_cs_separation": 0.3335236972170218,
        "final_min_cc_separation": 0.10498049449416091,
        "final_length_per_coil": [
          7.454248958852221,
          6.61180312904732,
          5.735462565899301
        ],
        "final_current_per_coil": [
          463347.22044592886,
          423878.73474620935,
          363217.2153149969
        ],
        "total_current_before": 1250443.170507135,
        "total_current_after": 1250443.170507135,
        "final_total_length": 19.80151465379884,
        "final_max_curvature": 2.336309189883154,
        "final_average_curvature": 1.3814386986614628,
        "final_arclength_variation": 0.00023028246390955246,
        "final_mean_squared_curvature": 2.7969037656612783,
        "final_max_torsion": 46.99241263444552,
        "final_linking_number": 0,
        "coils_linked_to_surface": true,
        "final_max_max_coil_force": 765802.5050125016,
        "final_avg_max_coil_force": 691988.6648868277,
        "final_max_force_per_coil": [
          701705.413541426,
          765802.5050125016,
          608458.0761065556
        ],
        "final_max_torque_per_coil": [
          531844.3665054503,
          621090.9066691066,
          294289.2592432032
        ],
        "final_max_max_coil_torque": 621090.9066691066,
        "final_avg_max_coil_torque": 482408.17747258674,
        "avg_BdotN_over_B": 0.000949753301483701,
        "max_BdotN_over_B": 0.00497475327502835,
        "lagrange_multipliers": null,
        "output_directory": "/Users/akaptanoglu/actions-runner/_work/stellcoilbench/stellcoilbench/cases/done/2026-03-14_020106_31632/order_8",
        "flux_threshold": 5e-06,
        "cc_threshold": 0.10500000000000001,
        "cs_threshold": 0.002195779390372873,
        "msc_threshold": 170.95107892248544,
        "arclength_variation_threshold": 0.0,
        "curvature_threshold": 117.1896701144932,
        "force_threshold": 0.0,
        "torque_threshold": 0.0,
        "timing": {
          "coil_initialization": 5.00003807246685e-07,
          "biotsavart_setup": 0.0026678330032154918,
          "objective_setup": 0.004659332917071879,
          "coil_optimization": 35.6406675420003,
          "save_and_metrics": 0.871753083076328
        },
        "fourier_order": 8,
        "continuation_step": 2
      },
      {
        "initial_B_field": 1.0970219863370163,
        "final_B_field": 1.0969463852442902,
        "target_B_field": 1.0,
        "optimization_time": 6.523162841796875,
        "walltime_sec": 6.523162841796875,
        "iterations_used": 500,
        "final_squared_flux": 5.036421435158084e-06,
        "optimization_success": true,
        "optimization_message": "Completed",
        "optimization_nfev": 500,
        "optimization_njev": null,
        "_cached_thresholds": {
          "length_threshold": 19.80141933783816,