{
  "metadata": {
    "contact": "auto",
    "hardware": "CPU: self-hosted runner",
    "run_date": "2026-03-25T05:09:54.341121",
    "iterations_used": 500,
    "walltime_sec": 95.19585919380188,
    "tags": [
      "explore"
    ],
    "parent_ids": []
  },
  "version_info": {
    "stellcoilbench_commit": "261946431d20754c718eade4fc60df1650d20036",
    "stellcoilbench_branch": "main",
    "simsopt_version": "0.1.dev5668+ga79006b0b",
    "simsopt_commit": "a79006b0b"
  },
  "metrics": {
    "fourier_continuation": true,
    "fourier_orders": [
      4,
      8,
      16
    ],
    "final_order": 16,
    "continuation_results": [
      {
        "initial_B_field": 2.5000086086152167,
        "final_B_field": 2.760028990172127,
        "target_B_field": 2.5,
        "optimization_time": 483.61505484580994,
        "walltime_sec": 483.61505484580994,
        "iterations_used": 500,
        "final_squared_flux": 0.19142126835049186,
        "optimization_success": true,
        "optimization_message": "Completed",
        "optimization_nfev": 500,
        "optimization_njev": null,
        "_cached_thresholds": {
          "length_threshold": 39.540344771391766,
          "flux_threshold": 1e-08,
          "cc_threshold": 0.2922520415038157,
          "cs_threshold": 0.3588411142515205,
          "msc_threshold": 2.7831593436084874,
          "curvature_threshold": 2.36795608488834,
          "force_threshold": 433.69277883502883,
          "torque_threshold": 0.0,
          "finite_build_width": 0.10789896047081801,
          "major_radius": 5.483631261799852,
          "minor_radius": 0.5240806651439732,
          "a0": 3.2437754587511507,
          "arclength_variation_threshold": 0.0,
          "coil_width": 0.12331309768093489
        },
        "final_min_cs_separation": 0.3224203999437868,
        "final_min_cc_separation": 0.2189614174851212,
        "final_length_per_coil": [
          10.27311617188465,
          11.74860483846337,
          10.772899068009112,
          6.966833009633927
        ],
        "final_current_per_coil": [
          2832555.9755421155,
          2086052.2842482626,
          1286122.622443098,
          670316.4286258882
        ],
        "total_current_before": 6875047.310859364,
        "total_current_after": 6875047.310859364,
        "final_total_length": 39.76145308799106,
        "final_max_curvature": 2.7039156247974576,
        "final_average_curvature": 1.0795337277346615,
        "final_arclength_variation": 0.18828280949309073,
        "final_mean_squared_curvature": 2.417218485940827,
        "final_max_torsion": 3.315804657414782,
        "final_linking_number": 0,
        "coils_linked_to_surface": true,
        "final_max_max_coil_force": 4509326.21439256,
        "final_avg_max_coil_force": 3448798.5195631376,
        "final_max_force_per_coil": [
          4509326.21439256,
          4448263.014287603,
          3662942.1265418907,
          1174662.7230304964
        ],
        "final_max_torque_per_coil": [
          6460613.773188701,
          7013925.646521831,
          1945458.7977714185,
          423766.74563872494
        ],
        "final_max_max_coil_torque": 7013925.646521831,
        "final_avg_max_coil_torque": 3960941.2407801687,
        "avg_BdotN_over_B": 0.01899114656092984,
        "max_BdotN_over_B": 0.13101398479508958,
        "lagrange_multipliers": null,
        "output_directory": "/Users/akaptanoglu/actions-runner/_work/stellcoilbench/stellcoilbench/cases/done/2026-03-25_043147_77665/order_4",
        "flux_threshold": 1e-08,
        "cc_threshold": 0.2922520415038157,
        "cs_threshold": 0.3588411142515205,
        "msc_threshold": 2.7831593436084874,
        "arclength_variation_threshold": 0.0,
        "curvature_threshold": 2.36795608488834,
        "force_threshold": 433.69277883502883,
        "torque_threshold": 0.0,
        "timing": {
          "coil_initialization": 0.40029324986971915,
          "biotsavart_setup": 2.094087874982506,
          "objective_setup": 0.04497345816344023,
          "coil_optimization": 483.6153971250169,
          "save_and_metrics": 1.5793907078914344
        },
        "fourier_order": 4,
        "continuation_step": 1
      },
      {
        "initial_B_field": 2.760028990172127,
        "final_B_field": 2.764843946981139,
        "target_B_field": 2.5,
        "optimization_time": 1444.1933331489563,
        "walltime_sec": 1444.1933331489563,
        "iterations_used": 500,
        "final_squared_flux": 0.26728891207682504,
        "optimization_success": true,
        "optimization_message": "Completed",
        "optimization_nfev": 500,
        "optimization_njev": null,
        "_cached_thresholds": {
          "length_threshold": 39.540344771391766,
          "flux_threshold": 1e-08,
          "cc_threshold": 0.2922520415038157,
          "cs_threshold": 0.3588411142515205,
          "msc_threshold": 2.7831593436084874,
          "curvature_threshold": 2.36795608488834,
          "force_threshold": 433.69277883502883,
          "torque_threshold": 0.0,
          "finite_build_width": 0.10789896047081801,
          "major_radius": 5.483631261799852,
          "minor_radius": 0.5240806651439732,
          "a0": 3.2437754587511507,
          "arclength_variation_threshold": 0.0,
          "coil_width": 0.12331309768093489
        },
        "final_min_cs_separation": 0.2871530244284748,
        "final_min_cc_separation": 0.17937847711958624,
        "final_length_per_coil": [
          10.206998608380346,
          11.738759237881553,
          10.828805520571171,
          7.025871218644231
        ],
        "final_current_per_coil": [
          2833148.145198009,
          2086564.291191902,
          1286261.6062272098,
          669073.2682422437
        ],
        "total_current_before": 6875047.310859364,
        "total_current_after": 6875047.310859364,
        "final_total_length": 39.800434585477305,
        "final_max_curvature": 5.515179729243672,
        "final_average_curvature": 1.0285793073496252,
        "final_arclength_variation": 0.8667330679491498,
        "final_mean_squared_curvature": 3.700014130278367,
        "final_max_torsion": 1.7110508276599554,
        "final_linking_number": 0,
        "coils_linked_to_surface": true,
        "final_max_max_coil_force": 4779956.206374227,
        "final_avg_max_coil_force": 3245106.1855460927,
        "final_max_force_per_coil": [
          3936276.6204720023,
          4779956.206374227,
          3163568.196877361,
          1100623.7184607813
        ],
        "final_max_torque_per_coil": [
          5963625.4331413815,
          7506056.610372874,
          1787635.8592677927,
          636426.6124886146
        ],
        "final_max_max_coil_torque": 7506056.610372874,
        "final_avg_max_coil_torque": 3973436.128817666,
        "avg_BdotN_over_B": 0.02217867415250823,
        "max_BdotN_over_B": 0.1292273094291698,
        "lagrange_multipliers": null,
        "output_directory": "/Users/akaptanoglu/actions-runner/_work/stellcoilbench/stellcoilbench/cases/done/2026-03-25_043147_77665/order_8",
        "flux_threshold": 1e-08,
        "cc_threshold": 0.2922520415038157,
        "cs_threshold": 0.3588411142515205,
        "msc_threshold": 2.7831593436084874,
        "arclength_variation_threshold": 0.0,
        "curvature_threshold": 2.36795608488834,
        "force_threshold": 433.69277883502883,
        "torque_threshold": 0.0,
        "timing": {
          "coil_initialization": 5.420297384262085e-07,
          "biotsavart_setup": 0.0038836670573800802,
          "objective_setup": 0.00684962491504848,
          "coil_optimization": 1444.197048541857,
          "save_and_metrics": 1.322908290894702
        },
        "fourier_order": 8,
        "continuation_step": 2
      },
      {
        "initial_B_field": 2.764843946981139,
        "final_B_field": 2.7648439314342377,
        "target_B_field": 2.5,