{
  "metadata": {
    "contact": "auto",
    "hardware": "CPU: self-hosted runner",
    "run_date": "2026-03-25T03:58:29.459231",
    "iterations_used": 500,
    "walltime_sec": 98.50992012023926,
    "tags": [
      "explore"
    ],
    "parent_ids": []
  },
  "version_info": {
    "stellcoilbench_commit": "a1ad131e1077e302c0ee9d160cf07b165c09d0d9",
    "stellcoilbench_branch": "main",
    "simsopt_version": "0.1.dev5668+ga79006b0b",
    "simsopt_commit": "a79006b0b"
  },
  "metrics": {
    "fourier_continuation": true,
    "fourier_orders": [
      4,
      8,
      16
    ],
    "final_order": 16,
    "continuation_results": [
      {
        "initial_B_field": 2.500000000019017,
        "final_B_field": 2.0850342525876067,
        "target_B_field": 2.5,
        "optimization_time": 831.1943430900574,
        "walltime_sec": 831.1943430900574,
        "iterations_used": 500,
        "final_squared_flux": 0.5857986365184447,
        "optimization_success": true,
        "optimization_message": "Completed",
        "optimization_nfev": 500,
        "optimization_njev": null,
        "_cached_thresholds": {
          "length_threshold": 53.742930796793445,
          "flux_threshold": 1e-08,
          "cc_threshold": 0.22658781698871783,
          "cs_threshold": 0.2543332639669282,
          "msc_threshold": 21.713832920880204,
          "curvature_threshold": 1.7321760949731146,
          "force_threshold": 1560.5803732051786,
          "torque_threshold": 0.0,
          "finite_build_width": 0.10789896047081801,
          "major_radius": 5.483631261799852,
          "minor_radius": 0.5240806651439732,
          "a0": 3.2437754587511507,
          "arclength_variation_threshold": 0.0,
          "coil_width": 0.12331309768093489
        },
        "final_min_cs_separation": 0.03560045880784554,
        "final_min_cc_separation": 0.007308705613200128,
        "final_length_per_coil": [
          8.800396566078726,
          8.428594032010265,
          7.3647745433342635,
          6.922824569262722,
          7.928645210416879,
          7.467454656468114,
          7.019249813673386
        ],
        "final_current_per_coil": [
          743767.8991689229,
          907025.7352364046,
          535607.1556926694,
          1325089.945321764,
          1010768.9101270802,
          2400035.6113545056,
          1974242.5634574033
        ],
        "total_current_before": 6875000.00010459,
        "total_current_after": 6875000.000104589,
        "final_total_length": 53.931939391244356,
        "final_max_curvature": 2.393091734236988,
        "final_average_curvature": 1.1797202951478514,
        "final_arclength_variation": 0.1883812475184572,
        "final_mean_squared_curvature": 2.5729903469015394,
        "final_max_torsion": 27.07655000417582,
        "final_linking_number": 5,
        "coils_linked_to_surface": false,
        "final_max_max_coil_force": 162694192.06821746,
        "final_avg_max_coil_force": 46224019.63758071,
        "final_max_force_per_coil": [
          805458.3361117499,
          864872.6713059967,
          589996.6050910258,
          2045025.974899248,
          162694192.06821746,
          148608008.84327167,
          7960582.964167834
        ],
        "final_max_torque_per_coil": [
          565134.0020373113,
          523278.12795828155,
          278215.2595360384,
          1757452.5629399566,
          130942565.65704823,
          183989778.19414485,
          4592692.74792429
        ],
        "final_max_max_coil_torque": 183989778.19414485,
        "final_avg_max_coil_torque": 46092730.93594128,
        "avg_BdotN_over_B": 0.05281607140315957,
        "max_BdotN_over_B": 0.9976020955249753,
        "lagrange_multipliers": null,
        "output_directory": "/Users/akaptanoglu/actions-runner/_work/stellcoilbench/stellcoilbench/cases/done/2026-03-25_032044_45276/order_4",
        "flux_threshold": 1e-08,
        "cc_threshold": 0.22658781698871783,
        "cs_threshold": 0.2543332639669282,
        "msc_threshold": 21.713832920880204,
        "arclength_variation_threshold": 0.0,
        "curvature_threshold": 1.7321760949731146,
        "force_threshold": 1560.5803732051786,
        "torque_threshold": 0.0,
        "timing": {
          "coil_initialization": 3.5137791661545634,
          "biotsavart_setup": 3.873065375024453,
          "objective_setup": 0.0327610841486603,
          "coil_optimization": 831.1947325419169,
          "save_and_metrics": 2.752308707917109
        },
        "fourier_order": 4,
        "continuation_step": 1
      },
      {
        "initial_B_field": 2.0850342525876067,
        "final_B_field": 2.097616155677801,
        "target_B_field": 2.5,
        "optimization_time": 1008.8606038093567,
        "walltime_sec": 1008.8606038093567,
        "iterations_used": 500,
        "final_squared_flux": 0.684735788893461,
        "optimization_success": true,
        "optimization_message": "Completed",
        "optimization_nfev": 500,
        "optimization_njev": null,
        "_cached_thresholds": {
          "length_threshold": 53.742930796793445,
          "flux_threshold": 1e-08,
          "cc_threshold": 0.22658781698871783,
          "cs_threshold": 0.2543332639669282,
          "msc_threshold": 21.713832920880204,
          "curvature_threshold": 1.7321760949731146,
          "force_threshold": 1560.5803732051786,
          "torque_threshold": 0.0,
          "finite_build_width": 0.10789896047081801,
          "major_radius": 5.483631261799852,
          "minor_radius": 0.5240806651439732,
          "a0": 3.2437754587511507,
          "arclength_variation_threshold": 0.0,
          "coil_width": 0.12331309768093489
        },
        "final_min_cs_separation": 0.03472047846357637,
        "final_min_cc_separation": 0.013451467863504448,
        "final_length_per_coil": [
          8.791129715832838,
          8.42504078164657,
          7.329159632975419,
          6.9035810379416285,
          7.891527306906961,
          7.460611126329521,
          7.029113398541308
        ],
        "final_current_per_coil": [
          743766.4719635218,
          907023.8126856599,
          535606.4838832698,
          1325088.6521908385,
          1010766.3728000093,
          2400036.2242296804,
          1974244.72795163
        ],
        "total_current_before": 6875000.000104589,
        "total_current_after": 6875000.000104591,
        "final_total_length": 53.830163000174245,
        "final_max_curvature": 2.7619688458409812,
        "final_average_curvature": 1.1469544901563338,
        "final_arclength_variation": 0.328525732005987,
        "final_mean_squared_curvature": 2.6603876525867616,
        "final_max_torsion": 5.755306417560528,
        "final_linking_number": 5,
        "coils_linked_to_surface": false,
        "final_max_max_coil_force": 53700103.35335046,
        "final_avg_max_coil_force": 16813389.309010398,
        "final_max_force_per_coil": [
          780926.9667049845,
          735657.4367803386,
          566675.3913418778,
          1789024.7442531355,
          53700103.35335046,
          52310120.95879142,
          7811216.311850574
        ],
        "final_max_torque_per_coil": [
          571651.5355072364,
          480519.03271107434,
          263223.03428400896,
          1670889.5999613379,
          61173250.10908475,
          45083573.3791989,
          4597090.346004092
        ],
        "final_max_max_coil_torque": 61173250.10908475,
        "final_avg_max_coil_torque": 16262885.290964486,
        "avg_BdotN_over_B": 0.055352514584086236,
        "max_BdotN_over_B": 0.9978708744461114,
        "lagrange_multipliers": null,
        "output_directory": "/Users/akaptanoglu/actions-runner/_work/stellcoilbench/stellcoilbench/cases/done/2026-03-25_032044_45276/order_8",
        "flux_threshold": 1e-08,
        "cc_threshold": 0.22658781698871783,
        "cs_threshold": 0.2543332639669282,