{
  "metadata": {
    "contact": "auto",
    "hardware": "CPU: self-hosted runner",
    "run_date": "2026-03-25T05:13:53.937596",
    "iterations_used": 500,
    "walltime_sec": 102.26483201980591,
    "tags": [
      "explore"
    ],
    "parent_ids": []
  },
  "version_info": {
    "stellcoilbench_commit": "261946431d20754c718eade4fc60df1650d20036",
    "stellcoilbench_branch": "main",
    "simsopt_version": "0.1.dev5668+ga79006b0b",
    "simsopt_commit": "a79006b0b"
  },
  "metrics": {
    "fourier_continuation": true,
    "fourier_orders": [
      4,
      8,
      16
    ],
    "final_order": 16,
    "continuation_results": [
      {
        "initial_B_field": 2.500000000019017,
        "final_B_field": 0.5078097588250672,
        "target_B_field": 2.5,
        "optimization_time": 896.6323308944702,
        "walltime_sec": 896.6323308944702,
        "iterations_used": 500,
        "final_squared_flux": 1.136094828740789,
        "optimization_success": true,
        "optimization_message": "Completed",
        "optimization_nfev": 500,
        "optimization_njev": null,
        "_cached_thresholds": {
          "length_threshold": 35.49875799489913,
          "flux_threshold": 1e-08,
          "cc_threshold": 0.4614992680708988,
          "cs_threshold": 0.25649124317634453,
          "msc_threshold": 4.54128564225161,
          "curvature_threshold": 15.612291282969288,
          "force_threshold": 1311.134040427215,
          "torque_threshold": 0.0,
          "finite_build_width": 0.10789896047081801,
          "major_radius": 5.483631261799852,
          "minor_radius": 0.5240806651439732,
          "a0": 3.2437754587511507,
          "arclength_variation_threshold": 0.0,
          "coil_width": 0.12331309768093489
        },
        "final_min_cs_separation": 7.318861180851637e-05,
        "final_min_cc_separation": 0.35332437806027306,
        "final_length_per_coil": [
          5.035409831177777,
          4.7671536018222245,
          4.793062585905353,
          4.869537271178927,
          5.602794180834158,
          4.950338258338576,
          4.802342219733742
        ],
        "final_current_per_coil": [
          973809.7545762867,
          1164580.4685693523,
          1013097.6632005152,
          850782.9649096327,
          1193766.5949047257,
          350703.671549615,
          1328258.882394462
        ],
        "total_current_before": 6875000.00010459,
        "total_current_after": 6875000.000104589,
        "final_total_length": 34.82063794899075,
        "final_max_curvature": 5.035655775627269,
        "final_average_curvature": 1.4777393858064638,
        "final_arclength_variation": 0.33352521980145544,
        "final_mean_squared_curvature": 4.274254220745641,
        "final_max_torsion": 28.187936134132748,
        "final_linking_number": 0,
        "coils_linked_to_surface": false,
        "final_max_max_coil_force": 2059751.123076213,
        "final_avg_max_coil_force": 1259064.9594543322,
        "final_max_force_per_coil": [
          1214284.0534688917,
          1718941.3220910826,
          1221144.0433408138,
          1028647.1565677461,
          1134536.1404302726,
          436150.8772053068,
          2059751.123076213
        ],
        "final_max_torque_per_coil": [
          466965.45436098805,
          544173.5700283467,
          346026.12512438226,
          276282.06503901177,
          323316.2266812497,
          102443.48459843559,
          889137.0219996172
        ],
        "final_max_max_coil_torque": 889137.0219996172,
        "final_avg_max_coil_torque": 421191.99254743307,
        "avg_BdotN_over_B": 0.00010918594552681505,
        "max_BdotN_over_B": 0.9983676887120109,
        "lagrange_multipliers": null,
        "output_directory": "/Users/akaptanoglu/actions-runner/_work/stellcoilbench/stellcoilbench/cases/done/2026-03-25_043147_97610/order_4",
        "flux_threshold": 1e-08,
        "cc_threshold": 0.4614992680708988,
        "cs_threshold": 0.25649124317634453,
        "msc_threshold": 4.54128564225161,
        "arclength_variation_threshold": 0.0,
        "curvature_threshold": 15.612291282969288,
        "force_threshold": 1311.134040427215,
        "torque_threshold": 0.0,
        "timing": {
          "coil_initialization": 3.6116881670895964,
          "biotsavart_setup": 3.2748769170138985,
          "objective_setup": 0.04628100013360381,
          "coil_optimization": 896.6351036250126,
          "save_and_metrics": 2.5195747918915004
        },
        "fourier_order": 4,
        "continuation_step": 1
      },
      {
        "initial_B_field": 0.5078097588250672,
        "final_B_field": 0.5783047501786676,
        "target_B_field": 2.5,
        "optimization_time": 1250.5223979949951,
        "walltime_sec": 1250.5223979949951,
        "iterations_used": 500,
        "final_squared_flux": 2.0441036045455157,
        "optimization_success": true,
        "optimization_message": "Completed",
        "optimization_nfev": 500,
        "optimization_njev": null,
        "_cached_thresholds": {
          "length_threshold": 35.49875799489913,
          "flux_threshold": 1e-08,
          "cc_threshold": 0.4614992680708988,
          "cs_threshold": 0.25649124317634453,
          "msc_threshold": 4.54128564225161,
          "curvature_threshold": 15.612291282969288,
          "force_threshold": 1311.134040427215,
          "torque_threshold": 0.0,
          "finite_build_width": 0.10789896047081801,
          "major_radius": 5.483631261799852,
          "minor_radius": 0.5240806651439732,
          "a0": 3.2437754587511507,
          "arclength_variation_threshold": 0.0,
          "coil_width": 0.12331309768093489
        },
        "final_min_cs_separation": 0.012489392398343646,
        "final_min_cc_separation": 0.4030312680202896,
        "final_length_per_coil": [
          4.93587371518086,
          4.715249192676132,
          4.773481145130583,
          4.857436825177891,
          5.570494711656021,
          4.9197912520912945,
          4.7740315549164265
        ],
        "final_current_per_coil": [
          973841.7399286426,
          1164561.304854968,
          1013128.6143807715,
          850396.4473936353,
          1193630.1295241439,
          350784.95524356863,
          1328656.8087788606
        ],
        "total_current_before": 6875000.000104589,
        "total_current_after": 6875000.00010459,
        "final_total_length": 34.546358396829206,
        "final_max_curvature": 7.075252329181371,
        "final_average_curvature": 1.3781935186716652,
        "final_arclength_variation": 0.4824195197658133,
        "final_mean_squared_curvature": 4.091767514408964,
        "final_max_torsion": 3.032114664607736,
        "final_linking_number": 0,
        "coils_linked_to_surface": false,
        "final_max_max_coil_force": 1889066.4068975463,
        "final_avg_max_coil_force": 1119051.742934834,
        "final_max_force_per_coil": [
          1102505.6132036368,
          1470550.6792679988,
          1063432.4064664512,
          947312.3243907642,
          945491.9028337203,
          415002.8674837192,
          1889066.4068975463
        ],
        "final_max_torque_per_coil": [
          308854.71739198663,
          369202.9970976802,
          244121.13489950038,
          255278.67015465585,
          235657.87019457837,
          89581.64852486699,
          731631.043245577
        ],
        "final_max_max_coil_torque": 731631.043245577,
        "final_avg_max_coil_torque": 319189.725929835,
        "avg_BdotN_over_B": 0.11410761909763173,
        "max_BdotN_over_B": 0.9990603114253395,
        "lagrange_multipliers": null,
        "output_directory": "/Users/akaptanoglu/actions-runner/_work/stellcoilbench/stellcoilbench/cases/done/2026-03-25_043147_97610/order_8",
        "flux_threshold": 1e-08,
        "cc_threshold": 0.4614992680708988,
        "cs_threshold": 0.25649124317634453,