{
  "metadata": {
    "contact": "auto",
    "hardware": "CPU: self-hosted runner",
    "run_date": "2026-03-15T23:12:42.801154",
    "iterations_used": 500,
    "walltime_sec": 297.2397139072418
  },
  "version_info": {
    "stellcoilbench_commit": "6c19b9101d14e25c35c8dd2a0c58263b9b776d7a",
    "stellcoilbench_branch": "main",
    "simsopt_version": "0.1.dev5668+ga79006b0b",
    "simsopt_commit": "a79006b0b"
  },
  "metrics": {
    "fourier_continuation": true,
    "fourier_orders": [
      4,
      8,
      16
    ],
    "final_order": 16,
    "continuation_results": [
      {
        "initial_B_field": 1.0000305513510055,
        "final_B_field": 1.0876238780408445,
        "target_B_field": 1.0,
        "optimization_time": 176.11356711387634,
        "walltime_sec": 176.11356711387634,
        "iterations_used": 500,
        "final_squared_flux": 0.0033927688736161104,
        "optimization_success": true,
        "optimization_message": "Completed",
        "optimization_nfev": 500,
        "optimization_njev": null,
        "_cached_thresholds": {
          "length_threshold": 11.27195795806437,
          "flux_threshold": 1e-08,
          "cc_threshold": 0.1729653979160163,
          "cs_threshold": 0.1107889411952045,
          "msc_threshold": 6.60558709294423,
          "curvature_threshold": 27.92729099692782,
          "force_threshold": 2061.4683878744913,
          "torque_threshold": 0.0,
          "finite_build_width": 0.05,
          "major_radius": 1.0098736979848935,
          "minor_radius": 0.16831206437162433,
          "a0": 10.100286074838271,
          "arclength_variation_threshold": 0.0,
          "coil_width": 0.039602838675676315
        },
        "final_min_cs_separation": 0.15119970459505253,
        "final_min_cc_separation": 0.17898605892506872,
        "final_length_per_coil": [
          2.853783519600043,
          2.8307472911916567,
          2.8115298799186705,
          2.809711662579789
        ],
        "final_current_per_coil": [
          288127.4658206553,
          302753.87937525206,
          321948.49495618785,
          337245.78448336874
        ],
        "total_current_before": 1250075.624635464,
        "total_current_after": 1250075.624635464,
        "final_total_length": 11.305772353290157,
        "final_max_curvature": 3.6507203247260267,
        "final_average_curvature": 2.4609114771521026,
        "final_arclength_variation": 0.003369878647252132,
        "final_mean_squared_curvature": 6.6705637809811265,
        "final_max_torsion": 18.844805580718702,
        "final_linking_number": 0,
        "coils_linked_to_surface": true,
        "final_max_max_coil_force": 221887.794659823,
        "final_avg_max_coil_force": 216457.04244019795,
        "final_max_force_per_coil": [
          206710.10451407876,
          215940.76833328445,
          221887.794659823,
          221289.50225360555
        ],
        "final_max_torque_per_coil": [
          39194.0506597561,
          36283.294688511836,
          31890.767261966055,
          28899.715955877404
        ],
        "final_max_max_coil_torque": 39194.0506597561,
        "final_avg_max_coil_torque": 34066.95714152785,
        "avg_BdotN_over_B": 0.026593877771090055,
        "max_BdotN_over_B": 0.13027433726076137,
        "lagrange_multipliers": null,
        "output_directory": "/Users/akaptanoglu/actions-runner/_work/stellcoilbench/stellcoilbench/cases/done/2026-03-15_230114_60978/order_4",
        "flux_threshold": 1e-08,
        "cc_threshold": 0.1729653979160163,
        "cs_threshold": 0.1107889411952045,
        "msc_threshold": 6.60558709294423,
        "arclength_variation_threshold": 0.0,
        "curvature_threshold": 27.92729099692782,
        "force_threshold": 2061.4683878744913,
        "torque_threshold": 0.0,
        "timing": {
          "coil_initialization": 0.19202862493693829,
          "biotsavart_setup": 1.2796294159488752,
          "objective_setup": 0.03687679208815098,
          "coil_optimization": 176.1137240829412,
          "save_and_metrics": 0.8331001249607652
        },
        "fourier_order": 4,
        "continuation_step": 1
      },
      {
        "initial_B_field": 1.0876238780408445,
        "final_B_field": 1.0876609904182475,
        "target_B_field": 1.0,
        "optimization_time": 32.13094711303711,
        "walltime_sec": 32.13094711303711,
        "iterations_used": 500,
        "final_squared_flux": 0.0033890187398379693,
        "optimization_success": true,
        "optimization_message": "Completed",
        "optimization_nfev": 500,
        "optimization_njev": null,
        "_cached_thresholds": {
          "length_threshold": 11.27195795806437,
          "flux_threshold": 1e-08,
          "cc_threshold": 0.1729653979160163,
          "cs_threshold": 0.1107889411952045,
          "msc_threshold": 6.60558709294423,
          "curvature_threshold": 27.92729099692782,
          "force_threshold": 2061.4683878744913,
          "torque_threshold": 0.0,
          "finite_build_width": 0.05,
          "major_radius": 1.0098736979848935,
          "minor_radius": 0.16831206437162433,
          "a0": 10.100286074838271,
          "arclength_variation_threshold": 0.0,
          "coil_width": 0.039602838675676315
        },
        "final_min_cs_separation": 0.1512485955516026,
        "final_min_cc_separation": 0.1791258768681102,
        "final_length_per_coil": [
          2.8539947535186867,
          2.830853371649365,
          2.811553697724173,
          2.809749386778667
        ],
        "final_current_per_coil": [
          288180.83123516146,
          302778.14797442086,
          321924.49146577175,
          337192.1539601099
        ],
        "total_current_before": 1250075.624635464,
        "total_current_after": 1250075.624635464,
        "final_total_length": 11.30615120967089,
        "final_max_curvature": 3.6531221930122744,
        "final_average_curvature": 2.4567248980788117,
        "final_arclength_variation": 0.0002771403898696732,
        "final_mean_squared_curvature": 6.626185162138411,
        "final_max_torsion": 19.568311592904024,
        "final_linking_number": 0,
        "coils_linked_to_surface": true,
        "final_max_max_coil_force": 179916.82532948157,
        "final_avg_max_coil_force": 170866.07333161915,
        "final_max_force_per_coil": [
          179916.82532948157,
          178013.15428832712,
          169470.8059122601,
          156063.50779640785
        ],
        "final_max_torque_per_coil": [
          30050.32983871146,
          27326.704932019635,
          22193.833713005755,
          17950.140161184234
        ],
        "final_max_max_coil_torque": 30050.32983871146,
        "final_avg_max_coil_torque": 24380.25216123027,
        "avg_BdotN_over_B": 0.02658207289670578,
        "max_BdotN_over_B": 0.13014856865831698,
        "lagrange_multipliers": null,
        "output_directory": "/Users/akaptanoglu/actions-runner/_work/stellcoilbench/stellcoilbench/cases/done/2026-03-15_230114_60978/order_8",
        "flux_threshold": 1e-08,
        "cc_threshold": 0.1729653979160163,
        "cs_threshold": 0.1107889411952045,
        "msc_threshold": 6.60558709294423,
        "arclength_variation_threshold": 0.0,
        "curvature_threshold": 27.92729099692782,
        "force_threshold": 2061.4683878744913,
        "torque_threshold": 0.0,
        "timing": {
          "coil_initialization": 5.830079317092896e-07,
          "biotsavart_setup": 0.0030139590380713344,
          "objective_setup": 0.005489374976605177,
          "coil_optimization": 32.13097558298614,
          "save_and_metrics": 0.9059742080280557
        },
        "fourier_order": 8,
        "continuation_step": 2
      },
      {
        "initial_B_field": 1.0876609904182475,
        "final_B_field": 1.0876514972718336,
        "target_B_field": 1.0,
        "optimization_time": 297.2397139072418,
        "walltime_sec": 297.2397139072418,