{
  "metadata": {
    "contact": "auto",
    "hardware": "CPU: self-hosted runner",
    "run_date": "2026-04-04T17:13:30.920204",
    "iterations_used": 500,
    "walltime_sec": 109.20167398452759,
    "tags": [
      "explore"
    ],
    "parent_ids": []
  },
  "version_info": {
    "stellcoilbench_commit": "9c45b04a23479d11991a333f67a44b9d3bacaab2",
    "stellcoilbench_branch": "main",
    "simsopt_version": "0.1.dev5668+ga79006b0b",
    "simsopt_commit": "a79006b0b"
  },
  "metrics": {
    "fourier_continuation": true,
    "fourier_orders": [
      4,
      8,
      16
    ],
    "final_order": 16,
    "continuation_results": [
      {
        "initial_B_field": 2.500000766903552,
        "final_B_field": 2.7859788210394933,
        "target_B_field": 2.5,
        "optimization_time": 1765.957507133484,
        "walltime_sec": 1765.957507133484,
        "iterations_used": 500,
        "final_squared_flux": 0.014522531283106491,
        "optimization_success": true,
        "optimization_message": "Completed",
        "optimization_nfev": 500,
        "optimization_njev": null,
        "_cached_thresholds": {
          "length_threshold": 59.436913082210616,
          "flux_threshold": 1e-08,
          "cc_threshold": 0.22751266522132485,
          "cs_threshold": 0.30489163401611147,
          "msc_threshold": 20.49741712384852,
          "curvature_threshold": 6.231292656260961,
          "force_threshold": 647.1332040208546,
          "torque_threshold": 0.0,
          "finite_build_width": 0.10789896047081801,
          "major_radius": 5.483631261799852,
          "minor_radius": 0.5240806651439732,
          "a0": 3.2437754587511507,
          "arclength_variation_threshold": 0.0,
          "coil_width": 0.12331309768093489
        },
        "final_min_cs_separation": 0.2865762444544444,
        "final_min_cc_separation": 0.1820183036822122,
        "final_length_per_coil": [
          10.259816855485948,
          10.641803692316993,
          12.736102762939426,
          13.483497118867547,
          12.3471867369857
        ],
        "final_current_per_coil": [
          565048.5719822702,
          1614176.2354110095,
          2195943.3050584244,
          1697007.4882500852,
          802828.6169153266
        ],
        "total_current_before": 6875004.217617116,
        "total_current_after": 6875004.217617116,
        "final_total_length": 59.46840716659561,
        "final_max_curvature": 1.444851991837527,
        "final_average_curvature": 0.8820532714598046,
        "final_arclength_variation": 0.03908614000871232,
        "final_mean_squared_curvature": 1.0138018022535746,
        "final_max_torsion": 6.383285857802971,
        "final_linking_number": 0,
        "coils_linked_to_surface": true,
        "final_max_max_coil_force": 4890483.4491314525,
        "final_avg_max_coil_force": 3079036.364488887,
        "final_max_force_per_coil": [
          1353600.1826141095,
          4144452.4746720637,
          4890483.4491314525,
          2718395.023512499,
          2288250.6925143087
        ],
        "final_max_torque_per_coil": [
          1427690.7057006382,
          3646319.7717148056,
          4669452.809259732,
          2590601.208760128,
          2304689.7712782957
        ],
        "final_max_max_coil_torque": 4669452.809259732,
        "final_avg_max_coil_torque": 2927750.8533427203,
        "avg_BdotN_over_B": 0.005075475509774081,
        "max_BdotN_over_B": 0.030973505043398096,
        "lagrange_multipliers": null,
        "output_directory": "/Users/akaptanoglu/actions-runner/_work/stellcoilbench/stellcoilbench/cases/done/2026-04-04_162625_11829/order_4",
        "flux_threshold": 1e-08,
        "cc_threshold": 0.22751266522132485,
        "cs_threshold": 0.30489163401611147,
        "msc_threshold": 20.49741712384852,
        "arclength_variation_threshold": 0.0,
        "curvature_threshold": 6.231292656260961,
        "force_threshold": 647.1332040208546,
        "torque_threshold": 0.0,
        "timing": {
          "coil_initialization": 0.724255750013981,
          "biotsavart_setup": 2.6183990000281483,
          "objective_setup": 0.04052262502955273,
          "coil_optimization": 1766.0345146670006,
          "save_and_metrics": 1.8755655830027536
        },
        "fourier_order": 4,
        "continuation_step": 1
      },
      {
        "initial_B_field": 2.7859788210394933,
        "final_B_field": 2.910429771795589,
        "target_B_field": 2.5,
        "optimization_time": 774.998587846756,
        "walltime_sec": 774.998587846756,
        "iterations_used": 500,
        "final_squared_flux": 0.1726239743465976,
        "optimization_success": true,
        "optimization_message": "Completed",
        "optimization_nfev": 500,
        "optimization_njev": null,
        "_cached_thresholds": {
          "length_threshold": 59.436913082210616,
          "flux_threshold": 1e-08,
          "cc_threshold": 0.22751266522132485,
          "cs_threshold": 0.30489163401611147,
          "msc_threshold": 20.49741712384852,
          "curvature_threshold": 6.231292656260961,
          "force_threshold": 647.1332040208546,
          "torque_threshold": 0.0,
          "finite_build_width": 0.10789896047081801,
          "major_radius": 5.483631261799852,
          "minor_radius": 0.5240806651439732,
          "a0": 3.2437754587511507,
          "arclength_variation_threshold": 0.0,
          "coil_width": 0.12331309768093489
        },
        "final_min_cs_separation": 0.27140995279007807,
        "final_min_cc_separation": 0.14136748298092713,
        "final_length_per_coil": [
          10.40420444122084,
          10.856387164246401,
          12.83884392436638,
          13.596464886444647,
          12.429678242474624
        ],
        "final_current_per_coil": [
          565201.61672955,
          1613971.814946118,
          2195799.829347088,
          1696923.1372491766,
          803107.8193451837
        ],
        "total_current_before": 6875004.217617116,
        "total_current_after": 6875004.217617116,
        "final_total_length": 60.125578658752886,
        "final_max_curvature": 2.1115936613992794,
        "final_average_curvature": 0.8592461663391275,
        "final_arclength_variation": 0.5942687170146559,
        "final_mean_squared_curvature": 1.0478466688952,
        "final_max_torsion": 1.993394830955624,
        "final_linking_number": 0,
        "coils_linked_to_surface": true,
        "final_max_max_coil_force": 4756200.124871118,
        "final_avg_max_coil_force": 3190469.3210156527,
        "final_max_force_per_coil": [
          1453095.4534517708,
          4756200.124871118,
          4641198.388479453,
          2425467.133054068,
          2676385.5052218535
        ],
        "final_max_torque_per_coil": [
          1624416.200545494,
          3507258.1159785734,
          4247113.390097761,
          2339076.494681035,
          2752939.1989499917
        ],
        "final_max_max_coil_torque": 4247113.390097761,
        "final_avg_max_coil_torque": 2894160.6800505714,
        "avg_BdotN_over_B": 0.015629357993482706,
        "max_BdotN_over_B": 0.06432489283883067,
        "lagrange_multipliers": null,
        "output_directory": "/Users/akaptanoglu/actions-runner/_work/stellcoilbench/stellcoilbench/cases/done/2026-04-04_162625_11829/order_8",
        "flux_threshold": 1e-08,
        "cc_threshold": 0.22751266522132485,
        "cs_threshold": 0.30489163401611147,
        "msc_threshold": 20.49741712384852,
        "arclength_variation_threshold": 0.0,
        "curvature_threshold": 6.231292656260961,
        "force_threshold": 647.1332040208546,
        "torque_threshold": 0.0,
        "timing": {
          "coil_initialization": 7.079797796905041e-07,
          "biotsavart_setup": 0.0042454159702174366,
          "objective_setup": 0.007532582967542112,
          "coil_optimization": 775.0013593339827,