{
  "metadata": {
    "contact": "auto",
    "hardware": "CPU: self-hosted runner",
    "run_date": "2026-03-16T10:56:30.184715",
    "iterations_used": 500,
    "walltime_sec": 14.544121980667114
  },
  "version_info": {
    "stellcoilbench_commit": "5fba7d607e0a67e82969c3b8ec24a15dbabd4627",
    "stellcoilbench_branch": "main",
    "simsopt_version": "0.1.dev5668+ga79006b0b",
    "simsopt_commit": "a79006b0b"
  },
  "metrics": {
    "fourier_continuation": true,
    "fourier_orders": [
      4,
      8,
      16
    ],
    "final_order": 16,
    "continuation_results": [
      {
        "initial_B_field": 1.0000050243934888,
        "final_B_field": 1.097526873964528,
        "target_B_field": 1.0,
        "optimization_time": 98.3052749633789,
        "walltime_sec": 98.3052749633789,
        "iterations_used": 500,
        "final_squared_flux": 0.0,
        "optimization_success": true,
        "optimization_message": "Completed",
        "optimization_nfev": 500,
        "optimization_njev": null,
        "_cached_thresholds": {
          "length_threshold": 19.80141933783816,
          "flux_threshold": 3.9e-05,
          "cc_threshold": 0.10500000000000001,
          "cs_threshold": 0.05674977874418057,
          "msc_threshold": 162.93442126316987,
          "curvature_threshold": 245.74506084528292,
          "force_threshold": 0.0,
          "torque_threshold": 0.0,
          "finite_build_width": 0.05,
          "major_radius": 1.0098736979848935,
          "minor_radius": 0.16831206437162433,
          "a0": 10.100286074838271,
          "arclength_variation_threshold": 0.0,
          "coil_width": 0.039602838675676315
        },
        "final_min_cs_separation": 0.24260732345347566,
        "final_min_cc_separation": 0.10427273606640781,
        "final_length_per_coil": [
          3.846839194060209,
          3.682932667360739,
          3.9623754848530512,
          3.9880514582788806,
          4.319326406079421
        ],
        "final_current_per_coil": [
          247145.1739816135,
          166373.02585582514,
          255830.37034539448,
          245556.61337603335,
          335107.35488106695
        ],
        "total_current_before": 1250012.5384399334,
        "total_current_after": 1250012.5384399334,
        "final_total_length": 19.7995252106323,
        "final_max_curvature": 3.1775301444465236,
        "final_average_curvature": 2.0302002792522504,
        "final_arclength_variation": 0.0005098996200820502,
        "final_mean_squared_curvature": 4.928169558962958,
        "final_max_torsion": 90.78632109946649,
        "final_linking_number": 0,
        "coils_linked_to_surface": true,
        "final_max_max_coil_force": 346467.55259446515,
        "final_avg_max_coil_force": 264811.8986215938,
        "final_max_force_per_coil": [
          283576.8708764286,
          113167.70027135486,
          346467.55259446515,
          285949.61067170324,
          294897.7586940171
        ],
        "final_max_torque_per_coil": [
          84618.70191776403,
          53538.161494502616,
          157989.03241017644,
          89039.62638378,
          87461.82509397429
        ],
        "final_max_max_coil_torque": 157989.03241017644,
        "final_avg_max_coil_torque": 94529.46946003949,
        "avg_BdotN_over_B": 0.002534069668012484,
        "max_BdotN_over_B": 0.012732305491057581,
        "lagrange_multipliers": null,
        "output_directory": "/Users/akaptanoglu/actions-runner/_work/stellcoilbench/stellcoilbench/cases/done/2026-03-16_105050_40161/order_4",
        "flux_threshold": 3.9e-05,
        "cc_threshold": 0.10500000000000001,
        "cs_threshold": 0.05674977874418057,
        "msc_threshold": 162.93442126316987,
        "arclength_variation_threshold": 0.0,
        "curvature_threshold": 245.74506084528292,
        "force_threshold": 0.0,
        "torque_threshold": 0.0,
        "timing": {
          "coil_initialization": 0.22717904194723815,
          "biotsavart_setup": 1.3046944589586928,
          "objective_setup": 0.052788915927521884,
          "coil_optimization": 98.30538199993316,
          "save_and_metrics": 0.9107922499533743
        },
        "fourier_order": 4,
        "continuation_step": 1
      },
      {
        "initial_B_field": 1.097526873964528,
        "final_B_field": 1.0970122122375747,
        "target_B_field": 1.0,
        "optimization_time": 19.477766036987305,
        "walltime_sec": 19.477766036987305,
        "iterations_used": 500,
        "final_squared_flux": 0.0,
        "optimization_success": true,
        "optimization_message": "Completed",
        "optimization_nfev": 500,
        "optimization_njev": null,
        "_cached_thresholds": {
          "length_threshold": 19.80141933783816,
          "flux_threshold": 3.9e-05,
          "cc_threshold": 0.10500000000000001,
          "cs_threshold": 0.05674977874418057,
          "msc_threshold": 162.93442126316987,
          "curvature_threshold": 245.74506084528292,
          "force_threshold": 0.0,
          "torque_threshold": 0.0,
          "finite_build_width": 0.05,
          "major_radius": 1.0098736979848935,
          "minor_radius": 0.16831206437162433,
          "a0": 10.100286074838271,
          "arclength_variation_threshold": 0.0,
          "coil_width": 0.039602838675676315
        },
        "final_min_cs_separation": 0.24297903492262063,
        "final_min_cc_separation": 0.10634053713739616,
        "final_length_per_coil": [
          3.849104373360292,
          3.6838889064405147,
          3.962467625168825,
          3.988366572161423,
          4.319025168628088
        ],
        "final_current_per_coil": [
          246215.52411443758,
          166693.66300153878,
          255113.16964613483,
          246334.8738242537,
          335655.3078535686
        ],
        "total_current_before": 1250012.5384399334,
        "total_current_after": 1250012.5384399334,
        "final_total_length": 19.802852645759142,
        "final_max_curvature": 3.180860422453906,
        "final_average_curvature": 2.031560977609767,
        "final_arclength_variation": 7.924660918063312e-06,
        "final_mean_squared_curvature": 4.942072836584702,
        "final_max_torsion": 91.3264991403029,
        "final_linking_number": 0,
        "coils_linked_to_surface": true,
        "final_max_max_coil_force": 348578.9658213609,
        "final_avg_max_coil_force": 250380.1509293348,
        "final_max_force_per_coil": [
          260953.96401278736,
          100121.69315124414,
          348578.9658213609,
          282975.92438736575,
          259270.20727391588
        ],
        "final_max_torque_per_coil": [
          76119.6875773458,
          49332.466433153815,
          165865.94553218773,
          96186.95226773292,
          76056.96559832197
        ],
        "final_max_max_coil_torque": 165865.94553218773,
        "final_avg_max_coil_torque": 92712.40348174845,
        "avg_BdotN_over_B": 0.002514741223590013,
        "max_BdotN_over_B": 0.012300953372253372,
        "lagrange_multipliers": null,
        "output_directory": "/Users/akaptanoglu/actions-runner/_work/stellcoilbench/stellcoilbench/cases/done/2026-03-16_105050_40161/order_8",
        "flux_threshold": 3.9e-05,
        "cc_threshold": 0.10500000000000001,
        "cs_threshold": 0.05674977874418057,
        "msc_threshold": 162.93442126316987,
        "arclength_variation_threshold": 0.0,
        "curvature_threshold": 245.74506084528292,
        "force_threshold": 0.0,
        "torque_threshold": 0.0,
        "timing": {
          "coil_initialization": 5.830079317092896e-07,
          "biotsavart_setup": 0.0035644579911604524,
          "objective_setup": 0.006875750026665628,
          "coil_optimization": 19.477787417010404,
          "save_and_metrics": 0.9969572919653729
        },
        "fourier_order": 8,
        "continuation_step": 2
      },
      {
        "initial_B_field": 1.0970122122375747,