{
  "metadata": {
    "contact": "auto",
    "hardware": "CPU: self-hosted runner",
    "run_date": "2026-04-04T21:00:22.171773",
    "iterations_used": 500,
    "walltime_sec": 26.8054780960083,
    "tags": [
      "explore"
    ],
    "parent_ids": []
  },
  "version_info": {
    "stellcoilbench_commit": "156b6cecdb7408cb94dea5388972b80ad0a1dcb5",
    "stellcoilbench_branch": "main",
    "simsopt_version": "0.1.dev5668+ga79006b0b",
    "simsopt_commit": "a79006b0b"
  },
  "metrics": {
    "fourier_continuation": true,
    "fourier_orders": [
      4,
      8,
      16
    ],
    "final_order": 16,
    "continuation_results": [
      {
        "initial_B_field": 2.5000971540886527,
        "final_B_field": 2.7426305371384236,
        "target_B_field": 2.5,
        "optimization_time": 327.14441895484924,
        "walltime_sec": 327.14441895484924,
        "iterations_used": 500,
        "final_squared_flux": 0.18774442514535428,
        "optimization_success": true,
        "optimization_message": "Completed",
        "optimization_nfev": 500,
        "optimization_njev": null,
        "_cached_thresholds": {
          "length_threshold": 33.2791222366423,
          "flux_threshold": 1e-08,
          "cc_threshold": 0.26666457373502167,
          "cs_threshold": 0.26943911843284274,
          "msc_threshold": 16.61461789972339,
          "curvature_threshold": 8.845775676014387,
          "force_threshold": 436.93655429378,
          "torque_threshold": 0.0,
          "finite_build_width": 0.10789896047081801,
          "major_radius": 5.483631261799852,
          "minor_radius": 0.5240806651439732,
          "a0": 3.2437754587511507,
          "arclength_variation_threshold": 0.0,
          "coil_width": 0.12331309768093489
        },
        "final_min_cs_separation": 0.24569359830346874,
        "final_min_cc_separation": 0.18120767143126448,
        "final_length_per_coil": [
          12.11972679479713,
          13.791811670751299,
          7.588918597096855
        ],
        "final_current_per_coil": [
          3253782.042817381,
          3023890.748337879,
          597858.1536716782
        ],
        "total_current_before": 6875530.944826938,
        "total_current_after": 6875530.944826938,
        "final_total_length": 33.50045706264528,
        "final_max_curvature": 2.5500256565294523,
        "final_average_curvature": 0.94733611984037,
        "final_arclength_variation": 0.18491525581380444,
        "final_mean_squared_curvature": 2.4430898897923994,
        "final_max_torsion": 5.717237155564424,
        "final_linking_number": 0,
        "coils_linked_to_surface": true,
        "final_max_max_coil_force": 8308629.223408087,
        "final_avg_max_coil_force": 5611223.003868873,
        "final_max_force_per_coil": [
          7274908.7336207945,
          8308629.223408087,
          1250131.0545777373
        ],
        "final_max_torque_per_coil": [
          12366744.215748554,
          17569140.545161918,
          701897.8220013916
        ],
        "final_max_max_coil_torque": 17569140.545161918,
        "final_avg_max_coil_torque": 10212594.194303954,
        "avg_BdotN_over_B": 0.018993827663519647,
        "max_BdotN_over_B": 0.10121371389766094,
        "lagrange_multipliers": null,
        "output_directory": "/Users/akaptanoglu/actions-runner/_work/stellcoilbench/stellcoilbench/cases/done/2026-04-04_203921_79971/order_4",
        "flux_threshold": 1e-08,
        "cc_threshold": 0.26666457373502167,
        "cs_threshold": 0.26943911843284274,
        "msc_threshold": 16.61461789972339,
        "arclength_variation_threshold": 0.0,
        "curvature_threshold": 8.845775676014387,
        "force_threshold": 436.93655429378,
        "torque_threshold": 0.0,
        "timing": {
          "coil_initialization": 0.42726758401840925,
          "biotsavart_setup": 1.7223529999610037,
          "objective_setup": 0.03527079202467576,
          "coil_optimization": 327.1439118749695,
          "save_and_metrics": 1.2069250409840606
        },
        "fourier_order": 4,
        "continuation_step": 1
      },
      {
        "initial_B_field": 2.7426305371384236,
        "final_B_field": 2.7377176478066145,
        "target_B_field": 2.5,
        "optimization_time": 570.0346591472626,
        "walltime_sec": 570.0346591472626,
        "iterations_used": 500,
        "final_squared_flux": 0.22453625113900022,
        "optimization_success": true,
        "optimization_message": "Completed",
        "optimization_nfev": 500,
        "optimization_njev": null,
        "_cached_thresholds": {
          "length_threshold": 33.2791222366423,
          "flux_threshold": 1e-08,
          "cc_threshold": 0.26666457373502167,
          "cs_threshold": 0.26943911843284274,
          "msc_threshold": 16.61461789972339,
          "curvature_threshold": 8.845775676014387,
          "force_threshold": 436.93655429378,
          "torque_threshold": 0.0,
          "finite_build_width": 0.10789896047081801,
          "major_radius": 5.483631261799852,
          "minor_radius": 0.5240806651439732,
          "a0": 3.2437754587511507,
          "arclength_variation_threshold": 0.0,
          "coil_width": 0.12331309768093489
        },
        "final_min_cs_separation": 0.26592720960944227,
        "final_min_cc_separation": 0.17077252590309264,
        "final_length_per_coil": [
          12.052076754979048,
          13.807178830473568,
          7.607271856305487
        ],
        "final_current_per_coil": [
          3253683.925625998,
          3024006.8646639884,
          597840.1545369513
        ],
        "total_current_before": 6875530.944826938,
        "total_current_after": 6875530.944826938,
        "final_total_length": 33.4665274417581,
        "final_max_curvature": 3.7001201210916617,
        "final_average_curvature": 0.9130697175098453,
        "final_arclength_variation": 0.9793829951466339,
        "final_mean_squared_curvature": 3.191615473475251,
        "final_max_torsion": 2.3924060347423244,
        "final_linking_number": 0,
        "coils_linked_to_surface": true,
        "final_max_max_coil_force": 7955439.883525509,
        "final_avg_max_coil_force": 5249402.620612289,
        "final_max_force_per_coil": [
          6633174.422100383,
          7955439.883525509,
          1159593.5562109742
        ],
        "final_max_torque_per_coil": [
          12071294.86492863,
          17272731.70711245,
          701006.5832316442
        ],
        "final_max_max_coil_torque": 17272731.70711245,
        "final_avg_max_coil_torque": 10015011.051757574,
        "avg_BdotN_over_B": 0.020740610085184796,
        "max_BdotN_over_B": 0.10261259284093387,
        "lagrange_multipliers": null,
        "output_directory": "/Users/akaptanoglu/actions-runner/_work/stellcoilbench/stellcoilbench/cases/done/2026-04-04_203921_79971/order_8",
        "flux_threshold": 1e-08,
        "cc_threshold": 0.26666457373502167,
        "cs_threshold": 0.26943911843284274,
        "msc_threshold": 16.61461789972339,
        "arclength_variation_threshold": 0.0,
        "curvature_threshold": 8.845775676014387,
        "force_threshold": 436.93655429378,
        "torque_threshold": 0.0,
        "timing": {
          "coil_initialization": 7.079797796905041e-07,
          "biotsavart_setup": 0.0030774580081924796,
          "objective_setup": 0.006187750026583672,
          "coil_optimization": 570.0522388330428,
          "save_and_metrics": 1.2065527079976164
        },
        "fourier_order": 8,
        "continuation_step": 2
      },
      {
        "initial_B_field": 2.7377176478066145,
        "final_B_field": 2.7377176478066145,
        "target_B_field": 2.5,
        "optimization_time": 26.8054780960083,
        "walltime_sec": 26.8054780960083,
        "iterations_used": 500,
        "final_squared_flux": 0.22453625113900022,
        "optimization_success": true,
        "optimization_message": "Completed",