{
  "metadata": {
    "contact": "auto",
    "hardware": "CPU: self-hosted runner",
    "run_date": "2026-03-16T18:17:18.161050",
    "iterations_used": 500,
    "walltime_sec": 155.76364493370056
  },
  "version_info": {
    "stellcoilbench_commit": "6ce62ef6f558d7b09c4688c1ed35ad8848d2c38f",
    "stellcoilbench_branch": "main",
    "simsopt_version": "0.1.dev5668+ga79006b0b",
    "simsopt_commit": "a79006b0b"
  },
  "metrics": {
    "fourier_continuation": true,
    "fourier_orders": [
      4,
      8,
      16
    ],
    "final_order": 16,
    "continuation_results": [
      {
        "initial_B_field": 1.0000008292436955,
        "final_B_field": 1.0925924642178424,
        "target_B_field": 1.0,
        "optimization_time": 598.9427449703217,
        "walltime_sec": 598.9427449703217,
        "iterations_used": 500,
        "final_squared_flux": 0.03952322275594012,
        "optimization_success": true,
        "optimization_message": "Completed",
        "optimization_nfev": 500,
        "optimization_njev": null,
        "_cached_thresholds": {
          "length_threshold": 12.30460197653263,
          "flux_threshold": 1e-08,
          "cc_threshold": 0.11237305474223154,
          "cs_threshold": 0.10455149410378548,
          "msc_threshold": 9.272062616701533,
          "curvature_threshold": 9.302363474926048,
          "force_threshold": 912.0558325578959,
          "torque_threshold": 0.0,
          "finite_build_width": 0.05,
          "major_radius": 1.0098736979848935,
          "minor_radius": 0.16831206437162433,
          "a0": 10.100286074838271,
          "arclength_variation_threshold": 0.0,
          "coil_width": 0.039602838675676315
        },
        "final_min_cs_separation": 0.014220061461399053,
        "final_min_cc_separation": 0.09511350894331758,
        "final_length_per_coil": [
          2.0838569949524643,
          2.0787674320882408,
          2.095287555069872,
          2.0852343069796997,
          2.1014502800917763,
          2.106856263330284
        ],
        "final_current_per_coil": [
          403305.3043919738,
          236495.88873162173,
          151034.3502036535,
          101115.53215568626,
          191174.85450076137,
          166876.14247067575
        ],
        "total_current_before": 1250002.0724543727,
        "total_current_after": 1250002.0724543724,
        "final_total_length": 12.551452832512338,
        "final_max_curvature": 3.984785198299022,
        "final_average_curvature": 2.9775560393248757,
        "final_arclength_variation": 0.034374732831225725,
        "final_mean_squared_curvature": 9.398770261440681,
        "final_max_torsion": 7.028936594945357,
        "final_linking_number": 0,
        "coils_linked_to_surface": false,
        "final_max_max_coil_force": 296558.6370237204,
        "final_avg_max_coil_force": 138600.762575755,
        "final_max_force_per_coil": [
          296558.6370237204,
          165136.02055442773,
          85282.76999056182,
          71515.98694266874,
          119344.90980853015,
          93766.25113462133
        ],
        "final_max_torque_per_coil": [
          18284.174997084596,
          10319.261425627958,
          7433.314661490227,
          9575.10030379024,
          8559.710088006448,
          10194.917772418941
        ],
        "final_max_max_coil_torque": 18284.174997084596,
        "final_avg_max_coil_torque": 10727.746541403068,
        "avg_BdotN_over_B": 0.10435572775207778,
        "max_BdotN_over_B": 0.9838811850678612,
        "lagrange_multipliers": null,
        "output_directory": "/Users/akaptanoglu/actions-runner/_work/stellcoilbench/stellcoilbench/cases/done/2026-03-16_175130_71393/order_4",
        "flux_threshold": 1e-08,
        "cc_threshold": 0.11237305474223154,
        "cs_threshold": 0.10455149410378548,
        "msc_threshold": 9.272062616701533,
        "arclength_variation_threshold": 0.0,
        "curvature_threshold": 9.302363474926048,
        "force_threshold": 912.0558325578959,
        "torque_threshold": 0.0,
        "timing": {
          "coil_initialization": 0.30591954197734594,
          "biotsavart_setup": 1.5427992088953033,
          "objective_setup": 0.04118545795790851,
          "coil_optimization": 598.9432595829712,
          "save_and_metrics": 1.087199499947019
        },
        "fourier_order": 4,
        "continuation_step": 1
      },
      {
        "initial_B_field": 1.0925924642178424,
        "final_B_field": 1.0941267105223773,
        "target_B_field": 1.0,
        "optimization_time": 632.2555408477783,
        "walltime_sec": 632.2555408477783,
        "iterations_used": 500,
        "final_squared_flux": 0.039260155383791046,
        "optimization_success": true,
        "optimization_message": "Completed",
        "optimization_nfev": 500,
        "optimization_njev": null,
        "_cached_thresholds": {
          "length_threshold": 12.30460197653263,
          "flux_threshold": 1e-08,
          "cc_threshold": 0.11237305474223154,
          "cs_threshold": 0.10455149410378548,
          "msc_threshold": 9.272062616701533,
          "curvature_threshold": 9.302363474926048,
          "force_threshold": 912.0558325578959,
          "torque_threshold": 0.0,
          "finite_build_width": 0.05,
          "major_radius": 1.0098736979848935,
          "minor_radius": 0.16831206437162433,
          "a0": 10.100286074838271,
          "arclength_variation_threshold": 0.0,
          "coil_width": 0.039602838675676315
        },
        "final_min_cs_separation": 0.014666762034973968,
        "final_min_cc_separation": 0.09846662094643688,
        "final_length_per_coil": [
          2.0842576231134307,
          2.0789728677374577,
          2.0953658086408207,
          2.085305367718082,
          2.101475384042394,
          2.1069295027183794
        ],
        "final_current_per_coil": [
          403303.0994105901,
          236562.5705611187,
          149946.7272567344,
          102517.96045839145,
          190895.54811363335,
          166776.1666539046
        ],
        "total_current_before": 1250002.0724543724,
        "total_current_after": 1250002.0724543727,
        "final_total_length": 12.552306553970563,
        "final_max_curvature": 4.037316093230295,
        "final_average_curvature": 2.9903399638561976,
        "final_arclength_variation": 0.015619505221053735,
        "final_mean_squared_curvature": 9.363144160301145,
        "final_max_torsion": 4.206894367393591,
        "final_linking_number": 0,
        "coils_linked_to_surface": false,
        "final_max_max_coil_force": 185680.9715220846,
        "final_avg_max_coil_force": 102383.71504093202,
        "final_max_force_per_coil": [
          185680.9715220846,
          124140.5200180588,
          69132.05600194648,
          64727.16576224624,
          95318.92186945453,
          75302.65507180145
        ],
        "final_max_torque_per_coil": [
          18247.160324542067,
          10112.163882947307,
          6713.112164453243,
          9434.952053110654,
          7388.822550166981,
          10042.608615903491
        ],
        "final_max_max_coil_torque": 18247.160324542067,
        "final_avg_max_coil_torque": 10323.136598520623,
        "avg_BdotN_over_B": 0.10396387748920695,
        "max_BdotN_over_B": 0.9844454987666212,
        "lagrange_multipliers": null,
        "output_directory": "/Users/akaptanoglu/actions-runner/_work/stellcoilbench/stellcoilbench/cases/done/2026-03-16_175130_71393/order_8",
        "flux_threshold": 1e-08,
        "cc_threshold": 0.11237305474223154,
        "cs_threshold": 0.10455149410378548,
        "msc_threshold": 9.272062616701533,
        "arclength_variation_threshold": 0.0,
        "curvature_threshold": 9.302363474926048,
        "force_threshold": 912.0558325578959,
        "torque_threshold": 0.0,
        "timing": {
          "coil_initialization": 5.409820005297661e-07,