{
  "metadata": {
    "contact": "auto",
    "hardware": "CPU: self-hosted runner",
    "run_date": "2026-03-14T04:45:34.685432",
    "iterations_used": 500,
    "walltime_sec": 8.187404870986938
  },
  "version_info": {
    "stellcoilbench_commit": "0759cdb9fa55d258db895391b44cca7a2fcbb96d",
    "stellcoilbench_branch": "main",
    "simsopt_version": "0.1.dev5668+ga79006b0b",
    "simsopt_commit": "a79006b0b"
  },
  "metrics": {
    "fourier_continuation": true,
    "fourier_orders": [
      4,
      8,
      16
    ],
    "final_order": 16,
    "continuation_results": [
      {
        "initial_B_field": 1.0000305513510055,
        "final_B_field": 1.0970389747685876,
        "target_B_field": 1.0,
        "optimization_time": 107.26531314849854,
        "walltime_sec": 107.26531314849854,
        "iterations_used": 500,
        "final_squared_flux": 0.0,
        "optimization_success": true,
        "optimization_message": "Completed",
        "optimization_nfev": 500,
        "optimization_njev": null,
        "_cached_thresholds": {
          "length_threshold": 19.80141933783816,
          "flux_threshold": 5e-06,
          "cc_threshold": 0.10500000000000001,
          "cs_threshold": 0.013192992655124742,
          "msc_threshold": 82.23666052505219,
          "curvature_threshold": 55.23601017377432,
          "force_threshold": 0.0,
          "torque_threshold": 0.0,
          "finite_build_width": 0.05,
          "major_radius": 1.0098736979848935,
          "minor_radius": 0.16831206437162433,
          "a0": 10.100286074838271,
          "arclength_variation_threshold": 0.0,
          "coil_width": 0.039602838675676315
        },
        "final_min_cs_separation": 0.3047302875295247,
        "final_min_cc_separation": 0.10481859508113628,
        "final_length_per_coil": [
          4.8311344337127995,
          5.212128531567721,
          4.860051598631717,
          4.899367000616833
        ],
        "final_current_per_coil": [
          237292.70004953726,
          367839.3854786743,
          303686.42311405466,
          341257.1159931978
        ],
        "total_current_before": 1250075.624635464,
        "total_current_after": 1250075.624635464,
        "final_total_length": 19.80268156452907,
        "final_max_curvature": 2.6866039993826774,
        "final_average_curvature": 1.6916311005043048,
        "final_arclength_variation": 0.0009083804434235389,
        "final_mean_squared_curvature": 3.41407732018066,
        "final_max_torsion": 30.288546292373287,
        "final_linking_number": 0,
        "coils_linked_to_surface": true,
        "final_max_max_coil_force": 520734.4205079542,
        "final_avg_max_coil_force": 378824.6073745816,
        "final_max_force_per_coil": [
          248298.42299304227,
          520734.4205079542,
          430231.5960800812,
          316033.989917249
        ],
        "final_max_torque_per_coil": [
          114721.40393938647,
          256062.03065721606,
          149247.2018468521,
          113888.08965718298
        ],
        "final_max_max_coil_torque": 256062.03065721606,
        "final_avg_max_coil_torque": 158479.6815251594,
        "avg_BdotN_over_B": 0.0009894706406572533,
        "max_BdotN_over_B": 0.004668894084428432,
        "lagrange_multipliers": null,
        "output_directory": "/Users/akaptanoglu/actions-runner/_work/stellcoilbench/stellcoilbench/cases/done/2026-03-14_044154_70155/order_4",
        "flux_threshold": 5e-06,
        "cc_threshold": 0.10500000000000001,
        "cs_threshold": 0.013192992655124742,
        "msc_threshold": 82.23666052505219,
        "arclength_variation_threshold": 0.0,
        "curvature_threshold": 55.23601017377432,
        "force_threshold": 0.0,
        "torque_threshold": 0.0,
        "timing": {
          "coil_initialization": 0.19042525009717792,
          "biotsavart_setup": 1.2119021660182625,
          "objective_setup": 0.03620437497738749,
          "coil_optimization": 107.26535474997945,
          "save_and_metrics": 0.9353160000173375
        },
        "fourier_order": 4,
        "continuation_step": 1
      },
      {
        "initial_B_field": 1.0970389747685876,
        "final_B_field": 1.0968862751289268,
        "target_B_field": 1.0,
        "optimization_time": 32.40453004837036,
        "walltime_sec": 32.40453004837036,
        "iterations_used": 500,
        "final_squared_flux": 0.0,
        "optimization_success": true,
        "optimization_message": "Completed",
        "optimization_nfev": 500,
        "optimization_njev": null,
        "_cached_thresholds": {
          "length_threshold": 19.80141933783816,
          "flux_threshold": 5e-06,
          "cc_threshold": 0.10500000000000001,
          "cs_threshold": 0.013192992655124742,
          "msc_threshold": 82.23666052505219,
          "curvature_threshold": 55.23601017377432,
          "force_threshold": 0.0,
          "torque_threshold": 0.0,
          "finite_build_width": 0.05,
          "major_radius": 1.0098736979848935,
          "minor_radius": 0.16831206437162433,
          "a0": 10.100286074838271,
          "arclength_variation_threshold": 0.0,
          "coil_width": 0.039602838675676315
        },
        "final_min_cs_separation": 0.30455766087221203,
        "final_min_cc_separation": 0.10612419385466747,
        "final_length_per_coil": [
          4.81342493759699,
          5.195934022206729,
          4.8404131167226705,
          4.880881644892567
        ],
        "final_current_per_coil": [
          237372.52439982395,
          367954.95752772444,
          303745.58314897306,
          341002.55955894256
        ],
        "total_current_before": 1250075.624635464,
        "total_current_after": 1250075.624635464,
        "final_total_length": 19.730653721418957,
        "final_max_curvature": 2.704320070122797,
        "final_average_curvature": 1.6912884895835885,
        "final_arclength_variation": 1.2914831619532818e-05,
        "final_mean_squared_curvature": 3.4206492095713643,
        "final_max_torsion": 30.016047607297082,
        "final_linking_number": 0,
        "coils_linked_to_surface": true,
        "final_max_max_coil_force": 508990.8472049078,
        "final_avg_max_coil_force": 354730.0723166909,
        "final_max_force_per_coil": [
          223661.87921858893,
          508990.8472049078,
          408253.64701503183,
          278013.915828235
        ],
        "final_max_torque_per_coil": [
          108213.92245133006,
          254428.64010506799,
          142063.08653426036,
          93584.4711395477
        ],
        "final_max_max_coil_torque": 254428.64010506799,
        "final_avg_max_coil_torque": 149572.5300575515,
        "avg_BdotN_over_B": 0.0009925894957339971,
        "max_BdotN_over_B": 0.004945592405734165,
        "lagrange_multipliers": null,
        "output_directory": "/Users/akaptanoglu/actions-runner/_work/stellcoilbench/stellcoilbench/cases/done/2026-03-14_044154_70155/order_8",
        "flux_threshold": 5e-06,
        "cc_threshold": 0.10500000000000001,
        "cs_threshold": 0.013192992655124742,
        "msc_threshold": 82.23666052505219,
        "arclength_variation_threshold": 0.0,
        "curvature_threshold": 55.23601017377432,
        "force_threshold": 0.0,
        "torque_threshold": 0.0,
        "timing": {
          "coil_initialization": 6.670597940683365e-07,
          "biotsavart_setup": 0.0027653329307213426,
          "objective_setup": 0.005670333979651332,
          "coil_optimization": 32.40454391599633,
          "save_and_metrics": 0.9994352080393583
        },
        "fourier_order": 8,
        "continuation_step": 2
      },
      {
        "initial_B_field": 1.0968862751289268,
        "final_B_field": 1.0968821134988271,
        "target_B_field": 1.0,
        "optimization_time": 8.187404870986938,
        "walltime_sec": 8.187404870986938,
        "iterations_used": 500,
        "final_squared_flux": 0.0,