{
  "metadata": {
    "contact": "auto",
    "hardware": "CPU: self-hosted runner",
    "run_date": "2026-03-20T01:51:05.452115",
    "iterations_used": 500,
    "walltime_sec": 190.5784628391266,
    "tags": [
      "explore"
    ],
    "parent_ids": []
  },
  "version_info": {
    "stellcoilbench_commit": "efcc1293d9c4c49955e5e3b84b1e7fab55aa0a93",
    "stellcoilbench_branch": "main",
    "simsopt_version": "0.1.dev5668+ga79006b0b",
    "simsopt_commit": "a79006b0b"
  },
  "metrics": {
    "fourier_continuation": true,
    "fourier_orders": [
      4,
      8,
      16
    ],
    "final_order": 16,
    "continuation_results": [
      {
        "initial_B_field": 1.0000305513510055,
        "final_B_field": 1.0973436226454587,
        "target_B_field": 1.0,
        "optimization_time": 246.891175031662,
        "walltime_sec": 246.891175031662,
        "iterations_used": 500,
        "final_squared_flux": 2.9356472118711447e-05,
        "optimization_success": true,
        "optimization_message": "Completed",
        "optimization_nfev": 500,
        "optimization_njev": null,
        "_cached_thresholds": {
          "length_threshold": 16.98664757896446,
          "flux_threshold": 1e-08,
          "cc_threshold": 0.10500000000000001,
          "cs_threshold": 0.2871205803986533,
          "msc_threshold": 18.018910357511476,
          "curvature_threshold": 12.938466461867824,
          "force_threshold": 1436.260679842002,
          "torque_threshold": 0.0,
          "finite_build_width": 0.05,
          "major_radius": 1.0098736979848935,
          "minor_radius": 0.16831206437162433,
          "a0": 10.100286074838271,
          "arclength_variation_threshold": 0.0,
          "coil_width": 0.039602838675676315
        },
        "final_min_cs_separation": 0.28584833891380373,
        "final_min_cc_separation": 0.10382014419779902,
        "final_length_per_coil": [
          4.30512600456103,
          4.448799147127902,
          4.28480504309178,
          3.950693661494012
        ],
        "final_current_per_coil": [
          283232.0750063533,
          337287.09477787203,
          339014.3828482546,
          290542.0720029841
        ],
        "total_current_before": 1250075.624635464,
        "total_current_after": 1250075.624635464,
        "final_total_length": 16.989423856274723,
        "final_max_curvature": 2.948961955360004,
        "final_average_curvature": 1.908882673854659,
        "final_arclength_variation": 0.001713575613813213,
        "final_mean_squared_curvature": 4.637630978538023,
        "final_max_torsion": 23.727065107520076,
        "final_linking_number": 0,
        "coils_linked_to_surface": true,
        "final_max_max_coil_force": 475539.352563496,
        "final_avg_max_coil_force": 345851.34502460994,
        "final_max_force_per_coil": [
          240996.09166085132,
          475539.352563496,
          417519.33044150344,
          249350.60543258899
        ],
        "final_max_torque_per_coil": [
          125279.13360469395,
          198010.03003830786,
          120794.47756857671,
          61089.07082799786
        ],
        "final_max_max_coil_torque": 198010.03003830786,
        "final_avg_max_coil_torque": 126293.1780098941,
        "avg_BdotN_over_B": 0.00240362749562445,
        "max_BdotN_over_B": 0.010119604836575676,
        "lagrange_multipliers": null,
        "output_directory": "/Users/akaptanoglu/actions-runner/_work/stellcoilbench/stellcoilbench/cases/done/2026-03-20_013324_33219/order_4",
        "flux_threshold": 1e-08,
        "cc_threshold": 0.10500000000000001,
        "cs_threshold": 0.2871205803986533,
        "msc_threshold": 18.018910357511476,
        "arclength_variation_threshold": 0.0,
        "curvature_threshold": 12.938466461867824,
        "force_threshold": 1436.260679842002,
        "torque_threshold": 0.0,
        "timing": {
          "coil_initialization": 0.1852581249549985,
          "biotsavart_setup": 1.2788589589763433,
          "objective_setup": 0.042187999933958054,
          "coil_optimization": 246.89139345800504,
          "save_and_metrics": 0.86489766696468
        },
        "fourier_order": 4,
        "continuation_step": 1
      },
      {
        "initial_B_field": 1.0973436226454587,
        "final_B_field": 1.0974264301938312,
        "target_B_field": 1.0,
        "optimization_time": 359.40340399742126,
        "walltime_sec": 359.40340399742126,
        "iterations_used": 500,
        "final_squared_flux": 1.616297082606699e-05,
        "optimization_success": true,
        "optimization_message": "Completed",
        "optimization_nfev": 500,
        "optimization_njev": null,
        "_cached_thresholds": {
          "length_threshold": 16.98664757896446,
          "flux_threshold": 1e-08,
          "cc_threshold": 0.10500000000000001,
          "cs_threshold": 0.2871205803986533,
          "msc_threshold": 18.018910357511476,
          "curvature_threshold": 12.938466461867824,
          "force_threshold": 1436.260679842002,
          "torque_threshold": 0.0,
          "finite_build_width": 0.05,
          "major_radius": 1.0098736979848935,
          "minor_radius": 0.16831206437162433,
          "a0": 10.100286074838271,
          "arclength_variation_threshold": 0.0,
          "coil_width": 0.039602838675676315
        },
        "final_min_cs_separation": 0.2865314847232384,
        "final_min_cc_separation": 0.10429540057892046,
        "final_length_per_coil": [
          4.431376399555278,
          4.298270720921896,
          4.235567920272825,
          4.022397569136316
        ],
        "final_current_per_coil": [
          318752.3524515614,
          293552.22720061225,
          331963.9666245184,
          305807.078358772
        ],
        "total_current_before": 1250075.624635464,
        "total_current_after": 1250075.624635464,
        "final_total_length": 16.987612609886316,
        "final_max_curvature": 4.610910046860437,
        "final_average_curvature": 2.0609736050659206,
        "final_arclength_variation": 0.0007654924423654222,
        "final_mean_squared_curvature": 5.4319068099858825,
        "final_max_torsion": 98.11664802803949,
        "final_linking_number": 0,
        "coils_linked_to_surface": true,
        "final_max_max_coil_force": 469180.9440180812,
        "final_avg_max_coil_force": 341300.47504913143,
        "final_max_force_per_coil": [
          355208.21808239905,
          469180.9440180812,
          335096.14372793364,
          205716.59436811175
        ],
        "final_max_torque_per_coil": [
          146040.5046696348,
          227599.37999837,
          84188.57613222288,
          50071.72131301228
        ],
        "final_max_max_coil_torque": 227599.37999837,
        "final_avg_max_coil_torque": 126975.04552831,
        "avg_BdotN_over_B": 0.00180700773499808,
        "max_BdotN_over_B": 0.006860276944311901,
        "lagrange_multipliers": null,
        "output_directory": "/Users/akaptanoglu/actions-runner/_work/stellcoilbench/stellcoilbench/cases/done/2026-03-20_013324_33219/order_8",
        "flux_threshold": 1e-08,
        "cc_threshold": 0.10500000000000001,
        "cs_threshold": 0.2871205803986533,
        "msc_threshold": 18.018910357511476,
        "arclength_variation_threshold": 0.0,
        "curvature_threshold": 12.938466461867824,
        "force_threshold": 1436.260679842002,
        "torque_threshold": 0.0,
        "timing": {
          "coil_initialization": 4.5797787606716156e-07,
          "biotsavart_setup": 0.002775417175143957,
          "objective_setup": 0.006257792003452778,
          "coil_optimization": 359.403724249918,
          "save_and_metrics": 0.8140191670972854
        },
        "fourier_order": 8,
        "continuation_step": 2
      },
      {
        "initial_B_field": 1.0974264301938312,
        "final_B_field": 1.095169237890434,
        "target_B_field": 1.0,
        "optimization_time": 190.5784628391266,