{
  "metadata": {
    "contact": "auto",
    "hardware": "CPU: self-hosted runner",
    "run_date": "2026-03-18T23:52:24.552377",
    "iterations_used": 500,
    "walltime_sec": 567.7926950454712,
    "tags": [
      "explore"
    ],
    "parent_ids": []
  },
  "version_info": {
    "stellcoilbench_commit": "ac9f80b55325196e670b227fb1fba6dc13f59add",
    "stellcoilbench_branch": "main",
    "simsopt_version": "0.1.dev5668+ga79006b0b",
    "simsopt_commit": "a79006b0b"
  },
  "metrics": {
    "fourier_continuation": true,
    "fourier_orders": [
      4,
      8,
      16
    ],
    "final_order": 16,
    "continuation_results": [
      {
        "initial_B_field": 1.0000050243934888,
        "final_B_field": 1.0403704208478408,
        "target_B_field": 1.0,
        "optimization_time": 331.9876389503479,
        "walltime_sec": 331.9876389503479,
        "iterations_used": 500,
        "final_squared_flux": 0.10273599777714111,
        "optimization_success": true,
        "optimization_message": "Completed",
        "optimization_nfev": 500,
        "optimization_njev": null,
        "_cached_thresholds": {
          "length_threshold": 10.177929539648812,
          "flux_threshold": 1e-08,
          "cc_threshold": 0.10583858636074495,
          "cs_threshold": 0.19405390951081394,
          "msc_threshold": 15.322133975529656,
          "curvature_threshold": 11.019412107648554,
          "force_threshold": 2299.8351392406744,
          "torque_threshold": 0.0,
          "finite_build_width": 0.05,
          "major_radius": 1.0098736979848935,
          "minor_radius": 0.16831206437162433,
          "a0": 10.100286074838271,
          "arclength_variation_threshold": 0.0,
          "coil_width": 0.039602838675676315
        },
        "final_min_cs_separation": 0.14870293686509192,
        "final_min_cc_separation": 0.08496671922537208,
        "final_length_per_coil": [
          2.2121922945601358,
          2.1832712264708243,
          2.168665725383314,
          2.1559847183571925,
          2.1675378765081765
        ],
        "final_current_per_coil": [
          640954.1007933165,
          287707.6590353748,
          682974.8804096589,
          145330.77080756755,
          359121.98707990046
        ],
        "total_current_before": 1250012.5384399334,
        "total_current_after": 1250012.5384399334,
        "final_total_length": 10.887651841279645,
        "final_max_curvature": 4.676960414814745,
        "final_average_curvature": 2.9442566593757045,
        "final_arclength_variation": 0.018590473675394813,
        "final_mean_squared_curvature": 9.719816565135584,
        "final_max_torsion": 3.602798716885233,
        "final_linking_number": 0,
        "coils_linked_to_surface": true,
        "final_max_max_coil_force": 878279.0040258056,
        "final_avg_max_coil_force": 504717.37484629464,
        "final_max_force_per_coil": [
          689219.0539350383,
          304353.6293157815,
          878279.0040258056,
          169975.9031029062,
          481759.28385194147
        ],
        "final_max_torque_per_coil": [
          94983.17041105445,
          73209.56084408874,
          125292.9254231304,
          22864.88716021203,
          86651.73010773829
        ],
        "final_max_max_coil_torque": 125292.9254231304,
        "final_avg_max_coil_torque": 80600.45478924477,
        "avg_BdotN_over_B": 0.10776252073625593,
        "max_BdotN_over_B": 0.49721673421233925,
        "lagrange_multipliers": null,
        "output_directory": "/Users/akaptanoglu/actions-runner/_work/stellcoilbench/stellcoilbench/cases/done/2026-03-18_232549_33691/order_4",
        "flux_threshold": 1e-08,
        "cc_threshold": 0.10583858636074495,
        "cs_threshold": 0.19405390951081394,
        "msc_threshold": 15.322133975529656,
        "arclength_variation_threshold": 0.0,
        "curvature_threshold": 11.019412107648554,
        "force_threshold": 2299.8351392406744,
        "torque_threshold": 0.0,
        "timing": {
          "coil_initialization": 0.2462099171243608,
          "biotsavart_setup": 1.3541281251236796,
          "objective_setup": 0.034201042028144,
          "coil_optimization": 331.9878044167999,
          "save_and_metrics": 0.9393169588875026
        },
        "fourier_order": 4,
        "continuation_step": 1
      },
      {
        "initial_B_field": 1.0403704208478408,
        "final_B_field": 1.0403766172754503,
        "target_B_field": 1.0,
        "optimization_time": 578.3795490264893,
        "walltime_sec": 578.3795490264893,
        "iterations_used": 500,
        "final_squared_flux": 0.10274740587766937,
        "optimization_success": true,
        "optimization_message": "Completed",
        "optimization_nfev": 500,
        "optimization_njev": null,
        "_cached_thresholds": {
          "length_threshold": 10.177929539648812,
          "flux_threshold": 1e-08,
          "cc_threshold": 0.10583858636074495,
          "cs_threshold": 0.19405390951081394,
          "msc_threshold": 15.322133975529656,
          "curvature_threshold": 11.019412107648554,
          "force_threshold": 2299.8351392406744,
          "torque_threshold": 0.0,
          "finite_build_width": 0.05,
          "major_radius": 1.0098736979848935,
          "minor_radius": 0.16831206437162433,
          "a0": 10.100286074838271,
          "arclength_variation_threshold": 0.0,
          "coil_width": 0.039602838675676315
        },
        "final_min_cs_separation": 0.1487211937071,
        "final_min_cc_separation": 0.08493653719330091,
        "final_length_per_coil": [
          2.212189789074507,
          2.183263899050711,
          2.1686579304719187,
          2.155989972163517,
          2.1675463874934002
        ],
        "final_current_per_coil": [
          640803.0100538015,
          287307.10888752574,
          682899.3097900432,
          145482.18013598822,
          359099.50761960284
        ],
        "total_current_before": 1250012.5384399334,
        "total_current_after": 1250012.5384399334,
        "final_total_length": 10.887647978254055,
        "final_max_curvature": 4.691072349004011,
        "final_average_curvature": 2.9237278069410113,
        "final_arclength_variation": 0.009780135842895627,
        "final_mean_squared_curvature": 9.646665193745399,
        "final_max_torsion": 3.231102618009116,
        "final_linking_number": 0,
        "coils_linked_to_surface": true,
        "final_max_max_coil_force": 571439.4572789891,
        "final_avg_max_coil_force": 384030.1812036483,
        "final_max_force_per_coil": [
          403249.8010343623,
          353387.1293200478,
          571439.4572789891,
          188105.4347422674,
          403969.0836425746
        ],
        "final_max_torque_per_coil": [
          58519.054529459034,
          73952.33767930743,
          102286.34428387765,
          24494.40113202812,
          80294.41248815235
        ],
        "final_max_max_coil_torque": 102286.34428387765,
        "final_avg_max_coil_torque": 67909.31002256493,
        "avg_BdotN_over_B": 0.10776819430299002,
        "max_BdotN_over_B": 0.4972178566081936,
        "lagrange_multipliers": null,
        "output_directory": "/Users/akaptanoglu/actions-runner/_work/stellcoilbench/stellcoilbench/cases/done/2026-03-18_232549_33691/order_8",
        "flux_threshold": 1e-08,
        "cc_threshold": 0.10583858636074495,
        "cs_threshold": 0.19405390951081394,
        "msc_threshold": 15.322133975529656,
        "arclength_variation_threshold": 0.0,
        "curvature_threshold": 11.019412107648554,
        "force_threshold": 2299.8351392406744,
        "torque_threshold": 0.0,
        "timing": {
          "coil_initialization": 4.5797787606716156e-07,
          "biotsavart_setup": 0.002876834012567997,
          "objective_setup": 0.006600416963919997,
          "coil_optimization": 578.3798820839729,
          "save_and_metrics": 0.9511449998244643
        },