{
  "metadata": {
    "contact": "auto",
    "hardware": "CPU: self-hosted runner",
    "run_date": "2026-03-17T04:05:42.561611",
    "iterations_used": 500,
    "walltime_sec": 144.06971216201782
  },
  "version_info": {
    "stellcoilbench_commit": "b5227d6eb3d41836d100bec02d129ef90232c32b",
    "stellcoilbench_branch": "main",
    "simsopt_version": "0.1.dev5668+ga79006b0b",
    "simsopt_commit": "a79006b0b"
  },
  "metrics": {
    "fourier_continuation": true,
    "fourier_orders": [
      4,
      8,
      16
    ],
    "final_order": 16,
    "continuation_results": [
      {
        "initial_B_field": 1.0000008292436955,
        "final_B_field": 1.097121269147514,
        "target_B_field": 1.0,
        "optimization_time": 452.71434712409973,
        "walltime_sec": 452.71434712409973,
        "iterations_used": 500,
        "final_squared_flux": 6.689453413849746e-05,
        "optimization_success": true,
        "optimization_message": "Completed",
        "optimization_nfev": 500,
        "optimization_njev": null,
        "_cached_thresholds": {
          "length_threshold": 17.896522797538125,
          "flux_threshold": 1e-08,
          "cc_threshold": 0.15217390761128624,
          "cs_threshold": 0.10296738055675841,
          "msc_threshold": 7.201503971359687,
          "curvature_threshold": 11.150715826621452,
          "force_threshold": 3326.024204444243,
          "torque_threshold": 0.0,
          "finite_build_width": 0.05,
          "major_radius": 1.0098736979848935,
          "minor_radius": 0.16831206437162433,
          "a0": 10.100286074838271,
          "arclength_variation_threshold": 0.0,
          "coil_width": 0.039602838675676315
        },
        "final_min_cs_separation": 0.19481801761617756,
        "final_min_cc_separation": 0.1503718570251749,
        "final_length_per_coil": [
          3.011433854637821,
          3.222084783628178,
          2.981104161204846,
          2.9254348993652712,
          2.8884478028848926,
          2.871361272661512
        ],
        "final_current_per_coil": [
          186464.59771053644,
          228712.73399265515,
          197364.08126585017,
          207954.16965494523,
          213428.55755010128,
          216077.93228028424
        ],
        "total_current_before": 1250002.0724543727,
        "total_current_after": 1250002.0724543724,
        "final_total_length": 17.89986677438252,
        "final_max_curvature": 4.041199355288229,
        "final_average_curvature": 2.506381765706795,
        "final_arclength_variation": 0.001580110485665433,
        "final_mean_squared_curvature": 7.252997659237517,
        "final_max_torsion": 47.04984648101773,
        "final_linking_number": 0,
        "coils_linked_to_surface": true,
        "final_max_max_coil_force": 199011.36203042176,
        "final_avg_max_coil_force": 163895.55499937074,
        "final_max_force_per_coil": [
          184114.20694411863,
          132430.53751574934,
          199011.36203042176,
          171632.08807632793,
          154161.9827325518,
          142023.15269705508
        ],
        "final_max_torque_per_coil": [
          42814.95519366064,
          21149.115728296358,
          39858.977037394965,
          28843.07456660275,
          23766.118321576112,
          21274.650327322157
        ],
        "final_max_max_coil_torque": 42814.95519366064,
        "final_avg_max_coil_torque": 29617.81519580883,
        "avg_BdotN_over_B": 0.003714337370758649,
        "max_BdotN_over_B": 0.016980618660140768,
        "lagrange_multipliers": null,
        "output_directory": "/Users/akaptanoglu/actions-runner/_work/stellcoilbench/stellcoilbench/cases/done/2026-03-17_034617_17586/order_4",
        "flux_threshold": 1e-08,
        "cc_threshold": 0.15217390761128624,
        "cs_threshold": 0.10296738055675841,
        "msc_threshold": 7.201503971359687,
        "arclength_variation_threshold": 0.0,
        "curvature_threshold": 11.150715826621452,
        "force_threshold": 3326.024204444243,
        "torque_threshold": 0.0,
        "timing": {
          "coil_initialization": 0.30106579198036343,
          "biotsavart_setup": 1.4717651249375194,
          "objective_setup": 0.04964074993040413,
          "coil_optimization": 452.71441899996717,
          "save_and_metrics": 0.9867252500262111
        },
        "fourier_order": 4,
        "continuation_step": 1
      },
      {
        "initial_B_field": 1.097121269147514,
        "final_B_field": 1.0956445449787382,
        "target_B_field": 1.0,
        "optimization_time": 403.0875680446625,
        "walltime_sec": 403.0875680446625,
        "iterations_used": 500,
        "final_squared_flux": 5.617046607480343e-05,
        "optimization_success": true,
        "optimization_message": "Completed",
        "optimization_nfev": 500,
        "optimization_njev": null,
        "_cached_thresholds": {
          "length_threshold": 17.896522797538125,
          "flux_threshold": 1e-08,
          "cc_threshold": 0.15217390761128624,
          "cs_threshold": 0.10296738055675841,
          "msc_threshold": 7.201503971359687,
          "curvature_threshold": 11.150715826621452,
          "force_threshold": 3326.024204444243,
          "torque_threshold": 0.0,
          "finite_build_width": 0.05,
          "major_radius": 1.0098736979848935,
          "minor_radius": 0.16831206437162433,
          "a0": 10.100286074838271,
          "arclength_variation_threshold": 0.0,
          "coil_width": 0.039602838675676315
        },
        "final_min_cs_separation": 0.19112199841648495,
        "final_min_cc_separation": 0.1504253326981513,
        "final_length_per_coil": [
          3.012968269855992,
          3.199569187647234,
          2.9911732475470085,
          2.932911992966723,
          2.893929134216862,
          2.8721849306874248
        ],
        "final_current_per_coil": [
          187291.29749004595,
          222054.76651477232,
          200941.23163366056,
          209149.01944935854,
          214441.64540778086,
          216124.11195875437
        ],
        "total_current_before": 1250002.0724543724,
        "total_current_after": 1250002.0724543727,
        "final_total_length": 17.902736762921243,
        "final_max_curvature": 5.231505465856425,
        "final_average_curvature": 2.5116086401779607,
        "final_arclength_variation": 0.00045747554361852985,
        "final_mean_squared_curvature": 7.215853216266708,
        "final_max_torsion": 40.362162234514436,
        "final_linking_number": 0,
        "coils_linked_to_surface": true,
        "final_max_max_coil_force": 190057.90979156547,
        "final_avg_max_coil_force": 147659.2817706337,
        "final_max_force_per_coil": [
          180285.02517357407,
          121859.2275400949,
          190057.90979156547,
          152004.70430493643,
          128619.01908968088,
          113129.80472395048
        ],
        "final_max_torque_per_coil": [
          38566.91203516623,
          17461.27491445812,
          35275.57649188091,
          25000.313245466157,
          18807.105918098376,
          15307.273942359512
        ],
        "final_max_max_coil_torque": 38566.91203516623,
        "final_avg_max_coil_torque": 25069.742757904885,
        "avg_BdotN_over_B": 0.0034944288304844017,
        "max_BdotN_over_B": 0.014663914689726882,
        "lagrange_multipliers": null,
        "output_directory": "/Users/akaptanoglu/actions-runner/_work/stellcoilbench/stellcoilbench/cases/done/2026-03-17_034617_17586/order_8",
        "flux_threshold": 1e-08,
        "cc_threshold": 0.15217390761128624,
        "cs_threshold": 0.10296738055675841,
        "msc_threshold": 7.201503971359687,
        "arclength_variation_threshold": 0.0,
        "curvature_threshold": 11.150715826621452,
        "force_threshold": 3326.024204444243,
        "torque_threshold": 0.0,
        "timing": {
          "coil_initialization": 5.830079317092896e-07,