{
  "metadata": {
    "contact": "auto",
    "hardware": "CPU: self-hosted runner",
    "run_date": "2026-03-21T22:01:35.517843",
    "iterations_used": 500,
    "walltime_sec": 84.38098192214966,
    "tags": [
      "explore"
    ],
    "parent_ids": []
  },
  "version_info": {
    "stellcoilbench_commit": "46f1bf8793a93b05d428c7db8729654eb45d9bd4",
    "stellcoilbench_branch": "main",
    "simsopt_version": "0.1.dev5668+ga79006b0b",
    "simsopt_commit": "a79006b0b"
  },
  "metrics": {
    "fourier_continuation": true,
    "fourier_orders": [
      4,
      8,
      16
    ],
    "final_order": 16,
    "continuation_results": [
      {
        "initial_B_field": 2.50000000044544,
        "final_B_field": 0.785852546640203,
        "target_B_field": 2.5,
        "optimization_time": 1359.3675227165222,
        "walltime_sec": 1359.3675227165222,
        "iterations_used": 500,
        "final_squared_flux": 0.27785665805725085,
        "optimization_success": true,
        "optimization_message": "Completed",
        "optimization_nfev": 500,
        "optimization_njev": null,
        "_cached_thresholds": {
          "length_threshold": 35.659065021884345,
          "flux_threshold": 1e-08,
          "cc_threshold": 0.28454497289875724,
          "cs_threshold": 0.23398660284957393,
          "msc_threshold": 9.338829545744563,
          "curvature_threshold": 25.28847347642397,
          "force_threshold": 492.0807370925495,
          "torque_threshold": 0.0,
          "finite_build_width": 0.10789896047081801,
          "major_radius": 5.483631261799852,
          "minor_radius": 0.5240806651439732,
          "a0": 3.2437754587511507,
          "arclength_variation_threshold": 0.0,
          "coil_width": 0.12331309768093489
        },
        "final_min_cs_separation": 0.05091071475605678,
        "final_min_cc_separation": 0.010723210014080208,
        "final_length_per_coil": [
          6.207996536019144,
          6.167321111073277,
          5.618611965094173,
          6.009219008284809,
          5.943333559078213,
          4.749664705289211
        ],
        "final_current_per_coil": [
          277164.66832316393,
          253281.1255081412,
          1028732.2546667679,
          1179641.0199589957,
          2331410.0098444475,
          1804770.924148405
        ],
        "total_current_before": 6875000.002449921,
        "total_current_after": 6875000.002449921,
        "final_total_length": 34.696146884838825,
        "final_max_curvature": 5.817285395452271,
        "final_average_curvature": 1.7499876429996748,
        "final_arclength_variation": 0.17759312454269935,
        "final_mean_squared_curvature": 7.405298590380157,
        "final_max_torsion": 7.07792979610924,
        "final_linking_number": 0,
        "coils_linked_to_surface": false,
        "final_max_max_coil_force": 63913321.58182773,
        "final_avg_max_coil_force": 20806455.738234885,
        "final_max_force_per_coil": [
          137962.1849730625,
          147665.4730316679,
          1439002.6492820187,
          63913321.58182773,
          46061734.60441542,
          13139047.935879422
        ],
        "final_max_torque_per_coil": [
          79113.40858538674,
          86524.68070634309,
          400396.7345539017,
          41691914.979197055,
          7384274.937119,
          4793041.101385907
        ],
        "final_max_max_coil_torque": 41691914.979197055,
        "final_avg_max_coil_torque": 9072544.306924598,
        "avg_BdotN_over_B": 0.05259873767830764,
        "max_BdotN_over_B": 0.9997236306059293,
        "lagrange_multipliers": null,
        "output_directory": "/Users/akaptanoglu/actions-runner/_work/stellcoilbench/stellcoilbench/cases/done/2026-03-21_211816_15545/order_4",
        "flux_threshold": 1e-08,
        "cc_threshold": 0.28454497289875724,
        "cs_threshold": 0.23398660284957393,
        "msc_threshold": 9.338829545744563,
        "arclength_variation_threshold": 0.0,
        "curvature_threshold": 25.28847347642397,
        "force_threshold": 492.0807370925495,
        "torque_threshold": 0.0,
        "timing": {
          "coil_initialization": 2.625436499947682,
          "biotsavart_setup": 3.3109490419737995,
          "objective_setup": 0.04499845905229449,
          "coil_optimization": 1359.3687272078823,
          "save_and_metrics": 2.2098283749073744
        },
        "fourier_order": 4,
        "continuation_step": 1
      },
      {
        "initial_B_field": 0.785852546640203,
        "final_B_field": 0.7770094674949553,
        "target_B_field": 2.5,
        "optimization_time": 801.6587157249451,
        "walltime_sec": 801.6587157249451,
        "iterations_used": 500,
        "final_squared_flux": 0.7302863843973434,
        "optimization_success": true,
        "optimization_message": "Completed",
        "optimization_nfev": 500,
        "optimization_njev": null,
        "_cached_thresholds": {
          "length_threshold": 35.659065021884345,
          "flux_threshold": 1e-08,
          "cc_threshold": 0.28454497289875724,
          "cs_threshold": 0.23398660284957393,
          "msc_threshold": 9.338829545744563,
          "curvature_threshold": 25.28847347642397,
          "force_threshold": 492.0807370925495,
          "torque_threshold": 0.0,
          "finite_build_width": 0.10789896047081801,
          "major_radius": 5.483631261799852,
          "minor_radius": 0.5240806651439732,
          "a0": 3.2437754587511507,
          "arclength_variation_threshold": 0.0,
          "coil_width": 0.12331309768093489
        },
        "final_min_cs_separation": 0.02990682928375135,
        "final_min_cc_separation": 0.031163535146226207,
        "final_length_per_coil": [
          6.163547053297474,
          6.108484637425724,
          5.573737015523581,
          6.053467903085921,
          5.929683301225368,
          4.770589540270579
        ],
        "final_current_per_coil": [
          277149.420928796,
          253273.03188257557,
          1028724.1781818254,
          1179644.9170402035,
          2331392.043065236,
          1804816.411351285
        ],
        "total_current_before": 6875000.002449921,
        "total_current_after": 6875000.002449921,
        "final_total_length": 34.59950945082865,
        "final_max_curvature": 10.198680033161311,
        "final_average_curvature": 1.7056909303014767,
        "final_arclength_variation": 0.48194143059657585,
        "final_mean_squared_curvature": 8.381221261434273,
        "final_max_torsion": 4.272236253376085,
        "final_linking_number": 10,
        "coils_linked_to_surface": false,
        "final_max_max_coil_force": 15574525.09342106,
        "final_avg_max_coil_force": 6185168.803408769,
        "final_max_force_per_coil": [
          133962.51579668527,
          142724.43671707352,
          1286658.6992226182,
          9296284.500015555,
          10676857.575279627,
          15574525.09342106
        ],
        "final_max_torque_per_coil": [
          70848.65656809029,
          73508.70878661217,
          363802.5450162327,
          4821696.048690435,
          4224942.954591356,
          5174539.408858853
        ],
        "final_max_max_coil_torque": 5174539.408858853,
        "final_avg_max_coil_torque": 2454889.7204185966,
        "avg_BdotN_over_B": 0.06598904403127515,
        "max_BdotN_over_B": 0.9919448403238047,
        "lagrange_multipliers": null,
        "output_directory": "/Users/akaptanoglu/actions-runner/_work/stellcoilbench/stellcoilbench/cases/done/2026-03-21_211816_15545/order_8",
        "flux_threshold": 1e-08,
        "cc_threshold": 0.28454497289875724,
        "cs_threshold": 0.23398660284957393,
        "msc_threshold": 9.338829545744563,
        "arclength_variation_threshold": 0.0,
        "curvature_threshold": 25.28847347642397,
        "force_threshold": 492.0807370925495,
        "torque_threshold": 0.0,