{
  "metadata": {
    "contact": "auto",
    "hardware": "CPU: self-hosted runner",
    "run_date": "2026-04-03T04:06:39.224729",
    "iterations_used": 500,
    "walltime_sec": 66.94575500488281,
    "tags": [
      "explore"
    ],
    "parent_ids": []
  },
  "version_info": {
    "stellcoilbench_commit": "355df7dc28b5205c46b5211ce88225af7e042159",
    "stellcoilbench_branch": "main",
    "simsopt_version": "0.1.dev5668+ga79006b0b",
    "simsopt_commit": "a79006b0b"
  },
  "metrics": {
    "fourier_continuation": true,
    "fourier_orders": [
      4,
      8,
      16
    ],
    "final_order": 16,
    "continuation_results": [
      {
        "initial_B_field": 2.500000000019017,
        "final_B_field": 2.6972628806538297,
        "target_B_field": 2.5,
        "optimization_time": 951.646026134491,
        "walltime_sec": 951.646026134491,
        "iterations_used": 500,
        "final_squared_flux": 1.3557635656021434,
        "optimization_success": true,
        "optimization_message": "Completed",
        "optimization_nfev": 500,
        "optimization_njev": null,
        "_cached_thresholds": {
          "length_threshold": 56.2431038522744,
          "flux_threshold": 1e-08,
          "cc_threshold": 0.23337003736116926,
          "cs_threshold": 0.5080499624454516,
          "msc_threshold": 2.024115886260718,
          "curvature_threshold": 2.4425629204396166,
          "force_threshold": 547.2249198913191,
          "torque_threshold": 0.0,
          "finite_build_width": 0.10789896047081801,
          "major_radius": 5.483631261799852,
          "minor_radius": 0.5240806651439732,
          "a0": 3.2437754587511507,
          "arclength_variation_threshold": 0.0,
          "coil_width": 0.12331309768093489
        },
        "final_min_cs_separation": 0.049911176146500764,
        "final_min_cc_separation": 0.009308729662324919,
        "final_length_per_coil": [
          11.384991132789006,
          7.959187230272013,
          8.254940536670727,
          8.117930309163976,
          8.240699646817362,
          7.6808926595494755,
          5.766254952026413
        ],
        "final_current_per_coil": [
          3012996.6669621193,
          4172687.156364338,
          2777834.4287492693,
          49945.666421713904,
          1290139.007666154,
          1239401.8475412682,
          2836792.2554065026
        ],
        "total_current_before": 6875000.00010459,
        "total_current_after": 6875000.00010459,
        "final_total_length": 57.40489646728898,
        "final_max_curvature": 4.065329738929755,
        "final_average_curvature": 1.144199017327591,
        "final_arclength_variation": 0.46459499962078976,
        "final_mean_squared_curvature": 2.7611567293963257,
        "final_max_torsion": 17.12450938900622,
        "final_linking_number": 10,
        "coils_linked_to_surface": false,
        "final_max_max_coil_force": 145261612.78412566,
        "final_avg_max_coil_force": 53104024.24090388,
        "final_max_force_per_coil": [
          35895818.645961374,
          36699243.5959708,
          13625295.805255035,
          274601.35694181017,
          4779744.204528687,
          135191853.2935438,
          145261612.78412566
        ],
        "final_max_torque_per_coil": [
          54423844.532626025,
          37720450.687824525,
          17064576.355117533,
          314208.0462660681,
          6452898.485502714,
          88836367.72274691,
          77584893.51943015
        ],
        "final_max_max_coil_torque": 88836367.72274691,
        "final_avg_max_coil_torque": 40342462.76421628,
        "avg_BdotN_over_B": 0.06038922373078575,
        "max_BdotN_over_B": 0.9715683165139091,
        "lagrange_multipliers": null,
        "output_directory": "/Users/akaptanoglu/actions-runner/_work/stellcoilbench/stellcoilbench/cases/done/2026-04-03_031719_98897/order_4",
        "flux_threshold": 1e-08,
        "cc_threshold": 0.23337003736116926,
        "cs_threshold": 0.5080499624454516,
        "msc_threshold": 2.024115886260718,
        "arclength_variation_threshold": 0.0,
        "curvature_threshold": 2.4425629204396166,
        "force_threshold": 547.2249198913191,
        "torque_threshold": 0.0,
        "timing": {
          "coil_initialization": 3.688404458021978,
          "biotsavart_setup": 3.7039292920089792,
          "objective_setup": 0.035410291980952024,
          "coil_optimization": 951.6396120419959,
          "save_and_metrics": 2.486787292000372
        },
        "fourier_order": 4,
        "continuation_step": 1
      },
      {
        "initial_B_field": 2.6972628806538297,
        "final_B_field": 2.6974220839268983,
        "target_B_field": 2.5,
        "optimization_time": 1512.5787620544434,
        "walltime_sec": 1512.5787620544434,
        "iterations_used": 500,
        "final_squared_flux": 2.0616552041720633,
        "optimization_success": true,
        "optimization_message": "Completed",
        "optimization_nfev": 500,
        "optimization_njev": null,
        "_cached_thresholds": {
          "length_threshold": 56.2431038522744,
          "flux_threshold": 1e-08,
          "cc_threshold": 0.23337003736116926,
          "cs_threshold": 0.5080499624454516,
          "msc_threshold": 2.024115886260718,
          "curvature_threshold": 2.4425629204396166,
          "force_threshold": 547.2249198913191,
          "torque_threshold": 0.0,
          "finite_build_width": 0.10789896047081801,
          "major_radius": 5.483631261799852,
          "minor_radius": 0.5240806651439732,
          "a0": 3.2437754587511507,
          "arclength_variation_threshold": 0.0,
          "coil_width": 0.12331309768093489
        },
        "final_min_cs_separation": 0.053861952901334186,
        "final_min_cc_separation": 0.008061456789946214,
        "final_length_per_coil": [
          11.361495469779038,
          7.8707846550853615,
          8.196835446288237,
          8.073071777745138,
          8.205302707602053,
          7.638206281287523,
          5.738313817807192
        ],
        "final_current_per_coil": [
          3013021.5890159085,
          4172489.93303306,
          2777775.491422251,
          49980.05683619397,
          1290153.8045403077,
          1239342.1983425375,
          2836964.5016312236
        ],
        "total_current_before": 6875000.00010459,
        "total_current_after": 6875000.00010459,
        "final_total_length": 57.08401015559454,
        "final_max_curvature": 4.468858980732127,
        "final_average_curvature": 1.0936296766287588,
        "final_arclength_variation": 0.7891819533444764,
        "final_mean_squared_curvature": 2.617337607316321,
        "final_max_torsion": 3.5358205370902294,
        "final_linking_number": 10,
        "coils_linked_to_surface": false,
        "final_max_max_coil_force": 433317523.21784574,
        "final_avg_max_coil_force": 160795566.6649502,
        "final_max_force_per_coil": [
          308876091.7427237,
          433317523.21784574,
          12003189.112397613,
          237177.96570915883,
          4452972.857183643,
          165510709.21837562,
          201171302.54041585
        ],
        "final_max_torque_per_coil": [
          207554384.20391914,
          164865984.25961757,
          15712899.096774032,
          266822.81951118197,
          6264564.614568667,
          103582940.79707803,
          117577093.34563056
        ],
        "final_max_max_coil_torque": 207554384.20391914,
        "final_avg_max_coil_torque": 87974955.59101416,
        "avg_BdotN_over_B": 0.06922719226671901,
        "max_BdotN_over_B": 0.9874735895789195,
        "lagrange_multipliers": null,
        "output_directory": "/Users/akaptanoglu/actions-runner/_work/stellcoilbench/stellcoilbench/cases/done/2026-04-03_031719_98897/order_8",
        "flux_threshold": 1e-08,
        "cc_threshold": 0.23337003736116926,
        "cs_threshold": 0.5080499624454516,