{
  "metadata": {
    "contact": "auto",
    "hardware": "CPU: self-hosted runner",
    "run_date": "2026-03-18T00:34:52.044193",
    "iterations_used": 500,
    "walltime_sec": 6.113154172897339
  },
  "version_info": {
    "stellcoilbench_commit": "a780b0496a99a5b0dc806d758e03f1c30db8ed2e",
    "stellcoilbench_branch": "main",
    "simsopt_version": "0.1.dev5668+ga79006b0b",
    "simsopt_commit": "a79006b0b"
  },
  "metrics": {
    "fourier_continuation": true,
    "fourier_orders": [
      4,
      8,
      16
    ],
    "final_order": 16,
    "continuation_results": [
      {
        "initial_B_field": 1.0001867526877442,
        "final_B_field": 1.0971686486313472,
        "target_B_field": 1.0,
        "optimization_time": 55.05924892425537,
        "walltime_sec": 55.05924892425537,
        "iterations_used": 500,
        "final_squared_flux": 0.0,
        "optimization_success": true,
        "optimization_message": "Completed",
        "optimization_nfev": 500,
        "optimization_njev": null,
        "_cached_thresholds": {
          "length_threshold": 19.80141933783816,
          "flux_threshold": 1.4e-05,
          "cc_threshold": 0.10500000000000001,
          "cs_threshold": 0.15480125893612728,
          "msc_threshold": 17.513774850336667,
          "curvature_threshold": 43.232436291279605,
          "force_threshold": 0.0,
          "torque_threshold": 0.0,
          "finite_build_width": 0.05,
          "major_radius": 1.0098736979848935,
          "minor_radius": 0.16831206437162433,
          "a0": 10.100286074838271,
          "arclength_variation_threshold": 0.0,
          "coil_width": 0.039602838675676315
        },
        "final_min_cs_separation": 0.30555239810367957,
        "final_min_cc_separation": 0.10423375421743407,
        "final_length_per_coil": [
          6.539331071770037,
          6.2427262260598795,
          6.366638195938555
        ],
        "final_current_per_coil": [
          398353.8750000903,
          384874.17304422904,
          467215.12246281584
        ],
        "total_current_before": 1250443.170507135,
        "total_current_after": 1250443.170507135,
        "final_total_length": 19.14869549376847,
        "final_max_curvature": 2.2552337420746005,
        "final_average_curvature": 1.4275070503086378,
        "final_arclength_variation": 0.002606834441727389,
        "final_mean_squared_curvature": 2.3510780014765036,
        "final_max_torsion": 10.319588458924773,
        "final_linking_number": 0,
        "coils_linked_to_surface": true,
        "final_max_max_coil_force": 736053.4420469458,
        "final_avg_max_coil_force": 641529.4885016462,
        "final_max_force_per_coil": [
          498176.1731681675,
          690358.8502898255,
          736053.4420469458
        ],
        "final_max_torque_per_coil": [
          331967.6736031699,
          454345.2125830097,
          369061.1517036674
        ],
        "final_max_max_coil_torque": 454345.2125830097,
        "final_avg_max_coil_torque": 385124.6792966157,
        "avg_BdotN_over_B": 0.0015739548700304878,
        "max_BdotN_over_B": 0.007833752450856664,
        "lagrange_multipliers": null,
        "output_directory": "/Users/akaptanoglu/actions-runner/_work/stellcoilbench/stellcoilbench/cases/done/2026-03-18_003146_81822/order_4",
        "flux_threshold": 1.4e-05,
        "cc_threshold": 0.10500000000000001,
        "cs_threshold": 0.15480125893612728,
        "msc_threshold": 17.513774850336667,
        "arclength_variation_threshold": 0.0,
        "curvature_threshold": 43.232436291279605,
        "force_threshold": 0.0,
        "torque_threshold": 0.0,
        "timing": {
          "coil_initialization": 0.1372539169387892,
          "biotsavart_setup": 1.384497124934569,
          "objective_setup": 0.03628095902968198,
          "coil_optimization": 55.05929508304689,
          "save_and_metrics": 0.8466883749933913
        },
        "fourier_order": 4,
        "continuation_step": 1
      },
      {
        "initial_B_field": 1.0971686486313472,
        "final_B_field": 1.0969674714560678,
        "target_B_field": 1.0,
        "optimization_time": 12.185588121414185,
        "walltime_sec": 12.185588121414185,
        "iterations_used": 500,
        "final_squared_flux": 0.0,
        "optimization_success": true,
        "optimization_message": "Completed",
        "optimization_nfev": 500,
        "optimization_njev": null,
        "_cached_thresholds": {
          "length_threshold": 19.80141933783816,
          "flux_threshold": 1.4e-05,
          "cc_threshold": 0.10500000000000001,
          "cs_threshold": 0.15480125893612728,
          "msc_threshold": 17.513774850336667,
          "curvature_threshold": 43.232436291279605,
          "force_threshold": 0.0,
          "torque_threshold": 0.0,
          "finite_build_width": 0.05,
          "major_radius": 1.0098736979848935,
          "minor_radius": 0.16831206437162433,
          "a0": 10.100286074838271,
          "arclength_variation_threshold": 0.0,
          "coil_width": 0.039602838675676315
        },
        "final_min_cs_separation": 0.30566147400328564,
        "final_min_cc_separation": 0.10500235133077879,
        "final_length_per_coil": [
          6.54032358879811,
          6.245160578001912,
          6.361543623183791
        ],
        "final_current_per_coil": [
          399229.3101469692,
          382675.82112941006,
          468538.03923075576
        ],
        "total_current_before": 1250443.170507135,
        "total_current_after": 1250443.170507135,
        "final_total_length": 19.147027789983813,
        "final_max_curvature": 2.2169213786993898,
        "final_average_curvature": 1.4285115713787087,
        "final_arclength_variation": 1.256693396365079e-05,
        "final_mean_squared_curvature": 2.352986412357713,
        "final_max_torsion": 11.988784880163337,
        "final_linking_number": 0,
        "coils_linked_to_surface": true,
        "final_max_max_coil_force": 678262.2977280369,
        "final_avg_max_coil_force": 594611.5683318347,
        "final_max_force_per_coil": [
          455910.8211216519,
          649661.5861458153,
          678262.2977280369
        ],
        "final_max_torque_per_coil": [
          319168.55906223523,
          449925.68657109706,
          319698.4100321223
        ],
        "final_max_max_coil_torque": 449925.68657109706,
        "final_avg_max_coil_torque": 362930.8852218182,
        "avg_BdotN_over_B": 0.0015735211712681193,
        "max_BdotN_over_B": 0.007885716950965987,
        "lagrange_multipliers": null,
        "output_directory": "/Users/akaptanoglu/actions-runner/_work/stellcoilbench/stellcoilbench/cases/done/2026-03-18_003146_81822/order_8",
        "flux_threshold": 1.4e-05,
        "cc_threshold": 0.10500000000000001,
        "cs_threshold": 0.15480125893612728,
        "msc_threshold": 17.513774850336667,
        "arclength_variation_threshold": 0.0,
        "curvature_threshold": 43.232436291279605,
        "force_threshold": 0.0,
        "torque_threshold": 0.0,
        "timing": {
          "coil_initialization": 6.249174475669861e-07,
          "biotsavart_setup": 0.0026848340639844537,
          "objective_setup": 0.00439300003927201,
          "coil_optimization": 12.185598667012528,
          "save_and_metrics": 0.9292742079123855
        },
        "fourier_order": 8,
        "continuation_step": 2
      },
      {
        "initial_B_field": 1.0969674714560678,
        "final_B_field": 1.0969676134051842,
        "target_B_field": 1.0,
        "optimization_time": 6.113154172897339,
        "walltime_sec": 6.113154172897339,
        "iterations_used": 500,
        "final_squared_flux": 0.0,
        "optimization_success": true,
        "optimization_message": "Completed",
        "optimization_nfev": 500,
        "optimization_njev": null,
        "_cached_thresholds": {
          "length_threshold": 19.80141933783816,