{
  "metadata": {
    "contact": "auto",
    "hardware": "CPU: self-hosted runner",
    "run_date": "2026-03-17T06:35:45.916444",
    "iterations_used": 500,
    "walltime_sec": 114.09344696998596
  },
  "version_info": {
    "stellcoilbench_commit": "f2606e5ad48ca25d7d5508e05833f8e6594ff280",
    "stellcoilbench_branch": "main",
    "simsopt_version": "0.1.dev5668+ga79006b0b",
    "simsopt_commit": "a79006b0b"
  },
  "metrics": {
    "fourier_continuation": true,
    "fourier_orders": [
      4,
      8,
      16
    ],
    "final_order": 16,
    "continuation_results": [
      {
        "initial_B_field": 1.0000305513510055,
        "final_B_field": 1.0968274581276836,
        "target_B_field": 1.0,
        "optimization_time": 188.90655708312988,
        "walltime_sec": 188.90655708312988,
        "iterations_used": 500,
        "final_squared_flux": 4.37778847707576e-05,
        "optimization_success": true,
        "optimization_message": "Completed",
        "optimization_nfev": 500,
        "optimization_njev": null,
        "_cached_thresholds": {
          "length_threshold": 15.74509858648201,
          "flux_threshold": 1e-08,
          "cc_threshold": 0.10500000000000001,
          "cs_threshold": 0.1440553256827726,
          "msc_threshold": 21.28130275968424,
          "curvature_threshold": 5.080443895643651,
          "force_threshold": 3820.9382221113183,
          "torque_threshold": 0.0,
          "finite_build_width": 0.05,
          "major_radius": 1.0098736979848935,
          "minor_radius": 0.16831206437162433,
          "a0": 10.100286074838271,
          "arclength_variation_threshold": 0.0,
          "coil_width": 0.039602838675676315
        },
        "final_min_cs_separation": 0.26723577681011823,
        "final_min_cc_separation": 0.14184149813898833,
        "final_length_per_coil": [
          4.388103005266339,
          4.144807543878583,
          3.748221605805207,
          3.4663300086402415
        ],
        "final_current_per_coil": [
          355924.5962489753,
          340947.66239599354,
          296021.3146514116,
          257182.05133908358
        ],
        "total_current_before": 1250075.624635464,
        "total_current_after": 1250075.624635464,
        "final_total_length": 15.74746216359037,
        "final_max_curvature": 3.310241659655918,
        "final_average_curvature": 2.0268830919259706,
        "final_arclength_variation": 0.0016431303433289324,
        "final_mean_squared_curvature": 5.563685881171559,
        "final_max_torsion": 28.81416843259977,
        "final_linking_number": 0,
        "coils_linked_to_surface": true,
        "final_max_max_coil_force": 305192.9595989343,
        "final_avg_max_coil_force": 258950.04276370167,
        "final_max_force_per_coil": [
          305192.9595989343,
          295332.0516122795,
          243180.56847620205,
          192094.59136739085
        ],
        "final_max_torque_per_coil": [
          110293.81781198976,
          97663.58453415627,
          64736.947478725306,
          40616.05720071631
        ],
        "final_max_max_coil_torque": 110293.81781198976,
        "final_avg_max_coil_torque": 78327.6017563969,
        "avg_BdotN_over_B": 0.0030142680354983266,
        "max_BdotN_over_B": 0.012008118516671594,
        "lagrange_multipliers": null,
        "output_directory": "/Users/akaptanoglu/actions-runner/_work/stellcoilbench/stellcoilbench/cases/done/2026-03-17_062506_61075/order_4",
        "flux_threshold": 1e-08,
        "cc_threshold": 0.10500000000000001,
        "cs_threshold": 0.1440553256827726,
        "msc_threshold": 21.28130275968424,
        "arclength_variation_threshold": 0.0,
        "curvature_threshold": 5.080443895643651,
        "force_threshold": 3820.9382221113183,
        "torque_threshold": 0.0,
        "timing": {
          "coil_initialization": 0.19302604102995247,
          "biotsavart_setup": 1.2316767090233043,
          "objective_setup": 0.03628004202619195,
          "coil_optimization": 188.90673158399295,
          "save_and_metrics": 0.9359845420112833
        },
        "fourier_order": 4,
        "continuation_step": 1
      },
      {
        "initial_B_field": 1.0968274581276836,
        "final_B_field": 1.0959328526440195,
        "target_B_field": 1.0,
        "optimization_time": 127.41028881072998,
        "walltime_sec": 127.41028881072998,
        "iterations_used": 500,
        "final_squared_flux": 3.6003772054383506e-05,
        "optimization_success": true,
        "optimization_message": "Completed",
        "optimization_nfev": 500,
        "optimization_njev": null,
        "_cached_thresholds": {
          "length_threshold": 15.74509858648201,
          "flux_threshold": 1e-08,
          "cc_threshold": 0.10500000000000001,
          "cs_threshold": 0.1440553256827726,
          "msc_threshold": 21.28130275968424,
          "curvature_threshold": 5.080443895643651,
          "force_threshold": 3820.9382221113183,
          "torque_threshold": 0.0,
          "finite_build_width": 0.05,
          "major_radius": 1.0098736979848935,
          "minor_radius": 0.16831206437162433,
          "a0": 10.100286074838271,
          "arclength_variation_threshold": 0.0,
          "coil_width": 0.039602838675676315
        },
        "final_min_cs_separation": 0.2558292333572398,
        "final_min_cc_separation": 0.16404449680732197,
        "final_length_per_coil": [
          4.359090052517693,
          4.115530336124698,
          3.7588893916046056,
          3.5128248954125345
        ],
        "final_current_per_coil": [
          352438.40523650346,
          335221.0833878128,
          297070.96501337766,
          265345.17099777027
        ],
        "total_current_before": 1250075.624635464,
        "total_current_after": 1250075.624635464,
        "final_total_length": 15.746334675659533,
        "final_max_curvature": 4.1543365809755395,
        "final_average_curvature": 2.052891476258772,
        "final_arclength_variation": 0.0006280984191013871,
        "final_mean_squared_curvature": 5.930541197580994,
        "final_max_torsion": 52.57618871115112,
        "final_linking_number": 0,
        "coils_linked_to_surface": true,
        "final_max_max_coil_force": 306650.8349361385,
        "final_avg_max_coil_force": 230281.41806742578,
        "final_max_force_per_coil": [
          306650.8349361385,
          260207.763996265,
          196555.79565267675,
          157711.27768462285
        ],
        "final_max_torque_per_coil": [
          87577.50159521087,
          77303.7935627288,
          51758.95766816528,
          31236.691475250977
        ],
        "final_max_max_coil_torque": 87577.50159521087,
        "final_avg_max_coil_torque": 61969.23607533898,
        "avg_BdotN_over_B": 0.0027645982390718396,
        "max_BdotN_over_B": 0.010603042070391788,
        "lagrange_multipliers": null,
        "output_directory": "/Users/akaptanoglu/actions-runner/_work/stellcoilbench/stellcoilbench/cases/done/2026-03-17_062506_61075/order_8",
        "flux_threshold": 1e-08,
        "cc_threshold": 0.10500000000000001,
        "cs_threshold": 0.1440553256827726,
        "msc_threshold": 21.28130275968424,
        "arclength_variation_threshold": 0.0,
        "curvature_threshold": 5.080443895643651,
        "force_threshold": 3820.9382221113183,
        "torque_threshold": 0.0,
        "timing": {
          "coil_initialization": 5.409820005297661e-07,
          "biotsavart_setup": 0.0026475409977138042,
          "objective_setup": 0.005523667088709772,
          "coil_optimization": 127.41039366601035,
          "save_and_metrics": 0.9542405001120642
        },
        "fourier_order": 8,
        "continuation_step": 2
      },
      {
        "initial_B_field": 1.0959328526440195,
        "final_B_field": 1.0959811443195218,
        "target_B_field": 1.0,
        "optimization_time": 114.09344696998596,
        "walltime_sec": 114.09344696998596,