{
  "metadata": {
    "contact": "auto",
    "hardware": "CPU: self-hosted runner",
    "run_date": "2026-03-17T09:03:28.632070",
    "iterations_used": 500,
    "walltime_sec": 94.19989013671875
  },
  "version_info": {
    "stellcoilbench_commit": "c5f41e790fc893165326645af3e7a6e0cd270755",
    "stellcoilbench_branch": "main",
    "simsopt_version": "0.1.dev5668+ga79006b0b",
    "simsopt_commit": "a79006b0b"
  },
  "metrics": {
    "fourier_continuation": true,
    "fourier_orders": [
      4,
      8,
      16
    ],
    "final_order": 16,
    "continuation_results": [
      {
        "initial_B_field": 1.0001867526877442,
        "final_B_field": 1.0972430351406204,
        "target_B_field": 1.0,
        "optimization_time": 234.1679129600525,
        "walltime_sec": 234.1679129600525,
        "iterations_used": 500,
        "final_squared_flux": 9.111420790602518e-06,
        "optimization_success": true,
        "optimization_message": "Completed",
        "optimization_nfev": 500,
        "optimization_njev": null,
        "_cached_thresholds": {
          "length_threshold": 19.415291660750313,
          "flux_threshold": 1e-08,
          "cc_threshold": 0.11554128183628565,
          "cs_threshold": 0.277120863633045,
          "msc_threshold": 39.653723129815056,
          "curvature_threshold": 19.301646689015936,
          "force_threshold": 507.03436095688124,
          "torque_threshold": 0.0,
          "finite_build_width": 0.05,
          "major_radius": 1.0098736979848935,
          "minor_radius": 0.16831206437162433,
          "a0": 10.100286074838271,
          "arclength_variation_threshold": 0.0,
          "coil_width": 0.039602838675676315
        },
        "final_min_cs_separation": 0.32883109221674006,
        "final_min_cc_separation": 0.11519651201565749,
        "final_length_per_coil": [
          7.064347571058204,
          6.674069690724298,
          5.678409859422143
        ],
        "final_current_per_coil": [
          417711.04600615817,
          469918.015560362,
          362814.10894061485
        ],
        "total_current_before": 1250443.170507135,
        "total_current_after": 1250443.170507135,
        "final_total_length": 19.416827121204644,
        "final_max_curvature": 2.1912035510485657,
        "final_average_curvature": 1.3727458111113804,
        "final_arclength_variation": 0.0014521709973313128,
        "final_mean_squared_curvature": 2.555435158076333,
        "final_max_torsion": 12.206364197748712,
        "final_linking_number": 0,
        "coils_linked_to_surface": true,
        "final_max_max_coil_force": 788128.13513309,
        "final_avg_max_coil_force": 686157.3647843014,
        "final_max_force_per_coil": [
          647192.234596294,
          788128.13513309,
          623151.7246235204
        ],
        "final_max_torque_per_coil": [
          445894.84440584783,
          578127.833878096,
          307266.6936852255
        ],
        "final_max_max_coil_torque": 578127.833878096,
        "final_avg_max_coil_torque": 443763.1239897231,
        "avg_BdotN_over_B": 0.00131729263413045,
        "max_BdotN_over_B": 0.005522352902370363,
        "lagrange_multipliers": null,
        "output_directory": "/Users/akaptanoglu/actions-runner/_work/stellcoilbench/stellcoilbench/cases/done/2026-03-17_084944_35758/order_4",
        "flux_threshold": 1e-08,
        "cc_threshold": 0.11554128183628565,
        "cs_threshold": 0.277120863633045,
        "msc_threshold": 39.653723129815056,
        "arclength_variation_threshold": 0.0,
        "curvature_threshold": 19.301646689015936,
        "force_threshold": 507.03436095688124,
        "torque_threshold": 0.0,
        "timing": {
          "coil_initialization": 0.148860500077717,
          "biotsavart_setup": 1.2310416660038754,
          "objective_setup": 0.03148366592358798,
          "coil_optimization": 234.16806991701014,
          "save_and_metrics": 0.8433151670033112
        },
        "fourier_order": 4,
        "continuation_step": 1
      },
      {
        "initial_B_field": 1.0972430351406204,
        "final_B_field": 1.0965434949351471,
        "target_B_field": 1.0,
        "optimization_time": 326.5735378265381,
        "walltime_sec": 326.5735378265381,
        "iterations_used": 500,
        "final_squared_flux": 1.6626522401077127e-06,
        "optimization_success": true,
        "optimization_message": "Completed",
        "optimization_nfev": 500,
        "optimization_njev": null,
        "_cached_thresholds": {
          "length_threshold": 19.415291660750313,
          "flux_threshold": 1e-08,
          "cc_threshold": 0.11554128183628565,
          "cs_threshold": 0.277120863633045,
          "msc_threshold": 39.653723129815056,
          "curvature_threshold": 19.301646689015936,
          "force_threshold": 507.03436095688124,
          "torque_threshold": 0.0,
          "finite_build_width": 0.05,
          "major_radius": 1.0098736979848935,
          "minor_radius": 0.16831206437162433,
          "a0": 10.100286074838271,
          "arclength_variation_threshold": 0.0,
          "coil_width": 0.039602838675676315
        },
        "final_min_cs_separation": 0.33031986056004536,
        "final_min_cc_separation": 0.11552955596002171,
        "final_length_per_coil": [
          6.749704607753516,
          6.796652840154861,
          5.86893628974481
        ],
        "final_current_per_coil": [
          415307.83912005194,
          443449.5502437795,
          391685.7811433037
        ],
        "total_current_before": 1250443.170507135,
        "total_current_after": 1250443.170507135,
        "final_total_length": 19.415293737653187,
        "final_max_curvature": 3.1609743756842885,
        "final_average_curvature": 1.5213672996686425,
        "final_arclength_variation": 0.0004765530554596042,
        "final_mean_squared_curvature": 3.2108575526532257,
        "final_max_torsion": 83.45214093785323,
        "final_linking_number": 0,
        "coils_linked_to_surface": true,
        "final_max_max_coil_force": 682730.5589850405,
        "final_avg_max_coil_force": 540789.8127041925,
        "final_max_force_per_coil": [
          489337.5569606849,
          682730.5589850405,
          450301.3221668519
        ],
        "final_max_torque_per_coil": [
          409136.1723148497,
          627002.6075251936,
          282928.7480854907
        ],
        "final_max_max_coil_torque": 627002.6075251936,
        "final_avg_max_coil_torque": 439689.17597517796,
        "avg_BdotN_over_B": 0.0005608470801431642,
        "max_BdotN_over_B": 0.002677301638968291,
        "lagrange_multipliers": null,
        "output_directory": "/Users/akaptanoglu/actions-runner/_work/stellcoilbench/stellcoilbench/cases/done/2026-03-17_084944_35758/order_8",
        "flux_threshold": 1e-08,
        "cc_threshold": 0.11554128183628565,
        "cs_threshold": 0.277120863633045,
        "msc_threshold": 39.653723129815056,
        "arclength_variation_threshold": 0.0,
        "curvature_threshold": 19.301646689015936,
        "force_threshold": 507.03436095688124,
        "torque_threshold": 0.0,
        "timing": {
          "coil_initialization": 5.830079317092896e-07,
          "biotsavart_setup": 0.0028113340958952904,
          "objective_setup": 0.0050062499940395355,
          "coil_optimization": 326.5737565829186,
          "save_and_metrics": 0.7449167079757899
        },
        "fourier_order": 8,
        "continuation_step": 2
      },
      {
        "initial_B_field": 1.0965434949351471,
        "final_B_field": 1.0968272436933848,
        "target_B_field": 1.0,
        "optimization_time": 94.19989013671875,
        "walltime_sec": 94.19989013671875,
        "iterations_used": 500,
        "final_squared_flux": 1.020554100705026e-06,
        "optimization_success": true,
        "optimization_message": "Completed",
        "optimization_nfev": 500,
        "optimization_njev": null,