{
  "metadata": {
    "contact": "auto",
    "hardware": "CPU: self-hosted runner",
    "run_date": "2026-03-15T22:15:49.917695",
    "iterations_used": 500,
    "walltime_sec": 630.9596569538116
  },
  "version_info": {
    "stellcoilbench_commit": "71dfbbc9b19fab5a34fbc650f89c80a4ba165020",
    "stellcoilbench_branch": "main",
    "simsopt_version": "0.1.dev5668+ga79006b0b",
    "simsopt_commit": "a79006b0b"
  },
  "metrics": {
    "fourier_continuation": true,
    "fourier_orders": [
      4,
      8,
      16
    ],
    "final_order": 16,
    "continuation_results": [
      {
        "initial_B_field": 1.0000305513510055,
        "final_B_field": 0.9691180960977476,
        "target_B_field": 1.0,
        "optimization_time": 712.4917430877686,
        "walltime_sec": 712.4917430877686,
        "iterations_used": 500,
        "final_squared_flux": 0.023443049766250293,
        "optimization_success": true,
        "optimization_message": "Completed",
        "optimization_nfev": 500,
        "optimization_njev": null,
        "_cached_thresholds": {
          "length_threshold": 10.190800462218409,
          "flux_threshold": 1e-08,
          "cc_threshold": 0.12405589215155605,
          "cs_threshold": 0.1309863889197994,
          "msc_threshold": 29.240328186656797,
          "curvature_threshold": 5.423853622188152,
          "force_threshold": 1048.4096945682124,
          "torque_threshold": 0.0,
          "finite_build_width": 0.05,
          "major_radius": 1.0098736979848935,
          "minor_radius": 0.16831206437162433,
          "a0": 10.100286074838271,
          "arclength_variation_threshold": 0.0,
          "coil_width": 0.039602838675676315
        },
        "final_min_cs_separation": 0.009213457865937528,
        "final_min_cc_separation": 0.08991270094041934,
        "final_length_per_coil": [
          2.7278660358754747,
          1.5651468068117234,
          2.2679953783125626,
          3.7119371502750718
        ],
        "final_current_per_coil": [
          24728.567056972435,
          73508.06596794885,
          616482.058989239,
          535356.9326213037
        ],
        "total_current_before": 1250075.624635464,
        "total_current_after": 1250075.624635464,
        "final_total_length": 10.272945371274833,
        "final_max_curvature": 5.747859583577302,
        "final_average_curvature": 4.042716754745327,
        "final_arclength_variation": 0.05461045087555778,
        "final_mean_squared_curvature": 22.38718368759476,
        "final_max_torsion": 173.0573948695617,
        "final_linking_number": 0,
        "coils_linked_to_surface": false,
        "final_max_max_coil_force": 1361211.0775015035,
        "final_avg_max_coil_force": 696315.8210519751,
        "final_max_force_per_coil": [
          33069.204332903595,
          177586.53859632192,
          1361211.0775015035,
          1213396.4637771714
        ],
        "final_max_torque_per_coil": [
          13228.917068406061,
          28861.366080109805,
          297384.4790992656,
          446795.03748941695
        ],
        "final_max_max_coil_torque": 446795.03748941695,
        "final_avg_max_coil_torque": 196567.4499342996,
        "avg_BdotN_over_B": 0.09564015694725403,
        "max_BdotN_over_B": 0.9868360317373245,
        "lagrange_multipliers": null,
        "output_directory": "/Users/akaptanoglu/actions-runner/_work/stellcoilbench/stellcoilbench/cases/done/2026-03-15_214234_57914/order_4",
        "flux_threshold": 1e-08,
        "cc_threshold": 0.12405589215155605,
        "cs_threshold": 0.1309863889197994,
        "msc_threshold": 29.240328186656797,
        "arclength_variation_threshold": 0.0,
        "curvature_threshold": 5.423853622188152,
        "force_threshold": 1048.4096945682124,
        "torque_threshold": 0.0,
        "timing": {
          "coil_initialization": 0.18003562500234693,
          "biotsavart_setup": 1.3129406669177115,
          "objective_setup": 0.03889950003940612,
          "coil_optimization": 712.4923299580114,
          "save_and_metrics": 0.8420162911061198
        },
        "fourier_order": 4,
        "continuation_step": 1
      },
      {
        "initial_B_field": 0.9691180960977476,
        "final_B_field": 0.8728627116678374,
        "target_B_field": 1.0,
        "optimization_time": 587.1865539550781,
        "walltime_sec": 587.1865539550781,
        "iterations_used": 500,
        "final_squared_flux": 0.02746272630483894,
        "optimization_success": true,
        "optimization_message": "Completed",
        "optimization_nfev": 500,
        "optimization_njev": null,
        "_cached_thresholds": {
          "length_threshold": 10.190800462218409,
          "flux_threshold": 1e-08,
          "cc_threshold": 0.12405589215155605,
          "cs_threshold": 0.1309863889197994,
          "msc_threshold": 29.240328186656797,
          "curvature_threshold": 5.423853622188152,
          "force_threshold": 1048.4096945682124,
          "torque_threshold": 0.0,
          "finite_build_width": 0.05,
          "major_radius": 1.0098736979848935,
          "minor_radius": 0.16831206437162433,
          "a0": 10.100286074838271,
          "arclength_variation_threshold": 0.0,
          "coil_width": 0.039602838675676315
        },
        "final_min_cs_separation": 0.020237669656086452,
        "final_min_cc_separation": 0.081618499922625,
        "final_length_per_coil": [
          2.2270608448118514,
          1.6605076382058488,
          2.7819005150472327,
          3.583494322722661
        ],
        "final_current_per_coil": [
          19800.47528695414,
          163077.62914235448,
          354041.1795359174,
          713156.340670238
        ],
        "total_current_before": 1250075.624635464,
        "total_current_after": 1250075.624635464,
        "final_total_length": 10.252963320787593,
        "final_max_curvature": 5.735834956040497,
        "final_average_curvature": 4.333378589971641,
        "final_arclength_variation": 0.047653154367913376,
        "final_mean_squared_curvature": 23.45108144737781,
        "final_max_torsion": 456.3780375833341,
        "final_linking_number": 0,
        "coils_linked_to_surface": false,
        "final_max_max_coil_force": 1395684.0574655945,
        "final_avg_max_coil_force": 682936.3396013047,
        "final_max_force_per_coil": [
          33147.38077084284,
          457314.6948853361,
          845599.2252834454,
          1395684.0574655945
        ],
        "final_max_torque_per_coil": [
          8650.107384222683,
          90108.8526912523,
          232966.72001863463,
          538031.7235897327
        ],
        "final_max_max_coil_torque": 538031.7235897327,
        "final_avg_max_coil_torque": 217439.35092096057,
        "avg_BdotN_over_B": 0.09996062780491191,
        "max_BdotN_over_B": 0.9890051372150905,
        "lagrange_multipliers": null,
        "output_directory": "/Users/akaptanoglu/actions-runner/_work/stellcoilbench/stellcoilbench/cases/done/2026-03-15_214234_57914/order_8",
        "flux_threshold": 1e-08,
        "cc_threshold": 0.12405589215155605,
        "cs_threshold": 0.1309863889197994,
        "msc_threshold": 29.240328186656797,
        "arclength_variation_threshold": 0.0,
        "curvature_threshold": 5.423853622188152,
        "force_threshold": 1048.4096945682124,
        "torque_threshold": 0.0,
        "timing": {
          "coil_initialization": 7.080379873514175e-07,
          "biotsavart_setup": 0.002668833010829985,
          "objective_setup": 0.005381542025133967,
          "coil_optimization": 587.1870292909443,
          "save_and_metrics": 0.7913175420835614
        },
        "fourier_order": 8,
        "continuation_step": 2
      },
      {
        "initial_B_field": 0.8728627116678374,
        "final_B_field": 0.8770510030865346,
        "target_B_field": 1.0,
        "optimization_time": 630.9596569538116,
        "walltime_sec": 630.9596569538116,