{
  "metadata": {
    "contact": "auto",
    "hardware": "CPU: self-hosted runner",
    "run_date": "2026-03-14T08:51:25.324430",
    "iterations_used": 500,
    "walltime_sec": 415.2332408428192
  },
  "version_info": {
    "stellcoilbench_commit": "8fc3b3f6000df150027e18a3ccdf1d0a9c833f58",
    "stellcoilbench_branch": "main",
    "simsopt_version": "0.1.dev5668+ga79006b0b",
    "simsopt_commit": "a79006b0b"
  },
  "metrics": {
    "fourier_continuation": true,
    "fourier_orders": [
      4,
      8,
      16
    ],
    "final_order": 16,
    "continuation_results": [
      {
        "initial_B_field": 1.0000050243934888,
        "final_B_field": 1.0431825279681985,
        "target_B_field": 1.0,
        "optimization_time": 470.753634929657,
        "walltime_sec": 470.753634929657,
        "iterations_used": 500,
        "final_squared_flux": 0.07726816307373957,
        "optimization_success": true,
        "optimization_message": "Completed",
        "optimization_nfev": 500,
        "optimization_njev": null,
        "_cached_thresholds": {
          "length_threshold": 13.046165130734671,
          "flux_threshold": 1e-08,
          "cc_threshold": 0.10500000000000001,
          "cs_threshold": 0.28969476491257223,
          "msc_threshold": 40.97686060561887,
          "curvature_threshold": 16.77657517030637,
          "force_threshold": 1167.5930702513042,
          "torque_threshold": 0.0,
          "finite_build_width": 0.05,
          "major_radius": 1.0098736979848935,
          "minor_radius": 0.16831206437162433,
          "a0": 10.100286074838271,
          "arclength_variation_threshold": 0.0,
          "coil_width": 0.039602838675676315
        },
        "final_min_cs_separation": 0.2491518620010133,
        "final_min_cc_separation": 0.08087295085638073,
        "final_length_per_coil": [
          2.8279177257573576,
          2.803270606633859,
          2.787333307524652,
          2.774829078151216,
          2.7853878106612346
        ],
        "final_current_per_coil": [
          1880126.6803884304,
          4326835.410379084,
          6800569.781936265,
          5563366.922966665,
          2459518.409460987
        ],
        "total_current_before": 1250012.5384399334,
        "total_current_after": 1250012.5384399334,
        "final_total_length": 13.978738528728318,
        "final_max_curvature": 3.2507276848264666,
        "final_average_curvature": 2.255805292262888,
        "final_arclength_variation": 0.0165750542293006,
        "final_mean_squared_curvature": 5.535332712523936,
        "final_max_torsion": 2.6075236226030807,
        "final_linking_number": 0,
        "coils_linked_to_surface": true,
        "final_max_max_coil_force": 33841604.62382584,
        "final_avg_max_coil_force": 25438261.71547354,
        "final_max_force_per_coil": [
          8673552.645491362,
          33841604.62382584,
          24953869.738030907,
          33528072.607980654,
          26194208.962038938
        ],
        "final_max_torque_per_coil": [
          4127533.553759534,
          15352527.603089675,
          7541517.012504185,
          15671563.42388232,
          12276472.792384936
        ],
        "final_max_max_coil_torque": 15671563.42388232,
        "final_avg_max_coil_torque": 10993922.87712413,
        "avg_BdotN_over_B": 0.09379374406780143,
        "max_BdotN_over_B": 0.455795436444495,
        "lagrange_multipliers": null,
        "output_directory": "/Users/akaptanoglu/actions-runner/_work/stellcoilbench/stellcoilbench/cases/done/2026-03-14_082618_59444/order_4",
        "flux_threshold": 1e-08,
        "cc_threshold": 0.10500000000000001,
        "cs_threshold": 0.28969476491257223,
        "msc_threshold": 40.97686060561887,
        "arclength_variation_threshold": 0.0,
        "curvature_threshold": 16.77657517030637,
        "force_threshold": 1167.5930702513042,
        "torque_threshold": 0.0,
        "timing": {
          "coil_initialization": 0.22415520797949284,
          "biotsavart_setup": 1.3308541249716654,
          "objective_setup": 0.039297792012803257,
          "coil_optimization": 470.7543483750196,
          "save_and_metrics": 0.9406386660411954
        },
        "fourier_order": 4,
        "continuation_step": 1
      },
      {
        "initial_B_field": 1.0431825279681985,
        "final_B_field": 1.043179973350958,
        "target_B_field": 1.0,
        "optimization_time": 545.401554107666,
        "walltime_sec": 545.401554107666,
        "iterations_used": 500,
        "final_squared_flux": 0.07726263685329961,
        "optimization_success": true,
        "optimization_message": "Completed",
        "optimization_nfev": 500,
        "optimization_njev": null,
        "_cached_thresholds": {
          "length_threshold": 13.046165130734671,
          "flux_threshold": 1e-08,
          "cc_threshold": 0.10500000000000001,
          "cs_threshold": 0.28969476491257223,
          "msc_threshold": 40.97686060561887,
          "curvature_threshold": 16.77657517030637,
          "force_threshold": 1167.5930702513042,
          "torque_threshold": 0.0,
          "finite_build_width": 0.05,
          "major_radius": 1.0098736979848935,
          "minor_radius": 0.16831206437162433,
          "a0": 10.100286074838271,
          "arclength_variation_threshold": 0.0,
          "coil_width": 0.039602838675676315
        },
        "final_min_cs_separation": 0.24925722520857865,
        "final_min_cc_separation": 0.08097874077501005,
        "final_length_per_coil": [
          2.8279146401900874,
          2.8032697097154977,
          2.7873340035785437,
          2.7748249980296213,
          2.7853802456596304
        ],
        "final_current_per_coil": [
          1880680.6535257983,
          4328089.658079451,
          6802262.762965978,
          5565515.412035148,
          2460674.192062755
        ],
        "total_current_before": 1250012.5384399334,
        "total_current_after": 1250012.538439933,
        "final_total_length": 13.978723597173381,
        "final_max_curvature": 3.27511590070467,
        "final_average_curvature": 2.2585972094004445,
        "final_arclength_variation": 0.01692143819087872,
        "final_mean_squared_curvature": 5.539742158723731,
        "final_max_torsion": 1.9798398429491695,
        "final_linking_number": 0,
        "coils_linked_to_surface": true,
        "final_max_max_coil_force": 40982646.16140141,
        "final_avg_max_coil_force": 25941064.248637993,
        "final_max_force_per_coil": [
          8231579.7805624055,
          34887481.338132955,
          19750125.52677069,
          40982646.16140141,
          25853488.436322488
        ],
        "final_max_torque_per_coil": [
          4174675.460865798,
          15279239.34967245,
          8341558.41652792,
          15269242.55260783,
          12364329.517524328
        ],
        "final_max_max_coil_torque": 15279239.34967245,
        "final_avg_max_coil_torque": 11085809.059439665,
        "avg_BdotN_over_B": 0.09379246911868917,
        "max_BdotN_over_B": 0.45580274070491505,
        "lagrange_multipliers": null,
        "output_directory": "/Users/akaptanoglu/actions-runner/_work/stellcoilbench/stellcoilbench/cases/done/2026-03-14_082618_59444/order_8",
        "flux_threshold": 1e-08,
        "cc_threshold": 0.10500000000000001,
        "cs_threshold": 0.28969476491257223,
        "msc_threshold": 40.97686060561887,
        "arclength_variation_threshold": 0.0,
        "curvature_threshold": 16.77657517030637,
        "force_threshold": 1167.5930702513042,
        "torque_threshold": 0.0,
        "timing": {
          "coil_initialization": 6.249174475669861e-07,
          "biotsavart_setup": 0.002899707993492484,
          "objective_setup": 0.0073151669930666685,
          "coil_optimization": 545.4022786669666,
          "save_and_metrics": 0.8530888749519363
        },
        "fourier_order": 8,