{
  "metadata": {
    "contact": "auto",
    "hardware": "CPU: self-hosted runner",
    "run_date": "2026-03-16T10:43:10.061209",
    "iterations_used": 500,
    "walltime_sec": 177.18869876861572
  },
  "version_info": {
    "stellcoilbench_commit": "0e8f1e8514e16210c69677ff1ddcb9d5640ce803",
    "stellcoilbench_branch": "main",
    "simsopt_version": "0.1.dev5668+ga79006b0b",
    "simsopt_commit": "a79006b0b"
  },
  "metrics": {
    "fourier_continuation": true,
    "fourier_orders": [
      4,
      8,
      16
    ],
    "final_order": 16,
    "continuation_results": [
      {
        "initial_B_field": 1.0000305513510055,
        "final_B_field": 1.0966940759538777,
        "target_B_field": 1.0,
        "optimization_time": 154.8329210281372,
        "walltime_sec": 154.8329210281372,
        "iterations_used": 500,
        "final_squared_flux": 9.586949911437696e-05,
        "optimization_success": true,
        "optimization_message": "Completed",
        "optimization_nfev": 500,
        "optimization_njev": null,
        "_cached_thresholds": {
          "length_threshold": 14.833243225974563,
          "flux_threshold": 1e-08,
          "cc_threshold": 0.1075217070044612,
          "cs_threshold": 0.11742241667338027,
          "msc_threshold": 34.77528495566817,
          "curvature_threshold": 45.713894774718014,
          "force_threshold": 4630.981165313347,
          "torque_threshold": 0.0,
          "finite_build_width": 0.05,
          "major_radius": 1.0098736979848935,
          "minor_radius": 0.16831206437162433,
          "a0": 10.100286074838271,
          "arclength_variation_threshold": 0.0,
          "coil_width": 0.039602838675676315
        },
        "final_min_cs_separation": 0.25536411072901233,
        "final_min_cc_separation": 0.1587670731016431,
        "final_length_per_coil": [
          4.188685478462133,
          3.912451681527012,
          3.5048599685450577,
          3.231246498952396
        ],
        "final_current_per_coil": [
          364800.24365149596,
          341917.70355376805,
          291348.3517690682,
          252009.32566113188
        ],
        "total_current_before": 1250075.624635464,
        "total_current_after": 1250075.624635464,
        "final_total_length": 14.837243627486599,
        "final_max_curvature": 3.5740775046958326,
        "final_average_curvature": 2.115262390802144,
        "final_arclength_variation": 0.002255903714234681,
        "final_mean_squared_curvature": 6.202464719999054,
        "final_max_torsion": 36.501605360173706,
        "final_linking_number": 0,
        "coils_linked_to_surface": true,
        "final_max_max_coil_force": 294798.014179467,
        "final_avg_max_coil_force": 247903.05247887992,
        "final_max_force_per_coil": [
          294798.014179467,
          281727.49925907096,
          231210.24983193094,
          183876.44664505078
        ],
        "final_max_torque_per_coil": [
          104763.59227900353,
          88955.95599426403,
          56853.79202233062,
          35271.01126095797
        ],
        "final_max_max_coil_torque": 104763.59227900353,
        "final_avg_max_coil_torque": 71461.08788913905,
        "avg_BdotN_over_B": 0.004513347545986845,
        "max_BdotN_over_B": 0.01740250855537153,
        "lagrange_multipliers": null,
        "output_directory": "/Users/akaptanoglu/actions-runner/_work/stellcoilbench/stellcoilbench/cases/done/2026-03-16_103307_27712/order_4",
        "flux_threshold": 1e-08,
        "cc_threshold": 0.1075217070044612,
        "cs_threshold": 0.11742241667338027,
        "msc_threshold": 34.77528495566817,
        "arclength_variation_threshold": 0.0,
        "curvature_threshold": 45.713894774718014,
        "force_threshold": 4630.981165313347,
        "torque_threshold": 0.0,
        "timing": {
          "coil_initialization": 0.1873587080044672,
          "biotsavart_setup": 1.2704301250632852,
          "objective_setup": 0.02842599991708994,
          "coil_optimization": 154.83308633393608,
          "save_and_metrics": 0.8518053330481052
        },
        "fourier_order": 4,
        "continuation_step": 1
      },
      {
        "initial_B_field": 1.0966940759538777,
        "final_B_field": 1.0957141230695413,
        "target_B_field": 1.0,
        "optimization_time": 114.23304510116577,
        "walltime_sec": 114.23304510116577,
        "iterations_used": 500,
        "final_squared_flux": 8.517012183738668e-05,
        "optimization_success": true,
        "optimization_message": "Completed",
        "optimization_nfev": 500,
        "optimization_njev": null,
        "_cached_thresholds": {
          "length_threshold": 14.833243225974563,
          "flux_threshold": 1e-08,
          "cc_threshold": 0.1075217070044612,
          "cs_threshold": 0.11742241667338027,
          "msc_threshold": 34.77528495566817,
          "curvature_threshold": 45.713894774718014,
          "force_threshold": 4630.981165313347,
          "torque_threshold": 0.0,
          "finite_build_width": 0.05,
          "major_radius": 1.0098736979848935,
          "minor_radius": 0.16831206437162433,
          "a0": 10.100286074838271,
          "arclength_variation_threshold": 0.0,
          "coil_width": 0.039602838675676315
        },
        "final_min_cs_separation": 0.2407568052498845,
        "final_min_cc_separation": 0.1772854411587345,
        "final_length_per_coil": [
          4.2037596172043665,
          3.911812929507556,
          3.497790869998173,
          3.223692212176624
        ],
        "final_current_per_coil": [
          367865.9029193679,
          341694.49634101556,
          289918.79861810943,
          250596.42675697117
        ],
        "total_current_before": 1250075.624635464,
        "total_current_after": 1250075.624635464,
        "final_total_length": 14.83705562888672,
        "final_max_curvature": 4.375423396079184,
        "final_average_curvature": 2.1308928857332012,
        "final_arclength_variation": 0.0008909151117889863,
        "final_mean_squared_curvature": 6.631360954048236,
        "final_max_torsion": 47.67885775215946,
        "final_linking_number": 0,
        "coils_linked_to_surface": true,
        "final_max_max_coil_force": 299456.6661103676,
        "final_avg_max_coil_force": 219808.88003029296,
        "final_max_force_per_coil": [
          299456.6661103676,
          249191.37747099,
          185156.60422273155,
          145430.8723170827
        ],
        "final_max_torque_per_coil": [
          84492.7846646212,
          71659.7521868795,
          44585.053514934465,
          25577.920431803428
        ],
        "final_max_max_coil_torque": 84492.7846646212,
        "final_avg_max_coil_torque": 56578.87769955964,
        "avg_BdotN_over_B": 0.004295742041517155,
        "max_BdotN_over_B": 0.016212808170415392,
        "lagrange_multipliers": null,
        "output_directory": "/Users/akaptanoglu/actions-runner/_work/stellcoilbench/stellcoilbench/cases/done/2026-03-16_103307_27712/order_8",
        "flux_threshold": 1e-08,
        "cc_threshold": 0.1075217070044612,
        "cs_threshold": 0.11742241667338027,
        "msc_threshold": 34.77528495566817,
        "arclength_variation_threshold": 0.0,
        "curvature_threshold": 45.713894774718014,
        "force_threshold": 4630.981165313347,
        "torque_threshold": 0.0,
        "timing": {
          "coil_initialization": 5.830079317092896e-07,
          "biotsavart_setup": 0.0026181669672951102,
          "objective_setup": 0.006287417025305331,
          "coil_optimization": 114.23316745797638,
          "save_and_metrics": 0.9262722920393571
        },
        "fourier_order": 8,
        "continuation_step": 2
      },
      {
        "initial_B_field": 1.0957141230695413,
        "final_B_field": 1.095695886874216,
        "target_B_field": 1.0,
        "optimization_time": 177.18869876861572,
        "walltime_sec": 177.18869876861572,