{
  "metadata": {
    "contact": "auto",
    "hardware": "CPU: self-hosted runner",
    "run_date": "2026-04-07T15:30:08.251137",
    "iterations_used": 500,
    "walltime_sec": 748.3819990158081,
    "tags": [
      "explore"
    ],
    "parent_ids": []
  },
  "version_info": {
    "stellcoilbench_commit": "0c844e4dc917f30b62ecc213b9fc0a3124a8fb18",
    "stellcoilbench_branch": "main",
    "simsopt_version": "0.1.dev5668+ga79006b0b",
    "simsopt_commit": "a79006b0b"
  },
  "metrics": {
    "fourier_continuation": true,
    "fourier_orders": [
      4,
      8,
      16
    ],
    "final_order": 16,
    "continuation_results": [
      {
        "initial_B_field": 5.700046898707296,
        "final_B_field": 6.038600356223855,
        "target_B_field": 5.7,
        "optimization_time": 932.5946381092072,
        "walltime_sec": 932.5946381092072,
        "iterations_used": 500,
        "final_squared_flux": 0.1122667725809122,
        "optimization_success": true,
        "optimization_message": "Completed",
        "optimization_nfev": 500,
        "optimization_njev": null,
        "_cached_thresholds": {
          "length_threshold": 196.90133346018234,
          "flux_threshold": 1e-08,
          "cc_threshold": 0.7369136926179236,
          "cs_threshold": 1.974126613285295,
          "msc_threshold": 0.7839588350538794,
          "curvature_threshold": 2.587263636297408,
          "force_threshold": 73.10964708581342,
          "torque_threshold": 0.0,
          "finite_build_width": 0.35091128219901124,
          "major_radius": 13.635429024906689,
          "minor_radius": 1.7044262278237692,
          "a0": 0.9974030980329254,
          "arclength_variation_threshold": 0.0,
          "coil_width": 0.40104146537029867
        },
        "final_min_cs_separation": 1.9620194446782317,
        "final_min_cc_separation": 0.6663568145691792,
        "final_length_per_coil": [
          50.04326879084633,
          77.15923496707791,
          69.78550851557456
        ],
        "final_current_per_coil": [
          13436783.266289834,
          18665502.979997292,
          16611252.949000757
        ],
        "total_current_before": 48713539.19528788,
        "total_current_after": 48713539.19528788,
        "final_total_length": 196.98801227349878,
        "final_max_curvature": 0.2592925934162186,
        "final_average_curvature": 0.14091115670596224,
        "final_arclength_variation": 0.13774605388951144,
        "final_mean_squared_curvature": 0.028356830936463094,
        "final_max_torsion": 4.865522603344845,
        "final_linking_number": 0,
        "coils_linked_to_surface": true,
        "final_max_max_coil_force": 75840947.23573516,
        "final_avg_max_coil_force": 74373738.0314006,
        "final_max_force_per_coil": [
          73353092.12984872,
          73927174.7286179,
          75840947.23573516
        ],
        "final_max_torque_per_coil": [
          368391761.839505,
          500904970.8445415,
          557161142.4894297
        ],
        "final_max_max_coil_torque": 557161142.4894297,
        "final_avg_max_coil_torque": 475485958.39115876,
        "avg_BdotN_over_B": 0.0025557061412268215,
        "max_BdotN_over_B": 0.01453820042306633,
        "lagrange_multipliers": null,
        "output_directory": "/Users/akaptanoglu/actions-runner/_work/stellcoilbench/stellcoilbench/cases/done/2026-04-07_144328_99777/order_4",
        "flux_threshold": 1e-08,
        "cc_threshold": 0.7369136926179236,
        "cs_threshold": 1.974126613285295,
        "msc_threshold": 0.7839588350538794,
        "arclength_variation_threshold": 0.0,
        "curvature_threshold": 2.587263636297408,
        "force_threshold": 73.10964708581342,
        "torque_threshold": 0.0,
        "timing": {
          "coil_initialization": 0.4248105000006035,
          "biotsavart_setup": 1.4547862500185147,
          "objective_setup": 0.05453208298422396,
          "coil_optimization": 932.5734196659178,
          "save_and_metrics": 1.0461517079966143
        },
        "fourier_order": 4,
        "continuation_step": 1
      },
      {
        "initial_B_field": 6.038600356223855,
        "final_B_field": 7.29215203999215,
        "target_B_field": 5.7,
        "optimization_time": 729.7438180446625,
        "walltime_sec": 729.7438180446625,
        "iterations_used": 500,
        "final_squared_flux": 0.010484484299767744,
        "optimization_success": true,
        "optimization_message": "Completed",
        "optimization_nfev": 500,
        "optimization_njev": null,
        "_cached_thresholds": {
          "length_threshold": 196.90133346018234,
          "flux_threshold": 1e-08,
          "cc_threshold": 0.7369136926179236,
          "cs_threshold": 1.974126613285295,
          "msc_threshold": 0.7839588350538794,
          "curvature_threshold": 2.587263636297408,
          "force_threshold": 73.10964708581342,
          "torque_threshold": 0.0,
          "finite_build_width": 0.35091128219901124,
          "major_radius": 13.635429024906689,
          "minor_radius": 1.7044262278237692,
          "a0": 0.9974030980329254,
          "arclength_variation_threshold": 0.0,
          "coil_width": 0.40104146537029867
        },
        "final_min_cs_separation": 2.070832786635015,
        "final_min_cc_separation": 0.7101237983612624,
        "final_length_per_coil": [
          60.74659252796794,
          70.87810802940578,
          65.30757152881998
        ],
        "final_current_per_coil": [
          14708323.174953064,
          12464806.413299965,
          21540409.607034855
        ],
        "total_current_before": 48713539.19528788,
        "total_current_after": 48713539.19528788,
        "final_total_length": 196.9322720861937,
        "final_max_curvature": 0.4692554906259786,
        "final_average_curvature": 0.23733297849584456,
        "final_arclength_variation": 0.03805129887562255,
        "final_mean_squared_curvature": 0.08310179306678829,
        "final_max_torsion": 4.336360258548618,
        "final_linking_number": 0,
        "coils_linked_to_surface": true,
        "final_max_max_coil_force": 77510435.64011452,
        "final_avg_max_coil_force": 76448009.02322108,
        "final_max_force_per_coil": [
          75286309.47072208,
          77510435.64011452,
          76547281.95882663
        ],
        "final_max_torque_per_coil": [
          656395768.104482,
          634917574.8003542,
          690575106.8510256
        ],
        "final_max_max_coil_torque": 690575106.8510256,
        "final_avg_max_coil_torque": 660629483.251954,
        "avg_BdotN_over_B": 0.0007773051766634284,
        "max_BdotN_over_B": 0.0030743616413357417,
        "lagrange_multipliers": null,
        "output_directory": "/Users/akaptanoglu/actions-runner/_work/stellcoilbench/stellcoilbench/cases/done/2026-04-07_144328_99777/order_8",
        "flux_threshold": 1e-08,
        "cc_threshold": 0.7369136926179236,
        "cs_threshold": 1.974126613285295,
        "msc_threshold": 0.7839588350538794,
        "arclength_variation_threshold": 0.0,
        "curvature_threshold": 2.587263636297408,
        "force_threshold": 73.10964708581342,
        "torque_threshold": 0.0,
        "timing": {
          "coil_initialization": 6.25033862888813e-07,
          "biotsavart_setup": 0.003155166981741786,
          "objective_setup": 0.005379499983973801,
          "coil_optimization": 729.73996825004,
          "save_and_metrics": 1.0709901249501854
        },
        "fourier_order": 8,
        "continuation_step": 2
      },
      {
        "initial_B_field": 7.29215203999215,
        "final_B_field": 6.67439812219428,
        "target_B_field": 5.7,
        "optimization_time": 748.3819990158081,
        "walltime_sec": 748.3819990158081,
        "iterations_used": 500,
        "final_squared_flux": 0.0013246387584696798,
        "optimization_success": true,
        "optimization_message": "Completed",