{
  "metadata": {
    "contact": "auto",
    "hardware": "CPU: self-hosted runner",
    "run_date": "2026-04-06T01:11:48.809365",
    "iterations_used": 500,
    "walltime_sec": 637.7688271999359,
    "tags": [
      "explore"
    ],
    "parent_ids": []
  },
  "version_info": {
    "stellcoilbench_commit": "ae23b7c9cb2b5c7b0ba84ad975bda8830ff753a3",
    "stellcoilbench_branch": "main",
    "simsopt_version": "0.1.dev5668+ga79006b0b",
    "simsopt_commit": "a79006b0b"
  },
  "metrics": {
    "fourier_continuation": true,
    "fourier_orders": [
      4,
      8,
      16
    ],
    "final_order": 16,
    "continuation_results": [
      {
        "initial_B_field": 5.700046898707296,
        "final_B_field": 6.170366286623801,
        "target_B_field": 5.7,
        "optimization_time": 371.57875394821167,
        "walltime_sec": 371.57875394821167,
        "iterations_used": 500,
        "final_squared_flux": 0.1302069142139959,
        "optimization_success": true,
        "optimization_message": "Completed",
        "optimization_nfev": 500,
        "optimization_njev": null,
        "_cached_thresholds": {
          "length_threshold": 160.33637785504538,
          "flux_threshold": 1e-08,
          "cc_threshold": 0.9925776267914891,
          "cs_threshold": 1.0096218890697266,
          "msc_threshold": 7.213219204974116,
          "curvature_threshold": 8.30537559732017,
          "force_threshold": 91.06290285040609,
          "torque_threshold": 0.0,
          "finite_build_width": 0.35091128219901124,
          "major_radius": 13.635429024906689,
          "minor_radius": 1.7044262278237692,
          "a0": 0.9974030980329254,
          "arclength_variation_threshold": 0.0,
          "coil_width": 0.40104146537029867
        },
        "final_min_cs_separation": 1.9812804702493763,
        "final_min_cc_separation": 0.9222332423543378,
        "final_length_per_coil": [
          53.78573818859,
          50.12275355483858,
          56.50392762055686
        ],
        "final_current_per_coil": [
          17298914.489887793,
          16597734.669491155,
          14816890.035908937
        ],
        "total_current_before": 48713539.19528788,
        "total_current_after": 48713539.19528788,
        "final_total_length": 160.41241936398544,
        "final_max_curvature": 0.2983420209552442,
        "final_average_curvature": 0.165759672643639,
        "final_arclength_variation": 0.16161493951920688,
        "final_mean_squared_curvature": 0.0371125081499597,
        "final_max_torsion": 4.905234952626957,
        "final_linking_number": 4,
        "coils_linked_to_surface": true,
        "final_max_max_coil_force": 92289729.0939878,
        "final_avg_max_coil_force": 87719705.89683402,
        "final_max_force_per_coil": [
          87812346.9685091,
          92289729.0939878,
          83057041.62800515
        ],
        "final_max_torque_per_coil": [
          445868924.892039,
          592748626.3814725,
          532270527.584364
        ],
        "final_max_max_coil_torque": 592748626.3814725,
        "final_avg_max_coil_torque": 523629359.6192918,
        "avg_BdotN_over_B": 0.0027221767720434103,
        "max_BdotN_over_B": 0.011672542318289401,
        "lagrange_multipliers": null,
        "output_directory": "/Users/akaptanoglu/actions-runner/_work/stellcoilbench/stellcoilbench/cases/done/2026-04-06_003824_29585/order_4",
        "flux_threshold": 1e-08,
        "cc_threshold": 0.9925776267914891,
        "cs_threshold": 1.0096218890697266,
        "msc_threshold": 7.213219204974116,
        "arclength_variation_threshold": 0.0,
        "curvature_threshold": 8.30537559732017,
        "force_threshold": 91.06290285040609,
        "torque_threshold": 0.0,
        "timing": {
          "coil_initialization": 0.423711082956288,
          "biotsavart_setup": 1.4207112080184743,
          "objective_setup": 0.030678166018333286,
          "coil_optimization": 371.6592295829905,
          "save_and_metrics": 1.0696157910278998
        },
        "fourier_order": 4,
        "continuation_step": 1
      },
      {
        "initial_B_field": 6.170366286623801,
        "final_B_field": 6.2379756414706184,
        "target_B_field": 5.7,
        "optimization_time": 538.2937579154968,
        "walltime_sec": 538.2937579154968,
        "iterations_used": 500,
        "final_squared_flux": 0.019655156052661715,
        "optimization_success": true,
        "optimization_message": "Completed",
        "optimization_nfev": 500,
        "optimization_njev": null,
        "_cached_thresholds": {
          "length_threshold": 160.33637785504538,
          "flux_threshold": 1e-08,
          "cc_threshold": 0.9925776267914891,
          "cs_threshold": 1.0096218890697266,
          "msc_threshold": 7.213219204974116,
          "curvature_threshold": 8.30537559732017,
          "force_threshold": 91.06290285040609,
          "torque_threshold": 0.0,
          "finite_build_width": 0.35091128219901124,
          "major_radius": 13.635429024906689,
          "minor_radius": 1.7044262278237692,
          "a0": 0.9974030980329254,
          "arclength_variation_threshold": 0.0,
          "coil_width": 0.40104146537029867
        },
        "final_min_cs_separation": 2.0102726156487334,
        "final_min_cc_separation": 0.9414480599311411,
        "final_length_per_coil": [
          54.68322843165595,
          50.12284728403333,
          55.57575103059836
        ],
        "final_current_per_coil": [
          17786785.706487898,
          15154381.454840846,
          15772372.03395914
        ],
        "total_current_before": 48713539.19528788,
        "total_current_after": 48713539.19528788,
        "final_total_length": 160.38182674628763,
        "final_max_curvature": 0.4680637365598456,
        "final_average_curvature": 0.214304991786891,
        "final_arclength_variation": 0.046247373065521735,
        "final_mean_squared_curvature": 0.0712461865258182,
        "final_max_torsion": 3.897697331402252,
        "final_linking_number": 4,
        "coils_linked_to_surface": true,
        "final_max_max_coil_force": 93314884.88084088,
        "final_avg_max_coil_force": 86758597.85010181,
        "final_max_force_per_coil": [
          93314884.88084088,
          91468636.92948475,
          75492271.7399798
        ],
        "final_max_torque_per_coil": [
          358226609.58071375,
          506531046.6278354,
          478171677.8433567
        ],
        "final_max_max_coil_torque": 506531046.6278354,
        "final_avg_max_coil_torque": 447643111.3506353,
        "avg_BdotN_over_B": 0.001049745636555992,
        "max_BdotN_over_B": 0.00455928718849261,
        "lagrange_multipliers": null,
        "output_directory": "/Users/akaptanoglu/actions-runner/_work/stellcoilbench/stellcoilbench/cases/done/2026-04-06_003824_29585/order_8",
        "flux_threshold": 1e-08,
        "cc_threshold": 0.9925776267914891,
        "cs_threshold": 1.0096218890697266,
        "msc_threshold": 7.213219204974116,
        "arclength_variation_threshold": 0.0,
        "curvature_threshold": 8.30537559732017,
        "force_threshold": 91.06290285040609,
        "torque_threshold": 0.0,
        "timing": {
          "coil_initialization": 4.5797787606716156e-07,
          "biotsavart_setup": 0.003613709006458521,
          "objective_setup": 0.006043249974027276,
          "coil_optimization": 538.3030874159886,
          "save_and_metrics": 1.054453040997032
        },
        "fourier_order": 8,
        "continuation_step": 2
      },
      {
        "initial_B_field": 6.2379756414706184,
        "final_B_field": 6.280735006776077,
        "target_B_field": 5.7,
        "optimization_time": 637.7688271999359,
        "walltime_sec": 637.7688271999359,
        "iterations_used": 500,
        "final_squared_flux": 0.007528584671714032,
        "optimization_success": true,
        "optimization_message": "Completed",
        "optimization_nfev": 500,