{
  "metadata": {
    "contact": "auto",
    "hardware": "CPU: self-hosted runner",
    "run_date": "2026-03-18T13:12:11.924282",
    "iterations_used": 500,
    "walltime_sec": 7.936910152435303
  },
  "version_info": {
    "stellcoilbench_commit": "0a4cef3606b552f218b66c560946c6caa84ee5b5",
    "stellcoilbench_branch": "main",
    "simsopt_version": "0.1.dev5668+ga79006b0b",
    "simsopt_commit": "a79006b0b"
  },
  "metrics": {
    "fourier_continuation": true,
    "fourier_orders": [
      4,
      8,
      16
    ],
    "final_order": 16,
    "continuation_results": [
      {
        "initial_B_field": 1.0000008292436955,
        "final_B_field": 1.0970829733371579,
        "target_B_field": 1.0,
        "optimization_time": 151.2278790473938,
        "walltime_sec": 151.2278790473938,
        "iterations_used": 500,
        "final_squared_flux": 0.0,
        "optimization_success": true,
        "optimization_message": "Completed",
        "optimization_nfev": 500,
        "optimization_njev": null,
        "_cached_thresholds": {
          "length_threshold": 19.80141933783816,
          "flux_threshold": 1.1e-05,
          "cc_threshold": 0.10500000000000001,
          "cs_threshold": 0.012940524558567305,
          "msc_threshold": 115.35346840694582,
          "curvature_threshold": 89.03739524524836,
          "force_threshold": 0.0,
          "torque_threshold": 0.0,
          "finite_build_width": 0.05,
          "major_radius": 1.0098736979848935,
          "minor_radius": 0.16831206437162433,
          "a0": 10.100286074838271,
          "arclength_variation_threshold": 0.0,
          "coil_width": 0.039602838675676315
        },
        "final_min_cs_separation": 0.11794792147430311,
        "final_min_cc_separation": 0.10569737679029403,
        "final_length_per_coil": [
          3.824461625227031,
          2.4292948193750106,
          3.5981961565652534,
          3.3835567551352885,
          3.309363825307926,
          3.256591515773161
        ],
        "final_current_per_coil": [
          296257.245995386,
          30341.689236028087,
          268235.387764419,
          213501.0849196093,
          221092.15975737205,
          220574.50478155818
        ],
        "total_current_before": 1250002.0724543727,
        "total_current_after": 1250002.0724543727,
        "final_total_length": 19.80146469738367,
        "final_max_curvature": 4.745887586442473,
        "final_average_curvature": 2.364629609804781,
        "final_arclength_variation": 0.000529477934623438,
        "final_mean_squared_curvature": 10.916383770639909,
        "final_max_torsion": 68.08654885328649,
        "final_linking_number": 0,
        "coils_linked_to_surface": true,
        "final_max_max_coil_force": 261443.16186437116,
        "final_avg_max_coil_force": 174302.33225653286,
        "final_max_force_per_coil": [
          261443.16186437116,
          44368.96341032184,
          202235.31450976778,
          203334.3298876731,
          177157.26610819306,
          157274.95775887015
        ],
        "final_max_torque_per_coil": [
          75956.0123728206,
          7991.636951122559,
          52573.52469521241,
          39345.82295647442,
          30479.75897842843,
          26338.757243160773
        ],
        "final_max_max_coil_torque": 75956.0123728206,
        "final_avg_max_coil_torque": 38780.918866203196,
        "avg_BdotN_over_B": 0.0014775253588254324,
        "max_BdotN_over_B": 0.007748915201396163,
        "lagrange_multipliers": null,
        "output_directory": "/Users/akaptanoglu/actions-runner/_work/stellcoilbench/stellcoilbench/cases/done/2026-03-18_130602_86556/order_4",
        "flux_threshold": 1.1e-05,
        "cc_threshold": 0.10500000000000001,
        "cs_threshold": 0.012940524558567305,
        "msc_threshold": 115.35346840694582,
        "arclength_variation_threshold": 0.0,
        "curvature_threshold": 89.03739524524836,
        "force_threshold": 0.0,
        "torque_threshold": 0.0,
        "timing": {
          "coil_initialization": 0.325139082968235,
          "biotsavart_setup": 1.6431661669630557,
          "objective_setup": 0.05691020796075463,
          "coil_optimization": 151.22795479092747,
          "save_and_metrics": 1.1468722500139847
        },
        "fourier_order": 4,
        "continuation_step": 1
      },
      {
        "initial_B_field": 1.0970829733371579,
        "final_B_field": 1.0970028559571974,
        "target_B_field": 1.0,
        "optimization_time": 9.774524927139282,
        "walltime_sec": 9.774524927139282,
        "iterations_used": 500,
        "final_squared_flux": 0.0,
        "optimization_success": true,
        "optimization_message": "Completed",
        "optimization_nfev": 500,
        "optimization_njev": null,
        "_cached_thresholds": {
          "length_threshold": 19.80141933783816,
          "flux_threshold": 1.1e-05,
          "cc_threshold": 0.10500000000000001,
          "cs_threshold": 0.012940524558567305,
          "msc_threshold": 115.35346840694582,
          "curvature_threshold": 89.03739524524836,
          "force_threshold": 0.0,
          "torque_threshold": 0.0,
          "finite_build_width": 0.05,
          "major_radius": 1.0098736979848935,
          "minor_radius": 0.16831206437162433,
          "a0": 10.100286074838271,
          "arclength_variation_threshold": 0.0,
          "coil_width": 0.039602838675676315
        },
        "final_min_cs_separation": 0.11798620197721112,
        "final_min_cc_separation": 0.10569141981033067,
        "final_length_per_coil": [
          3.8242974742024267,
          2.429316234241057,
          3.59814503116055,
          3.3830991711385368,
          3.309008849321989,
          3.2562240810669305
        ],
        "final_current_per_coil": [
          296246.9014779597,
          30340.79805445543,
          268239.99971586396,
          213511.87961917173,
          221096.32618825143,
          220566.16739867046
        ],
        "total_current_before": 1250002.0724543727,
        "total_current_after": 1250002.0724543727,
        "final_total_length": 19.800090841131492,
        "final_max_curvature": 4.695029509636414,
        "final_average_curvature": 2.3635595177290507,
        "final_arclength_variation": 7.858983367140765e-05,
        "final_mean_squared_curvature": 10.89921924175639,
        "final_max_torsion": 62.92867992129083,
        "final_linking_number": 0,
        "coils_linked_to_surface": true,
        "final_max_max_coil_force": 243664.17162673932,
        "final_avg_max_coil_force": 155626.74308063387,
        "final_max_force_per_coil": [
          243664.17162673932,
          44001.79723819805,
          172058.35922519988,
          185374.8223185823,
          155645.01792746055,
          133016.29014762313
        ],
        "final_max_torque_per_coil": [
          63485.54410292819,
          7910.712630462184,
          41868.62730871032,
          34135.04757970861,
          24975.86941634981,
          20168.48884956245
        ],
        "final_max_max_coil_torque": 63485.54410292819,
        "final_avg_max_coil_torque": 32090.71498128693,
        "avg_BdotN_over_B": 0.001477820311950574,
        "max_BdotN_over_B": 0.007767504584310438,
        "lagrange_multipliers": null,
        "output_directory": "/Users/akaptanoglu/actions-runner/_work/stellcoilbench/stellcoilbench/cases/done/2026-03-18_130602_86556/order_8",
        "flux_threshold": 1.1e-05,
        "cc_threshold": 0.10500000000000001,
        "cs_threshold": 0.012940524558567305,
        "msc_threshold": 115.35346840694582,
        "arclength_variation_threshold": 0.0,
        "curvature_threshold": 89.03739524524836,
        "force_threshold": 0.0,
        "torque_threshold": 0.0,
        "timing": {
          "coil_initialization": 8.75093974173069e-07,
          "biotsavart_setup": 0.003446583985351026,
          "objective_setup": 0.00817337492480874,