{
  "metadata": {
    "contact": "auto",
    "hardware": "CPU: self-hosted runner",
    "run_date": "2026-03-17T23:03:50.515149",
    "iterations_used": 500,
    "walltime_sec": 6.294694900512695
  },
  "version_info": {
    "stellcoilbench_commit": "1fd9b9f8ef190c0e7f08e47e1c128ddf77bb5838",
    "stellcoilbench_branch": "main",
    "simsopt_version": "0.1.dev5668+ga79006b0b",
    "simsopt_commit": "a79006b0b"
  },
  "metrics": {
    "fourier_continuation": true,
    "fourier_orders": [
      4,
      8,
      16
    ],
    "final_order": 16,
    "continuation_results": [
      {
        "initial_B_field": 1.0000050243934888,
        "final_B_field": 1.0971197625388003,
        "target_B_field": 1.0,
        "optimization_time": 195.44178366661072,
        "walltime_sec": 195.44178366661072,
        "iterations_used": 500,
        "final_squared_flux": 0.0,
        "optimization_success": true,
        "optimization_message": "Completed",
        "optimization_nfev": 500,
        "optimization_njev": null,
        "_cached_thresholds": {
          "length_threshold": 19.80141933783816,
          "flux_threshold": 6e-06,
          "cc_threshold": 0.10500000000000001,
          "cs_threshold": 0.1794623426078577,
          "msc_threshold": 6.228816121494538,
          "curvature_threshold": 271.11612094096034,
          "force_threshold": 0.0,
          "torque_threshold": 0.0,
          "finite_build_width": 0.05,
          "major_radius": 1.0098736979848935,
          "minor_radius": 0.16831206437162433,
          "a0": 10.100286074838271,
          "arclength_variation_threshold": 0.0,
          "coil_width": 0.039602838675676315
        },
        "final_min_cs_separation": 0.25199248525602197,
        "final_min_cc_separation": 0.104884019179085,
        "final_length_per_coil": [
          4.532938448233219,
          3.6098325647697456,
          3.4465785811265564,
          4.2563396314068775,
          3.9560550897293822
        ],
        "final_current_per_coil": [
          338281.70100570057,
          164213.71528643134,
          140599.80305313645,
          350751.07452525524,
          256166.24456940987
        ],
        "total_current_before": 1250012.5384399334,
        "total_current_after": 1250012.5384399334,
        "final_total_length": 19.80174431526578,
        "final_max_curvature": 3.335037084716713,
        "final_average_curvature": 2.062241074835857,
        "final_arclength_variation": 0.000677232199100801,
        "final_mean_squared_curvature": 6.169799944124134,
        "final_max_torsion": 15.365480418650366,
        "final_linking_number": 0,
        "coils_linked_to_surface": true,
        "final_max_max_coil_force": 336212.1974883596,
        "final_avg_max_coil_force": 235294.07057075365,
        "final_max_force_per_coil": [
          336212.1974883596,
          154648.29728664842,
          183161.4805058965,
          298253.9409090947,
          204194.43666376924
        ],
        "final_max_torque_per_coil": [
          121621.18254095272,
          39789.44885437548,
          39897.533252999965,
          81284.4317532768,
          47798.754753289446
        ],
        "final_max_max_coil_torque": 121621.18254095272,
        "final_avg_max_coil_torque": 66078.27023097889,
        "avg_BdotN_over_B": 0.001083531471240014,
        "max_BdotN_over_B": 0.0056220155721235805,
        "lagrange_multipliers": null,
        "output_directory": "/Users/akaptanoglu/actions-runner/_work/stellcoilbench/stellcoilbench/cases/done/2026-03-17_225715_57117/order_4",
        "flux_threshold": 6e-06,
        "cc_threshold": 0.10500000000000001,
        "cs_threshold": 0.1794623426078577,
        "msc_threshold": 6.228816121494538,
        "arclength_variation_threshold": 0.0,
        "curvature_threshold": 271.11612094096034,
        "force_threshold": 0.0,
        "torque_threshold": 0.0,
        "timing": {
          "coil_initialization": 0.24969149997923523,
          "biotsavart_setup": 1.365110999904573,
          "objective_setup": 0.03707633400335908,
          "coil_optimization": 195.4419929169817,
          "save_and_metrics": 1.0055602920474485
        },
        "fourier_order": 4,
        "continuation_step": 1
      },
      {
        "initial_B_field": 1.0971197625388003,
        "final_B_field": 1.0967369309291595,
        "target_B_field": 1.0,
        "optimization_time": 11.984696865081787,
        "walltime_sec": 11.984696865081787,
        "iterations_used": 500,
        "final_squared_flux": 0.0,
        "optimization_success": true,
        "optimization_message": "Completed",
        "optimization_nfev": 500,
        "optimization_njev": null,
        "_cached_thresholds": {
          "length_threshold": 19.80141933783816,
          "flux_threshold": 6e-06,
          "cc_threshold": 0.10500000000000001,
          "cs_threshold": 0.1794623426078577,
          "msc_threshold": 6.228816121494538,
          "curvature_threshold": 271.11612094096034,
          "force_threshold": 0.0,
          "torque_threshold": 0.0,
          "finite_build_width": 0.05,
          "major_radius": 1.0098736979848935,
          "minor_radius": 0.16831206437162433,
          "a0": 10.100286074838271,
          "arclength_variation_threshold": 0.0,
          "coil_width": 0.039602838675676315
        },
        "final_min_cs_separation": 0.25185757100996986,
        "final_min_cc_separation": 0.10592165565057203,
        "final_length_per_coil": [
          4.528023513339063,
          3.6043905343084224,
          3.4407401667175357,
          4.250850755487918,
          3.9506352544963184
        ],
        "final_current_per_coil": [
          337940.23739752173,
          164488.32235126005,
          140228.2630555212,
          351233.30267767864,
          256122.41295795178
        ],
        "total_current_before": 1250012.5384399334,
        "total_current_after": 1250012.5384399334,
        "final_total_length": 19.77464022434926,
        "final_max_curvature": 3.2699710801310387,
        "final_average_curvature": 2.0598246041382606,
        "final_arclength_variation": 8.284740589322323e-07,
        "final_mean_squared_curvature": 6.173323017285159,
        "final_max_torsion": 14.516169414907996,
        "final_linking_number": 0,
        "coils_linked_to_surface": true,
        "final_max_max_coil_force": 331336.6006873198,
        "final_avg_max_coil_force": 218499.67472943617,
        "final_max_force_per_coil": [
          331336.6006873198,
          142870.55960652806,
          178860.30820877783,
          261638.72236276141,
          177792.18278179373
        ],
        "final_max_torque_per_coil": [
          103110.87941833158,
          35778.976748791356,
          40253.41487112537,
          64922.6726711098,
          38116.57685454783
        ],
        "final_max_max_coil_torque": 103110.87941833158,
        "final_avg_max_coil_torque": 56436.504112781186,
        "avg_BdotN_over_B": 0.0010818757150989696,
        "max_BdotN_over_B": 0.0057538655440532395,
        "lagrange_multipliers": null,
        "output_directory": "/Users/akaptanoglu/actions-runner/_work/stellcoilbench/stellcoilbench/cases/done/2026-03-17_225715_57117/order_8",
        "flux_threshold": 6e-06,
        "cc_threshold": 0.10500000000000001,
        "cs_threshold": 0.1794623426078577,
        "msc_threshold": 6.228816121494538,
        "arclength_variation_threshold": 0.0,
        "curvature_threshold": 271.11612094096034,
        "force_threshold": 0.0,
        "torque_threshold": 0.0,
        "timing": {
          "coil_initialization": 7.50063918530941e-07,
          "biotsavart_setup": 0.0030655829468742013,
          "objective_setup": 0.00712654204107821,
          "coil_optimization": 11.984711166005582,
          "save_and_metrics": 1.0428023330168799
        },
        "fourier_order": 8,
        "continuation_step": 2
      },
      {
        "initial_B_field": 1.0967369309291595,