{
  "metadata": {
    "contact": "auto",
    "hardware": "CPU: self-hosted runner",
    "run_date": "2026-03-17T05:33:08.047356",
    "iterations_used": 500,
    "walltime_sec": 518.7737457752228
  },
  "version_info": {
    "stellcoilbench_commit": "bef16a3d110a70ec3c736bf7fe297ef888b76b71",
    "stellcoilbench_branch": "main",
    "simsopt_version": "0.1.dev5668+ga79006b0b",
    "simsopt_commit": "a79006b0b"
  },
  "metrics": {
    "fourier_continuation": true,
    "fourier_orders": [
      4,
      8,
      16
    ],
    "final_order": 16,
    "continuation_results": [
      {
        "initial_B_field": 1.0000050243934888,
        "final_B_field": 1.0791472062928296,
        "target_B_field": 1.0,
        "optimization_time": 453.045058965683,
        "walltime_sec": 453.045058965683,
        "iterations_used": 500,
        "final_squared_flux": 0.0014411577188489775,
        "optimization_success": true,
        "optimization_message": "Completed",
        "optimization_nfev": 500,
        "optimization_njev": null,
        "_cached_thresholds": {
          "length_threshold": 16.624281605082025,
          "flux_threshold": 1e-08,
          "cc_threshold": 0.16445078760074588,
          "cs_threshold": 0.29088285007284254,
          "msc_threshold": 5.100644467793327,
          "curvature_threshold": 6.231876508175214,
          "force_threshold": 1266.5758737847193,
          "torque_threshold": 0.0,
          "finite_build_width": 0.05,
          "major_radius": 1.0098736979848935,
          "minor_radius": 0.16831206437162433,
          "a0": 10.100286074838271,
          "arclength_variation_threshold": 0.0,
          "coil_width": 0.039602838675676315
        },
        "final_min_cs_separation": 0.28600788385686843,
        "final_min_cc_separation": 0.1596836864469125,
        "final_length_per_coil": [
          3.4886782637329925,
          3.382071969611287,
          3.458941468055048,
          3.038695563789662,
          3.283707088505789
        ],
        "final_current_per_coil": [
          314895.0394835871,
          309668.4815128917,
          342018.71162233193,
          35192.20367519852,
          248238.10214592412
        ],
        "total_current_before": 1250012.5384399334,
        "total_current_after": 1250012.5384399334,
        "final_total_length": 16.65209435369478,
        "final_max_curvature": 3.696318255159888,
        "final_average_curvature": 2.1457835472412308,
        "final_arclength_variation": 0.005439286570127209,
        "final_mean_squared_curvature": 5.161028889946064,
        "final_max_torsion": 23.759711200285796,
        "final_linking_number": 0,
        "coils_linked_to_surface": true,
        "final_max_max_coil_force": 293089.8633452236,
        "final_avg_max_coil_force": 206880.28546957189,
        "final_max_force_per_coil": [
          263217.11908437556,
          262038.76416651168,
          293089.8633452236,
          25860.55158266147,
          190195.1291690871
        ],
        "final_max_torque_per_coil": [
          76800.57972956215,
          65062.339335678014,
          57207.99502803805,
          2962.8382876109226,
          39369.10177537931
        ],
        "final_max_max_coil_torque": 76800.57972956215,
        "final_avg_max_coil_torque": 48280.57083125368,
        "avg_BdotN_over_B": 0.017129963732435933,
        "max_BdotN_over_B": 0.05539301896179474,
        "lagrange_multipliers": null,
        "output_directory": "/Users/akaptanoglu/actions-runner/_work/stellcoilbench/stellcoilbench/cases/done/2026-03-17_050711_54782/order_4",
        "flux_threshold": 1e-08,
        "cc_threshold": 0.16445078760074588,
        "cs_threshold": 0.29088285007284254,
        "msc_threshold": 5.100644467793327,
        "arclength_variation_threshold": 0.0,
        "curvature_threshold": 6.231876508175214,
        "force_threshold": 1266.5758737847193,
        "torque_threshold": 0.0,
        "timing": {
          "coil_initialization": 0.25434645800851285,
          "biotsavart_setup": 1.3859757910249755,
          "objective_setup": 0.044079374987632036,
          "coil_optimization": 453.04554554098286,
          "save_and_metrics": 0.969123666989617
        },
        "fourier_order": 4,
        "continuation_step": 1
      },
      {
        "initial_B_field": 1.0791472062928296,
        "final_B_field": 1.079790946493274,
        "target_B_field": 1.0,
        "optimization_time": 475.6914849281311,
        "walltime_sec": 475.6914849281311,
        "iterations_used": 500,
        "final_squared_flux": 0.0014136790107372988,
        "optimization_success": true,
        "optimization_message": "Completed",
        "optimization_nfev": 500,
        "optimization_njev": null,
        "_cached_thresholds": {
          "length_threshold": 16.624281605082025,
          "flux_threshold": 1e-08,
          "cc_threshold": 0.16445078760074588,
          "cs_threshold": 0.29088285007284254,
          "msc_threshold": 5.100644467793327,
          "curvature_threshold": 6.231876508175214,
          "force_threshold": 1266.5758737847193,
          "torque_threshold": 0.0,
          "finite_build_width": 0.05,
          "major_radius": 1.0098736979848935,
          "minor_radius": 0.16831206437162433,
          "a0": 10.100286074838271,
          "arclength_variation_threshold": 0.0,
          "coil_width": 0.039602838675676315
        },
        "final_min_cs_separation": 0.28627809165380474,
        "final_min_cc_separation": 0.1608789282420423,
        "final_length_per_coil": [
          3.491154781710682,
          3.381856351495413,
          3.446393662664312,
          3.031978714433216,
          3.2904804503564327
        ],
        "final_current_per_coil": [
          314253.3528539552,
          305856.9252698054,
          338993.98998046125,
          34696.00779519773,
          256212.26254051377
        ],
        "total_current_before": 1250012.5384399334,
        "total_current_after": 1250012.5384399334,
        "final_total_length": 16.641863960660057,
        "final_max_curvature": 3.5539906297959396,
        "final_average_curvature": 2.138909837046461,
        "final_arclength_variation": 0.0017976900138524283,
        "final_mean_squared_curvature": 5.111749219767976,
        "final_max_torsion": 48.16847835429922,
        "final_linking_number": 0,
        "coils_linked_to_surface": true,
        "final_max_max_coil_force": 256906.11018055872,
        "final_avg_max_coil_force": 184475.53639682574,
        "final_max_force_per_coil": [
          256906.11018055872,
          232445.97053388652,
          248125.67652007923,
          24449.266254731792,
          160450.65849487242
        ],
        "final_max_torque_per_coil": [
          62696.438534299785,
          52483.296851249375,
          43304.89419995786,
          3001.981984435048,
          34027.55425188792
        ],
        "final_max_max_coil_torque": 62696.438534299785,
        "final_avg_max_coil_torque": 39102.833164366006,
        "avg_BdotN_over_B": 0.01703078722253247,
        "max_BdotN_over_B": 0.053846521711488966,
        "lagrange_multipliers": null,
        "output_directory": "/Users/akaptanoglu/actions-runner/_work/stellcoilbench/stellcoilbench/cases/done/2026-03-17_050711_54782/order_8",
        "flux_threshold": 1e-08,
        "cc_threshold": 0.16445078760074588,
        "cs_threshold": 0.29088285007284254,
        "msc_threshold": 5.100644467793327,
        "arclength_variation_threshold": 0.0,
        "curvature_threshold": 6.231876508175214,
        "force_threshold": 1266.5758737847193,
        "torque_threshold": 0.0,
        "timing": {
          "coil_initialization": 5.00003807246685e-07,
          "biotsavart_setup": 0.002892874996177852,
          "objective_setup": 0.007087458041496575,
          "coil_optimization": 475.6919903749367,
          "save_and_metrics": 0.8771754159824923
        },
        "fourier_order": 8,