{
  "metadata": {
    "contact": "auto",
    "hardware": "CPU: self-hosted runner",
    "run_date": "2026-03-17T09:44:17.319317",
    "iterations_used": 500,
    "walltime_sec": 36.56902813911438
  },
  "version_info": {
    "stellcoilbench_commit": "64d1024d734f4f710bee551796798d8489a34dc5",
    "stellcoilbench_branch": "main",
    "simsopt_version": "0.1.dev5668+ga79006b0b",
    "simsopt_commit": "a79006b0b"
  },
  "metrics": {
    "fourier_continuation": true,
    "fourier_orders": [
      4,
      8,
      16
    ],
    "final_order": 16,
    "continuation_results": [
      {
        "initial_B_field": 1.0000305513510055,
        "final_B_field": 1.0931499349070544,
        "target_B_field": 1.0,
        "optimization_time": 119.96486115455627,
        "walltime_sec": 119.96486115455627,
        "iterations_used": 500,
        "final_squared_flux": 2.4933292229107195e-05,
        "optimization_success": true,
        "optimization_message": "Completed",
        "optimization_nfev": 500,
        "optimization_njev": null,
        "_cached_thresholds": {
          "length_threshold": 19.80141933783816,
          "flux_threshold": 1.5e-05,
          "cc_threshold": 0.10500000000000001,
          "cs_threshold": 0.3723443051151617,
          "msc_threshold": 36.65070607404414,
          "curvature_threshold": 67.06362697255929,
          "force_threshold": 0.0,
          "torque_threshold": 0.0,
          "finite_build_width": 0.05,
          "major_radius": 1.0098736979848935,
          "minor_radius": 0.16831206437162433,
          "a0": 10.100286074838271,
          "arclength_variation_threshold": 0.0,
          "coil_width": 0.039602838675676315
        },
        "final_min_cs_separation": 0.3710517150327821,
        "final_min_cc_separation": 0.10405234543467701,
        "final_length_per_coil": [
          4.625009384108247,
          6.819843458779279,
          4.276008945841439,
          4.080653345507039
        ],
        "final_current_per_coil": [
          110544.3909081525,
          729839.7196381986,
          196637.6408398952,
          213053.87324921764
        ],
        "total_current_before": 1250075.624635464,
        "total_current_after": 1250075.624635464,
        "final_total_length": 19.801515134236002,
        "final_max_curvature": 2.61946215590215,
        "final_average_curvature": 1.7968257892558064,
        "final_arclength_variation": 0.0021450964984106725,
        "final_mean_squared_curvature": 4.468130368339615,
        "final_max_torsion": 35.752150450104274,
        "final_linking_number": 0,
        "coils_linked_to_surface": true,
        "final_max_max_coil_force": 1115985.52547313,
        "final_avg_max_coil_force": 480353.0881069945,
        "final_max_force_per_coil": [
          174860.0368898015,
          1115985.52547313,
          368112.9467956301,
          262453.8432694166
        ],
        "final_max_torque_per_coil": [
          41886.25580174663,
          620281.9572959624,
          53571.49063727137,
          43074.70645359934
        ],
        "final_max_max_coil_torque": 620281.9572959624,
        "final_avg_max_coil_torque": 189703.60254714492,
        "avg_BdotN_over_B": 0.001945464571241161,
        "max_BdotN_over_B": 0.01094231608637086,
        "lagrange_multipliers": null,
        "output_directory": "/Users/akaptanoglu/actions-runner/_work/stellcoilbench/stellcoilbench/cases/done/2026-03-17_093712_23185/order_4",
        "flux_threshold": 1.5e-05,
        "cc_threshold": 0.10500000000000001,
        "cs_threshold": 0.3723443051151617,
        "msc_threshold": 36.65070607404414,
        "arclength_variation_threshold": 0.0,
        "curvature_threshold": 67.06362697255929,
        "force_threshold": 0.0,
        "torque_threshold": 0.0,
        "timing": {
          "coil_initialization": 0.19853095896542072,
          "biotsavart_setup": 1.2642903339583427,
          "objective_setup": 0.024920167052187026,
          "coil_optimization": 119.96494512504432,
          "save_and_metrics": 0.8287006670143455
        },
        "fourier_order": 4,
        "continuation_step": 1
      },
      {
        "initial_B_field": 1.0931499349070544,
        "final_B_field": 1.0945823394646195,
        "target_B_field": 1.0,
        "optimization_time": 49.69412684440613,
        "walltime_sec": 49.69412684440613,
        "iterations_used": 500,
        "final_squared_flux": 0.0,
        "optimization_success": true,
        "optimization_message": "Completed",
        "optimization_nfev": 500,
        "optimization_njev": null,
        "_cached_thresholds": {
          "length_threshold": 19.80141933783816,
          "flux_threshold": 1.5e-05,
          "cc_threshold": 0.10500000000000001,
          "cs_threshold": 0.3723443051151617,
          "msc_threshold": 36.65070607404414,
          "curvature_threshold": 67.06362697255929,
          "force_threshold": 0.0,
          "torque_threshold": 0.0,
          "finite_build_width": 0.05,
          "major_radius": 1.0098736979848935,
          "minor_radius": 0.16831206437162433,
          "a0": 10.100286074838271,
          "arclength_variation_threshold": 0.0,
          "coil_width": 0.039602838675676315
        },
        "final_min_cs_separation": 0.37062506010928514,
        "final_min_cc_separation": 0.10495803146437803,
        "final_length_per_coil": [
          4.634157418739305,
          6.838387718160037,
          4.260189807736537,
          4.06012118529763
        ],
        "final_current_per_coil": [
          114506.25625254266,
          726166.554752436,
          197533.8540203734,
          211868.959610112
        ],
        "total_current_before": 1250075.624635464,
        "total_current_after": 1250075.624635464,
        "final_total_length": 19.79285612993351,
        "final_max_curvature": 3.122119468112405,
        "final_average_curvature": 1.8025187765319943,
        "final_arclength_variation": 0.0003466330722036655,
        "final_mean_squared_curvature": 4.5163954380228715,
        "final_max_torsion": 31.796023566111487,
        "final_linking_number": 0,
        "coils_linked_to_surface": true,
        "final_max_max_coil_force": 1083020.9717621137,
        "final_avg_max_coil_force": 463514.7280476183,
        "final_max_force_per_coil": [
          174616.1175993019,
          1083020.9717621137,
          358168.6188351104,
          238253.20399394713
        ],
        "final_max_torque_per_coil": [
          46657.92711246154,
          567555.8701774046,
          61911.843337085396,
          37617.62221942805
        ],
        "final_max_max_coil_torque": 567555.8701774046,
        "final_avg_max_coil_torque": 178435.8157115949,
        "avg_BdotN_over_B": 0.0015589755924860131,
        "max_BdotN_over_B": 0.00834936694912867,
        "lagrange_multipliers": null,
        "output_directory": "/Users/akaptanoglu/actions-runner/_work/stellcoilbench/stellcoilbench/cases/done/2026-03-17_093712_23185/order_8",
        "flux_threshold": 1.5e-05,
        "cc_threshold": 0.10500000000000001,
        "cs_threshold": 0.3723443051151617,
        "msc_threshold": 36.65070607404414,
        "arclength_variation_threshold": 0.0,
        "curvature_threshold": 67.06362697255929,
        "force_threshold": 0.0,
        "torque_threshold": 0.0,
        "timing": {
          "coil_initialization": 5.84055669605732e-07,
          "biotsavart_setup": 0.003435333026573062,
          "objective_setup": 0.0055974581046029925,
          "coil_optimization": 49.694160916958936,
          "save_and_metrics": 0.9012618330307305
        },
        "fourier_order": 8,
        "continuation_step": 2
      },
      {
        "initial_B_field": 1.0945823394646195,
        "final_B_field": 1.0946548050877511,
        "target_B_field": 1.0,
        "optimization_time": 36.56902813911438,
        "walltime_sec": 36.56902813911438,
        "iterations_used": 500,
        "final_squared_flux": 0.0,