{
  "metadata": {
    "contact": "auto",
    "hardware": "CPU: self-hosted runner",
    "run_date": "2026-03-20T14:46:48.887419",
    "iterations_used": 500,
    "walltime_sec": 794.4478797912598,
    "tags": [
      "explore"
    ],
    "parent_ids": []
  },
  "version_info": {
    "stellcoilbench_commit": "c9558e1e7fc37cc7dff149e1777800e970db5c37",
    "stellcoilbench_branch": "main",
    "simsopt_version": "0.1.dev5668+ga79006b0b",
    "simsopt_commit": "a79006b0b"
  },
  "metrics": {
    "fourier_continuation": true,
    "fourier_orders": [
      4,
      8,
      16
    ],
    "final_order": 16,
    "continuation_results": [
      {
        "initial_B_field": 1.0000008292436955,
        "final_B_field": 0.05486408409301628,
        "target_B_field": 1.0,
        "optimization_time": 636.4330868721008,
        "walltime_sec": 636.4330868721008,
        "iterations_used": 500,
        "final_squared_flux": 0.0002889294930606045,
        "optimization_success": true,
        "optimization_message": "Completed",
        "optimization_nfev": 500,
        "optimization_njev": null,
        "_cached_thresholds": {
          "length_threshold": 16.743090121109056,
          "flux_threshold": 1e-08,
          "cc_threshold": 0.10500000000000001,
          "cs_threshold": 0.1752425611398677,
          "msc_threshold": 15.685744274223834,
          "curvature_threshold": 6.231876508175214,
          "force_threshold": 1433.2305940195508,
          "torque_threshold": 0.0,
          "finite_build_width": 0.05,
          "major_radius": 1.0098736979848935,
          "minor_radius": 0.16831206437162433,
          "a0": 10.100286074838271,
          "arclength_variation_threshold": 0.0,
          "coil_width": 0.039602838675676315
        },
        "final_min_cs_separation": 0.02415412665784949,
        "final_min_cc_separation": 0.0941647191323061,
        "final_length_per_coil": [
          2.299769557588111,
          1.6055883385820904,
          3.3745660270577744,
          3.0201234240839625,
          3.0183617787610615,
          3.065640035311518
        ],
        "final_current_per_coil": [
          6959.640220128912,
          1186901.9118756095,
          33091.191619398676,
          17378.791585977808,
          4054.2465395678255,
          1616.2906136896927
        ],
        "total_current_before": 1250002.0724543727,
        "total_current_after": 1250002.0724543724,
        "final_total_length": 16.384049161384517,
        "final_max_curvature": 6.398763450108101,
        "final_average_curvature": 3.207349817730736,
        "final_arclength_variation": 0.05488533206977727,
        "final_mean_squared_curvature": 15.71866295305868,
        "final_max_torsion": 827.4269249486927,
        "final_linking_number": 0,
        "coils_linked_to_surface": false,
        "final_max_max_coil_force": 1867671.9827666634,
        "final_avg_max_coil_force": 313570.9566129584,
        "final_max_force_per_coil": [
          3075.9918867680517,
          1867671.9827666634,
          6012.658391455769,
          3638.2851379497542,
          785.5501962336476,
          241.27129867969816
        ],
        "final_max_torque_per_coil": [
          1221.9523278219267,
          69579.55313716046,
          2308.8325716411746,
          2036.628898676072,
          465.70392042134836,
          124.09604069834316
        ],
        "final_max_max_coil_torque": 69579.55313716046,
        "final_avg_max_coil_torque": 12622.794482736557,
        "avg_BdotN_over_B": 0.1328486736028437,
        "max_BdotN_over_B": 0.9970094408114641,
        "lagrange_multipliers": null,
        "output_directory": "/Users/akaptanoglu/actions-runner/_work/stellcoilbench/stellcoilbench/cases/done/2026-03-20_140438_20270/order_4",
        "flux_threshold": 1e-08,
        "cc_threshold": 0.10500000000000001,
        "cs_threshold": 0.1752425611398677,
        "msc_threshold": 15.685744274223834,
        "arclength_variation_threshold": 0.0,
        "curvature_threshold": 6.231876508175214,
        "force_threshold": 1433.2305940195508,
        "torque_threshold": 0.0,
        "timing": {
          "coil_initialization": 0.31162537494674325,
          "biotsavart_setup": 1.4996237501036376,
          "objective_setup": 0.03193683293648064,
          "coil_optimization": 636.435449416982,
          "save_and_metrics": 1.0026697081048042
        },
        "fourier_order": 4,
        "continuation_step": 1
      },
      {
        "initial_B_field": 0.05486408409301628,
        "final_B_field": 0.053479000732170004,
        "target_B_field": 1.0,
        "optimization_time": 805.7019608020782,
        "walltime_sec": 805.7019608020782,
        "iterations_used": 500,
        "final_squared_flux": 0.00035528671895697003,
        "optimization_success": true,
        "optimization_message": "Completed",
        "optimization_nfev": 500,
        "optimization_njev": null,
        "_cached_thresholds": {
          "length_threshold": 16.743090121109056,
          "flux_threshold": 1e-08,
          "cc_threshold": 0.10500000000000001,
          "cs_threshold": 0.1752425611398677,
          "msc_threshold": 15.685744274223834,
          "curvature_threshold": 6.231876508175214,
          "force_threshold": 1433.2305940195508,
          "torque_threshold": 0.0,
          "finite_build_width": 0.05,
          "major_radius": 1.0098736979848935,
          "minor_radius": 0.16831206437162433,
          "a0": 10.100286074838271,
          "arclength_variation_threshold": 0.0,
          "coil_width": 0.039602838675676315
        },
        "final_min_cs_separation": 0.02326261396954102,
        "final_min_cc_separation": 0.08678730952517243,
        "final_length_per_coil": [
          2.298684236296964,
          1.6023869400285224,
          3.3265555113720424,
          3.0664799641432055,
          2.957203582719031,
          3.0042382541373915
        ],
        "final_current_per_coil": [
          6685.536537956918,
          1189842.726962093,
          27053.0593267645,
          18794.932745453436,
          4823.257515603411,
          2802.559366501402
        ],
        "total_current_before": 1250002.0724543724,
        "total_current_after": 1250002.0724543727,
        "final_total_length": 16.25554848869716,
        "final_max_curvature": 6.330274207866008,
        "final_average_curvature": 3.3814269358005475,
        "final_arclength_variation": 0.04552154161221486,
        "final_mean_squared_curvature": 15.902774042362749,
        "final_max_torsion": 840.2235433101298,
        "final_linking_number": 0,
        "coils_linked_to_surface": false,
        "final_max_max_coil_force": 481574.9091064159,
        "final_avg_max_coil_force": 82418.0705658627,
        "final_max_force_per_coil": [
          2790.6105751177456,
          481574.9091064159,
          4002.859154039396,
          4608.694698310583,
          1069.5348831053295,
          461.81497818725916
        ],
        "final_max_torque_per_coil": [
          1113.5129032192963,
          16953.18698390662,
          1802.630686711039,
          2573.0097267585675,
          365.3215921567938,
          147.57301600195413
        ],
        "final_max_max_coil_torque": 16953.18698390662,
        "final_avg_max_coil_torque": 3825.8724847923786,
        "avg_BdotN_over_B": 0.1404612670578203,
        "max_BdotN_over_B": 0.9999650899019417,
        "lagrange_multipliers": null,
        "output_directory": "/Users/akaptanoglu/actions-runner/_work/stellcoilbench/stellcoilbench/cases/done/2026-03-20_140438_20270/order_8",
        "flux_threshold": 1e-08,
        "cc_threshold": 0.10500000000000001,
        "cs_threshold": 0.1752425611398677,
        "msc_threshold": 15.685744274223834,
        "arclength_variation_threshold": 0.0,
        "curvature_threshold": 6.231876508175214,
        "force_threshold": 1433.2305940195508,
        "torque_threshold": 0.0,