{
  "metadata": {
    "contact": "auto",
    "hardware": "CPU: self-hosted runner",
    "run_date": "2026-03-18T02:02:38.504944",
    "iterations_used": 500,
    "walltime_sec": 159.36072778701782
  },
  "version_info": {
    "stellcoilbench_commit": "1da888ff8ae9bcf99e1992f58c2cf4d23ea5e987",
    "stellcoilbench_branch": "main",
    "simsopt_version": "0.1.dev5668+ga79006b0b",
    "simsopt_commit": "a79006b0b"
  },
  "metrics": {
    "fourier_continuation": true,
    "fourier_orders": [
      4,
      8,
      16
    ],
    "final_order": 16,
    "continuation_results": [
      {
        "initial_B_field": 1.0001867526877442,
        "final_B_field": 1.0970362855130005,
        "target_B_field": 1.0,
        "optimization_time": 89.36495113372803,
        "walltime_sec": 89.36495113372803,
        "iterations_used": 500,
        "final_squared_flux": 0.0003777270531479519,
        "optimization_success": true,
        "optimization_message": "Completed",
        "optimization_nfev": 500,
        "optimization_njev": null,
        "_cached_thresholds": {
          "length_threshold": 12.342224673274522,
          "flux_threshold": 1e-08,
          "cc_threshold": 0.10500000000000001,
          "cs_threshold": 0.14583745342317803,
          "msc_threshold": 19.544053554812056,
          "curvature_threshold": 19.74605927630882,
          "force_threshold": 1821.0815792933404,
          "torque_threshold": 0.0,
          "finite_build_width": 0.05,
          "major_radius": 1.0098736979848935,
          "minor_radius": 0.16831206437162433,
          "a0": 10.100286074838271,
          "arclength_variation_threshold": 0.0,
          "coil_width": 0.039602838675676315
        },
        "final_min_cs_separation": 0.26278514901884376,
        "final_min_cc_separation": 0.19478530430962215,
        "final_length_per_coil": [
          4.516203979841425,
          4.133053439316332,
          3.7028167283691436
        ],
        "final_current_per_coil": [
          468632.77199677104,
          426750.47615230305,
          355059.92235806095
        ],
        "total_current_before": 1250443.170507135,
        "total_current_after": 1250443.170507135,
        "final_total_length": 12.3520741475269,
        "final_max_curvature": 3.3187668062070306,
        "final_average_curvature": 1.9237233180321853,
        "final_arclength_variation": 0.005076205464879701,
        "final_mean_squared_curvature": 5.018129371496986,
        "final_max_torsion": 32.54025631870638,
        "final_linking_number": 0,
        "coils_linked_to_surface": true,
        "final_max_max_coil_force": 385988.76046053506,
        "final_avg_max_coil_force": 339873.1976813161,
        "final_max_force_per_coil": [
          385988.76046053506,
          357104.4871087309,
          276526.3454746824
        ],
        "final_max_torque_per_coil": [
          156460.87162113638,
          120415.06022065153,
          68208.7770679127
        ],
        "final_max_max_coil_torque": 156460.87162113638,
        "final_avg_max_coil_torque": 115028.23630323353,
        "avg_BdotN_over_B": 0.00894288277605643,
        "max_BdotN_over_B": 0.03006898666051449,
        "lagrange_multipliers": null,
        "output_directory": "/Users/akaptanoglu/actions-runner/_work/stellcoilbench/stellcoilbench/cases/done/2026-03-18_015617_84441/order_4",
        "flux_threshold": 1e-08,
        "cc_threshold": 0.10500000000000001,
        "cs_threshold": 0.14583745342317803,
        "msc_threshold": 19.544053554812056,
        "arclength_variation_threshold": 0.0,
        "curvature_threshold": 19.74605927630882,
        "force_threshold": 1821.0815792933404,
        "torque_threshold": 0.0,
        "timing": {
          "coil_initialization": 0.1411800419446081,
          "biotsavart_setup": 1.239538541994989,
          "objective_setup": 0.03853308397810906,
          "coil_optimization": 89.36501979094464,
          "save_and_metrics": 0.7463103330228478
        },
        "fourier_order": 4,
        "continuation_step": 1
      },
      {
        "initial_B_field": 1.0970362855130005,
        "final_B_field": 1.096123424544301,
        "target_B_field": 1.0,
        "optimization_time": 64.52036619186401,
        "walltime_sec": 64.52036619186401,
        "iterations_used": 500,
        "final_squared_flux": 0.00034358966730887764,
        "optimization_success": true,
        "optimization_message": "Completed",
        "optimization_nfev": 500,
        "optimization_njev": null,
        "_cached_thresholds": {
          "length_threshold": 12.342224673274522,
          "flux_threshold": 1e-08,
          "cc_threshold": 0.10500000000000001,
          "cs_threshold": 0.14583745342317803,
          "msc_threshold": 19.544053554812056,
          "curvature_threshold": 19.74605927630882,
          "force_threshold": 1821.0815792933404,
          "torque_threshold": 0.0,
          "finite_build_width": 0.05,
          "major_radius": 1.0098736979848935,
          "minor_radius": 0.16831206437162433,
          "a0": 10.100286074838271,
          "arclength_variation_threshold": 0.0,
          "coil_width": 0.039602838675676315
        },
        "final_min_cs_separation": 0.257917784724248,
        "final_min_cc_separation": 0.20894656143280793,
        "final_length_per_coil": [
          4.495742373950785,
          4.129497543992576,
          3.722923001960504
        ],
        "final_current_per_coil": [
          465342.1486986098,
          425359.910670359,
          359741.1111381664
        ],
        "total_current_before": 1250443.170507135,
        "total_current_after": 1250443.170507135,
        "final_total_length": 12.348162919903865,
        "final_max_curvature": 4.296548895494751,
        "final_average_curvature": 1.9794913993864605,
        "final_arclength_variation": 0.0020564986268850885,
        "final_mean_squared_curvature": 5.558129695890531,
        "final_max_torsion": 111.77955564997764,
        "final_linking_number": 0,
        "coils_linked_to_surface": true,
        "final_max_max_coil_force": 384450.94619009073,
        "final_avg_max_coil_force": 297170.0329545723,
        "final_max_force_per_coil": [
          384450.94619009073,
          295828.97577349364,
          211230.17690013256
        ],
        "final_max_torque_per_coil": [
          118439.88640674742,
          91741.47568265197,
          48896.63918864203
        ],
        "final_max_max_coil_torque": 118439.88640674742,
        "final_avg_max_coil_torque": 86359.33375934714,
        "avg_BdotN_over_B": 0.008559080483406869,
        "max_BdotN_over_B": 0.029692871012697117,
        "lagrange_multipliers": null,
        "output_directory": "/Users/akaptanoglu/actions-runner/_work/stellcoilbench/stellcoilbench/cases/done/2026-03-18_015617_84441/order_8",
        "flux_threshold": 1e-08,
        "cc_threshold": 0.10500000000000001,
        "cs_threshold": 0.14583745342317803,
        "msc_threshold": 19.544053554812056,
        "arclength_variation_threshold": 0.0,
        "curvature_threshold": 19.74605927630882,
        "force_threshold": 1821.0815792933404,
        "torque_threshold": 0.0,
        "timing": {
          "coil_initialization": 6.660120561718941e-07,
          "biotsavart_setup": 0.0024644170189276338,
          "objective_setup": 0.004686665954068303,
          "coil_optimization": 64.5204166250769,
          "save_and_metrics": 0.7697071660077199
        },
        "fourier_order": 8,
        "continuation_step": 2
      },
      {
        "initial_B_field": 1.096123424544301,
        "final_B_field": 1.09582433198989,
        "target_B_field": 1.0,
        "optimization_time": 159.36072778701782,
        "walltime_sec": 159.36072778701782,
        "iterations_used": 500,
        "final_squared_flux": 0.00034302191537391685,
        "optimization_success": true,
        "optimization_message": "Completed",
        "optimization_nfev": 500,
        "optimization_njev": null,