{
  "metadata": {
    "contact": "auto",
    "hardware": "CPU: self-hosted runner",
    "run_date": "2026-03-18T00:45:49.617404",
    "iterations_used": 500,
    "walltime_sec": 226.71375799179077
  },
  "version_info": {
    "stellcoilbench_commit": "a780b0496a99a5b0dc806d758e03f1c30db8ed2e",
    "stellcoilbench_branch": "main",
    "simsopt_version": "0.1.dev5668+ga79006b0b",
    "simsopt_commit": "a79006b0b"
  },
  "metrics": {
    "fourier_continuation": true,
    "fourier_orders": [
      4,
      8,
      16
    ],
    "final_order": 16,
    "continuation_results": [
      {
        "initial_B_field": 1.0001867526877442,
        "final_B_field": 1.0979313017391021,
        "target_B_field": 1.0,
        "optimization_time": 193.98222064971924,
        "walltime_sec": 193.98222064971924,
        "iterations_used": 500,
        "final_squared_flux": 2.4513403399446887e-05,
        "optimization_success": true,
        "optimization_message": "Completed",
        "optimization_nfev": 500,
        "optimization_njev": null,
        "_cached_thresholds": {
          "length_threshold": 17.697518533192852,
          "flux_threshold": 1e-08,
          "cc_threshold": 0.13603575085094816,
          "cs_threshold": 0.21029107336784125,
          "msc_threshold": 8.53474173323834,
          "curvature_threshold": 10.292191510260198,
          "force_threshold": 2185.701906595002,
          "torque_threshold": 0.0,
          "finite_build_width": 0.05,
          "major_radius": 1.0098736979848935,
          "minor_radius": 0.16831206437162433,
          "a0": 10.100286074838271,
          "arclength_variation_threshold": 0.0,
          "coil_width": 0.039602838675676315
        },
        "final_min_cs_separation": 0.31466358744807077,
        "final_min_cc_separation": 0.1353750081584821,
        "final_length_per_coil": [
          6.309086365784347,
          6.0883769061216775,
          5.30348036731671
        ],
        "final_current_per_coil": [
          404982.889434458,
          472508.091384177,
          372952.18968850013
        ],
        "total_current_before": 1250443.170507135,
        "total_current_after": 1250443.170507135,
        "final_total_length": 17.700943639222732,
        "final_max_curvature": 2.3650160017519735,
        "final_average_curvature": 1.4662709142016686,
        "final_arclength_variation": 0.0022189696416397677,
        "final_mean_squared_curvature": 2.9381216264010415,
        "final_max_torsion": 42.631875048482186,
        "final_linking_number": 0,
        "coils_linked_to_surface": true,
        "final_max_max_coil_force": 687974.085939794,
        "final_avg_max_coil_force": 580906.4904830692,
        "final_max_force_per_coil": [
          519794.1701869181,
          687974.085939794,
          534951.2153224957
        ],
        "final_max_torque_per_coil": [
          332326.40762482875,
          468637.825550069,
          214776.03434330798
        ],
        "final_max_max_coil_torque": 468637.825550069,
        "final_avg_max_coil_torque": 338580.0891727352,
        "avg_BdotN_over_B": 0.002164325505275383,
        "max_BdotN_over_B": 0.009069628793363418,
        "lagrange_multipliers": null,
        "output_directory": "/Users/akaptanoglu/actions-runner/_work/stellcoilbench/stellcoilbench/cases/done/2026-03-18_003146_78337/order_4",
        "flux_threshold": 1e-08,
        "cc_threshold": 0.13603575085094816,
        "cs_threshold": 0.21029107336784125,
        "msc_threshold": 8.53474173323834,
        "arclength_variation_threshold": 0.0,
        "curvature_threshold": 10.292191510260198,
        "force_threshold": 2185.701906595002,
        "torque_threshold": 0.0,
        "timing": {
          "coil_initialization": 0.14498324994929135,
          "biotsavart_setup": 1.2794582500355318,
          "objective_setup": 0.04477333300746977,
          "coil_optimization": 193.98238083301112,
          "save_and_metrics": 0.7883344159927219
        },
        "fourier_order": 4,
        "continuation_step": 1
      },
      {
        "initial_B_field": 1.0979313017391021,
        "final_B_field": 1.0961922555831047,
        "target_B_field": 1.0,
        "optimization_time": 309.9757270812988,
        "walltime_sec": 309.9757270812988,
        "iterations_used": 500,
        "final_squared_flux": 6.019680149551497e-06,
        "optimization_success": true,
        "optimization_message": "Completed",
        "optimization_nfev": 500,
        "optimization_njev": null,
        "_cached_thresholds": {
          "length_threshold": 17.697518533192852,
          "flux_threshold": 1e-08,
          "cc_threshold": 0.13603575085094816,
          "cs_threshold": 0.21029107336784125,
          "msc_threshold": 8.53474173323834,
          "curvature_threshold": 10.292191510260198,
          "force_threshold": 2185.701906595002,
          "torque_threshold": 0.0,
          "finite_build_width": 0.05,
          "major_radius": 1.0098736979848935,
          "minor_radius": 0.16831206437162433,
          "a0": 10.100286074838271,
          "arclength_variation_threshold": 0.0,
          "coil_width": 0.039602838675676315
        },
        "final_min_cs_separation": 0.3041462873103628,
        "final_min_cc_separation": 0.13592192172301254,
        "final_length_per_coil": [
          5.849294721719217,
          5.920777166592696,
          5.927614564568347
        ],
        "final_current_per_coil": [
          428036.45803600317,
          323625.65092122153,
          498781.06154991034
        ],
        "total_current_before": 1250443.170507135,
        "total_current_after": 1250443.170507135,
        "final_total_length": 17.697686452880262,
        "final_max_curvature": 4.605396715511998,
        "final_average_curvature": 1.7678238884482842,
        "final_arclength_variation": 0.0006942655533240394,
        "final_mean_squared_curvature": 5.786340610860934,
        "final_max_torsion": 54.09141892610684,
        "final_linking_number": 0,
        "coils_linked_to_surface": true,
        "final_max_max_coil_force": 512298.8288298134,
        "final_avg_max_coil_force": 489711.16152558103,
        "final_max_force_per_coil": [
          464255.1669609363,
          492579.48878599325,
          512298.8288298134
        ],
        "final_max_torque_per_coil": [
          300038.0074842972,
          422082.98825659306,
          218178.99758321565
        ],
        "final_max_max_coil_torque": 422082.98825659306,
        "final_avg_max_coil_torque": 313433.3311080353,
        "avg_BdotN_over_B": 0.0010744783508747982,
        "max_BdotN_over_B": 0.004320241538736993,
        "lagrange_multipliers": null,
        "output_directory": "/Users/akaptanoglu/actions-runner/_work/stellcoilbench/stellcoilbench/cases/done/2026-03-18_003146_78337/order_8",
        "flux_threshold": 1e-08,
        "cc_threshold": 0.13603575085094816,
        "cs_threshold": 0.21029107336784125,
        "msc_threshold": 8.53474173323834,
        "arclength_variation_threshold": 0.0,
        "curvature_threshold": 10.292191510260198,
        "force_threshold": 2185.701906595002,
        "torque_threshold": 0.0,
        "timing": {
          "coil_initialization": 6.669433787465096e-07,
          "biotsavart_setup": 0.0026696249842643738,
          "objective_setup": 0.004591249977238476,
          "coil_optimization": 309.9759789160453,
          "save_and_metrics": 0.7135162920458242
        },
        "fourier_order": 8,
        "continuation_step": 2
      },
      {
        "initial_B_field": 1.0961922555831047,
        "final_B_field": 1.0972777004437893,
        "target_B_field": 1.0,
        "optimization_time": 226.71375799179077,
        "walltime_sec": 226.71375799179077,
        "iterations_used": 500,
        "final_squared_flux": 4.23838379121189e-06,
        "optimization_success": true,
        "optimization_message": "Completed",
        "optimization_nfev": 500,
        "optimization_njev": null,