{
  "metadata": {
    "contact": "auto",
    "hardware": "CPU: self-hosted runner",
    "run_date": "2026-03-30T06:34:58.925784",
    "iterations_used": 500,
    "walltime_sec": 148.2359380722046,
    "tags": [
      "explore"
    ],
    "parent_ids": []
  },
  "version_info": {
    "stellcoilbench_commit": "03ab30e694afba094732e460fdeac7fbbaf04149",
    "stellcoilbench_branch": "main",
    "simsopt_version": "0.1.dev5668+ga79006b0b",
    "simsopt_commit": "a79006b0b"
  },
  "metrics": {
    "fourier_continuation": true,
    "fourier_orders": [
      4,
      8,
      16
    ],
    "final_order": 16,
    "continuation_results": [
      {
        "initial_B_field": 2.5000086086152167,
        "final_B_field": 2.773989397032353,
        "target_B_field": 2.5,
        "optimization_time": 666.4650297164917,
        "walltime_sec": 666.4650297164917,
        "iterations_used": 500,
        "final_squared_flux": 0.039230129420042885,
        "optimization_success": true,
        "optimization_message": "Completed",
        "optimization_nfev": 500,
        "optimization_njev": null,
        "_cached_thresholds": {
          "length_threshold": 48.93063715979496,
          "flux_threshold": 1e-08,
          "cc_threshold": 0.24785932633867913,
          "cs_threshold": 0.3338702119711312,
          "msc_threshold": 32.22366540723393,
          "curvature_threshold": 6.581620405806085,
          "force_threshold": 1259.558010633072,
          "torque_threshold": 0.0,
          "finite_build_width": 0.10789896047081801,
          "major_radius": 5.483631261799852,
          "minor_radius": 0.5240806651439732,
          "a0": 3.2437754587511507,
          "arclength_variation_threshold": 0.0,
          "coil_width": 0.12331309768093489
        },
        "final_min_cs_separation": 0.29692184569850255,
        "final_min_cc_separation": 0.1918178340375852,
        "final_length_per_coil": [
          12.57220018877792,
          12.044140660444247,
          15.187213378814345,
          9.221162404640728
        ],
        "final_current_per_coil": [
          2689203.3316948423,
          1635415.6037242773,
          1972076.3762078749,
          578351.9992323695
        ],
        "total_current_before": 6875047.310859364,
        "total_current_after": 6875047.3108593635,
        "final_total_length": 49.02471663267725,
        "final_max_curvature": 1.8277730094114486,
        "final_average_curvature": 0.8393569494238355,
        "final_arclength_variation": 0.0739936724598162,
        "final_mean_squared_curvature": 1.4879282797185982,
        "final_max_torsion": 7.6731111875549765,
        "final_linking_number": 0,
        "coils_linked_to_surface": true,
        "final_max_max_coil_force": 4863768.618049504,
        "final_avg_max_coil_force": 3534878.044953146,
        "final_max_force_per_coil": [
          4616869.791945934,
          3545030.7829441354,
          4863768.618049504,
          1113842.9868730092
        ],
        "final_max_torque_per_coil": [
          5217793.71568309,
          5254933.033372744,
          6235454.395768849,
          693859.6643050187
        ],
        "final_max_max_coil_torque": 6235454.395768849,
        "final_avg_max_coil_torque": 4350510.202282425,
        "avg_BdotN_over_B": 0.008580448818260377,
        "max_BdotN_over_B": 0.059259367685053375,
        "lagrange_multipliers": null,
        "output_directory": "/Users/akaptanoglu/actions-runner/_work/stellcoilbench/stellcoilbench/cases/done/2026-03-30_054948_59245/order_4",
        "flux_threshold": 1e-08,
        "cc_threshold": 0.24785932633867913,
        "cs_threshold": 0.3338702119711312,
        "msc_threshold": 32.22366540723393,
        "arclength_variation_threshold": 0.0,
        "curvature_threshold": 6.581620405806085,
        "force_threshold": 1259.558010633072,
        "torque_threshold": 0.0,
        "timing": {
          "coil_initialization": 0.5806920831091702,
          "biotsavart_setup": 2.094016500050202,
          "objective_setup": 0.04065179219469428,
          "coil_optimization": 666.465519416146,
          "save_and_metrics": 1.5743444170802832
        },
        "fourier_order": 4,
        "continuation_step": 1
      },
      {
        "initial_B_field": 2.773989397032353,
        "final_B_field": 2.815570494016396,
        "target_B_field": 2.5,
        "optimization_time": 1511.3290438652039,
        "walltime_sec": 1511.3290438652039,
        "iterations_used": 500,
        "final_squared_flux": 0.12512149736617198,
        "optimization_success": true,
        "optimization_message": "Completed",
        "optimization_nfev": 500,
        "optimization_njev": null,
        "_cached_thresholds": {
          "length_threshold": 48.93063715979496,
          "flux_threshold": 1e-08,
          "cc_threshold": 0.24785932633867913,
          "cs_threshold": 0.3338702119711312,
          "msc_threshold": 32.22366540723393,
          "curvature_threshold": 6.581620405806085,
          "force_threshold": 1259.558010633072,
          "torque_threshold": 0.0,
          "finite_build_width": 0.10789896047081801,
          "major_radius": 5.483631261799852,
          "minor_radius": 0.5240806651439732,
          "a0": 3.2437754587511507,
          "arclength_variation_threshold": 0.0,
          "coil_width": 0.12331309768093489
        },
        "final_min_cs_separation": 0.2875017514401094,
        "final_min_cc_separation": 0.11536499364255913,
        "final_length_per_coil": [
          12.462000280662682,
          12.043415718887152,
          15.191197991610009,
          9.259552117770866
        ],
        "final_current_per_coil": [
          2689112.073947059,
          1634559.6212557214,
          1972092.7665232643,
          579282.8491333192
        ],
        "total_current_before": 6875047.3108593635,
        "total_current_after": 6875047.3108593635,
        "final_total_length": 48.95616610893071,
        "final_max_curvature": 2.4499260646463306,
        "final_average_curvature": 0.7963173609234653,
        "final_arclength_variation": 0.5187044670344341,
        "final_mean_squared_curvature": 1.7177338942882554,
        "final_max_torsion": 1.099992319471016,
        "final_linking_number": 0,
        "coils_linked_to_surface": true,
        "final_max_max_coil_force": 6725985.5529853,
        "final_avg_max_coil_force": 4352728.170624415,
        "final_max_force_per_coil": [
          4128006.836590417,
          5421085.878366895,
          6725985.5529853,
          1135834.4145550514
        ],
        "final_max_torque_per_coil": [
          6920960.018566086,
          5353860.65489639,
          7868750.854405709,
          768234.0336136128
        ],
        "final_max_max_coil_torque": 7868750.854405709,
        "final_avg_max_coil_torque": 5227951.390370449,
        "avg_BdotN_over_B": 0.014395556139320196,
        "max_BdotN_over_B": 0.07255169926299372,
        "lagrange_multipliers": null,
        "output_directory": "/Users/akaptanoglu/actions-runner/_work/stellcoilbench/stellcoilbench/cases/done/2026-03-30_054948_59245/order_8",
        "flux_threshold": 1e-08,
        "cc_threshold": 0.24785932633867913,
        "cs_threshold": 0.3338702119711312,
        "msc_threshold": 32.22366540723393,
        "arclength_variation_threshold": 0.0,
        "curvature_threshold": 6.581620405806085,
        "force_threshold": 1259.558010633072,
        "torque_threshold": 0.0,
        "timing": {
          "coil_initialization": 7.501803338527679e-07,
          "biotsavart_setup": 0.004657666897401214,
          "objective_setup": 0.008587915915995836,
          "coil_optimization": 1511.330789375119,
          "save_and_metrics": 1.2324686250649393
        },
        "fourier_order": 8,
        "continuation_step": 2
      },
      {
        "initial_B_field": 2.815570494016396,
        "final_B_field": 2.8155705405542877,
        "target_B_field": 2.5,