{
  "metadata": {
    "contact": "auto",
    "hardware": "CPU: self-hosted runner",
    "run_date": "2026-04-03T02:37:03.650019",
    "iterations_used": 500,
    "walltime_sec": 78.59509706497192,
    "tags": [
      "explore"
    ],
    "parent_ids": []
  },
  "version_info": {
    "stellcoilbench_commit": "05919515725ef4ae2fd0a8647be64ae3584e3a90",
    "stellcoilbench_branch": "main",
    "simsopt_version": "0.1.dev5668+ga79006b0b",
    "simsopt_commit": "a79006b0b"
  },
  "metrics": {
    "fourier_continuation": true,
    "fourier_orders": [
      4,
      8,
      16
    ],
    "final_order": 16,
    "continuation_results": [
      {
        "initial_B_field": 2.50000000044544,
        "final_B_field": 0.06234025482010115,
        "target_B_field": 2.5,
        "optimization_time": 968.3059380054474,
        "walltime_sec": 968.3059380054474,
        "iterations_used": 500,
        "final_squared_flux": 0.02928686991434855,
        "optimization_success": true,
        "optimization_message": "Completed",
        "optimization_nfev": 500,
        "optimization_njev": null,
        "_cached_thresholds": {
          "length_threshold": 36.00125886794894,
          "flux_threshold": 1e-08,
          "cc_threshold": 0.2919437587596133,
          "cs_threshold": 0.2552581121995352,
          "msc_threshold": 31.454890623509904,
          "curvature_threshold": 9.718351274418447,
          "force_threshold": 1193.3849912745482,
          "torque_threshold": 0.0,
          "finite_build_width": 0.10789896047081801,
          "major_radius": 5.483631261799852,
          "minor_radius": 0.5240806651439732,
          "a0": 3.2437754587511507,
          "arclength_variation_threshold": 0.0,
          "coil_width": 0.12331309768093489
        },
        "final_min_cs_separation": 0.051878632653847734,
        "final_min_cc_separation": 0.3854341664977446,
        "final_length_per_coil": [
          6.210163602091439,
          6.069472428165998,
          6.504997698186112,
          4.765447811774922,
          4.950446138612186,
          5.01611976942742
        ],
        "final_current_per_coil": [
          19461.365650045253,
          19296.157829583553,
          77410.69934951064,
          2257583.5481959,
          4382545.5387499165,
          312116.4070331538
        ],
        "total_current_before": 6875000.002449921,
        "total_current_after": 6875000.002449921,
        "final_total_length": 33.51664744825808,
        "final_max_curvature": 4.668465698462993,
        "final_average_curvature": 1.702923755487873,
        "final_arclength_variation": 0.1317749797051883,
        "final_mean_squared_curvature": 6.740429424452493,
        "final_max_torsion": 53.554800111707756,
        "final_linking_number": 0,
        "coils_linked_to_surface": false,
        "final_max_max_coil_force": 14961566.287016047,
        "final_avg_max_coil_force": 3345516.2003097516,
        "final_max_force_per_coil": [
          1318.3881461652397,
          2531.7882442910372,
          90800.06872911732,
          4536191.37976789,
          14961566.287016047,
          480689.2899549993
        ],
        "final_max_torque_per_coil": [
          540.1305264175221,
          1156.4034179450618,
          34608.22669421664,
          2435646.0538359405,
          7522673.255659479,
          77777.42734897997
        ],
        "final_max_max_coil_torque": 7522673.255659479,
        "final_avg_max_coil_torque": 1678733.58291383,
        "avg_BdotN_over_B": 0.20272019883935827,
        "max_BdotN_over_B": 0.9960853306925829,
        "lagrange_multipliers": null,
        "output_directory": "/Users/akaptanoglu/actions-runner/_work/stellcoilbench/stellcoilbench/cases/done/2026-04-03_020413_41696/order_4",
        "flux_threshold": 1e-08,
        "cc_threshold": 0.2919437587596133,
        "cs_threshold": 0.2552581121995352,
        "msc_threshold": 31.454890623509904,
        "arclength_variation_threshold": 0.0,
        "curvature_threshold": 9.718351274418447,
        "force_threshold": 1193.3849912745482,
        "torque_threshold": 0.0,
        "timing": {
          "coil_initialization": 2.89232866599923,
          "biotsavart_setup": 3.2706490409909748,
          "objective_setup": 0.033157333004055545,
          "coil_optimization": 968.2620433339907,
          "save_and_metrics": 2.3076166250102688
        },
        "fourier_order": 4,
        "continuation_step": 1
      },
      {
        "initial_B_field": 0.06234025482010115,
        "final_B_field": 0.06179341864498038,
        "target_B_field": 2.5,
        "optimization_time": 592.0352101325989,
        "walltime_sec": 592.0352101325989,
        "iterations_used": 500,
        "final_squared_flux": 0.029439917316931824,
        "optimization_success": true,
        "optimization_message": "Completed",
        "optimization_nfev": 500,
        "optimization_njev": null,
        "_cached_thresholds": {
          "length_threshold": 36.00125886794894,
          "flux_threshold": 1e-08,
          "cc_threshold": 0.2919437587596133,
          "cs_threshold": 0.2552581121995352,
          "msc_threshold": 31.454890623509904,
          "curvature_threshold": 9.718351274418447,
          "force_threshold": 1193.3849912745482,
          "torque_threshold": 0.0,
          "finite_build_width": 0.10789896047081801,
          "major_radius": 5.483631261799852,
          "minor_radius": 0.5240806651439732,
          "a0": 3.2437754587511507,
          "arclength_variation_threshold": 0.0,
          "coil_width": 0.12331309768093489
        },
        "final_min_cs_separation": 0.05843695194276184,
        "final_min_cc_separation": 0.38506832856779144,
        "final_length_per_coil": [
          6.211133312910351,
          6.068858332822814,
          6.5041796905495595,
          4.7656294747587316,
          4.950599124157247,
          5.009494403534107
        ],
        "final_current_per_coil": [
          19461.365770838398,
          19296.15705637954,
          77410.69931564946,
          2257583.5472040344,
          4382545.539811172,
          312116.4060359057
        ],
        "total_current_before": 6875000.002449921,
        "total_current_after": 6875000.002449921,
        "final_total_length": 33.50989433873281,
        "final_max_curvature": 4.9088668940443085,
        "final_average_curvature": 1.698794254038619,
        "final_arclength_variation": 0.1418423150627101,
        "final_mean_squared_curvature": 6.811766305942928,
        "final_max_torsion": 7.987044696298757,
        "final_linking_number": 0,
        "coils_linked_to_surface": false,
        "final_max_max_coil_force": 7908863.854744253,
        "final_avg_max_coil_force": 1974064.6004556138,
        "final_max_force_per_coil": [
          1284.5056372039871,
          2614.9235867541797,
          91826.23745787189,
          3371323.229086753,
          7908863.854744253,
          468474.8522208477
        ],
        "final_max_torque_per_coil": [
          536.8104806591939,
          1142.0477275194853,
          34502.55588446291,
          1180190.7679141643,
          3417926.3011907022,
          77523.64192117866
        ],
        "final_max_max_coil_torque": 3417926.3011907022,
        "final_avg_max_coil_torque": 785303.6875197812,
        "avg_BdotN_over_B": 0.20330878022032756,
        "max_BdotN_over_B": 0.9959393417503061,
        "lagrange_multipliers": null,
        "output_directory": "/Users/akaptanoglu/actions-runner/_work/stellcoilbench/stellcoilbench/cases/done/2026-04-03_020413_41696/order_8",
        "flux_threshold": 1e-08,
        "cc_threshold": 0.2919437587596133,
        "cs_threshold": 0.2552581121995352,
        "msc_threshold": 31.454890623509904,
        "arclength_variation_threshold": 0.0,
        "curvature_threshold": 9.718351274418447,
        "force_threshold": 1193.3849912745482,
        "torque_threshold": 0.0,