{
  "metadata": {
    "contact": "auto",
    "hardware": "CPU: self-hosted runner",
    "run_date": "2026-03-16T20:20:38.096454",
    "iterations_used": 500,
    "walltime_sec": 237.3608820438385
  },
  "version_info": {
    "stellcoilbench_commit": "594a6ac5fcb5b0465d70301c5326446d89accdee",
    "stellcoilbench_branch": "main",
    "simsopt_version": "0.1.dev5668+ga79006b0b",
    "simsopt_commit": "a79006b0b"
  },
  "metrics": {
    "fourier_continuation": true,
    "fourier_orders": [
      4,
      8,
      16
    ],
    "final_order": 16,
    "continuation_results": [
      {
        "initial_B_field": 1.0000050243934888,
        "final_B_field": 1.0409875771245765,
        "target_B_field": 1.0,
        "optimization_time": 339.18717408180237,
        "walltime_sec": 339.18717408180237,
        "iterations_used": 500,
        "final_squared_flux": 0.031626335066524014,
        "optimization_success": true,
        "optimization_message": "Completed",
        "optimization_nfev": 500,
        "optimization_njev": null,
        "_cached_thresholds": {
          "length_threshold": 11.183841642010991,
          "flux_threshold": 1e-08,
          "cc_threshold": 0.1342536231105427,
          "cs_threshold": 0.18346015016507053,
          "msc_threshold": 9.968982355865373,
          "curvature_threshold": 43.41102954965489,
          "force_threshold": 3888.6101388127345,
          "torque_threshold": 0.0,
          "finite_build_width": 0.05,
          "major_radius": 1.0098736979848935,
          "minor_radius": 0.16831206437162433,
          "a0": 10.100286074838271,
          "arclength_variation_threshold": 0.0,
          "coil_width": 0.039602838675676315
        },
        "final_min_cs_separation": 0.16247308880157774,
        "final_min_cc_separation": 0.12383600831068131,
        "final_length_per_coil": [
          2.4041424658354567,
          2.300942766338718,
          2.243146980904569,
          2.211882290433894,
          2.2050165836163185
        ],
        "final_current_per_coil": [
          301938.65022976144,
          319447.9954042276,
          260390.1205283539,
          157941.7266006315,
          210294.0456769591
        ],
        "total_current_before": 1250012.5384399334,
        "total_current_after": 1250012.5384399334,
        "final_total_length": 11.365131087128956,
        "final_max_curvature": 5.071450749966313,
        "final_average_curvature": 2.914472778725905,
        "final_arclength_variation": 0.012491267150918773,
        "final_mean_squared_curvature": 10.082762382210428,
        "final_max_torsion": 13.738604550492553,
        "final_linking_number": 0,
        "coils_linked_to_surface": true,
        "final_max_max_coil_force": 257967.95523249533,
        "final_avg_max_coil_force": 199679.7523027792,
        "final_max_force_per_coil": [
          198660.95079677782,
          257967.95523249533,
          222637.91984994977,
          135151.98708360147,
          183979.9485510716
        ],
        "final_max_torque_per_coil": [
          46622.97527696741,
          47052.736166767485,
          33196.40608471812,
          18402.411728833336,
          23360.93881111837
        ],
        "final_max_max_coil_torque": 47052.736166767485,
        "final_avg_max_coil_torque": 33727.09361368094,
        "avg_BdotN_over_B": 0.06480690960407554,
        "max_BdotN_over_B": 0.45696974340147556,
        "lagrange_multipliers": null,
        "output_directory": "/Users/akaptanoglu/actions-runner/_work/stellcoilbench/stellcoilbench/cases/done/2026-03-16_200252_34408/order_4",
        "flux_threshold": 1e-08,
        "cc_threshold": 0.1342536231105427,
        "cs_threshold": 0.18346015016507053,
        "msc_threshold": 9.968982355865373,
        "arclength_variation_threshold": 0.0,
        "curvature_threshold": 43.41102954965489,
        "force_threshold": 3888.6101388127345,
        "torque_threshold": 0.0,
        "timing": {
          "coil_initialization": 0.25955850002355874,
          "biotsavart_setup": 1.4034807500429451,
          "objective_setup": 0.0412329169921577,
          "coil_optimization": 339.18748850002885,
          "save_and_metrics": 0.9705667920643464
        },
        "fourier_order": 4,
        "continuation_step": 1
      },
      {
        "initial_B_field": 1.0409875771245765,
        "final_B_field": 1.0410897558724486,
        "target_B_field": 1.0,
        "optimization_time": 381.02554512023926,
        "walltime_sec": 381.02554512023926,
        "iterations_used": 500,
        "final_squared_flux": 0.0316012329435692,
        "optimization_success": true,
        "optimization_message": "Completed",
        "optimization_nfev": 500,
        "optimization_njev": null,
        "_cached_thresholds": {
          "length_threshold": 11.183841642010991,
          "flux_threshold": 1e-08,
          "cc_threshold": 0.1342536231105427,
          "cs_threshold": 0.18346015016507053,
          "msc_threshold": 9.968982355865373,
          "curvature_threshold": 43.41102954965489,
          "force_threshold": 3888.6101388127345,
          "torque_threshold": 0.0,
          "finite_build_width": 0.05,
          "major_radius": 1.0098736979848935,
          "minor_radius": 0.16831206437162433,
          "a0": 10.100286074838271,
          "arclength_variation_threshold": 0.0,
          "coil_width": 0.039602838675676315
        },
        "final_min_cs_separation": 0.16228906953710767,
        "final_min_cc_separation": 0.12671911691089036,
        "final_length_per_coil": [
          2.404014690530614,
          2.3009977296148088,
          2.243722119908103,
          2.212541666254818,
          2.204437653890193
        ],
        "final_current_per_coil": [
          301365.95470238477,
          316588.9758943223,
          255889.28568816616,
          167227.9448335806,
          208940.3773214795
        ],
        "total_current_before": 1250012.5384399334,
        "total_current_after": 1250012.5384399334,
        "final_total_length": 11.365713860198536,
        "final_max_curvature": 5.001732597149954,
        "final_average_curvature": 2.872516217447222,
        "final_arclength_variation": 0.006023002869072751,
        "final_mean_squared_curvature": 9.787821861226513,
        "final_max_torsion": 26.388176813041504,
        "final_linking_number": 0,
        "coils_linked_to_surface": true,
        "final_max_max_coil_force": 209029.53750004768,
        "final_avg_max_coil_force": 169432.25305690212,
        "final_max_force_per_coil": [
          173751.06007588812,
          209029.53750004768,
          182825.20028588502,
          127612.20130819673,
          153943.266114493
        ],
        "final_max_torque_per_coil": [
          37616.89672046901,
          37578.334111271026,
          26547.43138771101,
          16950.51579579658,
          19283.643845924515
        ],
        "final_max_max_coil_torque": 37616.89672046901,
        "final_avg_max_coil_torque": 27595.36437223443,
        "avg_BdotN_over_B": 0.06481512139718337,
        "max_BdotN_over_B": 0.4569191326737439,
        "lagrange_multipliers": null,
        "output_directory": "/Users/akaptanoglu/actions-runner/_work/stellcoilbench/stellcoilbench/cases/done/2026-03-16_200252_34408/order_8",
        "flux_threshold": 1e-08,
        "cc_threshold": 0.1342536231105427,
        "cs_threshold": 0.18346015016507053,
        "msc_threshold": 9.968982355865373,
        "arclength_variation_threshold": 0.0,
        "curvature_threshold": 43.41102954965489,
        "force_threshold": 3888.6101388127345,
        "torque_threshold": 0.0,
        "timing": {
          "coil_initialization": 5.00003807246685e-07,
          "biotsavart_setup": 0.002914082957431674,
          "objective_setup": 0.007660166942514479,
          "coil_optimization": 381.02590804197825,
          "save_and_metrics": 0.9239757499890402
        },
        "fourier_order": 8,