{
  "metadata": {
    "contact": "auto",
    "hardware": "CPU: self-hosted runner",
    "run_date": "2026-03-18T04:00:55.347072",
    "iterations_used": 500,
    "walltime_sec": 16.35576319694519
  },
  "version_info": {
    "stellcoilbench_commit": "72eb61a53bdadc0cfb6402460c531d428c16d63e",
    "stellcoilbench_branch": "main",
    "simsopt_version": "0.1.dev5668+ga79006b0b",
    "simsopt_commit": "a79006b0b"
  },
  "metrics": {
    "fourier_continuation": true,
    "fourier_orders": [
      4,
      8,
      16
    ],
    "final_order": 16,
    "continuation_results": [
      {
        "initial_B_field": 1.0000305513510055,
        "final_B_field": 1.098989417507024,
        "target_B_field": 1.0,
        "optimization_time": 55.982582092285156,
        "walltime_sec": 55.982582092285156,
        "iterations_used": 500,
        "final_squared_flux": 0.0,
        "optimization_success": true,
        "optimization_message": "Completed",
        "optimization_nfev": 500,
        "optimization_njev": null,
        "_cached_thresholds": {
          "length_threshold": 19.80141933783816,
          "flux_threshold": 2.6e-05,
          "cc_threshold": 0.10500000000000001,
          "cs_threshold": 0.04303373159724684,
          "msc_threshold": 12.11824243030236,
          "curvature_threshold": 39.830791244993044,
          "force_threshold": 0.0,
          "torque_threshold": 0.0,
          "finite_build_width": 0.05,
          "major_radius": 1.0098736979848935,
          "minor_radius": 0.16831206437162433,
          "a0": 10.100286074838271,
          "arclength_variation_threshold": 0.0,
          "coil_width": 0.039602838675676315
        },
        "final_min_cs_separation": 0.26463282546229805,
        "final_min_cc_separation": 0.10512730145238834,
        "final_length_per_coil": [
          4.360626770937028,
          4.521306365688604,
          4.563715284203051,
          4.907966752465212
        ],
        "final_current_per_coil": [
          243739.9523677534,
          302012.27837899944,
          294531.6095800023,
          409791.784308709
        ],
        "total_current_before": 1250075.624635464,
        "total_current_after": 1250075.624635464,
        "final_total_length": 18.353615173293896,
        "final_max_curvature": 2.973054690261406,
        "final_average_curvature": 1.8510273508291795,
        "final_arclength_variation": 0.001692764214730968,
        "final_mean_squared_curvature": 4.106839816445599,
        "final_max_torsion": 23.687858284252012,
        "final_linking_number": 0,
        "coils_linked_to_surface": true,
        "final_max_max_coil_force": 478398.61315598147,
        "final_avg_max_coil_force": 346513.1434292658,
        "final_max_force_per_coil": [
          217645.0634930952,
          370518.934947801,
          319489.96212018566,
          478398.61315598147
        ],
        "final_max_torque_per_coil": [
          101321.99433472408,
          173682.3329649922,
          129426.73583156907,
          137328.13052710582
        ],
        "final_max_max_coil_torque": 173682.3329649922,
        "final_avg_max_coil_torque": 135439.7984145978,
        "avg_BdotN_over_B": 0.002165451142222942,
        "max_BdotN_over_B": 0.010311891536081622,
        "lagrange_multipliers": null,
        "output_directory": "/Users/akaptanoglu/actions-runner/_work/stellcoilbench/stellcoilbench/cases/done/2026-03-18_035811_63888/order_4",
        "flux_threshold": 2.6e-05,
        "cc_threshold": 0.10500000000000001,
        "cs_threshold": 0.04303373159724684,
        "msc_threshold": 12.11824243030236,
        "arclength_variation_threshold": 0.0,
        "curvature_threshold": 39.830791244993044,
        "force_threshold": 0.0,
        "torque_threshold": 0.0,
        "timing": {
          "coil_initialization": 0.19097787502687424,
          "biotsavart_setup": 1.2807769998908043,
          "objective_setup": 0.035407125018537045,
          "coil_optimization": 55.98262424999848,
          "save_and_metrics": 0.9709732920164242
        },
        "fourier_order": 4,
        "continuation_step": 1
      },
      {
        "initial_B_field": 1.098989417507024,
        "final_B_field": 1.0989140989841415,
        "target_B_field": 1.0,
        "optimization_time": 22.66235113143921,
        "walltime_sec": 22.66235113143921,
        "iterations_used": 500,
        "final_squared_flux": 0.0,
        "optimization_success": true,
        "optimization_message": "Completed",
        "optimization_nfev": 500,
        "optimization_njev": null,
        "_cached_thresholds": {
          "length_threshold": 19.80141933783816,
          "flux_threshold": 2.6e-05,
          "cc_threshold": 0.10500000000000001,
          "cs_threshold": 0.04303373159724684,
          "msc_threshold": 12.11824243030236,
          "curvature_threshold": 39.830791244993044,
          "force_threshold": 0.0,
          "torque_threshold": 0.0,
          "finite_build_width": 0.05,
          "major_radius": 1.0098736979848935,
          "minor_radius": 0.16831206437162433,
          "a0": 10.100286074838271,
          "arclength_variation_threshold": 0.0,
          "coil_width": 0.039602838675676315
        },
        "final_min_cs_separation": 0.26494594682294403,
        "final_min_cc_separation": 0.1060938762621597,
        "final_length_per_coil": [
          4.361281977379063,
          4.522618823092758,
          4.563808821192596,
          4.908116464168899
        ],
        "final_current_per_coil": [
          243739.9523677534,
          302012.27837899944,
          294531.6095800023,
          409791.784308709
        ],
        "total_current_before": 1250075.624635464,
        "total_current_after": 1250075.624635464,
        "final_total_length": 18.355826085833314,
        "final_max_curvature": 2.8309604844370213,
        "final_average_curvature": 1.8516034981973137,
        "final_arclength_variation": 4.5098921922184435e-05,
        "final_mean_squared_curvature": 4.107493627376689,
        "final_max_torsion": 19.495577653808567,
        "final_linking_number": 0,
        "coils_linked_to_surface": true,
        "final_max_max_coil_force": 427332.79120014026,
        "final_avg_max_coil_force": 323818.42894139694,
        "final_max_force_per_coil": [
          188980.86685757985,
          351208.72633786564,
          327751.331370002,
          427332.79120014026
        ],
        "final_max_torque_per_coil": [
          92366.02182490198,
          176886.2904751775,
          140447.98669646098,
          120003.0087818568
        ],
        "final_max_max_coil_torque": 176886.2904751775,
        "final_avg_max_coil_torque": 132425.82694459934,
        "avg_BdotN_over_B": 0.002165680539328036,
        "max_BdotN_over_B": 0.010275094553551667,
        "lagrange_multipliers": null,
        "output_directory": "/Users/akaptanoglu/actions-runner/_work/stellcoilbench/stellcoilbench/cases/done/2026-03-18_035811_63888/order_8",
        "flux_threshold": 2.6e-05,
        "cc_threshold": 0.10500000000000001,
        "cs_threshold": 0.04303373159724684,
        "msc_threshold": 12.11824243030236,
        "arclength_variation_threshold": 0.0,
        "curvature_threshold": 39.830791244993044,
        "force_threshold": 0.0,
        "torque_threshold": 0.0,
        "timing": {
          "coil_initialization": 7.919734343886375e-07,
          "biotsavart_setup": 0.002816332969814539,
          "objective_setup": 0.006577584077604115,
          "coil_optimization": 22.662368791061454,
          "save_and_metrics": 1.0093832920538262
        },
        "fourier_order": 8,
        "continuation_step": 2
      },
      {
        "initial_B_field": 1.0989140989841415,
        "final_B_field": 1.098914104170064,
        "target_B_field": 1.0,
        "optimization_time": 16.35576319694519,
        "walltime_sec": 16.35576319694519,
        "iterations_used": 500,
        "final_squared_flux": 0.0,