{
  "metadata": {
    "contact": "auto",
    "hardware": "CPU: self-hosted runner",
    "run_date": "2026-03-22T17:40:21.109382",
    "iterations_used": 500,
    "walltime_sec": 156.56386995315552,
    "tags": [
      "explore"
    ],
    "parent_ids": []
  },
  "version_info": {
    "stellcoilbench_commit": "183e265f1ef144ed9c608b6bdb4b75c3af54e1d7",
    "stellcoilbench_branch": "main",
    "simsopt_version": "0.1.dev5668+ga79006b0b",
    "simsopt_commit": "a79006b0b"
  },
  "metrics": {
    "fourier_continuation": true,
    "fourier_orders": [
      4,
      8,
      16
    ],
    "final_order": 16,
    "continuation_results": [
      {
        "initial_B_field": 2.500000000019017,
        "final_B_field": 2.5838591219304377,
        "target_B_field": 2.5,
        "optimization_time": 1135.3893029689789,
        "walltime_sec": 1135.3893029689789,
        "iterations_used": 500,
        "final_squared_flux": 3.606600159084055,
        "optimization_success": true,
        "optimization_message": "Completed",
        "optimization_nfev": 500,
        "optimization_njev": null,
        "_cached_thresholds": {
          "length_threshold": 38.492183441103826,
          "flux_threshold": 1e-08,
          "cc_threshold": 0.43282897286008143,
          "cs_threshold": 0.5940608480779038,
          "msc_threshold": 23.939062885583493,
          "curvature_threshold": 6.1793922489209425,
          "force_threshold": 1101.2617682460157,
          "torque_threshold": 0.0,
          "finite_build_width": 0.10789896047081801,
          "major_radius": 5.483631261799852,
          "minor_radius": 0.5240806651439732,
          "a0": 3.2437754587511507,
          "arclength_variation_threshold": 0.0,
          "coil_width": 0.12331309768093489
        },
        "final_min_cs_separation": 0.030268444231392338,
        "final_min_cc_separation": 0.21463382646140058,
        "final_length_per_coil": [
          6.251743328264682,
          6.301121933187285,
          6.978367208578071,
          5.634162695376456,
          5.560855501394156,
          5.027973302050226,
          5.010382150488841
        ],
        "final_current_per_coil": [
          1186592.5602079255,
          1230181.491564406,
          283573.20993073203,
          1254787.5601461174,
          939436.0221430714,
          972274.8908904872,
          1008154.26522185
        ],
        "total_current_before": 6875000.00010459,
        "total_current_after": 6875000.000104589,
        "final_total_length": 40.76460611933972,
        "final_max_curvature": 7.682941800761752,
        "final_average_curvature": 1.3717020907878625,
        "final_arclength_variation": 0.9348379475019942,
        "final_mean_squared_curvature": 5.004814423437759,
        "final_max_torsion": 5.352258710945371,
        "final_linking_number": 0,
        "coils_linked_to_surface": false,
        "final_max_max_coil_force": 2189594.9210453858,
        "final_avg_max_coil_force": 1696656.1193717972,
        "final_max_force_per_coil": [
          1912140.3996047531,
          1654659.953360398,
          355914.52178369917,
          2189594.9210453858,
          1625640.6907891023,
          1964381.265864257,
          2174261.0831549843
        ],
        "final_max_torque_per_coil": [
          1494355.4079776593,
          1096393.7040414803,
          225973.2379415216,
          1443029.402852958,
          950069.262886161,
          1011040.7394948179,
          1269749.6340777297
        ],
        "final_max_max_coil_torque": 1494355.4079776593,
        "final_avg_max_coil_torque": 1070087.3413246183,
        "avg_BdotN_over_B": 0.13078231727017123,
        "max_BdotN_over_B": 0.9963692411202552,
        "lagrange_multipliers": null,
        "output_directory": "/Users/akaptanoglu/actions-runner/_work/stellcoilbench/stellcoilbench/cases/done/2026-03-22_165458_40176/order_4",
        "flux_threshold": 1e-08,
        "cc_threshold": 0.43282897286008143,
        "cs_threshold": 0.5940608480779038,
        "msc_threshold": 23.939062885583493,
        "arclength_variation_threshold": 0.0,
        "curvature_threshold": 6.1793922489209425,
        "force_threshold": 1101.2617682460157,
        "torque_threshold": 0.0,
        "timing": {
          "coil_initialization": 3.611443042056635,
          "biotsavart_setup": 3.862837125081569,
          "objective_setup": 0.035662042209878564,
          "coil_optimization": 1135.390715208836,
          "save_and_metrics": 2.273087583016604
        },
        "fourier_order": 4,
        "continuation_step": 1
      },
      {
        "initial_B_field": 2.5838591219304377,
        "final_B_field": 2.582646194939046,
        "target_B_field": 2.5,
        "optimization_time": 1113.9828889369965,
        "walltime_sec": 1113.9828889369965,
        "iterations_used": 500,
        "final_squared_flux": 3.6805769486613618,
        "optimization_success": true,
        "optimization_message": "Completed",
        "optimization_nfev": 500,
        "optimization_njev": null,
        "_cached_thresholds": {
          "length_threshold": 38.492183441103826,
          "flux_threshold": 1e-08,
          "cc_threshold": 0.43282897286008143,
          "cs_threshold": 0.5940608480779038,
          "msc_threshold": 23.939062885583493,
          "curvature_threshold": 6.1793922489209425,
          "force_threshold": 1101.2617682460157,
          "torque_threshold": 0.0,
          "finite_build_width": 0.10789896047081801,
          "major_radius": 5.483631261799852,
          "minor_radius": 0.5240806651439732,
          "a0": 3.2437754587511507,
          "arclength_variation_threshold": 0.0,
          "coil_width": 0.12331309768093489
        },
        "final_min_cs_separation": 0.02724463656959055,
        "final_min_cc_separation": 0.21091128774459558,
        "final_length_per_coil": [
          6.240045149492588,
          6.3226572948829265,
          7.01478770858602,
          5.615604231671366,
          5.548217339501879,
          5.020858497638914,
          5.001933369778726
        ],
        "final_current_per_coil": [
          1186332.3296919325,
          1229923.732244504,
          283225.9303508732,
          1254924.5705073657,
          939282.3955833514,
          972105.9987765893,
          1009205.0429499745
        ],
        "total_current_before": 6875000.000104589,
        "total_current_after": 6875000.00010459,
        "final_total_length": 40.76410359155242,
        "final_max_curvature": 6.985882869194006,
        "final_average_curvature": 1.3626435512160107,
        "final_arclength_variation": 0.9726024480011206,
        "final_mean_squared_curvature": 4.861027589017061,
        "final_max_torsion": 4.160458819036514,
        "final_linking_number": 0,
        "coils_linked_to_surface": false,
        "final_max_max_coil_force": 2063734.3749632277,
        "final_avg_max_coil_force": 1512991.2163135074,
        "final_max_force_per_coil": [
          1764055.1241769325,
          1453296.5317339585,
          342223.36179571616,
          2063734.3749632277,
          1343903.5951745613,
          1679126.4336506776,
          1944599.0926994784
        ],
        "final_max_torque_per_coil": [
          1295499.5685613293,
          857792.4653702072,
          221232.6640887037,
          1217956.2899755496,
          788522.7027685964,
          872074.1346211461,
          1115231.1971828912
        ],
        "final_max_max_coil_torque": 1295499.5685613293,
        "final_avg_max_coil_torque": 909758.431795489,
        "avg_BdotN_over_B": 0.13112000163977092,
        "max_BdotN_over_B": 0.9955975150737509,
        "lagrange_multipliers": null,
        "output_directory": "/Users/akaptanoglu/actions-runner/_work/stellcoilbench/stellcoilbench/cases/done/2026-03-22_165458_40176/order_8",
        "flux_threshold": 1e-08,
        "cc_threshold": 0.43282897286008143,
        "cs_threshold": 0.5940608480779038,