{
  "metadata": {
    "contact": "auto",
    "hardware": "CPU: self-hosted runner",
    "run_date": "2026-03-18T02:28:21.277483",
    "iterations_used": 500,
    "walltime_sec": 8.818898916244507
  },
  "version_info": {
    "stellcoilbench_commit": "6d1b6033b245cba6b12effd9c1cca9b6f29a3554",
    "stellcoilbench_branch": "main",
    "simsopt_version": "0.1.dev5668+ga79006b0b",
    "simsopt_commit": "a79006b0b"
  },
  "metrics": {
    "fourier_continuation": true,
    "fourier_orders": [
      4,
      8,
      16
    ],
    "final_order": 16,
    "continuation_results": [
      {
        "initial_B_field": 1.0000050243934888,
        "final_B_field": 1.0971219631918308,
        "target_B_field": 1.0,
        "optimization_time": 70.8207859992981,
        "walltime_sec": 70.8207859992981,
        "iterations_used": 500,
        "final_squared_flux": 0.0,
        "optimization_success": true,
        "optimization_message": "Completed",
        "optimization_nfev": 500,
        "optimization_njev": null,
        "_cached_thresholds": {
          "length_threshold": 19.80141933783816,
          "flux_threshold": 4.1e-05,
          "cc_threshold": 0.10500000000000001,
          "cs_threshold": 0.08904836886161184,
          "msc_threshold": 12.131342501341425,
          "curvature_threshold": 34.31806520563239,
          "force_threshold": 0.0,
          "torque_threshold": 0.0,
          "finite_build_width": 0.05,
          "major_radius": 1.0098736979848935,
          "minor_radius": 0.16831206437162433,
          "a0": 10.100286074838271,
          "arclength_variation_threshold": 0.0,
          "coil_width": 0.039602838675676315
        },
        "final_min_cs_separation": 0.2485427602772278,
        "final_min_cc_separation": 0.10485104082521342,
        "final_length_per_coil": [
          3.7457086298391733,
          3.6640068952404263,
          3.9959445950816157,
          4.009362913111077,
          4.387824303085101
        ],
        "final_current_per_coil": [
          245830.85659108535,
          167137.65417020436,
          265976.6238316394,
          236388.83041712,
          334678.5734298843
        ],
        "total_current_before": 1250012.5384399334,
        "total_current_after": 1250012.5384399334,
        "final_total_length": 19.80284733635739,
        "final_max_curvature": 3.29530945129688,
        "final_average_curvature": 2.0268093171783503,
        "final_arclength_variation": 0.0020631733346940656,
        "final_mean_squared_curvature": 4.9498109159562365,
        "final_max_torsion": 38.236566222542066,
        "final_linking_number": 0,
        "coils_linked_to_surface": true,
        "final_max_max_coil_force": 359933.65631135076,
        "final_avg_max_coil_force": 265644.9313265715,
        "final_max_force_per_coil": [
          282972.0416278253,
          113545.15219696204,
          359933.65631135076,
          277916.197285109,
          293857.6092116103
        ],
        "final_max_torque_per_coil": [
          72319.723315991,
          53518.39621393055,
          170805.71073527442,
          93240.4402402885,
          95173.53855976516
        ],
        "final_max_max_coil_torque": 170805.71073527442,
        "final_avg_max_coil_torque": 97011.56181304992,
        "avg_BdotN_over_B": 0.0026467789426923467,
        "max_BdotN_over_B": 0.013218817828291558,
        "lagrange_multipliers": null,
        "output_directory": "/Users/akaptanoglu/actions-runner/_work/stellcoilbench/stellcoilbench/cases/done/2026-03-18_022332_70297/order_4",
        "flux_threshold": 4.1e-05,
        "cc_threshold": 0.10500000000000001,
        "cs_threshold": 0.08904836886161184,
        "msc_threshold": 12.131342501341425,
        "arclength_variation_threshold": 0.0,
        "curvature_threshold": 34.31806520563239,
        "force_threshold": 0.0,
        "torque_threshold": 0.0,
        "timing": {
          "coil_initialization": 0.22944816702511162,
          "biotsavart_setup": 1.3945038339588791,
          "objective_setup": 0.0343065420165658,
          "coil_optimization": 70.82084008306265,
          "save_and_metrics": 1.1105265420628712
        },
        "fourier_order": 4,
        "continuation_step": 1
      },
      {
        "initial_B_field": 1.0971219631918308,
        "final_B_field": 1.0970524792452683,
        "target_B_field": 1.0,
        "optimization_time": 22.655386209487915,
        "walltime_sec": 22.655386209487915,
        "iterations_used": 500,
        "final_squared_flux": 0.0,
        "optimization_success": true,
        "optimization_message": "Completed",
        "optimization_nfev": 500,
        "optimization_njev": null,
        "_cached_thresholds": {
          "length_threshold": 19.80141933783816,
          "flux_threshold": 4.1e-05,
          "cc_threshold": 0.10500000000000001,
          "cs_threshold": 0.08904836886161184,
          "msc_threshold": 12.131342501341425,
          "curvature_threshold": 34.31806520563239,
          "force_threshold": 0.0,
          "torque_threshold": 0.0,
          "finite_build_width": 0.05,
          "major_radius": 1.0098736979848935,
          "minor_radius": 0.16831206437162433,
          "a0": 10.100286074838271,
          "arclength_variation_threshold": 0.0,
          "coil_width": 0.039602838675676315
        },
        "final_min_cs_separation": 0.24950844870682964,
        "final_min_cc_separation": 0.10500841619644741,
        "final_length_per_coil": [
          3.7348466016167605,
          3.652574614063905,
          3.983569924227593,
          3.993544109984002,
          4.373449341390785
        ],
        "final_current_per_coil": [
          243841.0546881878,
          167802.32724093547,
          265629.7283433846,
          236581.37697830037,
          336158.05118912517
        ],
        "total_current_before": 1250012.5384399334,
        "total_current_after": 1250012.5384399334,
        "final_total_length": 19.737984591283045,
        "final_max_curvature": 3.178544649129709,
        "final_average_curvature": 2.0284156365499326,
        "final_arclength_variation": 0.00014840716169544756,
        "final_mean_squared_curvature": 4.955820907867898,
        "final_max_torsion": 86.75593032010353,
        "final_linking_number": 0,
        "coils_linked_to_surface": true,
        "final_max_max_coil_force": 366197.86901706277,
        "final_avg_max_coil_force": 251450.77583327223,
        "final_max_force_per_coil": [
          258234.18209127506,
          100742.35286449853,
          366197.86901706277,
          272721.51214125426,
          259357.9630522705
        ],
        "final_max_torque_per_coil": [
          64536.789263751154,
          49634.23900023164,
          181946.67461931438,
          99340.42924127943,
          83937.84935179695
        ],
        "final_max_max_coil_torque": 181946.67461931438,
        "final_avg_max_coil_torque": 95879.19629527471,
        "avg_BdotN_over_B": 0.0026475872699744103,
        "max_BdotN_over_B": 0.012524454699075767,
        "lagrange_multipliers": null,
        "output_directory": "/Users/akaptanoglu/actions-runner/_work/stellcoilbench/stellcoilbench/cases/done/2026-03-18_022332_70297/order_8",
        "flux_threshold": 4.1e-05,
        "cc_threshold": 0.10500000000000001,
        "cs_threshold": 0.08904836886161184,
        "msc_threshold": 12.131342501341425,
        "arclength_variation_threshold": 0.0,
        "curvature_threshold": 34.31806520563239,
        "force_threshold": 0.0,
        "torque_threshold": 0.0,
        "timing": {
          "coil_initialization": 5.830079317092896e-07,
          "biotsavart_setup": 0.003174917073920369,
          "objective_setup": 0.00944862503092736,
          "coil_optimization": 22.65540449996479,
          "save_and_metrics": 1.0076357499929145
        },
        "fourier_order": 8,
        "continuation_step": 2
      },
      {
        "initial_B_field": 1.0970524792452683,