{
  "metadata": {
    "contact": "auto",
    "hardware": "CPU: self-hosted runner",
    "run_date": "2026-03-14T05:02:23.729131",
    "iterations_used": 500,
    "walltime_sec": 409.8383820056915
  },
  "version_info": {
    "stellcoilbench_commit": "0759cdb9fa55d258db895391b44cca7a2fcbb96d",
    "stellcoilbench_branch": "main",
    "simsopt_version": "0.1.dev5668+ga79006b0b",
    "simsopt_commit": "a79006b0b"
  },
  "metrics": {
    "fourier_continuation": true,
    "fourier_orders": [
      4,
      8,
      16
    ],
    "final_order": 16,
    "continuation_results": [
      {
        "initial_B_field": 1.0000050243934888,
        "final_B_field": 1.092799965316086,
        "target_B_field": 1.0,
        "optimization_time": 371.121456861496,
        "walltime_sec": 371.121456861496,
        "iterations_used": 500,
        "final_squared_flux": 9.502276035802211e-05,
        "optimization_success": true,
        "optimization_message": "Completed",
        "optimization_nfev": 500,
        "optimization_njev": null,
        "_cached_thresholds": {
          "length_threshold": 17.52524618495366,
          "flux_threshold": 1e-08,
          "cc_threshold": 0.1471245456801375,
          "cs_threshold": 0.2874176016887209,
          "msc_threshold": 6.403581371447464,
          "curvature_threshold": 12.867764459343958,
          "force_threshold": 1606.9555145067688,
          "torque_threshold": 0.0,
          "finite_build_width": 0.05,
          "major_radius": 1.0098736979848935,
          "minor_radius": 0.16831206437162433,
          "a0": 10.100286074838271,
          "arclength_variation_threshold": 0.0,
          "coil_width": 0.039602838675676315
        },
        "final_min_cs_separation": 0.2851849075082911,
        "final_min_cc_separation": 0.1452677134287033,
        "final_length_per_coil": [
          3.731461098482929,
          3.8067199235349176,
          3.531091006017238,
          3.2771092594102775,
          3.183506348890056
        ],
        "final_current_per_coil": [
          201604.56090805327,
          331582.4942749984,
          265728.4474746869,
          227273.84760836934,
          223823.18817382562
        ],
        "total_current_before": 1250012.5384399334,
        "total_current_after": 1250012.5384399334,
        "final_total_length": 17.529887636335417,
        "final_max_curvature": 3.374553616327773,
        "final_average_curvature": 2.2519476937840635,
        "final_arclength_variation": 0.0032807078765553603,
        "final_mean_squared_curvature": 6.221504336494059,
        "final_max_torsion": 14.503625720893488,
        "final_linking_number": 0,
        "coils_linked_to_surface": true,
        "final_max_max_coil_force": 367423.9226956118,
        "final_avg_max_coil_force": 250935.81971342565,
        "final_max_force_per_coil": [
          184919.2535208784,
          367423.9226956118,
          305823.88837339263,
          223029.02992650625,
          173483.00405073905
        ],
        "final_max_torque_per_coil": [
          42692.97844611106,
          108039.6022526013,
          70407.16749401142,
          33700.738235827404,
          24039.862064528326
        ],
        "final_max_max_coil_torque": 108039.6022526013,
        "final_avg_max_coil_torque": 55776.06969861591,
        "avg_BdotN_over_B": 0.003939108056695293,
        "max_BdotN_over_B": 0.019600167766627624,
        "lagrange_multipliers": null,
        "output_directory": "/Users/akaptanoglu/actions-runner/_work/stellcoilbench/stellcoilbench/cases/done/2026-03-14_044154_59639/order_4",
        "flux_threshold": 1e-08,
        "cc_threshold": 0.1471245456801375,
        "cs_threshold": 0.2874176016887209,
        "msc_threshold": 6.403581371447464,
        "arclength_variation_threshold": 0.0,
        "curvature_threshold": 12.867764459343958,
        "force_threshold": 1606.9555145067688,
        "torque_threshold": 0.0,
        "timing": {
          "coil_initialization": 0.25027033395599574,
          "biotsavart_setup": 1.4125541669782251,
          "objective_setup": 0.033888792037032545,
          "coil_optimization": 371.12159833393525,
          "save_and_metrics": 0.956576417083852
        },
        "fourier_order": 4,
        "continuation_step": 1
      },
      {
        "initial_B_field": 1.092799965316086,
        "final_B_field": 1.0939801465989567,
        "target_B_field": 1.0,
        "optimization_time": 374.9672648906708,
        "walltime_sec": 374.9672648906708,
        "iterations_used": 500,
        "final_squared_flux": 5.592901356563608e-05,
        "optimization_success": true,
        "optimization_message": "Completed",
        "optimization_nfev": 500,
        "optimization_njev": null,
        "_cached_thresholds": {
          "length_threshold": 17.52524618495366,
          "flux_threshold": 1e-08,
          "cc_threshold": 0.1471245456801375,
          "cs_threshold": 0.2874176016887209,
          "msc_threshold": 6.403581371447464,
          "curvature_threshold": 12.867764459343958,
          "force_threshold": 1606.9555145067688,
          "torque_threshold": 0.0,
          "finite_build_width": 0.05,
          "major_radius": 1.0098736979848935,
          "minor_radius": 0.16831206437162433,
          "a0": 10.100286074838271,
          "arclength_variation_threshold": 0.0,
          "coil_width": 0.039602838675676315
        },
        "final_min_cs_separation": 0.28585080728659024,
        "final_min_cc_separation": 0.14575903725147268,
        "final_length_per_coil": [
          3.7652422938973507,
          3.8046480565058465,
          3.4715455326405413,
          3.2917664658363983,
          3.1952755977914014
        ],
        "final_current_per_coil": [
          226301.57835096095,
          314701.8423712929,
          245900.8215832983,
          233406.78562178032,
          229701.510512601
        ],
        "total_current_before": 1250012.5384399334,
        "total_current_after": 1250012.5384399334,
        "final_total_length": 17.52847794667154,
        "final_max_curvature": 5.261463416277408,
        "final_average_curvature": 2.282632576530726,
        "final_arclength_variation": 0.0010774917781876743,
        "final_mean_squared_curvature": 6.328397197520494,
        "final_max_torsion": 241.42348045070125,
        "final_linking_number": 0,
        "coils_linked_to_surface": true,
        "final_max_max_coil_force": 357590.41772771813,
        "final_avg_max_coil_force": 238178.15932450484,
        "final_max_force_per_coil": [
          188244.7087662579,
          357590.41772771813,
          283240.11742778926,
          211457.70434527277,
          150357.84835548638
        ],
        "final_max_torque_per_coil": [
          57159.63117289669,
          126109.75945382865,
          71159.32344662872,
          33880.44798162124,
          21796.358335586003
        ],
        "final_max_max_coil_torque": 126109.75945382865,
        "final_avg_max_coil_torque": 62021.104078112265,
        "avg_BdotN_over_B": 0.002995880893528991,
        "max_BdotN_over_B": 0.014304713030252903,
        "lagrange_multipliers": null,
        "output_directory": "/Users/akaptanoglu/actions-runner/_work/stellcoilbench/stellcoilbench/cases/done/2026-03-14_044154_59639/order_8",
        "flux_threshold": 1e-08,
        "cc_threshold": 0.1471245456801375,
        "cs_threshold": 0.2874176016887209,
        "msc_threshold": 6.403581371447464,
        "arclength_variation_threshold": 0.0,
        "curvature_threshold": 12.867764459343958,
        "force_threshold": 1606.9555145067688,
        "torque_threshold": 0.0,
        "timing": {
          "coil_initialization": 8.329516276717186e-07,
          "biotsavart_setup": 0.0036013330100104213,
          "objective_setup": 0.008704375009983778,
          "coil_optimization": 374.96740908396896,
          "save_and_metrics": 0.8668864589417353
        },
        "fourier_order": 8,