{
  "metadata": {
    "contact": "auto",
    "hardware": "CPU: self-hosted runner",
    "run_date": "2026-04-03T20:22:09.004835",
    "iterations_used": 500,
    "walltime_sec": 143.9026539325714,
    "tags": [
      "explore"
    ],
    "parent_ids": []
  },
  "version_info": {
    "stellcoilbench_commit": "b7de381942e028039cf24eed025b01f998872399",
    "stellcoilbench_branch": "main",
    "simsopt_version": "0.1.dev5668+ga79006b0b",
    "simsopt_commit": "a79006b0b"
  },
  "metrics": {
    "fourier_continuation": true,
    "fourier_orders": [
      4,
      8,
      16
    ],
    "final_order": 16,
    "continuation_results": [
      {
        "initial_B_field": 2.50000000044544,
        "final_B_field": 2.7400498897444363,
        "target_B_field": 2.5,
        "optimization_time": 577.3266479969025,
        "walltime_sec": 577.3266479969025,
        "iterations_used": 500,
        "final_squared_flux": 0.3130130387518839,
        "optimization_success": true,
        "optimization_message": "Completed",
        "optimization_nfev": 500,
        "optimization_njev": null,
        "_cached_thresholds": {
          "length_threshold": 51.53254352086269,
          "flux_threshold": 1e-08,
          "cc_threshold": 0.22658781698871783,
          "cs_threshold": 0.34404354252980834,
          "msc_threshold": 7.8466928347190334,
          "curvature_threshold": 14.794859867363998,
          "force_threshold": 413.9057485366468,
          "torque_threshold": 0.0,
          "finite_build_width": 0.10789896047081801,
          "major_radius": 5.483631261799852,
          "minor_radius": 0.5240806651439732,
          "a0": 3.2437754587511507,
          "arclength_variation_threshold": 0.0,
          "coil_width": 0.12331309768093489
        },
        "final_min_cs_separation": 0.05433188171611327,
        "final_min_cc_separation": 0.009994965538437121,
        "final_length_per_coil": [
          9.636277033399086,
          7.404535133654755,
          7.363261653985214,
          12.833023442797952,
          6.733081011464951,
          7.757944536608264
        ],
        "final_current_per_coil": [
          1490160.5388834109,
          576472.3746818866,
          680730.4977851795,
          2762343.596424237,
          320063.7483906399,
          1685356.743065847
        ],
        "total_current_before": 6875000.002449921,
        "total_current_after": 6875000.002449921,
        "final_total_length": 51.728122811910225,
        "final_max_curvature": 5.213109174121959,
        "final_average_curvature": 1.119330828122375,
        "final_arclength_variation": 0.1917155583938656,
        "final_mean_squared_curvature": 2.457146308150337,
        "final_max_torsion": 53.97373112755099,
        "final_linking_number": 10,
        "coils_linked_to_surface": false,
        "final_max_max_coil_force": 36390997.06530788,
        "final_avg_max_coil_force": 10225222.214987306,
        "final_max_force_per_coil": [
          5253925.027652751,
          36390997.06530788,
          6078364.031020413,
          7499629.353161938,
          961061.454791651,
          5167356.357989205
        ],
        "final_max_torque_per_coil": [
          7089443.505980111,
          28587147.184093952,
          6891794.160826396,
          8518818.36564602,
          548270.0573447349,
          4600501.0522873625
        ],
        "final_max_max_coil_torque": 28587147.184093952,
        "final_avg_max_coil_torque": 9372662.387696428,
        "avg_BdotN_over_B": 0.0254757086063497,
        "max_BdotN_over_B": 0.6063973394493667,
        "lagrange_multipliers": null,
        "output_directory": "/Users/akaptanoglu/actions-runner/_work/stellcoilbench/stellcoilbench/cases/done/2026-04-03_195336_92804/order_4",
        "flux_threshold": 1e-08,
        "cc_threshold": 0.22658781698871783,
        "cs_threshold": 0.34404354252980834,
        "msc_threshold": 7.8466928347190334,
        "arclength_variation_threshold": 0.0,
        "curvature_threshold": 14.794859867363998,
        "force_threshold": 413.9057485366468,
        "torque_threshold": 0.0,
        "timing": {
          "coil_initialization": 2.8544757090276107,
          "biotsavart_setup": 4.035444459004793,
          "objective_setup": 0.03371633298229426,
          "coil_optimization": 577.3314915840165,
          "save_and_metrics": 2.302653290971648
        },
        "fourier_order": 4,
        "continuation_step": 1
      },
      {
        "initial_B_field": 2.7400498897444363,
        "final_B_field": 2.7410858345970173,
        "target_B_field": 2.5,
        "optimization_time": 574.1101949214935,
        "walltime_sec": 574.1101949214935,
        "iterations_used": 500,
        "final_squared_flux": 0.32276415203178327,
        "optimization_success": true,
        "optimization_message": "Completed",
        "optimization_nfev": 500,
        "optimization_njev": null,
        "_cached_thresholds": {
          "length_threshold": 51.53254352086269,
          "flux_threshold": 1e-08,
          "cc_threshold": 0.22658781698871783,
          "cs_threshold": 0.34404354252980834,
          "msc_threshold": 7.8466928347190334,
          "curvature_threshold": 14.794859867363998,
          "force_threshold": 413.9057485366468,
          "torque_threshold": 0.0,
          "finite_build_width": 0.10789896047081801,
          "major_radius": 5.483631261799852,
          "minor_radius": 0.5240806651439732,
          "a0": 3.2437754587511507,
          "arclength_variation_threshold": 0.0,
          "coil_width": 0.12331309768093489
        },
        "final_min_cs_separation": 0.058207672256620546,
        "final_min_cc_separation": 0.005722181235881955,
        "final_length_per_coil": [
          9.65026822146965,
          7.384333104155417,
          7.346436680359939,
          12.829113302931027,
          6.729676960499926,
          7.756865480941371
        ],
        "final_current_per_coil": [
          1490160.546710409,
          576472.1942453183,
          680730.4426724346,
          2762343.5067152195,
          320063.6570318272,
          1685356.969138367
        ],
        "total_current_before": 6875000.002449921,
        "total_current_after": 6875000.002449921,
        "final_total_length": 51.69669375035734,
        "final_max_curvature": 6.03904580126978,
        "final_average_curvature": 1.1074239418860932,
        "final_arclength_variation": 0.29639356424880725,
        "final_mean_squared_curvature": 2.66426415150223,
        "final_max_torsion": 6.236684956392867,
        "final_linking_number": 10,
        "coils_linked_to_surface": false,
        "final_max_max_coil_force": 122467471.71116719,
        "final_avg_max_coil_force": 33919591.72658689,
        "final_max_force_per_coil": [
          56462195.26587044,
          122467471.71116719,
          8592199.12889306,
          10027955.550118154,
          951784.8226455463,
          5015943.880827021
        ],
        "final_max_torque_per_coil": [
          77370752.02034073,
          89217876.45684661,
          9229375.26384334,
          11857256.36690814,
          537255.5896562774,
          4568165.822174007
        ],
        "final_max_max_coil_torque": 89217876.45684661,
        "final_avg_max_coil_torque": 32130113.58662818,
        "avg_BdotN_over_B": 0.025625884921159633,
        "max_BdotN_over_B": 0.6155129410952147,
        "lagrange_multipliers": null,
        "output_directory": "/Users/akaptanoglu/actions-runner/_work/stellcoilbench/stellcoilbench/cases/done/2026-04-03_195336_92804/order_8",
        "flux_threshold": 1e-08,
        "cc_threshold": 0.22658781698871783,
        "cs_threshold": 0.34404354252980834,
        "msc_threshold": 7.8466928347190334,
        "arclength_variation_threshold": 0.0,
        "curvature_threshold": 14.794859867363998,
        "force_threshold": 413.9057485366468,
        "torque_threshold": 0.0,