{
  "metadata": {
    "contact": "auto",
    "hardware": "CPU: self-hosted runner",
    "run_date": "2026-03-22T06:13:52.855673",
    "iterations_used": 500,
    "walltime_sec": 24.734100103378296,
    "tags": [
      "explore"
    ],
    "parent_ids": []
  },
  "version_info": {
    "stellcoilbench_commit": "44c09a424621a7faf6a880a6bdbe91b4c34d4fe5",
    "stellcoilbench_branch": "main",
    "simsopt_version": "0.1.dev5668+ga79006b0b",
    "simsopt_commit": "a79006b0b"
  },
  "metrics": {
    "fourier_continuation": true,
    "fourier_orders": [
      4,
      8,
      16
    ],
    "final_order": 16,
    "continuation_results": [
      {
        "initial_B_field": 2.5000971540886527,
        "final_B_field": 2.768137813756066,
        "target_B_field": 2.5,
        "optimization_time": 155.75845503807068,
        "walltime_sec": 155.75845503807068,
        "iterations_used": 500,
        "final_squared_flux": 0.1679476747708381,
        "optimization_success": true,
        "optimization_message": "Completed",
        "optimization_nfev": 500,
        "optimization_njev": null,
        "_cached_thresholds": {
          "length_threshold": 58.925163726834725,
          "flux_threshold": 1e-08,
          "cc_threshold": 0.22658781698871783,
          "cs_threshold": 0.3609990934609369,
          "msc_threshold": 17.652626046523764,
          "curvature_threshold": 6.2020986771321995,
          "force_threshold": 435.6390441102796,
          "torque_threshold": 0.0,
          "finite_build_width": 0.10789896047081801,
          "major_radius": 5.483631261799852,
          "minor_radius": 0.5240806651439732,
          "a0": 3.2437754587511507,
          "arclength_variation_threshold": 0.0,
          "coil_width": 0.12331309768093489
        },
        "final_min_cs_separation": 0.38673067289766705,
        "final_min_cc_separation": 0.026293615381055544,
        "final_length_per_coil": [
          11.03358082774098,
          13.755137649932502,
          12.899208411409576
        ],
        "final_current_per_coil": [
          3086119.179264927,
          2251256.189839864,
          1538155.5757221468
        ],
        "total_current_before": 6875530.944826938,
        "total_current_after": 6875530.944826938,
        "final_total_length": 37.68792688908306,
        "final_max_curvature": 1.4594845032006627,
        "final_average_curvature": 0.8268503539216321,
        "final_arclength_variation": 0.184322595851479,
        "final_mean_squared_curvature": 0.9594421933066473,
        "final_max_torsion": 3.8352028165452605,
        "final_linking_number": 0,
        "coils_linked_to_surface": true,
        "final_max_max_coil_force": 63945627.89732436,
        "final_avg_max_coil_force": 32721484.283659697,
        "final_max_force_per_coil": [
          30631622.737041693,
          63945627.89732436,
          3587202.216613035
        ],
        "final_max_torque_per_coil": [
          49815970.8263078,
          125226262.2876184,
          2586906.0714987675
        ],
        "final_max_max_coil_torque": 125226262.2876184,
        "final_avg_max_coil_torque": 59209713.061808325,
        "avg_BdotN_over_B": 0.01782279558360244,
        "max_BdotN_over_B": 0.08415064252641552,
        "lagrange_multipliers": null,
        "output_directory": "/Users/akaptanoglu/actions-runner/_work/stellcoilbench/stellcoilbench/cases/done/2026-03-22_060314_38740/order_4",
        "flux_threshold": 1e-08,
        "cc_threshold": 0.22658781698871783,
        "cs_threshold": 0.3609990934609369,
        "msc_threshold": 17.652626046523764,
        "arclength_variation_threshold": 0.0,
        "curvature_threshold": 6.2020986771321995,
        "force_threshold": 435.6390441102796,
        "torque_threshold": 0.0,
        "timing": {
          "coil_initialization": 0.2689113749656826,
          "biotsavart_setup": 1.5670156250707805,
          "objective_setup": 0.02794841700233519,
          "coil_optimization": 155.75860804202966,
          "save_and_metrics": 1.197494958061725
        },
        "fourier_order": 4,
        "continuation_step": 1
      },
      {
        "initial_B_field": 2.768137813756066,
        "final_B_field": 2.7580573328151887,
        "target_B_field": 2.5,
        "optimization_time": 381.69683814048767,
        "walltime_sec": 381.69683814048767,
        "iterations_used": 500,
        "final_squared_flux": 0.22631786759396388,
        "optimization_success": true,
        "optimization_message": "Completed",
        "optimization_nfev": 500,
        "optimization_njev": null,
        "_cached_thresholds": {
          "length_threshold": 58.925163726834725,
          "flux_threshold": 1e-08,
          "cc_threshold": 0.22658781698871783,
          "cs_threshold": 0.3609990934609369,
          "msc_threshold": 17.652626046523764,
          "curvature_threshold": 6.2020986771321995,
          "force_threshold": 435.6390441102796,
          "torque_threshold": 0.0,
          "finite_build_width": 0.10789896047081801,
          "major_radius": 5.483631261799852,
          "minor_radius": 0.5240806651439732,
          "a0": 3.2437754587511507,
          "arclength_variation_threshold": 0.0,
          "coil_width": 0.12331309768093489
        },
        "final_min_cs_separation": 0.4190701497890208,
        "final_min_cc_separation": 0.049522807428899016,
        "final_length_per_coil": [
          10.931925373618272,
          13.785101577313865,
          12.947595750736484
        ],
        "final_current_per_coil": [
          3086466.820405994,
          2251663.730956382,
          1537400.3934645616
        ],
        "total_current_before": 6875530.944826938,
        "total_current_after": 6875530.944826938,
        "final_total_length": 37.66462270166862,
        "final_max_curvature": 2.0589230859208154,
        "final_average_curvature": 0.7797418902842417,
        "final_arclength_variation": 0.9210952862688772,
        "final_mean_squared_curvature": 1.0436971344703758,
        "final_max_torsion": 1.7177062759008401,
        "final_linking_number": 10,
        "coils_linked_to_surface": true,
        "final_max_max_coil_force": 20079803.0021548,
        "final_avg_max_coil_force": 14132710.739225687,
        "final_max_force_per_coil": [
          20079803.0021548,
          18901666.305363115,
          3416662.9101591487
        ],
        "final_max_torque_per_coil": [
          32112287.521293305,
          34885464.097950876,
          2212919.599611118
        ],
        "final_max_max_coil_torque": 34885464.097950876,
        "final_avg_max_coil_torque": 23070223.73961843,
        "avg_BdotN_over_B": 0.02033334222083973,
        "max_BdotN_over_B": 0.10395784774197261,
        "lagrange_multipliers": null,
        "output_directory": "/Users/akaptanoglu/actions-runner/_work/stellcoilbench/stellcoilbench/cases/done/2026-03-22_060314_38740/order_8",
        "flux_threshold": 1e-08,
        "cc_threshold": 0.22658781698871783,
        "cs_threshold": 0.3609990934609369,
        "msc_threshold": 17.652626046523764,
        "arclength_variation_threshold": 0.0,
        "curvature_threshold": 6.2020986771321995,
        "force_threshold": 435.6390441102796,
        "torque_threshold": 0.0,
        "timing": {
          "coil_initialization": 4.1606836020946503e-07,
          "biotsavart_setup": 0.0031059999018907547,
          "objective_setup": 0.005004666978493333,
          "coil_optimization": 381.69577570911497,
          "save_and_metrics": 1.1470173331908882
        },
        "fourier_order": 8,
        "continuation_step": 2
      },
      {
        "initial_B_field": 2.7580573328151887,
        "final_B_field": 2.7580573328151887,
        "target_B_field": 2.5,
        "optimization_time": 24.734100103378296,
        "walltime_sec": 24.734100103378296,
        "iterations_used": 500,
        "final_squared_flux": 0.2263178675939639,
        "optimization_success": true,