{
  "metadata": {
    "contact": "auto",
    "hardware": "CPU: self-hosted runner",
    "run_date": "2026-03-26T17:04:35.136061",
    "iterations_used": 500,
    "walltime_sec": 173.93241024017334,
    "tags": [
      "explore"
    ],
    "parent_ids": []
  },
  "version_info": {
    "stellcoilbench_commit": "2d6b6c5878953516f1ac7049c9d31479c32a970f",
    "stellcoilbench_branch": "main",
    "simsopt_version": "0.1.dev5668+ga79006b0b",
    "simsopt_commit": "a79006b0b"
  },
  "metrics": {
    "fourier_continuation": true,
    "fourier_orders": [
      4,
      8,
      16
    ],
    "final_order": 16,
    "continuation_results": [
      {
        "initial_B_field": 2.5000086086152167,
        "final_B_field": 2.7676477066599694,
        "target_B_field": 2.5,
        "optimization_time": 649.9896841049194,
        "walltime_sec": 649.9896841049194,
        "iterations_used": 500,
        "final_squared_flux": 0.10546949502885591,
        "optimization_success": true,
        "optimization_message": "Completed",
        "optimization_nfev": 500,
        "optimization_njev": null,
        "_cached_thresholds": {
          "length_threshold": 41.46711192265637,
          "flux_threshold": 1e-08,
          "cc_threshold": 0.3323287982501195,
          "cs_threshold": 0.3354116256921429,
          "msc_threshold": 19.939487744943325,
          "curvature_threshold": 7.207669069345057,
          "force_threshold": 179.70516041481375,
          "torque_threshold": 0.0,
          "finite_build_width": 0.10789896047081801,
          "major_radius": 5.483631261799852,
          "minor_radius": 0.5240806651439732,
          "a0": 3.2437754587511507,
          "arclength_variation_threshold": 0.0,
          "coil_width": 0.12331309768093489
        },
        "final_min_cs_separation": 0.3039193952861522,
        "final_min_cc_separation": 0.2684298304167117,
        "final_length_per_coil": [
          10.785685183764484,
          12.454747403108513,
          10.111403694575783,
          8.253372872252571
        ],
        "final_current_per_coil": [
          2748018.3091780576,
          2220163.202630594,
          1220377.6772800698,
          686488.1217706436
        ],
        "total_current_before": 6875047.310859364,
        "total_current_after": 6875047.310859365,
        "final_total_length": 41.60520915370135,
        "final_max_curvature": 2.249331083847897,
        "final_average_curvature": 1.0339650115215384,
        "final_arclength_variation": 0.13593058133435187,
        "final_mean_squared_curvature": 2.0527852810280893,
        "final_max_torsion": 6.569612683172309,
        "final_linking_number": 0,
        "coils_linked_to_surface": true,
        "final_max_max_coil_force": 4633970.143956432,
        "final_avg_max_coil_force": 3415215.3011826687,
        "final_max_force_per_coil": [
          4633970.143956432,
          4592613.657563023,
          2967485.487188854,
          1466791.9160223666
        ],
        "final_max_torque_per_coil": [
          5656141.565431144,
          6962875.609241882,
          1376947.427587537,
          683579.7770152118
        ],
        "final_max_max_coil_torque": 6962875.609241882,
        "final_avg_max_coil_torque": 3669886.0948189436,
        "avg_BdotN_over_B": 0.0139101760647356,
        "max_BdotN_over_B": 0.08227927032667397,
        "lagrange_multipliers": null,
        "output_directory": "/Users/akaptanoglu/actions-runner/_work/stellcoilbench/stellcoilbench/cases/done/2026-03-26_161716_38322/order_4",
        "flux_threshold": 1e-08,
        "cc_threshold": 0.3323287982501195,
        "cs_threshold": 0.3354116256921429,
        "msc_threshold": 19.939487744943325,
        "arclength_variation_threshold": 0.0,
        "curvature_threshold": 7.207669069345057,
        "force_threshold": 179.70516041481375,
        "torque_threshold": 0.0,
        "timing": {
          "coil_initialization": 0.4108464999590069,
          "biotsavart_setup": 2.0677568749524653,
          "objective_setup": 0.05004550004377961,
          "coil_optimization": 649.9905743750278,
          "save_and_metrics": 1.5893572920467705
        },
        "fourier_order": 4,
        "continuation_step": 1
      },
      {
        "initial_B_field": 2.7676477066599694,
        "final_B_field": 2.780111160432142,
        "target_B_field": 2.5,
        "optimization_time": 1933.3984742164612,
        "walltime_sec": 1933.3984742164612,
        "iterations_used": 500,
        "final_squared_flux": 0.1526227646938793,
        "optimization_success": true,
        "optimization_message": "Completed",
        "optimization_nfev": 500,
        "optimization_njev": null,
        "_cached_thresholds": {
          "length_threshold": 41.46711192265637,
          "flux_threshold": 1e-08,
          "cc_threshold": 0.3323287982501195,
          "cs_threshold": 0.3354116256921429,
          "msc_threshold": 19.939487744943325,
          "curvature_threshold": 7.207669069345057,
          "force_threshold": 179.70516041481375,
          "torque_threshold": 0.0,
          "finite_build_width": 0.10789896047081801,
          "major_radius": 5.483631261799852,
          "minor_radius": 0.5240806651439732,
          "a0": 3.2437754587511507,
          "arclength_variation_threshold": 0.0,
          "coil_width": 0.12331309768093489
        },
        "final_min_cs_separation": 0.2731727159901585,
        "final_min_cc_separation": 0.22680119704445567,
        "final_length_per_coil": [
          10.658370543633149,
          12.43329531692084,
          10.142948114745094,
          8.318748869977343
        ],
        "final_current_per_coil": [
          2748086.126504553,
          2220165.4770152625,
          1220300.3045474165,
          686495.4027921325
        ],
        "total_current_before": 6875047.310859365,
        "total_current_after": 6875047.310859364,
        "final_total_length": 41.553362845276425,
        "final_max_curvature": 2.7825676174367184,
        "final_average_curvature": 0.9728128670704733,
        "final_arclength_variation": 0.8254876438617835,
        "final_mean_squared_curvature": 2.2712894228350162,
        "final_max_torsion": 1.7715894832005472,
        "final_linking_number": 0,
        "coils_linked_to_surface": true,
        "final_max_max_coil_force": 4713524.898180336,
        "final_avg_max_coil_force": 3215487.9997250154,
        "final_max_force_per_coil": [
          4030988.141104777,
          4713524.898180336,
          2646254.358775972,
          1471184.6008389774
        ],
        "final_max_torque_per_coil": [
          5987048.351557642,
          7628256.132378131,
          1948993.4384768961,
          793449.6104344337
        ],
        "final_max_max_coil_torque": 7628256.132378131,
        "final_avg_max_coil_torque": 4089436.8832117757,
        "avg_BdotN_over_B": 0.01676241879435528,
        "max_BdotN_over_B": 0.07594872968629082,
        "lagrange_multipliers": null,
        "output_directory": "/Users/akaptanoglu/actions-runner/_work/stellcoilbench/stellcoilbench/cases/done/2026-03-26_161716_38322/order_8",
        "flux_threshold": 1e-08,
        "cc_threshold": 0.3323287982501195,
        "cs_threshold": 0.3354116256921429,
        "msc_threshold": 19.939487744943325,
        "arclength_variation_threshold": 0.0,
        "curvature_threshold": 7.207669069345057,
        "force_threshold": 179.70516041481375,
        "torque_threshold": 0.0,
        "timing": {
          "coil_initialization": 7.499475032091141e-07,
          "biotsavart_setup": 0.004483750090003014,
          "objective_setup": 0.008673832984641194,
          "coil_optimization": 1933.401189707918,
          "save_and_metrics": 1.4971354170702398
        },
        "fourier_order": 8,
        "continuation_step": 2
      },
      {
        "initial_B_field": 2.780111160432142,
        "final_B_field": 2.780111100710271,
        "target_B_field": 2.5,