{
  "metadata": {
    "contact": "auto",
    "hardware": "CPU: self-hosted runner",
    "run_date": "2026-03-15T21:38:43.185688",
    "iterations_used": 500,
    "walltime_sec": 535.1532280445099
  },
  "version_info": {
    "stellcoilbench_commit": "84b21b26ff641cdab46748c6bae25fec02697d94",
    "stellcoilbench_branch": "main",
    "simsopt_version": "0.1.dev5668+ga79006b0b",
    "simsopt_commit": "a79006b0b"
  },
  "metrics": {
    "fourier_continuation": true,
    "fourier_orders": [
      4,
      8,
      16
    ],
    "final_order": 16,
    "continuation_results": [
      {
        "initial_B_field": 1.0000050243934888,
        "final_B_field": 1.085445254139833,
        "target_B_field": 1.0,
        "optimization_time": 547.9265620708466,
        "walltime_sec": 547.9265620708466,
        "iterations_used": 500,
        "final_squared_flux": 0.005705977561780716,
        "optimization_success": true,
        "optimization_message": "Completed",
        "optimization_nfev": 500,
        "optimization_njev": null,
        "_cached_thresholds": {
          "length_threshold": 14.172865891057661,
          "flux_threshold": 1e-08,
          "cc_threshold": 0.15227291470797544,
          "cs_threshold": 0.1601934824431107,
          "msc_threshold": 5.706661632283622,
          "curvature_threshold": 21.513609339405516,
          "force_threshold": 2799.7992999451685,
          "torque_threshold": 0.0,
          "finite_build_width": 0.05,
          "major_radius": 1.0098736979848935,
          "minor_radius": 0.16831206437162433,
          "a0": 10.100286074838271,
          "arclength_variation_threshold": 0.0,
          "coil_width": 0.039602838675676315
        },
        "final_min_cs_separation": 0.15035037422874584,
        "final_min_cc_separation": 0.14655103530424543,
        "final_length_per_coil": [
          2.9772315508125295,
          2.9460981012251084,
          2.8487189609385117,
          2.6357225224892384,
          2.840840082784381
        ],
        "final_current_per_coil": [
          311810.4417668835,
          324836.1948053811,
          316104.7725570583,
          117667.9967699716,
          414929.12608058203
        ],
        "total_current_before": 1250012.5384399334,
        "total_current_after": 1250012.5384399334,
        "final_total_length": 14.24861121824977,
        "final_max_curvature": 3.2067710292192686,
        "final_average_curvature": 2.339850401280109,
        "final_arclength_variation": 0.003619110786851458,
        "final_mean_squared_curvature": 5.745784490478075,
        "final_max_torsion": 9.4388737286946,
        "final_linking_number": 0,
        "coils_linked_to_surface": true,
        "final_max_max_coil_force": 278933.253155783,
        "final_avg_max_coil_force": 218595.91452625775,
        "final_max_force_per_coil": [
          232485.36998574666,
          235516.311586482,
          212218.5447384601,
          133826.09316481705,
          278933.253155783
        ],
        "final_max_torque_per_coil": [
          38164.151563452935,
          33778.239145270265,
          23796.042321025037,
          14084.522425839228,
          31155.324746632945
        ],
        "final_max_max_coil_torque": 38164.151563452935,
        "final_avg_max_coil_torque": 28195.65604044408,
        "avg_BdotN_over_B": 0.03487159155315834,
        "max_BdotN_over_B": 0.1572554283440687,
        "lagrange_multipliers": null,
        "output_directory": "/Users/akaptanoglu/actions-runner/_work/stellcoilbench/stellcoilbench/cases/done/2026-03-15_211035_17647/order_4",
        "flux_threshold": 1e-08,
        "cc_threshold": 0.15227291470797544,
        "cs_threshold": 0.1601934824431107,
        "msc_threshold": 5.706661632283622,
        "arclength_variation_threshold": 0.0,
        "curvature_threshold": 21.513609339405516,
        "force_threshold": 2799.7992999451685,
        "torque_threshold": 0.0,
        "timing": {
          "coil_initialization": 0.2422772500431165,
          "biotsavart_setup": 1.3399724169867113,
          "objective_setup": 0.03269225009717047,
          "coil_optimization": 547.9269246659242,
          "save_and_metrics": 0.9472684160573408
        },
        "fourier_order": 4,
        "continuation_step": 1
      },
      {
        "initial_B_field": 1.085445254139833,
        "final_B_field": 1.0853293224891782,
        "target_B_field": 1.0,
        "optimization_time": 501.1432240009308,
        "walltime_sec": 501.1432240009308,
        "iterations_used": 500,
        "final_squared_flux": 0.005956914758078108,
        "optimization_success": true,
        "optimization_message": "Completed",
        "optimization_nfev": 500,
        "optimization_njev": null,
        "_cached_thresholds": {
          "length_threshold": 14.172865891057661,
          "flux_threshold": 1e-08,
          "cc_threshold": 0.15227291470797544,
          "cs_threshold": 0.1601934824431107,
          "msc_threshold": 5.706661632283622,
          "curvature_threshold": 21.513609339405516,
          "force_threshold": 2799.7992999451685,
          "torque_threshold": 0.0,
          "finite_build_width": 0.05,
          "major_radius": 1.0098736979848935,
          "minor_radius": 0.16831206437162433,
          "a0": 10.100286074838271,
          "arclength_variation_threshold": 0.0,
          "coil_width": 0.039602838675676315
        },
        "final_min_cs_separation": 0.15043444567665468,
        "final_min_cc_separation": 0.1465452952362407,
        "final_length_per_coil": [
          2.973075500709202,
          2.9395673184715214,
          2.839021583043329,
          2.635689704892828,
          2.834577250625666
        ],
        "final_current_per_coil": [
          313318.93324719596,
          325568.0282620574,
          315439.00797693647,
          120778.99923794497,
          416465.5681916886
        ],
        "total_current_before": 1250012.5384399334,
        "total_current_after": 1250012.5384399334,
        "final_total_length": 14.221931357742545,
        "final_max_curvature": 3.2059924230535475,
        "final_average_curvature": 2.339591314311455,
        "final_arclength_variation": 0.0014269417509104006,
        "final_mean_squared_curvature": 5.736088999604308,
        "final_max_torsion": 9.645111949685266,
        "final_linking_number": 0,
        "coils_linked_to_surface": true,
        "final_max_max_coil_force": 199943.98115211536,
        "final_avg_max_coil_force": 177380.16761037643,
        "final_max_force_per_coil": [
          199943.98115211536,
          190409.88465044962,
          155601.68701271876,
          145190.9647151905,
          195754.320521408
        ],
        "final_max_torque_per_coil": [
          28527.04994218182,
          24177.24710539755,
          15081.13739264258,
          13994.754028691152,
          19622.669098401362
        ],
        "final_max_max_coil_torque": 28527.04994218182,
        "final_avg_max_coil_torque": 20280.57151346289,
        "avg_BdotN_over_B": 0.035650818276979135,
        "max_BdotN_over_B": 0.1600831503066653,
        "lagrange_multipliers": null,
        "output_directory": "/Users/akaptanoglu/actions-runner/_work/stellcoilbench/stellcoilbench/cases/done/2026-03-15_211035_17647/order_8",
        "flux_threshold": 1e-08,
        "cc_threshold": 0.15227291470797544,
        "cs_threshold": 0.1601934824431107,
        "msc_threshold": 5.706661632283622,
        "arclength_variation_threshold": 0.0,
        "curvature_threshold": 21.513609339405516,
        "force_threshold": 2799.7992999451685,
        "torque_threshold": 0.0,
        "timing": {
          "coil_initialization": 7.919734343886375e-07,
          "biotsavart_setup": 0.0031705410219728947,
          "objective_setup": 0.006146875093691051,
          "coil_optimization": 501.14354900002945,
          "save_and_metrics": 0.8921161660691723
        },
        "fourier_order": 8,