{
  "metadata": {
    "contact": "auto",
    "hardware": "CPU: self-hosted runner",
    "run_date": "2026-03-28T12:54:58.138849",
    "iterations_used": 500,
    "walltime_sec": 106.5125687122345,
    "tags": [
      "explore"
    ],
    "parent_ids": []
  },
  "version_info": {
    "stellcoilbench_commit": "f578f6f3d0dff7dc5e7ee499ea477391fda8650f",
    "stellcoilbench_branch": "main",
    "simsopt_version": "0.1.dev5668+ga79006b0b",
    "simsopt_commit": "a79006b0b"
  },
  "metrics": {
    "fourier_continuation": true,
    "fourier_orders": [
      4,
      8,
      16
    ],
    "final_order": 16,
    "continuation_results": [
      {
        "initial_B_field": 2.50000000044544,
        "final_B_field": 0.1801603568159168,
        "target_B_field": 2.5,
        "optimization_time": 1585.0675818920135,
        "walltime_sec": 1585.0675818920135,
        "iterations_used": 500,
        "final_squared_flux": 0.23001940636405224,
        "optimization_success": true,
        "optimization_message": "Completed",
        "optimization_nfev": 500,
        "optimization_njev": null,
        "_cached_thresholds": {
          "length_threshold": 34.68489155020496,
          "flux_threshold": 1e-08,
          "cc_threshold": 0.296259717178446,
          "cs_threshold": 0.5687816630533121,
          "msc_threshold": 3.2567505605861555,
          "curvature_threshold": 2.8058657718197453,
          "force_threshold": 556.9562462675725,
          "torque_threshold": 0.0,
          "finite_build_width": 0.10789896047081801,
          "major_radius": 5.483631261799852,
          "minor_radius": 0.5240806651439732,
          "a0": 3.2437754587511507,
          "arclength_variation_threshold": 0.0,
          "coil_width": 0.12331309768093489
        },
        "final_min_cs_separation": 0.04874744216762188,
        "final_min_cc_separation": 0.19474787279889177,
        "final_length_per_coil": [
          7.7796051368438315,
          7.764942589698046,
          5.7892260008692915,
          5.6523516486513685,
          5.510413261625752,
          3.248968387430448
        ],
        "final_current_per_coil": [
          61641.570476496956,
          236935.69969944077,
          331556.7961431392,
          60439.284734144974,
          115639.7926842027,
          6542658.258111378
        ],
        "total_current_before": 6875000.002449921,
        "total_current_after": 6875000.002449921,
        "final_total_length": 35.745507025118734,
        "final_max_curvature": 3.942493789879584,
        "final_average_curvature": 1.2021677730883724,
        "final_arclength_variation": 0.462143535715339,
        "final_mean_squared_curvature": 3.945832653706629,
        "final_max_torsion": 45.349978085885525,
        "final_linking_number": 0,
        "coils_linked_to_surface": false,
        "final_max_max_coil_force": 29383691.078725465,
        "final_avg_max_coil_force": 4985168.228739451,
        "final_max_force_per_coil": [
          5842.824609327078,
          66349.16861384397,
          92192.79256744446,
          34239.04984302939,
          328694.45807759307,
          29383691.078725465
        ],
        "final_max_torque_per_coil": [
          6272.191497167145,
          66584.42155654806,
          81996.43680024984,
          14498.69273294584,
          221309.39740585792,
          3478299.3158074855
        ],
        "final_max_max_coil_torque": 3478299.3158074855,
        "final_avg_max_coil_torque": 644826.7426333757,
        "avg_BdotN_over_B": 0.31436114083541217,
        "max_BdotN_over_B": 0.9981174177297351,
        "lagrange_multipliers": null,
        "output_directory": "/Users/akaptanoglu/actions-runner/_work/stellcoilbench/stellcoilbench/cases/done/2026-03-28_120919_65496/order_4",
        "flux_threshold": 1e-08,
        "cc_threshold": 0.296259717178446,
        "cs_threshold": 0.5687816630533121,
        "msc_threshold": 3.2567505605861555,
        "arclength_variation_threshold": 0.0,
        "curvature_threshold": 2.8058657718197453,
        "force_threshold": 556.9562462675725,
        "torque_threshold": 0.0,
        "timing": {
          "coil_initialization": 2.910337292123586,
          "biotsavart_setup": 2.8549000839702785,
          "objective_setup": 0.04976829094812274,
          "coil_optimization": 1585.0690509169362,
          "save_and_metrics": 2.188993165967986
        },
        "fourier_order": 4,
        "continuation_step": 1
      },
      {
        "initial_B_field": 0.1801603568159168,
        "final_B_field": 0.1797037918554491,
        "target_B_field": 2.5,
        "optimization_time": 740.5300040245056,
        "walltime_sec": 740.5300040245056,
        "iterations_used": 500,
        "final_squared_flux": 0.230262849051116,
        "optimization_success": true,
        "optimization_message": "Completed",
        "optimization_nfev": 500,
        "optimization_njev": null,
        "_cached_thresholds": {
          "length_threshold": 34.68489155020496,
          "flux_threshold": 1e-08,
          "cc_threshold": 0.296259717178446,
          "cs_threshold": 0.5687816630533121,
          "msc_threshold": 3.2567505605861555,
          "curvature_threshold": 2.8058657718197453,
          "force_threshold": 556.9562462675725,
          "torque_threshold": 0.0,
          "finite_build_width": 0.10789896047081801,
          "major_radius": 5.483631261799852,
          "minor_radius": 0.5240806651439732,
          "a0": 3.2437754587511507,
          "arclength_variation_threshold": 0.0,
          "coil_width": 0.12331309768093489
        },
        "final_min_cs_separation": 0.049565105253383895,
        "final_min_cc_separation": 0.1972828824021027,
        "final_length_per_coil": [
          7.779461890010929,
          7.764784118358429,
          5.789017980001383,
          5.65277892846173,
          5.512605973635683,
          3.2514509618492626
        ],
        "final_current_per_coil": [
          61641.56860556413,
          236935.699286843,
          331556.795745638,
          60439.28525641008,
          115639.79439143838,
          6542658.257737714
        ],
        "total_current_before": 6875000.002449921,
        "total_current_after": 6875000.002449921,
        "final_total_length": 35.750099852317426,
        "final_max_curvature": 4.055047923567721,
        "final_average_curvature": 1.2333190132717529,
        "final_arclength_variation": 0.46109632270689155,
        "final_mean_squared_curvature": 4.310839596204578,
        "final_max_torsion": 28.081314036722187,
        "final_linking_number": 0,
        "coils_linked_to_surface": false,
        "final_max_max_coil_force": 19400699.609802157,
        "final_avg_max_coil_force": 3320162.7680361927,
        "final_max_force_per_coil": [
          5852.482793473294,
          68444.76250949322,
          80081.0750300669,
          33732.26093580594,
          332166.4171461631,
          19400699.609802157
        ],
        "final_max_torque_per_coil": [
          6240.150798931709,
          68941.7150440009,
          83234.89790811254,
          14311.254629966239,
          223612.46504588335,
          2480315.9221086144
        ],
        "final_max_max_coil_torque": 2480315.9221086144,
        "final_avg_max_coil_torque": 479442.7342559181,
        "avg_BdotN_over_B": 0.31438677852230745,
        "max_BdotN_over_B": 0.9980843135900295,
        "lagrange_multipliers": null,
        "output_directory": "/Users/akaptanoglu/actions-runner/_work/stellcoilbench/stellcoilbench/cases/done/2026-03-28_120919_65496/order_8",
        "flux_threshold": 1e-08,
        "cc_threshold": 0.296259717178446,
        "cs_threshold": 0.5687816630533121,
        "msc_threshold": 3.2567505605861555,
        "arclength_variation_threshold": 0.0,
        "curvature_threshold": 2.8058657718197453,
        "force_threshold": 556.9562462675725,
        "torque_threshold": 0.0,