{
  "metadata": {
    "contact": "auto",
    "hardware": "CPU: self-hosted runner",
    "run_date": "2026-03-14T08:57:06.173063",
    "iterations_used": 500,
    "walltime_sec": 6.711855173110962
  },
  "version_info": {
    "stellcoilbench_commit": "63f69ad19a17772f4078347d890213b5ca20c8de",
    "stellcoilbench_branch": "main",
    "simsopt_version": "0.1.dev5668+ga79006b0b",
    "simsopt_commit": "a79006b0b"
  },
  "metrics": {
    "fourier_continuation": true,
    "fourier_orders": [
      4,
      8,
      16
    ],
    "final_order": 16,
    "continuation_results": [
      {
        "initial_B_field": 1.0000305513510055,
        "final_B_field": 1.0971607726245178,
        "target_B_field": 1.0,
        "optimization_time": 69.38271927833557,
        "walltime_sec": 69.38271927833557,
        "iterations_used": 500,
        "final_squared_flux": 0.0,
        "optimization_success": true,
        "optimization_message": "Completed",
        "optimization_nfev": 500,
        "optimization_njev": null,
        "_cached_thresholds": {
          "length_threshold": 19.80141933783816,
          "flux_threshold": 8e-06,
          "cc_threshold": 0.10500000000000001,
          "cs_threshold": 0.017843950029196167,
          "msc_threshold": 62.19651121910229,
          "curvature_threshold": 52.74466351026863,
          "force_threshold": 0.0,
          "torque_threshold": 0.0,
          "finite_build_width": 0.05,
          "major_radius": 1.0098736979848935,
          "minor_radius": 0.16831206437162433,
          "a0": 10.100286074838271,
          "arclength_variation_threshold": 0.0,
          "coil_width": 0.039602838675676315
        },
        "final_min_cs_separation": 0.28787713654539226,
        "final_min_cc_separation": 0.1042709420576993,
        "final_length_per_coil": [
          4.657847684836757,
          4.865788086205842,
          4.907643913835777,
          5.232522859963198
        ],
        "final_current_per_coil": [
          239423.3014322855,
          318532.69896854914,
          291037.59000086586,
          401082.0342337636
        ],
        "total_current_before": 1250075.624635464,
        "total_current_after": 1250075.624635464,
        "final_total_length": 19.663802544841573,
        "final_max_curvature": 2.7262290027198155,
        "final_average_curvature": 1.7782705211347019,
        "final_arclength_variation": 0.0013842732646297822,
        "final_mean_squared_curvature": 3.7569534904961315,
        "final_max_torsion": 40.62726604386467,
        "final_linking_number": 0,
        "coils_linked_to_surface": true,
        "final_max_max_coil_force": 440454.1774958711,
        "final_avg_max_coil_force": 373740.9251814899,
        "final_max_force_per_coil": [
          249646.79562252812,
          440454.1774958711,
          382484.71275356965,
          422378.0148539906
        ],
        "final_max_torque_per_coil": [
          101480.30497666192,
          210817.28116703453,
          139702.07720756848,
          124289.95280659436
        ],
        "final_max_max_coil_torque": 210817.28116703453,
        "final_avg_max_coil_torque": 144072.4040394648,
        "avg_BdotN_over_B": 0.0012083019352519579,
        "max_BdotN_over_B": 0.00522144654589858,
        "lagrange_multipliers": null,
        "output_directory": "/Users/akaptanoglu/actions-runner/_work/stellcoilbench/stellcoilbench/cases/done/2026-03-14_085404_96242/order_4",
        "flux_threshold": 8e-06,
        "cc_threshold": 0.10500000000000001,
        "cs_threshold": 0.017843950029196167,
        "msc_threshold": 62.19651121910229,
        "arclength_variation_threshold": 0.0,
        "curvature_threshold": 52.74466351026863,
        "force_threshold": 0.0,
        "torque_threshold": 0.0,
        "timing": {
          "coil_initialization": 0.18577954196371138,
          "biotsavart_setup": 1.219634584034793,
          "objective_setup": 0.036569499992765486,
          "coil_optimization": 69.3828083750559,
          "save_and_metrics": 1.0009845840977505
        },
        "fourier_order": 4,
        "continuation_step": 1
      },
      {
        "initial_B_field": 1.0971607726245178,
        "final_B_field": 1.0970994911589864,
        "target_B_field": 1.0,
        "optimization_time": 29.189685106277466,
        "walltime_sec": 29.189685106277466,
        "iterations_used": 500,
        "final_squared_flux": 0.0,
        "optimization_success": true,
        "optimization_message": "Completed",
        "optimization_nfev": 500,
        "optimization_njev": null,
        "_cached_thresholds": {
          "length_threshold": 19.80141933783816,
          "flux_threshold": 8e-06,
          "cc_threshold": 0.10500000000000001,
          "cs_threshold": 0.017843950029196167,
          "msc_threshold": 62.19651121910229,
          "curvature_threshold": 52.74466351026863,
          "force_threshold": 0.0,
          "torque_threshold": 0.0,
          "finite_build_width": 0.05,
          "major_radius": 1.0098736979848935,
          "minor_radius": 0.16831206437162433,
          "a0": 10.100286074838271,
          "arclength_variation_threshold": 0.0,
          "coil_width": 0.039602838675676315
        },
        "final_min_cs_separation": 0.2883398645744979,
        "final_min_cc_separation": 0.10571973161108798,
        "final_length_per_coil": [
          4.658980528347002,
          4.864887859597582,
          4.907889693416559,
          5.233624076060875
        ],
        "final_current_per_coil": [
          239653.18076281037,
          318998.9044389412,
          290559.41573653446,
          400864.123697178
        ],
        "total_current_before": 1250075.624635464,
        "total_current_after": 1250075.624635464,
        "final_total_length": 19.66538215742202,
        "final_max_curvature": 2.6274490057744315,
        "final_average_curvature": 1.7800240979506103,
        "final_arclength_variation": 2.4368806833380148e-05,
        "final_mean_squared_curvature": 3.7547974015313996,
        "final_max_torsion": 61.79330143835202,
        "final_linking_number": 0,
        "coils_linked_to_surface": true,
        "final_max_max_coil_force": 428116.1479966284,
        "final_avg_max_coil_force": 352917.64477418305,
        "final_max_force_per_coil": [
          222477.50406134923,
          428116.1479966284,
          386227.6595173323,
          374849.2675214224
        ],
        "final_max_torque_per_coil": [
          93131.34921799522,
          214449.40027436998,
          148162.2390241608,
          93303.37371266045
        ],
        "final_max_max_coil_torque": 214449.40027436998,
        "final_avg_max_coil_torque": 137261.5905572966,
        "avg_BdotN_over_B": 0.0012010503660008212,
        "max_BdotN_over_B": 0.005358634741911154,
        "lagrange_multipliers": null,
        "output_directory": "/Users/akaptanoglu/actions-runner/_work/stellcoilbench/stellcoilbench/cases/done/2026-03-14_085404_96242/order_8",
        "flux_threshold": 8e-06,
        "cc_threshold": 0.10500000000000001,
        "cs_threshold": 0.017843950029196167,
        "msc_threshold": 62.19651121910229,
        "arclength_variation_threshold": 0.0,
        "curvature_threshold": 52.74466351026863,
        "force_threshold": 0.0,
        "torque_threshold": 0.0,
        "timing": {
          "coil_initialization": 5.84055669605732e-07,
          "biotsavart_setup": 0.002998540992848575,
          "objective_setup": 0.005545834079384804,
          "coil_optimization": 29.18972333392594,
          "save_and_metrics": 1.0154182499973103
        },
        "fourier_order": 8,
        "continuation_step": 2
      },
      {
        "initial_B_field": 1.0970994911589864,
        "final_B_field": 1.0970994911589864,
        "target_B_field": 1.0,
        "optimization_time": 6.711855173110962,
        "walltime_sec": 6.711855173110962,
        "iterations_used": 500,
        "final_squared_flux": 0.0,