{
  "metadata": {
    "contact": "auto",
    "hardware": "CPU: self-hosted runner",
    "run_date": "2026-03-18T02:41:35.458787",
    "iterations_used": 500,
    "walltime_sec": 288.30871200561523
  },
  "version_info": {
    "stellcoilbench_commit": "6d1b6033b245cba6b12effd9c1cca9b6f29a3554",
    "stellcoilbench_branch": "main",
    "simsopt_version": "0.1.dev5668+ga79006b0b",
    "simsopt_commit": "a79006b0b"
  },
  "metrics": {
    "fourier_continuation": true,
    "fourier_orders": [
      4,
      8,
      16
    ],
    "final_order": 16,
    "continuation_results": [
      {
        "initial_B_field": 1.0000305513510055,
        "final_B_field": 1.099577338016202,
        "target_B_field": 1.0,
        "optimization_time": 314.7194039821625,
        "walltime_sec": 314.7194039821625,
        "iterations_used": 500,
        "final_squared_flux": 0.007393963320667322,
        "optimization_success": true,
        "optimization_message": "Completed",
        "optimization_nfev": 500,
        "optimization_njev": null,
        "_cached_thresholds": {
          "length_threshold": 9.975955062402864,
          "flux_threshold": 1e-08,
          "cc_threshold": 0.1353427011741238,
          "cs_threshold": 0.14900568051723212,
          "msc_threshold": 16.98868117787797,
          "curvature_threshold": 5.575357913310726,
          "force_threshold": 584.8065637331359,
          "torque_threshold": 0.0,
          "finite_build_width": 0.05,
          "major_radius": 1.0098736979848935,
          "minor_radius": 0.16831206437162433,
          "a0": 10.100286074838271,
          "arclength_variation_threshold": 0.0,
          "coil_width": 0.039602838675676315
        },
        "final_min_cs_separation": 0.1354650601220839,
        "final_min_cc_separation": 0.259656218912445,
        "final_length_per_coil": [
          3.189106374599429,
          2.498988022854271,
          2.2215063769315044,
          2.11332770131758
        ],
        "final_current_per_coil": [
          469909.6027877827,
          298899.1110732926,
          249495.0098125418,
          231771.90096184704
        ],
        "total_current_before": 1250075.624635464,
        "total_current_after": 1250075.624635464,
        "final_total_length": 10.022928475702784,
        "final_max_curvature": 5.118561955474696,
        "final_average_curvature": 2.8542970711815747,
        "final_arclength_variation": 0.0058219206646025826,
        "final_mean_squared_curvature": 11.872483507858467,
        "final_max_torsion": 29.44886549757519,
        "final_linking_number": 0,
        "coils_linked_to_surface": true,
        "final_max_max_coil_force": 318178.07846990303,
        "final_avg_max_coil_force": 210555.818541108,
        "final_max_force_per_coil": [
          318178.07846990303,
          210212.17261565832,
          166742.9230789048,
          147090.09999996587
        ],
        "final_max_torque_per_coil": [
          86465.58075539507,
          37103.38711051002,
          23448.02689305281,
          18712.470532150764
        ],
        "final_max_max_coil_torque": 86465.58075539507,
        "final_avg_max_coil_torque": 41432.36632277716,
        "avg_BdotN_over_B": 0.04018835895554212,
        "max_BdotN_over_B": 0.15444724347947483,
        "lagrange_multipliers": null,
        "output_directory": "/Users/akaptanoglu/actions-runner/_work/stellcoilbench/stellcoilbench/cases/done/2026-03-18_022332_49262/order_4",
        "flux_threshold": 1e-08,
        "cc_threshold": 0.1353427011741238,
        "cs_threshold": 0.14900568051723212,
        "msc_threshold": 16.98868117787797,
        "arclength_variation_threshold": 0.0,
        "curvature_threshold": 5.575357913310726,
        "force_threshold": 584.8065637331359,
        "torque_threshold": 0.0,
        "timing": {
          "coil_initialization": 0.20546158298384398,
          "biotsavart_setup": 1.3118308749981225,
          "objective_setup": 0.03349137504119426,
          "coil_optimization": 314.7196467089234,
          "save_and_metrics": 0.870664875023067
        },
        "fourier_order": 4,
        "continuation_step": 1
      },
      {
        "initial_B_field": 1.099577338016202,
        "final_B_field": 1.0994145404398004,
        "target_B_field": 1.0,
        "optimization_time": 293.8582389354706,
        "walltime_sec": 293.8582389354706,
        "iterations_used": 500,
        "final_squared_flux": 0.007388361309720885,
        "optimization_success": true,
        "optimization_message": "Completed",
        "optimization_nfev": 500,
        "optimization_njev": null,
        "_cached_thresholds": {
          "length_threshold": 9.975955062402864,
          "flux_threshold": 1e-08,
          "cc_threshold": 0.1353427011741238,
          "cs_threshold": 0.14900568051723212,
          "msc_threshold": 16.98868117787797,
          "curvature_threshold": 5.575357913310726,
          "force_threshold": 584.8065637331359,
          "torque_threshold": 0.0,
          "finite_build_width": 0.05,
          "major_radius": 1.0098736979848935,
          "minor_radius": 0.16831206437162433,
          "a0": 10.100286074838271,
          "arclength_variation_threshold": 0.0,
          "coil_width": 0.039602838675676315
        },
        "final_min_cs_separation": 0.1352987407513285,
        "final_min_cc_separation": 0.259741252430726,
        "final_length_per_coil": [
          3.1948609848959784,
          2.494875184718001,
          2.2205908086151527,
          2.112600550471919
        ],
        "final_current_per_coil": [
          471739.7775530321,
          297550.0252495965,
          249249.09502788685,
          231536.72680494864
        ],
        "total_current_before": 1250075.624635464,
        "total_current_after": 1250075.624635464,
        "final_total_length": 10.022927528701052,
        "final_max_curvature": 5.181860961442721,
        "final_average_curvature": 2.841692404223538,
        "final_arclength_variation": 0.0015851729016196003,
        "final_mean_squared_curvature": 11.82523116431694,
        "final_max_torsion": 27.36250017818018,
        "final_linking_number": 0,
        "coils_linked_to_surface": true,
        "final_max_max_coil_force": 243850.39626149632,
        "final_avg_max_coil_force": 160963.0442122539,
        "final_max_force_per_coil": [
          243850.39626149632,
          162725.5087997751,
          127980.49539038452,
          109295.77639735972
        ],
        "final_max_torque_per_coil": [
          54285.24822038256,
          26776.41242394112,
          17002.243545128702,
          13624.246611550272
        ],
        "final_max_max_coil_torque": 54285.24822038256,
        "final_avg_max_coil_torque": 27922.037700250665,
        "avg_BdotN_over_B": 0.040176231249233314,
        "max_BdotN_over_B": 0.15429721290380002,
        "lagrange_multipliers": null,
        "output_directory": "/Users/akaptanoglu/actions-runner/_work/stellcoilbench/stellcoilbench/cases/done/2026-03-18_022332_49262/order_8",
        "flux_threshold": 1e-08,
        "cc_threshold": 0.1353427011741238,
        "cs_threshold": 0.14900568051723212,
        "msc_threshold": 16.98868117787797,
        "arclength_variation_threshold": 0.0,
        "curvature_threshold": 5.575357913310726,
        "force_threshold": 584.8065637331359,
        "torque_threshold": 0.0,
        "timing": {
          "coil_initialization": 4.5902561396360397e-07,
          "biotsavart_setup": 0.0028571250149980187,
          "objective_setup": 0.007379791000857949,
          "coil_optimization": 293.8584601250477,
          "save_and_metrics": 0.8248797920532525
        },
        "fourier_order": 8,
        "continuation_step": 2
      },
      {
        "initial_B_field": 1.0994145404398004,
        "final_B_field": 1.0993569639825604,
        "target_B_field": 1.0,
        "optimization_time": 288.30871200561523,
        "walltime_sec": 288.30871200561523,