{
  "metadata": {
    "contact": "auto",
    "hardware": "CPU: self-hosted runner",
    "run_date": "2026-03-14T08:42:12.890261",
    "iterations_used": 500,
    "walltime_sec": 291.33373284339905
  },
  "version_info": {
    "stellcoilbench_commit": "8fc3b3f6000df150027e18a3ccdf1d0a9c833f58",
    "stellcoilbench_branch": "main",
    "simsopt_version": "0.1.dev5668+ga79006b0b",
    "simsopt_commit": "a79006b0b"
  },
  "metrics": {
    "fourier_continuation": true,
    "fourier_orders": [
      4,
      8,
      16
    ],
    "final_order": 16,
    "continuation_results": [
      {
        "initial_B_field": 1.0000305513510055,
        "final_B_field": 1.0961056643301421,
        "target_B_field": 1.0,
        "optimization_time": 277.6668508052826,
        "walltime_sec": 277.6668508052826,
        "iterations_used": 500,
        "final_squared_flux": 0.0001741548720909938,
        "optimization_success": true,
        "optimization_message": "Completed",
        "optimization_nfev": 500,
        "optimization_njev": null,
        "_cached_thresholds": {
          "length_threshold": 15.450057438348223,
          "flux_threshold": 1e-08,
          "cc_threshold": 0.19771717208831402,
          "cs_threshold": 0.11692738118993433,
          "msc_threshold": 47.723851703610826,
          "curvature_threshold": 6.736890811917127,
          "force_threshold": 3324.004147229275,
          "torque_threshold": 0.0,
          "finite_build_width": 0.05,
          "major_radius": 1.0098736979848935,
          "minor_radius": 0.16831206437162433,
          "a0": 10.100286074838271,
          "arclength_variation_threshold": 0.0,
          "coil_width": 0.039602838675676315
        },
        "final_min_cs_separation": 0.2332392429149776,
        "final_min_cc_separation": 0.19602107473570538,
        "final_length_per_coil": [
          4.317989060732349,
          3.899769621260152,
          3.5335511063562577,
          3.7042699915771213
        ],
        "final_current_per_coil": [
          326427.40464087896,
          329010.9805371731,
          251690.82550963337,
          342946.4139477785
        ],
        "total_current_before": 1250075.624635464,
        "total_current_after": 1250075.624635464,
        "final_total_length": 15.455579779925879,
        "final_max_curvature": 3.543265888619948,
        "final_average_curvature": 2.1396529472637376,
        "final_arclength_variation": 0.00417975385880481,
        "final_mean_squared_curvature": 6.233671625515208,
        "final_max_torsion": 10.431442332523003,
        "final_linking_number": 0,
        "coils_linked_to_surface": true,
        "final_max_max_coil_force": 313643.7949026952,
        "final_avg_max_coil_force": 293357.5517148969,
        "final_max_force_per_coil": [
          292845.8762733597,
          313643.7949026952,
          257182.39678831372,
          309758.1388952191
        ],
        "final_max_torque_per_coil": [
          82488.90706636594,
          133312.1907647053,
          82228.0360375593,
          64650.54922565926
        ],
        "final_max_max_coil_torque": 133312.1907647053,
        "final_avg_max_coil_torque": 90669.92077357245,
        "avg_BdotN_over_B": 0.005866415618324435,
        "max_BdotN_over_B": 0.024406200903997408,
        "lagrange_multipliers": null,
        "output_directory": "/Users/akaptanoglu/actions-runner/_work/stellcoilbench/stellcoilbench/cases/done/2026-03-14_082618_42550/order_4",
        "flux_threshold": 1e-08,
        "cc_threshold": 0.19771717208831402,
        "cs_threshold": 0.11692738118993433,
        "msc_threshold": 47.723851703610826,
        "arclength_variation_threshold": 0.0,
        "curvature_threshold": 6.736890811917127,
        "force_threshold": 3324.004147229275,
        "torque_threshold": 0.0,
        "timing": {
          "coil_initialization": 0.1773460409604013,
          "biotsavart_setup": 1.1759622080717236,
          "objective_setup": 0.0266312500461936,
          "coil_optimization": 277.6673227919964,
          "save_and_metrics": 0.9449414579430595
        },
        "fourier_order": 4,
        "continuation_step": 1
      },
      {
        "initial_B_field": 1.0961056643301421,
        "final_B_field": 1.0952237424445168,
        "target_B_field": 1.0,
        "optimization_time": 310.33564496040344,
        "walltime_sec": 310.33564496040344,
        "iterations_used": 500,
        "final_squared_flux": 0.00011162414150507862,
        "optimization_success": true,
        "optimization_message": "Completed",
        "optimization_nfev": 500,
        "optimization_njev": null,
        "_cached_thresholds": {
          "length_threshold": 15.450057438348223,
          "flux_threshold": 1e-08,
          "cc_threshold": 0.19771717208831402,
          "cs_threshold": 0.11692738118993433,
          "msc_threshold": 47.723851703610826,
          "curvature_threshold": 6.736890811917127,
          "force_threshold": 3324.004147229275,
          "torque_threshold": 0.0,
          "finite_build_width": 0.05,
          "major_radius": 1.0098736979848935,
          "minor_radius": 0.16831206437162433,
          "a0": 10.100286074838271,
          "arclength_variation_threshold": 0.0,
          "coil_width": 0.039602838675676315
        },
        "final_min_cs_separation": 0.21281014270655577,
        "final_min_cc_separation": 0.19619395872843723,
        "final_length_per_coil": [
          4.60823837310648,
          3.6668484674677377,
          3.3529078825663197,
          3.826494345054452
        ],
        "final_current_per_coil": [
          425425.7190069279,
          249419.81848489103,
          205654.04034125755,
          369576.0468023876
        ],
        "total_current_before": 1250075.624635464,
        "total_current_after": 1250075.624635464,
        "final_total_length": 15.454489068194992,
        "final_max_curvature": 6.77377694444258,
        "final_average_curvature": 2.2702908559812243,
        "final_arclength_variation": 0.0018318307375259203,
        "final_mean_squared_curvature": 8.73003697621002,
        "final_max_torsion": 150.8367528965977,
        "final_linking_number": 0,
        "coils_linked_to_surface": true,
        "final_max_max_coil_force": 359092.9274186982,
        "final_avg_max_coil_force": 283622.2756118646,
        "final_max_force_per_coil": [
          359092.9274186982,
          282200.23274220974,
          234464.21188181516,
          258731.73040473514
        ],
        "final_max_torque_per_coil": [
          114262.0141958838,
          135820.61867629565,
          88823.32812360204,
          49848.55311493937
        ],
        "final_max_max_coil_torque": 135820.61867629565,
        "final_avg_max_coil_torque": 97188.62852768021,
        "avg_BdotN_over_B": 0.004757692600103287,
        "max_BdotN_over_B": 0.01663134944087136,
        "lagrange_multipliers": null,
        "output_directory": "/Users/akaptanoglu/actions-runner/_work/stellcoilbench/stellcoilbench/cases/done/2026-03-14_082618_42550/order_8",
        "flux_threshold": 1e-08,
        "cc_threshold": 0.19771717208831402,
        "cs_threshold": 0.11692738118993433,
        "msc_threshold": 47.723851703610826,
        "arclength_variation_threshold": 0.0,
        "curvature_threshold": 6.736890811917127,
        "force_threshold": 3324.004147229275,
        "torque_threshold": 0.0,
        "timing": {
          "coil_initialization": 5.419133231043816e-07,
          "biotsavart_setup": 0.0027617920422926545,
          "objective_setup": 0.006189833045937121,
          "coil_optimization": 310.3360410000896,
          "save_and_metrics": 0.8166963750263676
        },
        "fourier_order": 8,
        "continuation_step": 2
      },
      {
        "initial_B_field": 1.0952237424445168,
        "final_B_field": 1.0944489863292919,
        "target_B_field": 1.0,
        "optimization_time": 291.33373284339905,
        "walltime_sec": 291.33373284339905,