{
  "metadata": {
    "contact": "auto",
    "hardware": "CPU: self-hosted runner",
    "run_date": "2026-04-05T11:53:32.015194",
    "iterations_used": 500,
    "walltime_sec": 305.8418912887573,
    "tags": [
      "explore"
    ],
    "parent_ids": []
  },
  "version_info": {
    "stellcoilbench_commit": "a95bb3219ae5a89b018a3edf538c09866004ed1a",
    "stellcoilbench_branch": "main",
    "simsopt_version": "0.1.dev5668+ga79006b0b",
    "simsopt_commit": "a79006b0b"
  },
  "metrics": {
    "fourier_continuation": true,
    "fourier_orders": [
      4,
      8,
      16
    ],
    "final_order": 16,
    "continuation_results": [
      {
        "initial_B_field": 5.700046898707296,
        "final_B_field": 6.055276279545022,
        "target_B_field": 5.7,
        "optimization_time": 231.30583000183105,
        "walltime_sec": 231.30583000183105,
        "iterations_used": 500,
        "final_squared_flux": 0.9710537884028846,
        "optimization_success": true,
        "optimization_message": "Completed",
        "optimization_nfev": 500,
        "optimization_njev": null,
        "_cached_thresholds": {
          "length_threshold": 110.97819950459588,
          "flux_threshold": 1e-08,
          "cc_threshold": 0.8632417542095677,
          "cs_threshold": 1.403645128796045,
          "msc_threshold": 1.937954219477974,
          "curvature_threshold": 2.9343599144128665,
          "force_threshold": 110.21304233263825,
          "torque_threshold": 0.0,
          "finite_build_width": 0.35091128219901124,
          "major_radius": 13.635429024906689,
          "minor_radius": 1.7044262278237692,
          "a0": 0.9974030980329254,
          "arclength_variation_threshold": 0.0,
          "coil_width": 0.40104146537029867
        },
        "final_min_cs_separation": 1.9107199125168424,
        "final_min_cc_separation": 0.6565764635907746,
        "final_length_per_coil": [
          38.23537960581335,
          36.58213833565221,
          36.70983455741226
        ],
        "final_current_per_coil": [
          17061944.83466343,
          13903120.52860083,
          17748473.832023624
        ],
        "total_current_before": 48713539.19528788,
        "total_current_after": 48713539.19528788,
        "final_total_length": 111.5273524988778,
        "final_max_curvature": 0.3827504947822025,
        "final_average_curvature": 0.2137818537573322,
        "final_arclength_variation": 0.33644464815588715,
        "final_mean_squared_curvature": 0.06982505128260087,
        "final_max_torsion": 24.36872145959596,
        "final_linking_number": 0,
        "coils_linked_to_surface": true,
        "final_max_max_coil_force": 87252871.10376923,
        "final_avg_max_coil_force": 79061311.61443712,
        "final_max_force_per_coil": [
          84417202.33652012,
          87252871.10376923,
          65513861.40302203
        ],
        "final_max_torque_per_coil": [
          442133181.6126992,
          433985238.64736146,
          193452231.2203227
        ],
        "final_max_max_coil_torque": 442133181.6126992,
        "final_avg_max_coil_torque": 356523550.49346113,
        "avg_BdotN_over_B": 0.007609879619943259,
        "max_BdotN_over_B": 0.032859088930189254,
        "lagrange_multipliers": null,
        "output_directory": "/Users/akaptanoglu/actions-runner/_work/stellcoilbench/stellcoilbench/cases/done/2026-04-05_113812_30677/order_4",
        "flux_threshold": 1e-08,
        "cc_threshold": 0.8632417542095677,
        "cs_threshold": 1.403645128796045,
        "msc_threshold": 1.937954219477974,
        "arclength_variation_threshold": 0.0,
        "curvature_threshold": 2.9343599144128665,
        "force_threshold": 110.21304233263825,
        "torque_threshold": 0.0,
        "timing": {
          "coil_initialization": 0.43422408297192305,
          "biotsavart_setup": 1.495354458980728,
          "objective_setup": 0.0224292500060983,
          "coil_optimization": 231.30029116699006,
          "save_and_metrics": 1.031717584002763
        },
        "fourier_order": 4,
        "continuation_step": 1
      },
      {
        "initial_B_field": 6.055276279545022,
        "final_B_field": 6.255627528949619,
        "target_B_field": 5.7,
        "optimization_time": 209.10669898986816,
        "walltime_sec": 209.10669898986816,
        "iterations_used": 500,
        "final_squared_flux": 0.6563916827200709,
        "optimization_success": true,
        "optimization_message": "Completed",
        "optimization_nfev": 500,
        "optimization_njev": null,
        "_cached_thresholds": {
          "length_threshold": 110.97819950459588,
          "flux_threshold": 1e-08,
          "cc_threshold": 0.8632417542095677,
          "cs_threshold": 1.403645128796045,
          "msc_threshold": 1.937954219477974,
          "curvature_threshold": 2.9343599144128665,
          "force_threshold": 110.21304233263825,
          "torque_threshold": 0.0,
          "finite_build_width": 0.35091128219901124,
          "major_radius": 13.635429024906689,
          "minor_radius": 1.7044262278237692,
          "a0": 0.9974030980329254,
          "arclength_variation_threshold": 0.0,
          "coil_width": 0.40104146537029867
        },
        "final_min_cs_separation": 1.9741157084126557,
        "final_min_cc_separation": 0.731415903654222,
        "final_length_per_coil": [
          36.43019870021065,
          38.265491786451996,
          36.74201156666903
        ],
        "final_current_per_coil": [
          14560224.506588155,
          16575884.97426353,
          17577429.714436196
        ],
        "total_current_before": 48713539.19528788,
        "total_current_after": 48713539.19528788,
        "final_total_length": 111.43770205333166,
        "final_max_curvature": 0.5681611549890867,
        "final_average_curvature": 0.23735234353356915,
        "final_arclength_variation": 0.15644830420986344,
        "final_mean_squared_curvature": 0.07271798266366095,
        "final_max_torsion": 5.280525152131144,
        "final_linking_number": 0,
        "coils_linked_to_surface": true,
        "final_max_max_coil_force": 100233971.743409,
        "final_avg_max_coil_force": 79548606.94361295,
        "final_max_force_per_coil": [
          68245442.51822633,
          100233971.743409,
          70166406.56920354
        ],
        "final_max_torque_per_coil": [
          334482822.57130414,
          469655532.1216944,
          196957058.9193802
        ],
        "final_max_max_coil_torque": 469655532.1216944,
        "final_avg_max_coil_torque": 333698471.20412624,
        "avg_BdotN_over_B": 0.006244290229497738,
        "max_BdotN_over_B": 0.022638196992610965,
        "lagrange_multipliers": null,
        "output_directory": "/Users/akaptanoglu/actions-runner/_work/stellcoilbench/stellcoilbench/cases/done/2026-04-05_113812_30677/order_8",
        "flux_threshold": 1e-08,
        "cc_threshold": 0.8632417542095677,
        "cs_threshold": 1.403645128796045,
        "msc_threshold": 1.937954219477974,
        "arclength_variation_threshold": 0.0,
        "curvature_threshold": 2.9343599144128665,
        "force_threshold": 110.21304233263825,
        "torque_threshold": 0.0,
        "timing": {
          "coil_initialization": 8.330098353326321e-07,
          "biotsavart_setup": 0.0036557079874910414,
          "objective_setup": 0.007686041994020343,
          "coil_optimization": 209.10670516599203,
          "save_and_metrics": 1.1065207089995965
        },
        "fourier_order": 8,
        "continuation_step": 2
      },
      {
        "initial_B_field": 6.255627528949619,
        "final_B_field": 6.257155751596482,
        "target_B_field": 5.7,
        "optimization_time": 305.8418912887573,
        "walltime_sec": 305.8418912887573,
        "iterations_used": 500,
        "final_squared_flux": 0.6405094665308425,
        "optimization_success": true,
        "optimization_message": "Completed",