{
  "metadata": {
    "contact": "auto",
    "hardware": "CPU: self-hosted runner",
    "run_date": "2026-03-24T23:16:26.060032",
    "iterations_used": 500,
    "walltime_sec": 96.49714303016663,
    "tags": [
      "explore"
    ],
    "parent_ids": []
  },
  "version_info": {
    "stellcoilbench_commit": "a86ecfd782c56fe9aaeeb4347a9ebbca7d369105",
    "stellcoilbench_branch": "main",
    "simsopt_version": "0.1.dev5668+ga79006b0b",
    "simsopt_commit": "a79006b0b"
  },
  "metrics": {
    "fourier_continuation": true,
    "fourier_orders": [
      4,
      8,
      16
    ],
    "final_order": 16,
    "continuation_results": [
      {
        "initial_B_field": 2.5000971540886527,
        "final_B_field": 2.7533259835390833,
        "target_B_field": 2.5,
        "optimization_time": 465.72958993911743,
        "walltime_sec": 465.72958993911743,
        "iterations_used": 500,
        "final_squared_flux": 0.058489352297154955,
        "optimization_success": true,
        "optimization_message": "Completed",
        "optimization_nfev": 500,
        "optimization_njev": null,
        "_cached_thresholds": {
          "length_threshold": 48.5791948314043,
          "flux_threshold": 1e-08,
          "cc_threshold": 0.22658781698871783,
          "cs_threshold": 0.32924597080809614,
          "msc_threshold": 15.86854954421063,
          "curvature_threshold": 6.049641230570896,
          "force_threshold": 586.4746029422081,
          "torque_threshold": 0.0,
          "finite_build_width": 0.10789896047081801,
          "major_radius": 5.483631261799852,
          "minor_radius": 0.5240806651439732,
          "a0": 3.2437754587511507,
          "arclength_variation_threshold": 0.0,
          "coil_width": 0.12331309768093489
        },
        "final_min_cs_separation": 0.2852792193467343,
        "final_min_cc_separation": 0.16558125313687286,
        "final_length_per_coil": [
          13.51661574320078,
          21.041576324809363,
          15.174719776681277
        ],
        "final_current_per_coil": [
          3099700.7252646596,
          2998413.0313144987,
          777417.1882477794
        ],
        "total_current_before": 6875530.944826938,
        "total_current_after": 6875530.944826938,
        "final_total_length": 49.73291184469142,
        "final_max_curvature": 1.160486760852287,
        "final_average_curvature": 0.6322621164590115,
        "final_arclength_variation": 0.09543834537671562,
        "final_mean_squared_curvature": 0.686488606124908,
        "final_max_torsion": 11.647616151427558,
        "final_linking_number": 10,
        "coils_linked_to_surface": true,
        "final_max_max_coil_force": 9719362.115555344,
        "final_avg_max_coil_force": 6921653.239005378,
        "final_max_force_per_coil": [
          9009728.89190779,
          9719362.115555344,
          2035868.7095530005
        ],
        "final_max_torque_per_coil": [
          6073822.538349835,
          28263160.325458027,
          1445253.9621245002
        ],
        "final_max_max_coil_torque": 28263160.325458027,
        "final_avg_max_coil_torque": 11927412.275310786,
        "avg_BdotN_over_B": 0.00976909516045742,
        "max_BdotN_over_B": 0.0737088450346842,
        "lagrange_multipliers": null,
        "output_directory": "/Users/akaptanoglu/actions-runner/_work/stellcoilbench/stellcoilbench/cases/done/2026-03-24_225313_54174/order_4",
        "flux_threshold": 1e-08,
        "cc_threshold": 0.22658781698871783,
        "cs_threshold": 0.32924597080809614,
        "msc_threshold": 15.86854954421063,
        "arclength_variation_threshold": 0.0,
        "curvature_threshold": 6.049641230570896,
        "force_threshold": 586.4746029422081,
        "torque_threshold": 0.0,
        "timing": {
          "coil_initialization": 0.25891079218126833,
          "biotsavart_setup": 1.5767137079965323,
          "objective_setup": 0.030163499992340803,
          "coil_optimization": 465.729899500031,
          "save_and_metrics": 1.213674624916166
        },
        "fourier_order": 4,
        "continuation_step": 1
      },
      {
        "initial_B_field": 2.7533259835390833,
        "final_B_field": 2.7555034750660665,
        "target_B_field": 2.5,
        "optimization_time": 567.2336423397064,
        "walltime_sec": 567.2336423397064,
        "iterations_used": 500,
        "final_squared_flux": 0.292307887281349,
        "optimization_success": true,
        "optimization_message": "Completed",
        "optimization_nfev": 500,
        "optimization_njev": null,
        "_cached_thresholds": {
          "length_threshold": 48.5791948314043,
          "flux_threshold": 1e-08,
          "cc_threshold": 0.22658781698871783,
          "cs_threshold": 0.32924597080809614,
          "msc_threshold": 15.86854954421063,
          "curvature_threshold": 6.049641230570896,
          "force_threshold": 586.4746029422081,
          "torque_threshold": 0.0,
          "finite_build_width": 0.10789896047081801,
          "major_radius": 5.483631261799852,
          "minor_radius": 0.5240806651439732,
          "a0": 3.2437754587511507,
          "arclength_variation_threshold": 0.0,
          "coil_width": 0.12331309768093489
        },
        "final_min_cs_separation": 0.20274889746544772,
        "final_min_cc_separation": 0.01953547709720214,
        "final_length_per_coil": [
          13.27913465593404,
          21.087857179943086,
          15.414134421007576
        ],
        "final_current_per_coil": [
          3094097.3692916455,
          2998120.6930388333,
          783312.8824964594
        ],
        "total_current_before": 6875530.944826938,
        "total_current_after": 6875530.944826938,
        "final_total_length": 49.781126256884704,
        "final_max_curvature": 1.3458324050406192,
        "final_average_curvature": 0.5818592338231219,
        "final_arclength_variation": 0.503041389682202,
        "final_mean_squared_curvature": 0.6901776102169518,
        "final_max_torsion": 1.1900529332747085,
        "final_linking_number": 10,
        "coils_linked_to_surface": true,
        "final_max_max_coil_force": 15125736.647317614,
        "final_avg_max_coil_force": 11578821.64683411,
        "final_max_force_per_coil": [
          10519282.204899708,
          15125736.647317614,
          9091446.088285008
        ],
        "final_max_torque_per_coil": [
          5011459.754993133,
          34204876.61419057,
          3560636.2292136634
        ],
        "final_max_max_coil_torque": 34204876.61419057,
        "final_avg_max_coil_torque": 14258990.866132455,
        "avg_BdotN_over_B": 0.020479270371225076,
        "max_BdotN_over_B": 0.14811526849154108,
        "lagrange_multipliers": null,
        "output_directory": "/Users/akaptanoglu/actions-runner/_work/stellcoilbench/stellcoilbench/cases/done/2026-03-24_225313_54174/order_8",
        "flux_threshold": 1e-08,
        "cc_threshold": 0.22658781698871783,
        "cs_threshold": 0.32924597080809614,
        "msc_threshold": 15.86854954421063,
        "arclength_variation_threshold": 0.0,
        "curvature_threshold": 6.049641230570896,
        "force_threshold": 586.4746029422081,
        "torque_threshold": 0.0,
        "timing": {
          "coil_initialization": 6.670597940683365e-07,
          "biotsavart_setup": 0.004240917041897774,
          "objective_setup": 0.005339832976460457,
          "coil_optimization": 567.2340062910225,
          "save_and_metrics": 1.257269083056599
        },
        "fourier_order": 8,
        "continuation_step": 2
      },
      {
        "initial_B_field": 2.7555034750660665,
        "final_B_field": 2.755503473786983,
        "target_B_field": 2.5,
        "optimization_time": 96.49714303016663,
        "walltime_sec": 96.49714303016663,
        "iterations_used": 500,
        "final_squared_flux": 0.2923078973940164,
        "optimization_success": true,
        "optimization_message": "Completed",