{
  "metadata": {
    "contact": "auto",
    "hardware": "CPU: self-hosted runner",
    "run_date": "2026-03-30T04:33:23.539695",
    "iterations_used": 500,
    "walltime_sec": 730.4624800682068,
    "tags": [
      "explore"
    ],
    "parent_ids": []
  },
  "version_info": {
    "stellcoilbench_commit": "1ef0ca288753473e2a9c2aa48ae36f61ac5ac973",
    "stellcoilbench_branch": "main",
    "simsopt_version": "0.1.dev5668+ga79006b0b",
    "simsopt_commit": "a79006b0b"
  },
  "metrics": {
    "fourier_continuation": true,
    "fourier_orders": [
      4,
      8,
      16
    ],
    "final_order": 16,
    "continuation_results": [
      {
        "initial_B_field": 2.500000766903552,
        "final_B_field": 2.595462898434406,
        "target_B_field": 2.5,
        "optimization_time": 935.9594328403473,
        "walltime_sec": 935.9594328403473,
        "iterations_used": 500,
        "final_squared_flux": 2.2611095177328093,
        "optimization_success": true,
        "optimization_message": "Completed",
        "optimization_nfev": 500,
        "optimization_njev": null,
        "_cached_thresholds": {
          "length_threshold": 31.762371135166802,
          "flux_threshold": 1e-08,
          "cc_threshold": 0.2512504365249048,
          "cs_threshold": 0.558608332494635,
          "msc_threshold": 16.09561382632321,
          "curvature_threshold": 7.382832944117618,
          "force_threshold": 300.37360748035655,
          "torque_threshold": 0.0,
          "finite_build_width": 0.10789896047081801,
          "major_radius": 5.483631261799852,
          "minor_radius": 0.5240806651439732,
          "a0": 3.2437754587511507,
          "arclength_variation_threshold": 0.0,
          "coil_width": 0.12331309768093489
        },
        "final_min_cs_separation": 0.4208656119946993,
        "final_min_cc_separation": 0.08871879819522377,
        "final_length_per_coil": [
          7.228857534749055,
          6.997674539941559,
          6.731929699365033,
          6.772021175236281,
          6.675896941615041
        ],
        "final_current_per_coil": [
          2210989.4479964837,
          2065052.786041084,
          7106048.264500981,
          10612767.219284931,
          6105680.938363497
        ],
        "total_current_before": 6875004.217617116,
        "total_current_after": 6875004.217617115,
        "final_total_length": 34.40637989090697,
        "final_max_curvature": 1.9056704691108663,
        "final_average_curvature": 0.9934033750518109,
        "final_arclength_variation": 0.22914286701062797,
        "final_mean_squared_curvature": 1.2301495538556193,
        "final_max_torsion": 14.611064131177228,
        "final_linking_number": 0,
        "coils_linked_to_surface": true,
        "final_max_max_coil_force": 137968623.31399986,
        "final_avg_max_coil_force": 68772697.05669567,
        "final_max_force_per_coil": [
          3480869.729299392,
          3164270.4683770207,
          137968623.31399986,
          112186310.8756108,
          87063410.8961913
        ],
        "final_max_torque_per_coil": [
          2558114.492921385,
          1968803.6715516413,
          152507838.7510812,
          119189547.94269544,
          94209754.79429267
        ],
        "final_max_max_coil_torque": 152507838.7510812,
        "final_avg_max_coil_torque": 74086811.93050846,
        "avg_BdotN_over_B": 0.06449264908521483,
        "max_BdotN_over_B": 0.20897262595286412,
        "lagrange_multipliers": null,
        "output_directory": "/Users/akaptanoglu/actions-runner/_work/stellcoilbench/stellcoilbench/cases/done/2026-03-30_034037_94632/order_4",
        "flux_threshold": 1e-08,
        "cc_threshold": 0.2512504365249048,
        "cs_threshold": 0.558608332494635,
        "msc_threshold": 16.09561382632321,
        "arclength_variation_threshold": 0.0,
        "curvature_threshold": 7.382832944117618,
        "force_threshold": 300.37360748035655,
        "torque_threshold": 0.0,
        "timing": {
          "coil_initialization": 0.7561584168579429,
          "biotsavart_setup": 2.5984343749005347,
          "objective_setup": 0.055139082949608564,
          "coil_optimization": 935.9602552079596,
          "save_and_metrics": 1.734210915863514
        },
        "fourier_order": 4,
        "continuation_step": 1
      },
      {
        "initial_B_field": 2.595462898434406,
        "final_B_field": 2.5954891426255604,
        "target_B_field": 2.5,
        "optimization_time": 1187.5930740833282,
        "walltime_sec": 1187.5930740833282,
        "iterations_used": 500,
        "final_squared_flux": 2.2515734618507754,
        "optimization_success": true,
        "optimization_message": "Completed",
        "optimization_nfev": 500,
        "optimization_njev": null,
        "_cached_thresholds": {
          "length_threshold": 31.762371135166802,
          "flux_threshold": 1e-08,
          "cc_threshold": 0.2512504365249048,
          "cs_threshold": 0.558608332494635,
          "msc_threshold": 16.09561382632321,
          "curvature_threshold": 7.382832944117618,
          "force_threshold": 300.37360748035655,
          "torque_threshold": 0.0,
          "finite_build_width": 0.10789896047081801,
          "major_radius": 5.483631261799852,
          "minor_radius": 0.5240806651439732,
          "a0": 3.2437754587511507,
          "arclength_variation_threshold": 0.0,
          "coil_width": 0.12331309768093489
        },
        "final_min_cs_separation": 0.4224690994914923,
        "final_min_cc_separation": 0.07875230565541683,
        "final_length_per_coil": [
          7.230376210731868,
          7.001849650698463,
          6.738296428116508,
          6.779023770457367,
          6.674899791096871
        ],
        "final_current_per_coil": [
          2210990.663929063,
          2065055.3140348583,
          7106050.599182442,
          10612765.909069706,
          6105673.549540459
        ],
        "total_current_before": 6875004.217617115,
        "total_current_after": 6875004.217617117,
        "final_total_length": 34.424445851101076,
        "final_max_curvature": 2.1147698247579676,
        "final_average_curvature": 0.9855786014450323,
        "final_arclength_variation": 0.22757424333993342,
        "final_mean_squared_curvature": 1.2306641110062466,
        "final_max_torsion": 4.767684060951899,
        "final_linking_number": 0,
        "coils_linked_to_surface": true,
        "final_max_max_coil_force": 159984988.99237916,
        "final_avg_max_coil_force": 75420515.9676366,
        "final_max_force_per_coil": [
          3420631.957968234,
          3029468.114231295,
          159984988.99237916,
          123481583.12357636,
          87185907.65002792
        ],
        "final_max_torque_per_coil": [
          2134392.4376698234,
          1578386.956435221,
          175336446.25196207,
          140318123.63786954,
          93703338.51782973
        ],
        "final_max_max_coil_torque": 175336446.25196207,
        "final_avg_max_coil_torque": 82614137.56035326,
        "avg_BdotN_over_B": 0.06431753377397366,
        "max_BdotN_over_B": 0.20884707410016606,
        "lagrange_multipliers": null,
        "output_directory": "/Users/akaptanoglu/actions-runner/_work/stellcoilbench/stellcoilbench/cases/done/2026-03-30_034037_94632/order_8",
        "flux_threshold": 1e-08,
        "cc_threshold": 0.2512504365249048,
        "cs_threshold": 0.558608332494635,
        "msc_threshold": 16.09561382632321,
        "arclength_variation_threshold": 0.0,
        "curvature_threshold": 7.382832944117618,
        "force_threshold": 300.37360748035655,
        "torque_threshold": 0.0,
        "timing": {
          "coil_initialization": 6.249174475669861e-07,
          "biotsavart_setup": 0.004368167137727141,
          "objective_setup": 0.008799917064607143,
          "coil_optimization": 1187.5940998750739,
          "save_and_metrics": 1.6490607920568436
        },