{
  "metadata": {
    "contact": "auto",
    "hardware": "CPU: self-hosted runner",
    "run_date": "2026-03-28T21:29:10.307514",
    "iterations_used": 500,
    "walltime_sec": 52.18002676963806,
    "tags": [
      "explore"
    ],
    "parent_ids": []
  },
  "version_info": {
    "stellcoilbench_commit": "c31121d9f627fe19fd7e5b496c4cbc24b5b864e6",
    "stellcoilbench_branch": "main",
    "simsopt_version": "0.1.dev5668+ga79006b0b",
    "simsopt_commit": "a79006b0b"
  },
  "metrics": {
    "fourier_continuation": true,
    "fourier_orders": [
      4,
      8,
      16
    ],
    "final_order": 16,
    "continuation_results": [
      {
        "initial_B_field": 2.5000086086152167,
        "final_B_field": 2.7875184282490597,
        "target_B_field": 2.5,
        "optimization_time": 631.6754093170166,
        "walltime_sec": 631.6754093170166,
        "iterations_used": 500,
        "final_squared_flux": 0.05080611649576405,
        "optimization_success": true,
        "optimization_message": "Completed",
        "optimization_nfev": 500,
        "optimization_njev": null,
        "_cached_thresholds": {
          "length_threshold": 49.47013196214905,
          "flux_threshold": 1e-08,
          "cc_threshold": 0.28146214545673387,
          "cs_threshold": 0.25155871926910717,
          "msc_threshold": 4.898100942714238,
          "curvature_threshold": 9.728082600794702,
          "force_threshold": 732.768876131885,
          "torque_threshold": 0.0,
          "finite_build_width": 0.10789896047081801,
          "major_radius": 5.483631261799852,
          "minor_radius": 0.5240806651439732,
          "a0": 3.2437754587511507,
          "arclength_variation_threshold": 0.0,
          "coil_width": 0.12331309768093489
        },
        "final_min_cs_separation": 0.37404215131801666,
        "final_min_cc_separation": 0.19677587665986898,
        "final_length_per_coil": [
          10.333482773861297,
          10.512656415720498,
          13.064494906685443,
          12.867878284316845
        ],
        "final_current_per_coil": [
          1570657.1446580577,
          1884007.1758785595,
          2234682.597118059,
          1185700.393204688
        ],
        "total_current_before": 6875047.310859364,
        "total_current_after": 6875047.310859364,
        "final_total_length": 46.77851238058408,
        "final_max_curvature": 1.6442360856413871,
        "final_average_curvature": 0.8809732839069823,
        "final_arclength_variation": 0.0940815583192877,
        "final_mean_squared_curvature": 0.9742109202956597,
        "final_max_torsion": 20.647476179813054,
        "final_linking_number": 0,
        "coils_linked_to_surface": true,
        "final_max_max_coil_force": 4475957.950534738,
        "final_avg_max_coil_force": 3547677.975355038,
        "final_max_force_per_coil": [
          2822698.5446156086,
          4475957.950534738,
          4382905.703205161,
          2509149.7030646447
        ],
        "final_max_torque_per_coil": [
          3399232.57530621,
          4031334.565261592,
          3672578.2942272727,
          1684665.329358633
        ],
        "final_max_max_coil_torque": 4031334.565261592,
        "final_avg_max_coil_torque": 3196952.691038427,
        "avg_BdotN_over_B": 0.009749171193075955,
        "max_BdotN_over_B": 0.06251252927134954,
        "lagrange_multipliers": null,
        "output_directory": "/Users/akaptanoglu/actions-runner/_work/stellcoilbench/stellcoilbench/cases/done/2026-03-28_205145_55605/order_4",
        "flux_threshold": 1e-08,
        "cc_threshold": 0.28146214545673387,
        "cs_threshold": 0.25155871926910717,
        "msc_threshold": 4.898100942714238,
        "arclength_variation_threshold": 0.0,
        "curvature_threshold": 9.728082600794702,
        "force_threshold": 732.768876131885,
        "torque_threshold": 0.0,
        "timing": {
          "coil_initialization": 0.5668070421088487,
          "biotsavart_setup": 1.930812916951254,
          "objective_setup": 0.02995520900003612,
          "coil_optimization": 631.6762328329496,
          "save_and_metrics": 1.5342806251719594
        },
        "fourier_order": 4,
        "continuation_step": 1
      },
      {
        "initial_B_field": 2.7875184282490597,
        "final_B_field": 2.8742759305891923,
        "target_B_field": 2.5,
        "optimization_time": 1262.7087080478668,
        "walltime_sec": 1262.7087080478668,
        "iterations_used": 500,
        "final_squared_flux": 0.24741972888344893,
        "optimization_success": true,
        "optimization_message": "Completed",
        "optimization_nfev": 500,
        "optimization_njev": null,
        "_cached_thresholds": {
          "length_threshold": 49.47013196214905,
          "flux_threshold": 1e-08,
          "cc_threshold": 0.28146214545673387,
          "cs_threshold": 0.25155871926910717,
          "msc_threshold": 4.898100942714238,
          "curvature_threshold": 9.728082600794702,
          "force_threshold": 732.768876131885,
          "torque_threshold": 0.0,
          "finite_build_width": 0.10789896047081801,
          "major_radius": 5.483631261799852,
          "minor_radius": 0.5240806651439732,
          "a0": 3.2437754587511507,
          "arclength_variation_threshold": 0.0,
          "coil_width": 0.12331309768093489
        },
        "final_min_cs_separation": 0.3287163352364206,
        "final_min_cc_separation": 0.2181059756798824,
        "final_length_per_coil": [
          10.536547064179501,
          10.683086320265133,
          13.092730422536103,
          12.853950721108806
        ],
        "final_current_per_coil": [
          1570780.0345926282,
          1883339.0482110712,
          2234576.6732012504,
          1186351.5548544144
        ],
        "total_current_before": 6875047.310859364,
        "total_current_after": 6875047.310859364,
        "final_total_length": 47.16631452808954,
        "final_max_curvature": 2.419824391328348,
        "final_average_curvature": 0.8503085188793361,
        "final_arclength_variation": 0.7780757112754062,
        "final_mean_squared_curvature": 1.0101129477156552,
        "final_max_torsion": 2.155584176688368,
        "final_linking_number": 0,
        "coils_linked_to_surface": true,
        "final_max_max_coil_force": 4033053.2896810635,
        "final_avg_max_coil_force": 3210997.5083386563,
        "final_max_force_per_coil": [
          2841799.211908861,
          4033053.2896810635,
          3766509.430031635,
          2202628.1017330657
        ],
        "final_max_torque_per_coil": [
          3391326.2903519827,
          4026294.012194106,
          3192351.236090699,
          1625725.9439156922
        ],
        "final_max_max_coil_torque": 4026294.012194106,
        "final_avg_max_coil_torque": 3058924.37063812,
        "avg_BdotN_over_B": 0.02031416952202425,
        "max_BdotN_over_B": 0.06959107771288386,
        "lagrange_multipliers": null,
        "output_directory": "/Users/akaptanoglu/actions-runner/_work/stellcoilbench/stellcoilbench/cases/done/2026-03-28_205145_55605/order_8",
        "flux_threshold": 1e-08,
        "cc_threshold": 0.28146214545673387,
        "cs_threshold": 0.25155871926910717,
        "msc_threshold": 4.898100942714238,
        "arclength_variation_threshold": 0.0,
        "curvature_threshold": 9.728082600794702,
        "force_threshold": 732.768876131885,
        "torque_threshold": 0.0,
        "timing": {
          "coil_initialization": 7.920898497104645e-07,
          "biotsavart_setup": 0.004725167062133551,
          "objective_setup": 0.007312541827559471,
          "coil_optimization": 1262.7045770420227,
          "save_and_metrics": 1.2986697498708963
        },
        "fourier_order": 8,
        "continuation_step": 2
      },
      {
        "initial_B_field": 2.8742759305891923,
        "final_B_field": 2.8742759300622813,
        "target_B_field": 2.5,