{
  "metadata": {
    "contact": "auto",
    "hardware": "CPU: self-hosted runner",
    "run_date": "2026-03-16T06:12:52.880021",
    "iterations_used": 500,
    "walltime_sec": 314.9016361236572
  },
  "version_info": {
    "stellcoilbench_commit": "4bc787eac42bdaaf8b0d9fb6881e8b20e48c3602",
    "stellcoilbench_branch": "main",
    "simsopt_version": "0.1.dev5668+ga79006b0b",
    "simsopt_commit": "a79006b0b"
  },
  "metrics": {
    "fourier_continuation": true,
    "fourier_orders": [
      4,
      8,
      16
    ],
    "final_order": 16,
    "continuation_results": [
      {
        "initial_B_field": 1.0000050243934888,
        "final_B_field": 1.0961307387532244,
        "target_B_field": 1.0,
        "optimization_time": 294.4022409915924,
        "walltime_sec": 294.4022409915924,
        "iterations_used": 500,
        "final_squared_flux": 0.000498050266857557,
        "optimization_success": true,
        "optimization_message": "Completed",
        "optimization_nfev": 500,
        "optimization_njev": null,
        "_cached_thresholds": {
          "length_threshold": 14.247121213574555,
          "flux_threshold": 1e-08,
          "cc_threshold": 0.12960028956615074,
          "cs_threshold": 0.21870667658642245,
          "msc_threshold": 33.63395262921144,
          "curvature_threshold": 8.928652890157032,
          "force_threshold": 1730.179004619796,
          "torque_threshold": 0.0,
          "finite_build_width": 0.05,
          "major_radius": 1.0098736979848935,
          "minor_radius": 0.16831206437162433,
          "a0": 10.100286074838271,
          "arclength_variation_threshold": 0.0,
          "coil_width": 0.039602838675676315
        },
        "final_min_cs_separation": 0.21565652764537507,
        "final_min_cc_separation": 0.1489459010835879,
        "final_length_per_coil": [
          3.0896402695160687,
          2.982222132052565,
          2.840105042236235,
          2.7131325474972727,
          2.6358111355725806
        ],
        "final_current_per_coil": [
          271596.41149809706,
          262856.2233363956,
          250065.64795733304,
          237653.84548269463,
          227840.41016541328
        ],
        "total_current_before": 1250012.5384399334,
        "total_current_after": 1250012.5384399337,
        "final_total_length": 14.260911126874722,
        "final_max_curvature": 4.274941587655499,
        "final_average_curvature": 2.5618928207906393,
        "final_arclength_variation": 0.0031349352636961653,
        "final_mean_squared_curvature": 8.268376776094891,
        "final_max_torsion": 71.14635725944801,
        "final_linking_number": 0,
        "coils_linked_to_surface": true,
        "final_max_max_coil_force": 198335.1226012703,
        "final_avg_max_coil_force": 177816.74630388958,
        "final_max_force_per_coil": [
          198335.1226012703,
          196246.42133320108,
          182474.41633788098,
          164307.82247435785,
          147719.94877273781
        ],
        "final_max_torque_per_coil": [
          52477.27562589421,
          45771.473818352315,
          35519.63913575002,
          26914.06754034029,
          21743.280967801045
        ],
        "final_max_max_coil_torque": 52477.27562589421,
        "final_avg_max_coil_torque": 36485.14741762758,
        "avg_BdotN_over_B": 0.009597553453670313,
        "max_BdotN_over_B": 0.042979256418115966,
        "lagrange_multipliers": null,
        "output_directory": "/Users/akaptanoglu/actions-runner/_work/stellcoilbench/stellcoilbench/cases/done/2026-03-16_055834_72007/order_4",
        "flux_threshold": 1e-08,
        "cc_threshold": 0.12960028956615074,
        "cs_threshold": 0.21870667658642245,
        "msc_threshold": 33.63395262921144,
        "arclength_variation_threshold": 0.0,
        "curvature_threshold": 8.928652890157032,
        "force_threshold": 1730.179004619796,
        "torque_threshold": 0.0,
        "timing": {
          "coil_initialization": 0.2602100830990821,
          "biotsavart_setup": 1.3405842499341816,
          "objective_setup": 0.03856087499298155,
          "coil_optimization": 294.4025127500063,
          "save_and_metrics": 0.9700967500684783
        },
        "fourier_order": 4,
        "continuation_step": 1
      },
      {
        "initial_B_field": 1.0961307387532244,
        "final_B_field": 1.0946457629287134,
        "target_B_field": 1.0,
        "optimization_time": 144.13876605033875,
        "walltime_sec": 144.13876605033875,
        "iterations_used": 500,
        "final_squared_flux": 0.0004923406424189429,
        "optimization_success": true,
        "optimization_message": "Completed",
        "optimization_nfev": 500,
        "optimization_njev": null,
        "_cached_thresholds": {
          "length_threshold": 14.247121213574555,
          "flux_threshold": 1e-08,
          "cc_threshold": 0.12960028956615074,
          "cs_threshold": 0.21870667658642245,
          "msc_threshold": 33.63395262921144,
          "curvature_threshold": 8.928652890157032,
          "force_threshold": 1730.179004619796,
          "torque_threshold": 0.0,
          "finite_build_width": 0.05,
          "major_radius": 1.0098736979848935,
          "minor_radius": 0.16831206437162433,
          "a0": 10.100286074838271,
          "arclength_variation_threshold": 0.0,
          "coil_width": 0.039602838675676315
        },
        "final_min_cs_separation": 0.21566390914278774,
        "final_min_cc_separation": 0.15266214607364167,
        "final_length_per_coil": [
          3.0901164073088605,
          2.983748047852706,
          2.840193871863633,
          2.7120518937850733,
          2.6354445256375603
        ],
        "final_current_per_coil": [
          271563.0025302604,
          263456.5467065418,
          250060.70932569404,
          237215.6243268897,
          227716.65555054764
        ],
        "total_current_before": 1250012.5384399337,
        "total_current_after": 1250012.5384399337,
        "final_total_length": 14.261554746447832,
        "final_max_curvature": 4.439400989051105,
        "final_average_curvature": 2.5387593388668135,
        "final_arclength_variation": 0.0006392982084019371,
        "final_mean_squared_curvature": 8.270518459058335,
        "final_max_torsion": 44.391675758041835,
        "final_linking_number": 0,
        "coils_linked_to_surface": true,
        "final_max_max_coil_force": 179797.6883469317,
        "final_avg_max_coil_force": 152246.77383249791,
        "final_max_force_per_coil": [
          179797.6883469317,
          172908.88302212453,
          156104.390277399,
          135591.17067256448,
          116831.73684346995
        ],
        "final_max_torque_per_coil": [
          43375.80800900071,
          38046.46113757307,
          29191.037486925918,
          21427.86943887642,
          16411.1172231458
        ],
        "final_max_max_coil_torque": 43375.80800900071,
        "final_avg_max_coil_torque": 29690.458659104384,
        "avg_BdotN_over_B": 0.009545341100143089,
        "max_BdotN_over_B": 0.041790771768397544,
        "lagrange_multipliers": null,
        "output_directory": "/Users/akaptanoglu/actions-runner/_work/stellcoilbench/stellcoilbench/cases/done/2026-03-16_055834_72007/order_8",
        "flux_threshold": 1e-08,
        "cc_threshold": 0.12960028956615074,
        "cs_threshold": 0.21870667658642245,
        "msc_threshold": 33.63395262921144,
        "arclength_variation_threshold": 0.0,
        "curvature_threshold": 8.928652890157032,
        "force_threshold": 1730.179004619796,
        "torque_threshold": 0.0,
        "timing": {
          "coil_initialization": 5.409820005297661e-07,
          "biotsavart_setup": 0.0029674579855054617,
          "objective_setup": 0.006435499992221594,
          "coil_optimization": 144.1388975000009,
          "save_and_metrics": 0.9112635409692302
        },
        "fourier_order": 8,