{
  "metadata": {
    "contact": "auto",
    "hardware": "CPU: self-hosted runner",
    "run_date": "2026-03-21T20:45:32.593874",
    "iterations_used": 500,
    "walltime_sec": 100.52912616729736,
    "tags": [
      "explore"
    ],
    "parent_ids": []
  },
  "version_info": {
    "stellcoilbench_commit": "4dec5e714e8809d5f33165ef8a7740e3cba64135",
    "stellcoilbench_branch": "main",
    "simsopt_version": "0.1.dev5668+ga79006b0b",
    "simsopt_commit": "a79006b0b"
  },
  "metrics": {
    "fourier_continuation": true,
    "fourier_orders": [
      4,
      8,
      16
    ],
    "final_order": 16,
    "continuation_results": [
      {
        "initial_B_field": 2.500000766903552,
        "final_B_field": 2.7681035262912252,
        "target_B_field": 2.5,
        "optimization_time": 761.0457098484039,
        "walltime_sec": 761.0457098484039,
        "iterations_used": 500,
        "final_squared_flux": 0.12423571483895235,
        "optimization_success": true,
        "optimization_message": "Completed",
        "optimization_nfev": 500,
        "optimization_njev": null,
        "_cached_thresholds": {
          "length_threshold": 40.81355250494742,
          "flux_threshold": 1e-08,
          "cc_threshold": 0.22658781698871783,
          "cs_threshold": 0.25186700201330947,
          "msc_threshold": 4.855931861750473,
          "curvature_threshold": 10.723921666631304,
          "force_threshold": 283.83035264072566,
          "torque_threshold": 0.0,
          "finite_build_width": 0.10789896047081801,
          "major_radius": 5.483631261799852,
          "minor_radius": 0.5240806651439732,
          "a0": 3.2437754587511507,
          "arclength_variation_threshold": 0.0,
          "coil_width": 0.12331309768093489
        },
        "final_min_cs_separation": 0.32150044196790456,
        "final_min_cc_separation": 0.16714117051230654,
        "final_length_per_coil": [
          9.233635130821078,
          8.783593061687439,
          8.891503583773703,
          7.143546982814565,
          6.924388693124195
        ],
        "final_current_per_coil": [
          2117186.5060361726,
          1500426.5965874633,
          1367469.4279122255,
          948430.2418986036,
          941491.4451826504
        ],
        "total_current_before": 6875004.217617116,
        "total_current_after": 6875004.217617115,
        "final_total_length": 40.97666745222098,
        "final_max_curvature": 2.5731419561002853,
        "final_average_curvature": 1.1818164956385138,
        "final_arclength_variation": 0.13755173769884652,
        "final_mean_squared_curvature": 2.277079583578681,
        "final_max_torsion": 9.00126782940081,
        "final_linking_number": 0,
        "coils_linked_to_surface": true,
        "final_max_max_coil_force": 4069964.779549805,
        "final_avg_max_coil_force": 2828812.6385264723,
        "final_max_force_per_coil": [
          3194615.438566445,
          3729231.2009982043,
          4069964.779549805,
          1812905.0263903206,
          1337346.7471275898
        ],
        "final_max_torque_per_coil": [
          3200626.203105153,
          3235554.6390527557,
          3646119.545485289,
          995914.059040702,
          716728.5384103645
        ],
        "final_max_max_coil_torque": 3646119.545485289,
        "final_avg_max_coil_torque": 2358988.5970188524,
        "avg_BdotN_over_B": 0.015249921371346392,
        "max_BdotN_over_B": 0.08675364594197045,
        "lagrange_multipliers": null,
        "output_directory": "/Users/akaptanoglu/actions-runner/_work/stellcoilbench/stellcoilbench/cases/done/2026-03-21_200855_77238/order_4",
        "flux_threshold": 1e-08,
        "cc_threshold": 0.22658781698871783,
        "cs_threshold": 0.25186700201330947,
        "msc_threshold": 4.855931861750473,
        "arclength_variation_threshold": 0.0,
        "curvature_threshold": 10.723921666631304,
        "force_threshold": 283.83035264072566,
        "torque_threshold": 0.0,
        "timing": {
          "coil_initialization": 0.5768159171566367,
          "biotsavart_setup": 2.475955917034298,
          "objective_setup": 0.045720041962340474,
          "coil_optimization": 761.0460914999712,
          "save_and_metrics": 1.8916448750533164
        },
        "fourier_order": 4,
        "continuation_step": 1
      },
      {
        "initial_B_field": 2.7681035262912252,
        "final_B_field": 2.75936465671876,
        "target_B_field": 2.5,
        "optimization_time": 1092.769762992859,
        "walltime_sec": 1092.769762992859,
        "iterations_used": 500,
        "final_squared_flux": 0.15061272792994462,
        "optimization_success": true,
        "optimization_message": "Completed",
        "optimization_nfev": 500,
        "optimization_njev": null,
        "_cached_thresholds": {
          "length_threshold": 40.81355250494742,
          "flux_threshold": 1e-08,
          "cc_threshold": 0.22658781698871783,
          "cs_threshold": 0.25186700201330947,
          "msc_threshold": 4.855931861750473,
          "curvature_threshold": 10.723921666631304,
          "force_threshold": 283.83035264072566,
          "torque_threshold": 0.0,
          "finite_build_width": 0.10789896047081801,
          "major_radius": 5.483631261799852,
          "minor_radius": 0.5240806651439732,
          "a0": 3.2437754587511507,
          "arclength_variation_threshold": 0.0,
          "coil_width": 0.12331309768093489
        },
        "final_min_cs_separation": 0.3308362983886917,
        "final_min_cc_separation": 0.11146810008256341,
        "final_length_per_coil": [
          9.144068673607,
          8.760049310072391,
          8.877339826093083,
          7.133437385907834,
          6.935002228750729
        ],
        "final_current_per_coil": [
          2117178.558608623,
          1500415.2116019304,
          1367478.794693952,
          948434.659118572,
          941496.9935940383
        ],
        "total_current_before": 6875004.217617115,
        "total_current_after": 6875004.217617116,
        "final_total_length": 40.849897424431035,
        "final_max_curvature": 4.421634529049924,
        "final_average_curvature": 1.1434761260983346,
        "final_arclength_variation": 0.7605685275820232,
        "final_mean_squared_curvature": 3.1822280015535616,
        "final_max_torsion": 2.408081229203513,
        "final_linking_number": 0,
        "coils_linked_to_surface": true,
        "final_max_max_coil_force": 4066956.28015672,
        "final_avg_max_coil_force": 2780434.549113589,
        "final_max_force_per_coil": [
          3145559.7399278535,
          3902317.7410943685,
          4066956.28015672,
          1643828.8095663383,
          1143510.1748226634
        ],
        "final_max_torque_per_coil": [
          4154706.1071152105,
          3412581.109782751,
          3711382.915011885,
          969271.6936118103,
          727557.544209285
        ],
        "final_max_max_coil_torque": 4154706.1071152105,
        "final_avg_max_coil_torque": 2595099.8739461885,
        "avg_BdotN_over_B": 0.016660182887048857,
        "max_BdotN_over_B": 0.09850001265465969,
        "lagrange_multipliers": null,
        "output_directory": "/Users/akaptanoglu/actions-runner/_work/stellcoilbench/stellcoilbench/cases/done/2026-03-21_200855_77238/order_8",
        "flux_threshold": 1e-08,
        "cc_threshold": 0.22658781698871783,
        "cs_threshold": 0.25186700201330947,
        "msc_threshold": 4.855931861750473,
        "arclength_variation_threshold": 0.0,
        "curvature_threshold": 10.723921666631304,
        "force_threshold": 283.83035264072566,
        "torque_threshold": 0.0,
        "timing": {
          "coil_initialization": 6.249174475669861e-07,
          "biotsavart_setup": 0.005152667174115777,
          "objective_setup": 0.009254624834284186,
          "coil_optimization": 1092.7718148340937,
          "save_and_metrics": 1.7619705838151276
        },