{
  "metadata": {
    "contact": "auto",
    "hardware": "CPU: self-hosted runner",
    "run_date": "2026-03-27T16:08:43.693810",
    "iterations_used": 500,
    "walltime_sec": 194.30224776268005,
    "tags": [
      "explore"
    ],
    "parent_ids": []
  },
  "version_info": {
    "stellcoilbench_commit": "3b3c3e964cf7cd3f0e913300a974af0e3f93a314",
    "stellcoilbench_branch": "main",
    "simsopt_version": "0.1.dev5668+ga79006b0b",
    "simsopt_commit": "a79006b0b"
  },
  "metrics": {
    "fourier_continuation": true,
    "fourier_orders": [
      4,
      8,
      16
    ],
    "final_order": 16,
    "continuation_results": [
      {
        "initial_B_field": 2.50000000044544,
        "final_B_field": 0.10290781588134987,
        "target_B_field": 2.5,
        "optimization_time": 565.8631529808044,
        "walltime_sec": 565.8631529808044,
        "iterations_used": 500,
        "final_squared_flux": 0.2485154579280838,
        "optimization_success": true,
        "optimization_message": "Completed",
        "optimization_nfev": 500,
        "optimization_njev": null,
        "_cached_thresholds": {
          "length_threshold": 31.65138934725396,
          "flux_threshold": 1e-08,
          "cc_threshold": 0.36747303108918594,
          "cs_threshold": 0.27807103527050814,
          "msc_threshold": 14.220711611165045,
          "curvature_threshold": 3.55193412733251,
          "force_threshold": 1179.7611343477934,
          "torque_threshold": 0.0,
          "finite_build_width": 0.10789896047081801,
          "major_radius": 5.483631261799852,
          "minor_radius": 0.5240806651439732,
          "a0": 3.2437754587511507,
          "arclength_variation_threshold": 0.0,
          "coil_width": 0.12331309768093489
        },
        "final_min_cs_separation": 0.036822928949315464,
        "final_min_cc_separation": 0.22711954500193884,
        "final_length_per_coil": [
          4.705982844674879,
          4.10262803461803,
          4.889481661174426,
          8.870236484054413,
          4.787730433977592,
          4.203844465688708
        ],
        "final_current_per_coil": [
          87758.69989614525,
          139013.33939324456,
          6367602.382063033,
          39025.55384746201,
          86572.5645193534,
          433054.14151717257
        ],
        "total_current_before": 6875000.002449921,
        "total_current_after": 6875000.002449921,
        "final_total_length": 31.55990392418805,
        "final_max_curvature": 4.64427225667655,
        "final_average_curvature": 1.6248406998130613,
        "final_arclength_variation": 0.29724546977098193,
        "final_mean_squared_curvature": 6.786662589936546,
        "final_max_torsion": 3.14093270200403,
        "final_linking_number": 0,
        "coils_linked_to_surface": false,
        "final_max_max_coil_force": 31258935.652370427,
        "final_avg_max_coil_force": 5321075.086980527,
        "final_max_force_per_coil": [
          33901.18206217188,
          365573.94170729216,
          31258935.652370427,
          36033.3400673733,
          32085.88407365274,
          199920.52160224775
        ],
        "final_max_torque_per_coil": [
          16119.301052935338,
          173129.79001600912,
          14645489.601719633,
          16587.533208745856,
          15139.167107543784,
          74094.46719953262
        ],
        "final_max_max_coil_torque": 14645489.601719633,
        "final_avg_max_coil_torque": 2490093.310050733,
        "avg_BdotN_over_B": 0.2937160332451423,
        "max_BdotN_over_B": 0.99520627281216,
        "lagrange_multipliers": null,
        "output_directory": "/Users/akaptanoglu/actions-runner/_work/stellcoilbench/stellcoilbench/cases/done/2026-03-27_152728_95599/order_4",
        "flux_threshold": 1e-08,
        "cc_threshold": 0.36747303108918594,
        "cs_threshold": 0.27807103527050814,
        "msc_threshold": 14.220711611165045,
        "arclength_variation_threshold": 0.0,
        "curvature_threshold": 3.55193412733251,
        "force_threshold": 1179.7611343477934,
        "torque_threshold": 0.0,
        "timing": {
          "coil_initialization": 3.004878749838099,
          "biotsavart_setup": 4.040216708090156,
          "objective_setup": 0.0386351658962667,
          "coil_optimization": 565.8636880000122,
          "save_and_metrics": 2.3351912079378963
        },
        "fourier_order": 4,
        "continuation_step": 1
      },
      {
        "initial_B_field": 0.10290781588134987,
        "final_B_field": 0.10284910439552308,
        "target_B_field": 2.5,
        "optimization_time": 1405.489921092987,
        "walltime_sec": 1405.489921092987,
        "iterations_used": 500,
        "final_squared_flux": 0.2529433384205786,
        "optimization_success": true,
        "optimization_message": "Completed",
        "optimization_nfev": 500,
        "optimization_njev": null,
        "_cached_thresholds": {
          "length_threshold": 31.65138934725396,
          "flux_threshold": 1e-08,
          "cc_threshold": 0.36747303108918594,
          "cs_threshold": 0.27807103527050814,
          "msc_threshold": 14.220711611165045,
          "curvature_threshold": 3.55193412733251,
          "force_threshold": 1179.7611343477934,
          "torque_threshold": 0.0,
          "finite_build_width": 0.10789896047081801,
          "major_radius": 5.483631261799852,
          "minor_radius": 0.5240806651439732,
          "a0": 3.2437754587511507,
          "arclength_variation_threshold": 0.0,
          "coil_width": 0.12331309768093489
        },
        "final_min_cs_separation": 0.0362723193389759,
        "final_min_cc_separation": 0.22931988818818885,
        "final_length_per_coil": [
          4.699334016266853,
          4.1004193445222965,
          4.897076520181411,
          8.877243467317811,
          4.786289001338167,
          4.19967504156919
        ],
        "final_current_per_coil": [
          87759.91748449608,
          138998.17003683856,
          6367602.819535367,
          39048.2991795432,
          86590.4042354468,
          432996.7320519071
        ],
        "total_current_before": 6875000.002449921,
        "total_current_after": 6875000.002449922,
        "final_total_length": 31.56003739119573,
        "final_max_curvature": 4.5544502800777655,
        "final_average_curvature": 1.6162337754491505,
        "final_arclength_variation": 0.30991796450287246,
        "final_mean_squared_curvature": 6.647632384906798,
        "final_max_torsion": 2.1572043640078493,
        "final_linking_number": 0,
        "coils_linked_to_surface": false,
        "final_max_max_coil_force": 18027098.682616055,
        "final_avg_max_coil_force": 3113102.2219712664,
        "final_max_force_per_coil": [
          32402.227394251877,
          368497.63992469234,
          18027098.682616055,
          35282.74787458443,
          30557.08489098447,
          184774.9491270327
        ],
        "final_max_torque_per_coil": [
          15433.888122145336,
          169101.60190885773,
          7756772.713482217,
          16603.101738764806,
          14816.524725033614,
          59740.50775855838
        ],
        "final_max_max_coil_torque": 7756772.713482217,
        "final_avg_max_coil_torque": 1338744.7229559296,
        "avg_BdotN_over_B": 0.2947590663622335,
        "max_BdotN_over_B": 0.9960930513418083,
        "lagrange_multipliers": null,
        "output_directory": "/Users/akaptanoglu/actions-runner/_work/stellcoilbench/stellcoilbench/cases/done/2026-03-27_152728_95599/order_8",
        "flux_threshold": 1e-08,
        "cc_threshold": 0.36747303108918594,
        "cs_threshold": 0.27807103527050814,
        "msc_threshold": 14.220711611165045,
        "arclength_variation_threshold": 0.0,
        "curvature_threshold": 3.55193412733251,
        "force_threshold": 1179.7611343477934,
        "torque_threshold": 0.0,