{
  "metadata": {
    "contact": "auto",
    "hardware": "CPU: self-hosted runner",
    "run_date": "2026-04-06T02:36:36.941449",
    "iterations_used": 500,
    "walltime_sec": 773.278064250946,
    "tags": [
      "explore",
      "llm"
    ],
    "parent_ids": []
  },
  "version_info": {
    "stellcoilbench_commit": "2d4574e3769062735e59bad06e3a5d9894b0a02f",
    "stellcoilbench_branch": "main",
    "simsopt_version": "0.1.dev5668+ga79006b0b",
    "simsopt_commit": "a79006b0b"
  },
  "metrics": {
    "fourier_continuation": true,
    "fourier_orders": [
      4,
      8,
      16
    ],
    "final_order": 16,
    "continuation_results": [
      {
        "initial_B_field": 5.700000000163099,
        "final_B_field": 5.173668302074875,
        "target_B_field": 5.7,
        "optimization_time": 573.697249174118,
        "walltime_sec": 573.697249174118,
        "iterations_used": 500,
        "final_squared_flux": 0.07089140858482601,
        "optimization_success": true,
        "optimization_message": "Completed",
        "optimization_nfev": 500,
        "optimization_njev": null,
        "_cached_thresholds": {
          "length_threshold": 160.41658614811945,
          "flux_threshold": 1e-08,
          "cc_threshold": 0.902343297083172,
          "cs_threshold": 1.3033847624534705,
          "msc_threshold": 3.9896123921317015,
          "curvature_threshold": 3.9896123921317015,
          "force_threshold": 0.0,
          "torque_threshold": 0.0,
          "finite_build_width": 0.35091128219901124,
          "major_radius": 13.635429024906689,
          "minor_radius": 1.7044262278237692,
          "a0": 0.9974030980329254,
          "arclength_variation_threshold": 0.0,
          "coil_width": 0.40104146537029867
        },
        "final_min_cs_separation": 1.6912792073572875,
        "final_min_cc_separation": 0.8579761458538838,
        "final_length_per_coil": [
          30.171642558263226,
          31.281823534537217,
          32.68352030257386,
          32.41649641818433,
          33.93955923564011
        ],
        "final_current_per_coil": [
          8638749.031732544,
          9423976.795838308,
          10660957.332736054,
          10152158.734994728,
          9836897.746649832
        ],
        "total_current_before": 48712739.64195147,
        "total_current_after": 48712739.641951464,
        "final_total_length": 160.49304204919872,
        "final_max_curvature": 0.4325289268786334,
        "final_average_curvature": 0.23903708454394978,
        "final_arclength_variation": 0.0964304748210614,
        "final_mean_squared_curvature": 0.0723820746040758,
        "final_max_torsion": 14.311263238151877,
        "final_linking_number": 0,
        "coils_linked_to_surface": true,
        "final_max_max_coil_force": 46594904.20105074,
        "final_avg_max_coil_force": 41924548.73463732,
        "final_max_force_per_coil": [
          46594904.20105074,
          44247000.50902864,
          40480360.9810829,
          38056521.20226817,
          40243956.779756114
        ],
        "final_max_torque_per_coil": [
          96988184.33364797,
          106960314.08172478,
          114254723.90644073,
          115041419.95374309,
          145426043.24669605
        ],
        "final_max_max_coil_torque": 145426043.24669605,
        "final_avg_max_coil_torque": 115734137.10445051,
        "avg_BdotN_over_B": 0.0021228586912578444,
        "max_BdotN_over_B": 0.0088115202505368,
        "lagrange_multipliers": null,
        "output_directory": "/Users/akaptanoglu/actions-runner/_work/stellcoilbench/stellcoilbench/cases/done/2026-04-06_015728_14139/order_4",
        "flux_threshold": 1e-08,
        "cc_threshold": 0.902343297083172,
        "cs_threshold": 1.3033847624534705,
        "msc_threshold": 3.9896123921317015,
        "arclength_variation_threshold": 0.0,
        "curvature_threshold": 3.9896123921317015,
        "force_threshold": 0.0,
        "torque_threshold": 0.0,
        "timing": {
          "coil_initialization": 1.5148233330110088,
          "biotsavart_setup": 2.095379500009585,
          "objective_setup": 0.03451900003710762,
          "coil_optimization": 573.5590263750055,
          "save_and_metrics": 1.9227664589998312
        },
        "fourier_order": 4,
        "continuation_step": 1
      },
      {
        "initial_B_field": 5.173668302074875,
        "final_B_field": 5.378627259061734,
        "target_B_field": 5.7,
        "optimization_time": 821.5188527107239,
        "walltime_sec": 821.5188527107239,
        "iterations_used": 500,
        "final_squared_flux": 0.01384150985131145,
        "optimization_success": true,
        "optimization_message": "Completed",
        "optimization_nfev": 500,
        "optimization_njev": null,
        "_cached_thresholds": {
          "length_threshold": 160.41658614811945,
          "flux_threshold": 1e-08,
          "cc_threshold": 0.902343297083172,
          "cs_threshold": 1.3033847624534705,
          "msc_threshold": 3.9896123921317015,
          "curvature_threshold": 3.9896123921317015,
          "force_threshold": 0.0,
          "torque_threshold": 0.0,
          "finite_build_width": 0.35091128219901124,
          "major_radius": 13.635429024906689,
          "minor_radius": 1.7044262278237692,
          "a0": 0.9974030980329254,
          "arclength_variation_threshold": 0.0,
          "coil_width": 0.40104146537029867
        },
        "final_min_cs_separation": 1.7377318558648802,
        "final_min_cc_separation": 0.8731676785386191,
        "final_length_per_coil": [
          33.95593398294921,
          33.52537897259975,
          32.22873081195879,
          30.85925016635428,
          29.88123887739574
        ],
        "final_current_per_coil": [
          10248568.570484549,
          10551054.108336419,
          9983665.732026715,
          9352627.587238312,
          8576823.643865481
        ],
        "total_current_before": 48712739.641951464,
        "total_current_after": 48712739.64195147,
        "final_total_length": 160.45053281125777,
        "final_max_curvature": 0.6395302522571283,
        "final_average_curvature": 0.2593152249985123,
        "final_arclength_variation": 0.02530664238037502,
        "final_mean_squared_curvature": 0.1110006278454915,
        "final_max_torsion": 8.202092090432478,
        "final_linking_number": 0,
        "coils_linked_to_surface": true,
        "final_max_max_coil_force": 52457365.766618274,
        "final_avg_max_coil_force": 41998585.6031823,
        "final_max_force_per_coil": [
          52457365.766618274,
          50690000.97869497,
          41239092.85475727,
          34983785.405346885,
          30622683.010494106
        ],
        "final_max_torque_per_coil": [
          140014830.6077279,
          148772964.07966444,
          125594951.93157752,
          103593135.48784664,
          82034338.20805824
        ],
        "final_max_max_coil_torque": 148772964.07966444,
        "final_avg_max_coil_torque": 120002044.06297496,
        "avg_BdotN_over_B": 0.0009357407214024979,
        "max_BdotN_over_B": 0.0034262582888223174,
        "lagrange_multipliers": null,
        "output_directory": "/Users/akaptanoglu/actions-runner/_work/stellcoilbench/stellcoilbench/cases/done/2026-04-06_015728_14139/order_8",
        "flux_threshold": 1e-08,
        "cc_threshold": 0.902343297083172,
        "cs_threshold": 1.3033847624534705,
        "msc_threshold": 3.9896123921317015,
        "arclength_variation_threshold": 0.0,
        "curvature_threshold": 3.9896123921317015,
        "force_threshold": 0.0,
        "torque_threshold": 0.0,
        "timing": {
          "coil_initialization": 6.67001586407423e-07,
          "biotsavart_setup": 0.00836949999211356,
          "objective_setup": 0.008330958022270352,
          "coil_optimization": 821.5065387500217,
          "save_and_metrics": 1.4728469169931486
        },
        "fourier_order": 8,