{
  "metadata": {
    "contact": "auto",
    "hardware": "CPU: self-hosted runner",
    "run_date": "2026-03-24T23:27:34.844174",
    "iterations_used": 500,
    "walltime_sec": 85.70565009117126,
    "tags": [
      "explore"
    ],
    "parent_ids": []
  },
  "version_info": {
    "stellcoilbench_commit": "a86ecfd782c56fe9aaeeb4347a9ebbca7d369105",
    "stellcoilbench_branch": "main",
    "simsopt_version": "0.1.dev5668+ga79006b0b",
    "simsopt_commit": "a79006b0b"
  },
  "metrics": {
    "fourier_continuation": true,
    "fourier_orders": [
      4,
      8,
      16
    ],
    "final_order": 16,
    "continuation_results": [
      {
        "initial_B_field": 2.5000086086152167,
        "final_B_field": 2.7696433540614676,
        "target_B_field": 2.5,
        "optimization_time": 1083.1387350559235,
        "walltime_sec": 1083.1387350559235,
        "iterations_used": 500,
        "final_squared_flux": 0.03642219144284254,
        "optimization_success": true,
        "optimization_message": "Completed",
        "optimization_nfev": 500,
        "optimization_njev": null,
        "_cached_thresholds": {
          "length_threshold": 58.30859823843005,
          "flux_threshold": 1e-08,
          "cc_threshold": 0.39429362983478927,
          "cs_threshold": 0.3770297961594584,
          "msc_threshold": 2.2317175156207916,
          "curvature_threshold": 16.948726771974762,
          "force_threshold": 1088.6110439568863,
          "torque_threshold": 0.0,
          "finite_build_width": 0.10789896047081801,
          "major_radius": 5.483631261799852,
          "minor_radius": 0.5240806651439732,
          "a0": 3.2437754587511507,
          "arclength_variation_threshold": 0.0,
          "coil_width": 0.12331309768093489
        },
        "final_min_cs_separation": 0.3494064873408448,
        "final_min_cc_separation": 0.33668958841218566,
        "final_length_per_coil": [
          14.328962674796458,
          12.786811501759036,
          16.35108432934942,
          14.875647621064896
        ],
        "final_current_per_coil": [
          2531166.653849562,
          1749892.9411041045,
          1641002.8323306288,
          952984.8835750697
        ],
        "total_current_before": 6875047.310859364,
        "total_current_after": 6875047.310859365,
        "final_total_length": 58.34250612696981,
        "final_max_curvature": 1.2291637138441387,
        "final_average_curvature": 0.6971091356511022,
        "final_arclength_variation": 0.06809880439493672,
        "final_mean_squared_curvature": 0.67562405220964,
        "final_max_torsion": 13.37379731889307,
        "final_linking_number": 0,
        "coils_linked_to_surface": true,
        "final_max_max_coil_force": 5585480.0528610945,
        "final_avg_max_coil_force": 3439402.0808897596,
        "final_max_force_per_coil": [
          5585480.0528610945,
          3719983.6302397475,
          2934011.3723525153,
          1518133.2681056813
        ],
        "final_max_torque_per_coil": [
          3490154.3157554613,
          6840913.7810528735,
          5393002.201040363,
          2252656.662840552
        ],
        "final_max_max_coil_torque": 6840913.7810528735,
        "final_avg_max_coil_torque": 4494181.740172313,
        "avg_BdotN_over_B": 0.00785955020487507,
        "max_BdotN_over_B": 0.050184009120865826,
        "lagrange_multipliers": null,
        "output_directory": "/Users/akaptanoglu/actions-runner/_work/stellcoilbench/stellcoilbench/cases/done/2026-03-24_225313_73244/order_4",
        "flux_threshold": 1e-08,
        "cc_threshold": 0.39429362983478927,
        "cs_threshold": 0.3770297961594584,
        "msc_threshold": 2.2317175156207916,
        "arclength_variation_threshold": 0.0,
        "curvature_threshold": 16.948726771974762,
        "force_threshold": 1088.6110439568863,
        "torque_threshold": 0.0,
        "timing": {
          "coil_initialization": 0.40865512494929135,
          "biotsavart_setup": 1.8954064170829952,
          "objective_setup": 0.04709799983538687,
          "coil_optimization": 1083.1394391660579,
          "save_and_metrics": 1.4717279160395265
        },
        "fourier_order": 4,
        "continuation_step": 1
      },
      {
        "initial_B_field": 2.7696433540614676,
        "final_B_field": 2.7981691345370603,
        "target_B_field": 2.5,
        "optimization_time": 627.3124408721924,
        "walltime_sec": 627.3124408721924,
        "iterations_used": 500,
        "final_squared_flux": 0.12195371947466839,
        "optimization_success": true,
        "optimization_message": "Completed",
        "optimization_nfev": 500,
        "optimization_njev": null,
        "_cached_thresholds": {
          "length_threshold": 58.30859823843005,
          "flux_threshold": 1e-08,
          "cc_threshold": 0.39429362983478927,
          "cs_threshold": 0.3770297961594584,
          "msc_threshold": 2.2317175156207916,
          "curvature_threshold": 16.948726771974762,
          "force_threshold": 1088.6110439568863,
          "torque_threshold": 0.0,
          "finite_build_width": 0.10789896047081801,
          "major_radius": 5.483631261799852,
          "minor_radius": 0.5240806651439732,
          "a0": 3.2437754587511507,
          "arclength_variation_threshold": 0.0,
          "coil_width": 0.12331309768093489
        },
        "final_min_cs_separation": 0.33029776074171424,
        "final_min_cc_separation": 0.2258475104832523,
        "final_length_per_coil": [
          14.228906712552817,
          12.931965904651161,
          16.38493979086747,
          14.959735686340197
        ],
        "final_current_per_coil": [
          2531173.3505299445,
          1749518.6412213373,
          1640994.17165702,
          953361.1474510627
        ],
        "total_current_before": 6875047.310859365,
        "total_current_after": 6875047.310859364,
        "final_total_length": 58.505548094411644,
        "final_max_curvature": 1.9430290139087716,
        "final_average_curvature": 0.6648055885126971,
        "final_arclength_variation": 0.7452738567346866,
        "final_mean_squared_curvature": 0.7272416131312249,
        "final_max_torsion": 1.4163252254492034,
        "final_linking_number": 0,
        "coils_linked_to_surface": true,
        "final_max_max_coil_force": 4795134.584050328,
        "final_avg_max_coil_force": 3357110.027991486,
        "final_max_force_per_coil": [
          4795134.584050328,
          3840707.8768399335,
          3289284.005330459,
          1503313.645745222
        ],
        "final_max_torque_per_coil": [
          3613800.6020673276,
          6058942.597108852,
          5254304.721909839,
          2440517.1192883593
        ],
        "final_max_max_coil_torque": 6058942.597108852,
        "final_avg_max_coil_torque": 4341891.260093594,
        "avg_BdotN_over_B": 0.01335167189401491,
        "max_BdotN_over_B": 0.06548371548020258,
        "lagrange_multipliers": null,
        "output_directory": "/Users/akaptanoglu/actions-runner/_work/stellcoilbench/stellcoilbench/cases/done/2026-03-24_225313_73244/order_8",
        "flux_threshold": 1e-08,
        "cc_threshold": 0.39429362983478927,
        "cs_threshold": 0.3770297961594584,
        "msc_threshold": 2.2317175156207916,
        "arclength_variation_threshold": 0.0,
        "curvature_threshold": 16.948726771974762,
        "force_threshold": 1088.6110439568863,
        "torque_threshold": 0.0,
        "timing": {
          "coil_initialization": 5.420297384262085e-07,
          "biotsavart_setup": 0.0039008748717606068,
          "objective_setup": 0.006223165895789862,
          "coil_optimization": 627.3128837919794,
          "save_and_metrics": 1.4142682501114905
        },
        "fourier_order": 8,
        "continuation_step": 2
      },
      {
        "initial_B_field": 2.7981691345370603,
        "final_B_field": 2.7981691313529664,
        "target_B_field": 2.5,