{
  "metadata": {
    "contact": "auto",
    "hardware": "CPU: self-hosted runner",
    "run_date": "2026-03-20T18:43:26.806708",
    "iterations_used": 500,
    "walltime_sec": 197.35847997665405,
    "tags": [
      "explore"
    ],
    "parent_ids": []
  },
  "version_info": {
    "stellcoilbench_commit": "9ae14ca79a7e7b7e6c5da5e334e794945e9e0be4",
    "stellcoilbench_branch": "main",
    "simsopt_version": "0.1.dev5668+ga79006b0b",
    "simsopt_commit": "a79006b0b"
  },
  "metrics": {
    "fourier_continuation": true,
    "fourier_orders": [
      4,
      8,
      16
    ],
    "final_order": 16,
    "continuation_results": [
      {
        "initial_B_field": 1.0000305513510055,
        "final_B_field": 1.0964044327379838,
        "target_B_field": 1.0,
        "optimization_time": 276.20760798454285,
        "walltime_sec": 276.20760798454285,
        "iterations_used": 500,
        "final_squared_flux": 0.0001239180311382691,
        "optimization_success": true,
        "optimization_message": "Completed",
        "optimization_nfev": 500,
        "optimization_njev": null,
        "_cached_thresholds": {
          "length_threshold": 15.88964894764823,
          "flux_threshold": 1e-08,
          "cc_threshold": 0.19197476048034093,
          "cs_threshold": 0.14049107020196172,
          "msc_threshold": 20.463179587622335,
          "curvature_threshold": 6.423781943597141,
          "force_threshold": 862.5644307911884,
          "torque_threshold": 0.0,
          "finite_build_width": 0.05,
          "major_radius": 1.0098736979848935,
          "minor_radius": 0.16831206437162433,
          "a0": 10.100286074838271,
          "arclength_variation_threshold": 0.0,
          "coil_width": 0.039602838675676315
        },
        "final_min_cs_separation": 0.23904478499715645,
        "final_min_cc_separation": 0.19043132416622918,
        "final_length_per_coil": [
          4.430940177271719,
          4.057617652838951,
          3.6439384658578833,
          3.7614991530860347
        ],
        "final_current_per_coil": [
          322358.4636064811,
          340358.1033409951,
          254068.34206184882,
          333290.71562613896
        ],
        "total_current_before": 1250075.624635464,
        "total_current_after": 1250075.624635464,
        "final_total_length": 15.89399544905459,
        "final_max_curvature": 3.38292272459278,
        "final_average_curvature": 2.0893307499648244,
        "final_arclength_variation": 0.0035749214485629533,
        "final_mean_squared_curvature": 5.886928288643653,
        "final_max_torsion": 9.965267639363324,
        "final_linking_number": 0,
        "coils_linked_to_surface": true,
        "final_max_max_coil_force": 327458.8658618826,
        "final_avg_max_coil_force": 296828.2804470224,
        "final_max_force_per_coil": [
          291142.86028199486,
          327458.8658618826,
          261721.8447647205,
          306989.5508794915
        ],
        "final_max_torque_per_coil": [
          88504.63776771959,
          145036.42404837237,
          85686.67352769618,
          64843.583525645765
        ],
        "final_max_max_coil_torque": 145036.42404837237,
        "final_avg_max_coil_torque": 96017.82971735847,
        "avg_BdotN_over_B": 0.00492254202874272,
        "max_BdotN_over_B": 0.01994659597672066,
        "lagrange_multipliers": null,
        "output_directory": "/Users/akaptanoglu/actions-runner/_work/stellcoilbench/stellcoilbench/cases/done/2026-03-20_182639_69817/order_4",
        "flux_threshold": 1e-08,
        "cc_threshold": 0.19197476048034093,
        "cs_threshold": 0.14049107020196172,
        "msc_threshold": 20.463179587622335,
        "arclength_variation_threshold": 0.0,
        "curvature_threshold": 6.423781943597141,
        "force_threshold": 862.5644307911884,
        "torque_threshold": 0.0,
        "timing": {
          "coil_initialization": 0.18174750008620322,
          "biotsavart_setup": 1.2296779579482973,
          "objective_setup": 0.03386979200877249,
          "coil_optimization": 276.2078298330307,
          "save_and_metrics": 0.8912274579051882
        },
        "fourier_order": 4,
        "continuation_step": 1
      },
      {
        "initial_B_field": 1.0964044327379838,
        "final_B_field": 1.0952609367691388,
        "target_B_field": 1.0,
        "optimization_time": 299.6079201698303,
        "walltime_sec": 299.6079201698303,
        "iterations_used": 500,
        "final_squared_flux": 7.353779265443388e-05,
        "optimization_success": true,
        "optimization_message": "Completed",
        "optimization_nfev": 500,
        "optimization_njev": null,
        "_cached_thresholds": {
          "length_threshold": 15.88964894764823,
          "flux_threshold": 1e-08,
          "cc_threshold": 0.19197476048034093,
          "cs_threshold": 0.14049107020196172,
          "msc_threshold": 20.463179587622335,
          "curvature_threshold": 6.423781943597141,
          "force_threshold": 862.5644307911884,
          "torque_threshold": 0.0,
          "finite_build_width": 0.05,
          "major_radius": 1.0098736979848935,
          "minor_radius": 0.16831206437162433,
          "a0": 10.100286074838271,
          "arclength_variation_threshold": 0.0,
          "coil_width": 0.039602838675676315
        },
        "final_min_cs_separation": 0.2209307971564565,
        "final_min_cc_separation": 0.19063468442416745,
        "final_length_per_coil": [
          4.6156382413130075,
          3.7670694693683253,
          3.508262721972306,
          4.00193446195858
        ],
        "final_current_per_coil": [
          405012.34490543243,
          250308.92898831214,
          214696.17542320312,
          380058.1753185163
        ],
        "total_current_before": 1250075.624635464,
        "total_current_after": 1250075.624635464,
        "final_total_length": 15.892904894612219,
        "final_max_curvature": 6.205151380543978,
        "final_average_curvature": 2.2233346006728048,
        "final_arclength_variation": 0.0015988158015084735,
        "final_mean_squared_curvature": 7.973649035943861,
        "final_max_torsion": 118.11001205790959,
        "final_linking_number": 0,
        "coils_linked_to_surface": true,
        "final_max_max_coil_force": 340847.10820022447,
        "final_avg_max_coil_force": 285807.7634473152,
        "final_max_force_per_coil": [
          340847.10820022447,
          279712.79195618076,
          244347.09283900456,
          278324.06079385086
        ],
        "final_max_torque_per_coil": [
          112037.82161291406,
          138206.67973091986,
          98050.09549740465,
          58332.937548341986
        ],
        "final_max_max_coil_torque": 138206.67973091986,
        "final_avg_max_coil_torque": 101656.88359739514,
        "avg_BdotN_over_B": 0.0038418558111688143,
        "max_BdotN_over_B": 0.01355782318125341,
        "lagrange_multipliers": null,
        "output_directory": "/Users/akaptanoglu/actions-runner/_work/stellcoilbench/stellcoilbench/cases/done/2026-03-20_182639_69817/order_8",
        "flux_threshold": 1e-08,
        "cc_threshold": 0.19197476048034093,
        "cs_threshold": 0.14049107020196172,
        "msc_threshold": 20.463179587622335,
        "arclength_variation_threshold": 0.0,
        "curvature_threshold": 6.423781943597141,
        "force_threshold": 862.5644307911884,
        "torque_threshold": 0.0,
        "timing": {
          "coil_initialization": 4.5797787606716156e-07,
          "biotsavart_setup": 0.002619541948661208,
          "objective_setup": 0.005600125063210726,
          "coil_optimization": 299.6082053750288,
          "save_and_metrics": 0.8579896248411387
        },
        "fourier_order": 8,
        "continuation_step": 2
      },
      {
        "initial_B_field": 1.0952609367691388,
        "final_B_field": 1.0944446450627558,
        "target_B_field": 1.0,