{
  "metadata": {
    "contact": "auto",
    "hardware": "CPU: self-hosted runner",
    "run_date": "2026-03-20T11:29:08.917798",
    "iterations_used": 500,
    "walltime_sec": 223.19806599617004,
    "tags": [
      "explore"
    ],
    "parent_ids": []
  },
  "version_info": {
    "stellcoilbench_commit": "83b121e83b823d0472d9ed8f421f747d0b539ad2",
    "stellcoilbench_branch": "main",
    "simsopt_version": "0.1.dev5668+ga79006b0b",
    "simsopt_commit": "a79006b0b"
  },
  "metrics": {
    "fourier_continuation": true,
    "fourier_orders": [
      4,
      8,
      16
    ],
    "final_order": 16,
    "continuation_results": [
      {
        "initial_B_field": 1.0001867526877442,
        "final_B_field": 1.0967506260122284,
        "target_B_field": 1.0,
        "optimization_time": 122.76872706413269,
        "walltime_sec": 122.76872706413269,
        "iterations_used": 500,
        "final_squared_flux": 0.0003854950147859695,
        "optimization_success": true,
        "optimization_message": "Completed",
        "optimization_nfev": 500,
        "optimization_njev": null,
        "_cached_thresholds": {
          "length_threshold": 13.141211943556293,
          "flux_threshold": 1e-08,
          "cc_threshold": 0.13474865859398866,
          "cs_threshold": 0.2595966075190582,
          "msc_threshold": 19.241044972566907,
          "curvature_threshold": 11.585028127839497,
          "force_threshold": 3901.7405107100244,
          "torque_threshold": 0.0,
          "finite_build_width": 0.05,
          "major_radius": 1.0098736979848935,
          "minor_radius": 0.16831206437162433,
          "a0": 10.100286074838271,
          "arclength_variation_threshold": 0.0,
          "coil_width": 0.039602838675676315
        },
        "final_min_cs_separation": 0.254071672737171,
        "final_min_cc_separation": 0.13169901489699545,
        "final_length_per_coil": [
          4.796299651591747,
          3.9730145269000956,
          4.38155224230227
        ],
        "final_current_per_coil": [
          500932.1375550944,
          281247.5914130223,
          468263.4415390184
        ],
        "total_current_before": 1250443.170507135,
        "total_current_after": 1250443.170507135,
        "final_total_length": 13.150866420794113,
        "final_max_curvature": 3.1031440831107453,
        "final_average_curvature": 1.9155499385284294,
        "final_arclength_variation": 0.007012597469278508,
        "final_mean_squared_curvature": 5.380460403106259,
        "final_max_torsion": 22.778620514249695,
        "final_linking_number": 0,
        "coils_linked_to_surface": true,
        "final_max_max_coil_force": 551377.5343725535,
        "final_avg_max_coil_force": 476194.29908355366,
        "final_max_force_per_coil": [
          551377.5343725535,
          400013.4202727554,
          477191.942605352
        ],
        "final_max_torque_per_coil": [
          242296.03454772674,
          203930.86323088745,
          141344.6615934879
        ],
        "final_max_max_coil_torque": 242296.03454772674,
        "final_avg_max_coil_torque": 195857.18645736738,
        "avg_BdotN_over_B": 0.0086838629833195,
        "max_BdotN_over_B": 0.030666347842905815,
        "lagrange_multipliers": null,
        "output_directory": "/Users/akaptanoglu/actions-runner/_work/stellcoilbench/stellcoilbench/cases/done/2026-03-20_111734_64309/order_4",
        "flux_threshold": 1e-08,
        "cc_threshold": 0.13474865859398866,
        "cs_threshold": 0.2595966075190582,
        "msc_threshold": 19.241044972566907,
        "arclength_variation_threshold": 0.0,
        "curvature_threshold": 11.585028127839497,
        "force_threshold": 3901.7405107100244,
        "torque_threshold": 0.0,
        "timing": {
          "coil_initialization": 0.1445179998409003,
          "biotsavart_setup": 1.229881125036627,
          "objective_setup": 0.0359246248845011,
          "coil_optimization": 122.76875083311461,
          "save_and_metrics": 0.7275959579274058
        },
        "fourier_order": 4,
        "continuation_step": 1
      },
      {
        "initial_B_field": 1.0967506260122284,
        "final_B_field": 1.097441700833416,
        "target_B_field": 1.0,
        "optimization_time": 124.98203682899475,
        "walltime_sec": 124.98203682899475,
        "iterations_used": 500,
        "final_squared_flux": 0.00026840670188089374,
        "optimization_success": true,
        "optimization_message": "Completed",
        "optimization_nfev": 500,
        "optimization_njev": null,
        "_cached_thresholds": {
          "length_threshold": 13.141211943556293,
          "flux_threshold": 1e-08,
          "cc_threshold": 0.13474865859398866,
          "cs_threshold": 0.2595966075190582,
          "msc_threshold": 19.241044972566907,
          "curvature_threshold": 11.585028127839497,
          "force_threshold": 3901.7405107100244,
          "torque_threshold": 0.0,
          "finite_build_width": 0.05,
          "major_radius": 1.0098736979848935,
          "minor_radius": 0.16831206437162433,
          "a0": 10.100286074838271,
          "arclength_variation_threshold": 0.0,
          "coil_width": 0.039602838675676315
        },
        "final_min_cs_separation": 0.2700303787123749,
        "final_min_cc_separation": 0.13141015751140406,
        "final_length_per_coil": [
          4.500592546554188,
          4.1427958058495715,
          4.50593000572785
        ],
        "final_current_per_coil": [
          423197.5423719632,
          337101.3612127671,
          490144.26692240476
        ],
        "total_current_before": 1250443.170507135,
        "total_current_after": 1250443.170507135,
        "final_total_length": 13.149318358131609,
        "final_max_curvature": 5.201928939169883,
        "final_average_curvature": 2.0857717337122623,
        "final_arclength_variation": 0.0029475028913099957,
        "final_mean_squared_curvature": 6.035770468254591,
        "final_max_torsion": 81.48180554363505,
        "final_linking_number": 0,
        "coils_linked_to_surface": true,
        "final_max_max_coil_force": 519120.30319098756,
        "final_avg_max_coil_force": 467280.6233676961,
        "final_max_force_per_coil": [
          519120.30319098756,
          512008.5536764755,
          370713.01323562535
        ],
        "final_max_torque_per_coil": [
          177248.2978536426,
          264586.8699391803,
          101260.09292197063
        ],
        "final_max_max_coil_torque": 264586.8699391803,
        "final_avg_max_coil_torque": 181031.75357159786,
        "avg_BdotN_over_B": 0.0074295273406642355,
        "max_BdotN_over_B": 0.027163276636014692,
        "lagrange_multipliers": null,
        "output_directory": "/Users/akaptanoglu/actions-runner/_work/stellcoilbench/stellcoilbench/cases/done/2026-03-20_111734_64309/order_8",
        "flux_threshold": 1e-08,
        "cc_threshold": 0.13474865859398866,
        "cs_threshold": 0.2595966075190582,
        "msc_threshold": 19.241044972566907,
        "arclength_variation_threshold": 0.0,
        "curvature_threshold": 11.585028127839497,
        "force_threshold": 3901.7405107100244,
        "torque_threshold": 0.0,
        "timing": {
          "coil_initialization": 5.830079317092896e-07,
          "biotsavart_setup": 0.0022655001375824213,
          "objective_setup": 0.11098024994134903,
          "coil_optimization": 124.98206270905212,
          "save_and_metrics": 0.7404164171312004
        },
        "fourier_order": 8,
        "continuation_step": 2
      },
      {
        "initial_B_field": 1.097441700833416,
        "final_B_field": 1.095953304048214,
        "target_B_field": 1.0,
        "optimization_time": 223.19806599617004,
        "walltime_sec": 223.19806599617004,
        "iterations_used": 500,
        "final_squared_flux": 0.0001662892055695241,
        "optimization_success": true,
        "optimization_message": "Completed",