{
  "metadata": {
    "contact": "auto",
    "hardware": "CPU: self-hosted runner",
    "run_date": "2026-04-03T16:02:51.916425",
    "iterations_used": 500,
    "walltime_sec": 101.12475490570068,
    "tags": [
      "explore"
    ],
    "parent_ids": []
  },
  "version_info": {
    "stellcoilbench_commit": "1e156f12765f175e39ff04b8388776d1852db180",
    "stellcoilbench_branch": "main",
    "simsopt_version": "0.1.dev5668+ga79006b0b",
    "simsopt_commit": "a79006b0b"
  },
  "metrics": {
    "fourier_continuation": true,
    "fourier_orders": [
      4,
      8,
      16
    ],
    "final_order": 16,
    "continuation_results": [
      {
        "initial_B_field": 2.500000766903552,
        "final_B_field": 2.7557790994338403,
        "target_B_field": 2.5,
        "optimization_time": 517.5690190792084,
        "walltime_sec": 517.5690190792084,
        "iterations_used": 500,
        "final_squared_flux": 0.0931420932118736,
        "optimization_success": true,
        "optimization_message": "Completed",
        "optimization_nfev": 500,
        "optimization_njev": null,
        "_cached_thresholds": {
          "length_threshold": 44.67941811724473,
          "flux_threshold": 1e-08,
          "cc_threshold": 0.22658781698871783,
          "cs_threshold": 0.41433200820794125,
          "msc_threshold": 2.303080575713317,
          "curvature_threshold": 1.7386636458906168,
          "force_threshold": 300.37360748035655,
          "torque_threshold": 0.0,
          "finite_build_width": 0.10789896047081801,
          "major_radius": 5.483631261799852,
          "minor_radius": 0.5240806651439732,
          "a0": 3.2437754587511507,
          "arclength_variation_threshold": 0.0,
          "coil_width": 0.12331309768093489
        },
        "final_min_cs_separation": 0.3702439504571228,
        "final_min_cc_separation": 0.1399705198549693,
        "final_length_per_coil": [
          8.035781195286699,
          8.31765910152415,
          9.801358363413923,
          8.313638949066947,
          10.320280687865232
        ],
        "final_current_per_coil": [
          1426068.1284325102,
          1051691.177034838,
          1952044.910720937,
          767148.075633809,
          1678051.9257950215
        ],
        "total_current_before": 6875004.217617116,
        "total_current_after": 6875004.217617115,
        "final_total_length": 44.78871829715695,
        "final_max_curvature": 1.9074950909597175,
        "final_average_curvature": 1.0700531221866327,
        "final_arclength_variation": 0.10843540923647454,
        "final_mean_squared_curvature": 1.6057143880243174,
        "final_max_torsion": 18.49168286475327,
        "final_linking_number": 0,
        "coils_linked_to_surface": true,
        "final_max_max_coil_force": 6081342.448680737,
        "final_avg_max_coil_force": 3433305.6729760086,
        "final_max_force_per_coil": [
          2585904.0210601906,
          2973079.0301088095,
          6081342.448680737,
          1199328.7621409385,
          4326874.102889367
        ],
        "final_max_torque_per_coil": [
          1737745.7453089072,
          2409260.7856714497,
          4488327.491915027,
          934073.2583759986,
          2869965.835786679
        ],
        "final_max_max_coil_torque": 4488327.491915027,
        "final_avg_max_coil_torque": 2487874.623411612,
        "avg_BdotN_over_B": 0.013115338599487238,
        "max_BdotN_over_B": 0.083248891665798,
        "lagrange_multipliers": null,
        "output_directory": "/Users/akaptanoglu/actions-runner/_work/stellcoilbench/stellcoilbench/cases/done/2026-04-03_152824_42898/order_4",
        "flux_threshold": 1e-08,
        "cc_threshold": 0.22658781698871783,
        "cs_threshold": 0.41433200820794125,
        "msc_threshold": 2.303080575713317,
        "arclength_variation_threshold": 0.0,
        "curvature_threshold": 1.7386636458906168,
        "force_threshold": 300.37360748035655,
        "torque_threshold": 0.0,
        "timing": {
          "coil_initialization": 0.733603333006613,
          "biotsavart_setup": 2.63724158302648,
          "objective_setup": 0.06689145899144933,
          "coil_optimization": 517.5697270000237,
          "save_and_metrics": 1.8478182919789106
        },
        "fourier_order": 4,
        "continuation_step": 1
      },
      {
        "initial_B_field": 2.7557790994338403,
        "final_B_field": 2.751979589804664,
        "target_B_field": 2.5,
        "optimization_time": 1118.7638902664185,
        "walltime_sec": 1118.7638902664185,
        "iterations_used": 500,
        "final_squared_flux": 0.10434659933039699,
        "optimization_success": true,
        "optimization_message": "Completed",
        "optimization_nfev": 500,
        "optimization_njev": null,
        "_cached_thresholds": {
          "length_threshold": 44.67941811724473,
          "flux_threshold": 1e-08,
          "cc_threshold": 0.22658781698871783,
          "cs_threshold": 0.41433200820794125,
          "msc_threshold": 2.303080575713317,
          "curvature_threshold": 1.7386636458906168,
          "force_threshold": 300.37360748035655,
          "torque_threshold": 0.0,
          "finite_build_width": 0.10789896047081801,
          "major_radius": 5.483631261799852,
          "minor_radius": 0.5240806651439732,
          "a0": 3.2437754587511507,
          "arclength_variation_threshold": 0.0,
          "coil_width": 0.12331309768093489
        },
        "final_min_cs_separation": 0.36071922014922453,
        "final_min_cc_separation": 0.1445424613552009,
        "final_length_per_coil": [
          7.981370886442911,
          8.310350936038585,
          9.810575407647624,
          8.287588679806392,
          10.315649092300442
        ],
        "final_current_per_coil": [
          1426068.37175833,
          1051691.064611615,
          1952045.6013132515,
          767148.5043895022,
          1678050.6755444175
        ],
        "total_current_before": 6875004.217617115,
        "total_current_after": 6875004.217617116,
        "final_total_length": 44.70553500223595,
        "final_max_curvature": 3.0211714859337655,
        "final_average_curvature": 1.0499187493637485,
        "final_arclength_variation": 0.3648618248870456,
        "final_mean_squared_curvature": 1.701575575003519,
        "final_max_torsion": 3.394500609881166,
        "final_linking_number": 0,
        "coils_linked_to_surface": true,
        "final_max_max_coil_force": 5652227.221093297,
        "final_avg_max_coil_force": 3263666.9194774786,
        "final_max_force_per_coil": [
          2389099.792303346,
          2918112.8224731386,
          5652227.221093297,
          1166643.3201719783,
          4192251.441345633
        ],
        "final_max_torque_per_coil": [
          1622507.322980816,
          2579342.762936325,
          4332173.470034527,
          975746.3313114615,
          2838333.4740631524
        ],
        "final_max_max_coil_torque": 4332173.470034527,
        "final_avg_max_coil_torque": 2469620.6722652568,
        "avg_BdotN_over_B": 0.013703935385867736,
        "max_BdotN_over_B": 0.08933502003884321,
        "lagrange_multipliers": null,
        "output_directory": "/Users/akaptanoglu/actions-runner/_work/stellcoilbench/stellcoilbench/cases/done/2026-04-03_152824_42898/order_8",
        "flux_threshold": 1e-08,
        "cc_threshold": 0.22658781698871783,
        "cs_threshold": 0.41433200820794125,
        "msc_threshold": 2.303080575713317,
        "arclength_variation_threshold": 0.0,
        "curvature_threshold": 1.7386636458906168,
        "force_threshold": 300.37360748035655,
        "torque_threshold": 0.0,
        "timing": {
          "coil_initialization": 5.410402081906796e-07,
          "biotsavart_setup": 0.004301499982830137,
          "objective_setup": 0.007297167030628771,
          "coil_optimization": 1118.7654134999611,
          "save_and_metrics": 1.7569814999587834
        },