{
  "metadata": {
    "contact": "auto",
    "hardware": "CPU: self-hosted runner",
    "run_date": "2026-03-26T03:53:50.117494",
    "iterations_used": 500,
    "walltime_sec": 35.41890215873718,
    "tags": [
      "explore"
    ],
    "parent_ids": []
  },
  "version_info": {
    "stellcoilbench_commit": "90e658879ae55aec42b31a10177642d6bd17b3fd",
    "stellcoilbench_branch": "main",
    "simsopt_version": "0.1.dev5668+ga79006b0b",
    "simsopt_commit": "a79006b0b"
  },
  "metrics": {
    "fourier_continuation": true,
    "fourier_orders": [
      4,
      8,
      16
    ],
    "final_order": 16,
    "continuation_results": [
      {
        "initial_B_field": 2.5000086086152167,
        "final_B_field": 2.7457642513648244,
        "target_B_field": 2.5,
        "optimization_time": 328.3225679397583,
        "walltime_sec": 328.3225679397583,
        "iterations_used": 500,
        "final_squared_flux": 0.15415041437466834,
        "optimization_success": true,
        "optimization_message": "Completed",
        "optimization_nfev": 500,
        "optimization_njev": null,
        "_cached_thresholds": {
          "length_threshold": 34.00666951295982,
          "flux_threshold": 1e-08,
          "cc_threshold": 0.22658781698871783,
          "cs_threshold": 0.5077416797012494,
          "msc_threshold": 4.019037793392676,
          "curvature_threshold": 15.489027815536746,
          "force_threshold": 326.3238111503657,
          "torque_threshold": 0.0,
          "finite_build_width": 0.10789896047081801,
          "major_radius": 5.483631261799852,
          "minor_radius": 0.5240806651439732,
          "a0": 3.2437754587511507,
          "arclength_variation_threshold": 0.0,
          "coil_width": 0.12331309768093489
        },
        "final_min_cs_separation": 0.4620472901662662,
        "final_min_cc_separation": 0.13090820025280872,
        "final_length_per_coil": [
          8.208610983383773,
          8.377052093095406,
          9.048632942286037,
          8.583132438069182
        ],
        "final_current_per_coil": [
          1795310.4125022271,
          1763547.3439996208,
          1855514.120735691,
          1460675.4336218257
        ],
        "total_current_before": 6875047.310859364,
        "total_current_after": 6875047.310859364,
        "final_total_length": 34.2174284568344,
        "final_max_curvature": 2.406316625735818,
        "final_average_curvature": 1.1431135698610848,
        "final_arclength_variation": 0.1559594240923358,
        "final_mean_squared_curvature": 1.6345253678669425,
        "final_max_torsion": 32.807337382476575,
        "final_linking_number": 0,
        "coils_linked_to_surface": true,
        "final_max_max_coil_force": 5400673.317982292,
        "final_avg_max_coil_force": 4429294.371752433,
        "final_max_force_per_coil": [
          4440529.862768451,
          4916706.868148569,
          5400673.317982292,
          2959267.4381104177
        ],
        "final_max_torque_per_coil": [
          3141550.432370452,
          4125016.6488888534,
          3742433.20430741,
          2172252.061546676
        ],
        "final_max_max_coil_torque": 4125016.6488888534,
        "final_avg_max_coil_torque": 3295313.086778348,
        "avg_BdotN_over_B": 0.017300515106718237,
        "max_BdotN_over_B": 0.08921922413350639,
        "lagrange_multipliers": null,
        "output_directory": "/Users/akaptanoglu/actions-runner/_work/stellcoilbench/stellcoilbench/cases/done/2026-03-26_032240_98861/order_4",
        "flux_threshold": 1e-08,
        "cc_threshold": 0.22658781698871783,
        "cs_threshold": 0.5077416797012494,
        "msc_threshold": 4.019037793392676,
        "arclength_variation_threshold": 0.0,
        "curvature_threshold": 15.489027815536746,
        "force_threshold": 326.3238111503657,
        "torque_threshold": 0.0,
        "timing": {
          "coil_initialization": 0.3986595841124654,
          "biotsavart_setup": 1.9588479169178754,
          "objective_setup": 0.03992391703650355,
          "coil_optimization": 328.3251892919652,
          "save_and_metrics": 1.5218740000855178
        },
        "fourier_order": 4,
        "continuation_step": 1
      },
      {
        "initial_B_field": 2.7457642513648244,
        "final_B_field": 2.8996142649962344,
        "target_B_field": 2.5,
        "optimization_time": 1233.452236175537,
        "walltime_sec": 1233.452236175537,
        "iterations_used": 500,
        "final_squared_flux": 0.4185547728586013,
        "optimization_success": true,
        "optimization_message": "Completed",
        "optimization_nfev": 500,
        "optimization_njev": null,
        "_cached_thresholds": {
          "length_threshold": 34.00666951295982,
          "flux_threshold": 1e-08,
          "cc_threshold": 0.22658781698871783,
          "cs_threshold": 0.5077416797012494,
          "msc_threshold": 4.019037793392676,
          "curvature_threshold": 15.489027815536746,
          "force_threshold": 326.3238111503657,
          "torque_threshold": 0.0,
          "finite_build_width": 0.10789896047081801,
          "major_radius": 5.483631261799852,
          "minor_radius": 0.5240806651439732,
          "a0": 3.2437754587511507,
          "arclength_variation_threshold": 0.0,
          "coil_width": 0.12331309768093489
        },
        "final_min_cs_separation": 0.3590677032579189,
        "final_min_cc_separation": 0.1108987407031572,
        "final_length_per_coil": [
          8.525549040199914,
          8.652630657462554,
          9.216662187200164,
          8.612432720704915
        ],
        "final_current_per_coil": [
          1794460.7868637077,
          1763073.5574600664,
          1855478.2961278085,
          1462034.6704077823
        ],
        "total_current_before": 6875047.310859364,
        "total_current_after": 6875047.310859365,
        "final_total_length": 35.007274605567545,
        "final_max_curvature": 3.342886799188078,
        "final_average_curvature": 1.1252858419719252,
        "final_arclength_variation": 0.6874778468643812,
        "final_mean_squared_curvature": 2.052367810840828,
        "final_max_torsion": 2.246955667481,
        "final_linking_number": 0,
        "coils_linked_to_surface": true,
        "final_max_max_coil_force": 5821155.638616241,
        "final_avg_max_coil_force": 4491825.875460819,
        "final_max_force_per_coil": [
          4996387.793048933,
          5821155.638616241,
          5120156.327078581,
          2029603.7430995214
        ],
        "final_max_torque_per_coil": [
          3209275.9892857745,
          4802679.803814301,
          3453240.260205986,
          1474691.4819382704
        ],
        "final_max_max_coil_torque": 4802679.803814301,
        "final_avg_max_coil_torque": 3234971.883811083,
        "avg_BdotN_over_B": 0.026188354396960233,
        "max_BdotN_over_B": 0.07718430793035953,
        "lagrange_multipliers": null,
        "output_directory": "/Users/akaptanoglu/actions-runner/_work/stellcoilbench/stellcoilbench/cases/done/2026-03-26_032240_98861/order_8",
        "flux_threshold": 1e-08,
        "cc_threshold": 0.22658781698871783,
        "cs_threshold": 0.5077416797012494,
        "msc_threshold": 4.019037793392676,
        "arclength_variation_threshold": 0.0,
        "curvature_threshold": 15.489027815536746,
        "force_threshold": 326.3238111503657,
        "torque_threshold": 0.0,
        "timing": {
          "coil_initialization": 6.249174475669861e-07,
          "biotsavart_setup": 0.004139208002015948,
          "objective_setup": 0.006842500064522028,
          "coil_optimization": 1233.4533459579106,
          "save_and_metrics": 1.4595491669606417
        },
        "fourier_order": 8,
        "continuation_step": 2
      },
      {
        "initial_B_field": 2.8996142649962344,
        "final_B_field": 2.8996142649962344,
        "target_B_field": 2.5,