{
  "metadata": {
    "contact": "auto",
    "hardware": "CPU: self-hosted runner",
    "run_date": "2026-03-27T11:47:56.426986",
    "iterations_used": 500,
    "walltime_sec": 997.3019599914551,
    "tags": [
      "explore"
    ],
    "parent_ids": []
  },
  "version_info": {
    "stellcoilbench_commit": "67b6bedc8863a2cdaa38cda6730eabe8fe4d2c26",
    "stellcoilbench_branch": "main",
    "simsopt_version": "0.1.dev5668+ga79006b0b",
    "simsopt_commit": "a79006b0b"
  },
  "metrics": {
    "fourier_continuation": true,
    "fourier_orders": [
      4,
      8,
      16
    ],
    "final_order": 16,
    "continuation_results": [
      {
        "initial_B_field": 2.5000086086152167,
        "final_B_field": 2.745472396057945,
        "target_B_field": 2.5,
        "optimization_time": 791.6967778205872,
        "walltime_sec": 791.6967778205872,
        "iterations_used": 500,
        "final_squared_flux": 0.08712159408644327,
        "optimization_success": true,
        "optimization_message": "Completed",
        "optimization_nfev": 500,
        "optimization_njev": null,
        "_cached_thresholds": {
          "length_threshold": 57.50706310350398,
          "flux_threshold": 1e-08,
          "cc_threshold": 0.3184560747610143,
          "cs_threshold": 0.5034257212824167,
          "msc_threshold": 1.7094696667618565,
          "curvature_threshold": 7.450952228751394,
          "force_threshold": 309.7805563107349,
          "torque_threshold": 0.0,
          "finite_build_width": 0.10789896047081801,
          "major_radius": 5.483631261799852,
          "minor_radius": 0.5240806651439732,
          "a0": 3.2437754587511507,
          "arclength_variation_threshold": 0.0,
          "coil_width": 0.12331309768093489
        },
        "final_min_cs_separation": 0.47127086450309674,
        "final_min_cc_separation": 0.26328274554232306,
        "final_length_per_coil": [
          13.521911388622767,
          18.09536325483475,
          14.851123090534157,
          11.131676819295663
        ],
        "final_current_per_coil": [
          2650131.0181876044,
          2627071.864330957,
          1055531.3316205922,
          542313.0967202103
        ],
        "total_current_before": 6875047.310859364,
        "total_current_after": 6875047.3108593635,
        "final_total_length": 57.60007455328734,
        "final_max_curvature": 1.6137227840784165,
        "final_average_curvature": 0.7496035256082356,
        "final_arclength_variation": 0.11045685360822036,
        "final_mean_squared_curvature": 1.1423233281626741,
        "final_max_torsion": 2.2785858153978427,
        "final_linking_number": 0,
        "coils_linked_to_surface": true,
        "final_max_max_coil_force": 6498712.862435285,
        "final_avg_max_coil_force": 3994250.240124227,
        "final_max_force_per_coil": [
          6162447.06548888,
          6498712.862435285,
          2064794.5092861678,
          1251046.5232865775
        ],
        "final_max_torque_per_coil": [
          5237470.837343022,
          16537053.834194764,
          3389521.8899396067,
          948270.8245844383
        ],
        "final_max_max_coil_torque": 16537053.834194764,
        "final_avg_max_coil_torque": 6528079.346515458,
        "avg_BdotN_over_B": 0.01236116454018794,
        "max_BdotN_over_B": 0.09063844501362535,
        "lagrange_multipliers": null,
        "output_directory": "/Users/akaptanoglu/actions-runner/_work/stellcoilbench/stellcoilbench/cases/done/2026-03-27_110103_79500/order_4",
        "flux_threshold": 1e-08,
        "cc_threshold": 0.3184560747610143,
        "cs_threshold": 0.5034257212824167,
        "msc_threshold": 1.7094696667618565,
        "arclength_variation_threshold": 0.0,
        "curvature_threshold": 7.450952228751394,
        "force_threshold": 309.7805563107349,
        "torque_threshold": 0.0,
        "timing": {
          "coil_initialization": 0.38450162508524954,
          "biotsavart_setup": 2.0224626660346985,
          "objective_setup": 0.04320379113778472,
          "coil_optimization": 791.6974991250318,
          "save_and_metrics": 1.5033347920980304
        },
        "fourier_order": 4,
        "continuation_step": 1
      },
      {
        "initial_B_field": 2.745472396057945,
        "final_B_field": 2.7396316866680466,
        "target_B_field": 2.5,
        "optimization_time": 740.2267460823059,
        "walltime_sec": 740.2267460823059,
        "iterations_used": 500,
        "final_squared_flux": 0.20641528465088857,
        "optimization_success": true,
        "optimization_message": "Completed",
        "optimization_nfev": 500,
        "optimization_njev": null,
        "_cached_thresholds": {
          "length_threshold": 57.50706310350398,
          "flux_threshold": 1e-08,
          "cc_threshold": 0.3184560747610143,
          "cs_threshold": 0.5034257212824167,
          "msc_threshold": 1.7094696667618565,
          "curvature_threshold": 7.450952228751394,
          "force_threshold": 309.7805563107349,
          "torque_threshold": 0.0,
          "finite_build_width": 0.10789896047081801,
          "major_radius": 5.483631261799852,
          "minor_radius": 0.5240806651439732,
          "a0": 3.2437754587511507,
          "arclength_variation_threshold": 0.0,
          "coil_width": 0.12331309768093489
        },
        "final_min_cs_separation": 0.4178322723643998,
        "final_min_cc_separation": 0.1676472311644993,
        "final_length_per_coil": [
          13.455357119589724,
          18.094415057064705,
          14.898174201914577,
          11.173539644249624
        ],
        "final_current_per_coil": [
          2649578.0884091686,
          2627797.0728188306,
          1056074.329323816,
          541597.8203075491
        ],
        "total_current_before": 6875047.3108593635,
        "total_current_after": 6875047.310859364,
        "final_total_length": 57.62148602281863,
        "final_max_curvature": 2.0552757276039078,
        "final_average_curvature": 0.7050251182558934,
        "final_arclength_variation": 0.6126117832894176,
        "final_mean_squared_curvature": 1.1592520287386099,
        "final_max_torsion": 1.3224129819323391,
        "final_linking_number": 0,
        "coils_linked_to_surface": true,
        "final_max_max_coil_force": 8218887.002142954,
        "final_avg_max_coil_force": 4188294.492491546,
        "final_max_force_per_coil": [
          5242276.010319421,
          8218887.002142954,
          2055267.7728290625,
          1236747.1846747482
        ],
        "final_max_torque_per_coil": [
          7440426.746021255,
          14806840.179025292,
          3621378.212589005,
          1079570.9052071972
        ],
        "final_max_max_coil_torque": 14806840.179025292,
        "final_avg_max_coil_torque": 6737054.010710687,
        "avg_BdotN_over_B": 0.01959529778580992,
        "max_BdotN_over_B": 0.0848876803628888,
        "lagrange_multipliers": null,
        "output_directory": "/Users/akaptanoglu/actions-runner/_work/stellcoilbench/stellcoilbench/cases/done/2026-03-27_110103_79500/order_8",
        "flux_threshold": 1e-08,
        "cc_threshold": 0.3184560747610143,
        "cs_threshold": 0.5034257212824167,
        "msc_threshold": 1.7094696667618565,
        "arclength_variation_threshold": 0.0,
        "curvature_threshold": 7.450952228751394,
        "force_threshold": 309.7805563107349,
        "torque_threshold": 0.0,
        "timing": {
          "coil_initialization": 6.670597940683365e-07,
          "biotsavart_setup": 0.0043316250666975975,
          "objective_setup": 0.006406416883692145,
          "coil_optimization": 740.2274053329602,
          "save_and_metrics": 1.4555563749745488
        },
        "fourier_order": 8,
        "continuation_step": 2
      },
      {
        "initial_B_field": 2.7396316866680466,
        "final_B_field": 2.739518087771893,
        "target_B_field": 2.5,