{
  "BdotN": 0.0026279087541503324,
  "BdotN_over_B": 0.0027779990065175653,
  "quasisymmetry_average": null,
  "structural": {
    "skipped": false,
    "reason": null,
    "max_von_mises_stress_Pa": 408153470.25900954,
    "mean_von_mises_stress_Pa": 27115669.507168226,
    "max_displacement_m": 0.011777919728357053,
    "youngs_modulus_Pa": 100000000000.0,
    "poisson_ratio": 0.3,
    "bc_type": "fixed_supports",
    "backend": "dolfinx"
  },
  "timing": {
    "load_coils_and_surface": 0.07863275002455339,
    "compute_BdotN": 0.29951612500008196,
    "structural_load_mesh": 0.029971209005452693,
    "structural_body_force": 0.08458266704110429,
    "structural_solve": 0.057742749981116503,
    "structural_stress": 0.004428707994520664,
    "structural_export": 0.006127458997070789,
    "structural_analysis": 1.1501460829749703
  }
}