{
  "metadata": {
    "contact": "auto",
    "hardware": "CPU: self-hosted runner",
    "run_date": "2026-03-17T21:56:37.978478",
    "iterations_used": 500,
    "walltime_sec": 500.7721531391144
  },
  "version_info": {
    "stellcoilbench_commit": "814432392765c167af781752782b667bbd6537a1",
    "stellcoilbench_branch": "main",
    "simsopt_version": "0.1.dev5668+ga79006b0b",
    "simsopt_commit": "a79006b0b"
  },
  "metrics": {
    "fourier_continuation": true,
    "fourier_orders": [
      4,
      8,
      16
    ],
    "final_order": 16,
    "continuation_results": [
      {
        "initial_B_field": 1.0000008292436955,
        "final_B_field": 0.046626666437455166,
        "target_B_field": 1.0,
        "optimization_time": 1123.6408560276031,
        "walltime_sec": 1123.6408560276031,
        "iterations_used": 500,
        "final_squared_flux": 0.00034175654299501123,
        "optimization_success": true,
        "optimization_message": "Completed",
        "optimization_nfev": 500,
        "optimization_njev": null,
        "_cached_thresholds": {
          "length_threshold": 13.007552363025885,
          "flux_threshold": 1e-08,
          "cc_threshold": 0.11653135280317756,
          "cs_threshold": 0.2032615695029087,
          "msc_threshold": 46.1583073620109,
          "curvature_threshold": 7.635816272577733,
          "force_threshold": 1128.2019545594349,
          "torque_threshold": 0.0,
          "finite_build_width": 0.05,
          "major_radius": 1.0098736979848935,
          "minor_radius": 0.16831206437162433,
          "a0": 10.100286074838271,
          "arclength_variation_threshold": 0.0,
          "coil_width": 0.039602838675676315
        },
        "final_min_cs_separation": 0.019392521344620446,
        "final_min_cc_separation": 0.10650301851893453,
        "final_length_per_coil": [
          0.9246571971540369,
          0.9246589970730064,
          2.6732195829516643,
          2.5948548301907,
          3.035066940887997,
          2.946709233442249
        ],
        "final_current_per_coil": [
          192785.39239588042,
          1089118.312965174,
          20793.735705386847,
          16457.257457326607,
          982.5839781299135,
          6331.944234161871
        ],
        "total_current_before": 1250002.0724543727,
        "total_current_after": 1250002.072454373,
        "final_total_length": 13.099166781699653,
        "final_max_curvature": 7.93347305960713,
        "final_average_curvature": 4.2206146197533565,
        "final_arclength_variation": 0.05931786366753641,
        "final_mean_squared_curvature": 46.17408180548548,
        "final_max_torsion": 191.7130131738292,
        "final_linking_number": 0,
        "coils_linked_to_surface": false,
        "final_max_max_coil_force": 2208632.072982226,
        "final_avg_max_coil_force": 396921.3586941275,
        "final_max_force_per_coil": [
          157800.72433000166,
          2208632.072982226,
          9964.456712275467,
          4515.945155864128,
          149.09083849142195,
          465.86214590685364
        ],
        "final_max_torque_per_coil": [
          4874.1812007824465,
          5581.4852438927655,
          4956.500838065543,
          1700.806005705524,
          58.62469124465594,
          193.6910648306552
        ],
        "final_max_max_coil_torque": 5581.4852438927655,
        "final_avg_max_coil_torque": 2894.2148407535974,
        "avg_BdotN_over_B": 0.2958497675886286,
        "max_BdotN_over_B": 0.9976589961868937,
        "lagrange_multipliers": null,
        "output_directory": "/Users/akaptanoglu/actions-runner/_work/stellcoilbench/stellcoilbench/cases/done/2026-03-17_211539_17065/order_4",
        "flux_threshold": 1e-08,
        "cc_threshold": 0.11653135280317756,
        "cs_threshold": 0.2032615695029087,
        "msc_threshold": 46.1583073620109,
        "arclength_variation_threshold": 0.0,
        "curvature_threshold": 7.635816272577733,
        "force_threshold": 1128.2019545594349,
        "torque_threshold": 0.0,
        "timing": {
          "coil_initialization": 0.30290708399843425,
          "biotsavart_setup": 1.6559603330679238,
          "objective_setup": 0.048869292018935084,
          "coil_optimization": 1123.6415738329524,
          "save_and_metrics": 0.8829652909189463
        },
        "fourier_order": 4,
        "continuation_step": 1
      },
      {
        "initial_B_field": 0.046626666437455166,
        "final_B_field": 0.05066770180271181,
        "target_B_field": 1.0,
        "optimization_time": 651.9409730434418,
        "walltime_sec": 651.9409730434418,
        "iterations_used": 500,
        "final_squared_flux": 0.0002967679611560833,
        "optimization_success": true,
        "optimization_message": "Completed",
        "optimization_nfev": 500,
        "optimization_njev": null,
        "_cached_thresholds": {
          "length_threshold": 13.007552363025885,
          "flux_threshold": 1e-08,
          "cc_threshold": 0.11653135280317756,
          "cs_threshold": 0.2032615695029087,
          "msc_threshold": 46.1583073620109,
          "curvature_threshold": 7.635816272577733,
          "force_threshold": 1128.2019545594349,
          "torque_threshold": 0.0,
          "finite_build_width": 0.05,
          "major_radius": 1.0098736979848935,
          "minor_radius": 0.16831206437162433,
          "a0": 10.100286074838271,
          "arclength_variation_threshold": 0.0,
          "coil_width": 0.039602838675676315
        },
        "final_min_cs_separation": 0.01920057797704295,
        "final_min_cc_separation": 0.1097594471404032,
        "final_length_per_coil": [
          0.924606115673197,
          0.9246891446545837,
          3.0178299077726765,
          2.625921479427015,
          2.905997467848525,
          2.653695749275313
        ],
        "final_current_per_coil": [
          198631.36916321918,
          1090559.4730529755,
          22218.9942054885,
          14216.096688390731,
          8137.302675280984,
          5383.623807338299
        ],
        "total_current_before": 1250002.072454373,
        "total_current_after": 1250002.0724543727,
        "final_total_length": 13.052739864651311,
        "final_max_curvature": 7.79501921843988,
        "final_average_curvature": 4.971560208046281,
        "final_arclength_variation": 0.03443647895614333,
        "final_mean_squared_curvature": 46.179944762790946,
        "final_max_torsion": 281.4236648752289,
        "final_linking_number": 0,
        "coils_linked_to_surface": false,
        "final_max_max_coil_force": 347231.24068471335,
        "final_avg_max_coil_force": 80044.45579607473,
        "final_max_force_per_coil": [
          102482.69694348397,
          347231.24068471335,
          23637.163078912443,
          4875.354914797307,
          1543.349562654358,
          496.9295918870674
        ],
        "final_max_torque_per_coil": [
          4396.180337931895,
          5581.47476616657,
          11496.077808424681,
          2147.3553350285847,
          569.0074361086492,
          166.70761845911187
        ],
        "final_max_max_coil_torque": 11496.077808424681,
        "final_avg_max_coil_torque": 4059.4672170199156,
        "avg_BdotN_over_B": 0.25726335035063014,
        "max_BdotN_over_B": 0.999511063455926,
        "lagrange_multipliers": null,
        "output_directory": "/Users/akaptanoglu/actions-runner/_work/stellcoilbench/stellcoilbench/cases/done/2026-03-17_211539_17065/order_8",
        "flux_threshold": 1e-08,
        "cc_threshold": 0.11653135280317756,
        "cs_threshold": 0.2032615695029087,
        "msc_threshold": 46.1583073620109,
        "arclength_variation_threshold": 0.0,
        "curvature_threshold": 7.635816272577733,
        "force_threshold": 1128.2019545594349,
        "torque_threshold": 0.0,
        "timing": {
          "coil_initialization": 5.00003807246685e-07,