{
  "metadata": {
    "contact": "auto",
    "hardware": "CPU: self-hosted runner",
    "run_date": "2026-03-14T00:43:14.472250",
    "iterations_used": 500,
    "walltime_sec": 276.10600781440735
  },
  "version_info": {
    "stellcoilbench_commit": "43601442869f81d1c1c567b54b2722fb84d46f1b",
    "stellcoilbench_branch": "main",
    "simsopt_version": "0.1.dev5668+ga79006b0b",
    "simsopt_commit": "a79006b0b"
  },
  "metrics": {
    "fourier_continuation": true,
    "fourier_orders": [
      4,
      8,
      16
    ],
    "final_order": 16,
    "continuation_results": [
      {
        "initial_B_field": 1.0000008292436955,
        "final_B_field": 0.03565365862382694,
        "target_B_field": 1.0,
        "optimization_time": 605.998792886734,
        "walltime_sec": 605.998792886734,
        "iterations_used": 500,
        "final_squared_flux": 0.0011347873435828336,
        "optimization_success": true,
        "optimization_message": "Completed",
        "optimization_nfev": 500,
        "optimization_njev": null,
        "_cached_thresholds": {
          "length_threshold": 12.268959421724523,
          "flux_threshold": 1e-08,
          "cc_threshold": 0.10500000000000001,
          "cs_threshold": 0.19682610821811128,
          "msc_threshold": 14.473709945243243,
          "curvature_threshold": 9.090257467354444,
          "force_threshold": 3590.6516996050054,
          "torque_threshold": 0.0,
          "finite_build_width": 0.05,
          "major_radius": 1.0098736979848935,
          "minor_radius": 0.16831206437162433,
          "a0": 10.100286074838271,
          "arclength_variation_threshold": 0.0,
          "coil_width": 0.039602838675676315
        },
        "final_min_cs_separation": 0.02076062540703756,
        "final_min_cc_separation": 0.10438253680053995,
        "final_length_per_coil": [
          1.6480993534837582,
          2.186163392656544,
          2.140819152758609,
          2.1202980717236897,
          2.1608781847225913,
          2.224013397880614
        ],
        "final_current_per_coil": [
          1222118.1215320893,
          7243.721262528066,
          7743.5858582092005,
          8131.3431447641515,
          858.3029050737936,
          18394.4402767641
        ],
        "total_current_before": 1250002.0724543727,
        "total_current_after": 1250002.0724543724,
        "final_total_length": 12.480271553225805,
        "final_max_curvature": 9.50425335332044,
        "final_average_curvature": 3.416594866759119,
        "final_arclength_variation": 0.05682694596106399,
        "final_mean_squared_curvature": 17.088410877312157,
        "final_max_torsion": 1130.1493119489521,
        "final_linking_number": 0,
        "coils_linked_to_surface": false,
        "final_max_max_coil_force": 1842351.1821061876,
        "final_avg_max_coil_force": 307570.44801362144,
        "final_max_force_per_coil": [
          1842351.1821061876,
          503.64166372088033,
          533.5565569584159,
          620.4083144568243,
          63.10418164967223,
          1350.795258755399
        ],
        "final_max_torque_per_coil": [
          240444.82335656355,
          187.07129592553517,
          199.98911706998499,
          225.75907148919532,
          25.748750784683114,
          592.1707797090003
        ],
        "final_max_max_coil_torque": 240444.82335656355,
        "final_avg_max_coil_torque": 40279.26039525699,
        "avg_BdotN_over_B": 0.414304753962819,
        "max_BdotN_over_B": 0.9989624988255382,
        "lagrange_multipliers": null,
        "output_directory": "/Users/akaptanoglu/actions-runner/_work/stellcoilbench/stellcoilbench/cases/done/2026-03-14_001901_61559/order_4",
        "flux_threshold": 1e-08,
        "cc_threshold": 0.10500000000000001,
        "cs_threshold": 0.19682610821811128,
        "msc_threshold": 14.473709945243243,
        "arclength_variation_threshold": 0.0,
        "curvature_threshold": 9.090257467354444,
        "force_threshold": 3590.6516996050054,
        "torque_threshold": 0.0,
        "timing": {
          "coil_initialization": 0.3328978749923408,
          "biotsavart_setup": 1.44630412501283,
          "objective_setup": 0.062134041101671755,
          "coil_optimization": 605.9993146249326,
          "save_and_metrics": 1.0725305420346558
        },
        "fourier_order": 4,
        "continuation_step": 1
      },
      {
        "initial_B_field": 0.03565365862382694,
        "final_B_field": 0.024879085432858074,
        "target_B_field": 1.0,
        "optimization_time": 519.0960800647736,
        "walltime_sec": 519.0960800647736,
        "iterations_used": 500,
        "final_squared_flux": 0.001096363929602965,
        "optimization_success": true,
        "optimization_message": "Completed",
        "optimization_nfev": 500,
        "optimization_njev": null,
        "_cached_thresholds": {
          "length_threshold": 12.268959421724523,
          "flux_threshold": 1e-08,
          "cc_threshold": 0.10500000000000001,
          "cs_threshold": 0.19682610821811128,
          "msc_threshold": 14.473709945243243,
          "curvature_threshold": 9.090257467354444,
          "force_threshold": 3590.6516996050054,
          "torque_threshold": 0.0,
          "finite_build_width": 0.05,
          "major_radius": 1.0098736979848935,
          "minor_radius": 0.16831206437162433,
          "a0": 10.100286074838271,
          "arclength_variation_threshold": 0.0,
          "coil_width": 0.039602838675676315
        },
        "final_min_cs_separation": 0.020418792860380328,
        "final_min_cc_separation": 0.1020490994262718,
        "final_length_per_coil": [
          1.648796218874285,
          2.1817661470215124,
          2.135229878733381,
          2.12274620908826,
          2.1624293117778683,
          2.2072324243177355
        ],
        "final_current_per_coil": [
          1244742.205459599,
          9756.240168466185,
          3058.932050377276,
          993.7797008463842,
          2688.6869673209576,
          13652.082379337167
        ],
        "total_current_before": 1250002.0724543724,
        "total_current_after": 1250002.0724543727,
        "final_total_length": 12.458200189813043,
        "final_max_curvature": 9.436852504783394,
        "final_average_curvature": 3.223618765428131,
        "final_arclength_variation": 0.046776407206769566,
        "final_mean_squared_curvature": 15.50569670767463,
        "final_max_torsion": 614.9383694270966,
        "final_linking_number": 0,
        "coils_linked_to_surface": false,
        "final_max_max_coil_force": 977359.1640559413,
        "final_avg_max_coil_force": 163266.2883561855,
        "final_max_force_per_coil": [
          977359.1640559413,
          717.3604709609564,
          210.76790513971264,
          73.47074720168479,
          203.9571060363892,
          1033.0098518331015
        ],
        "final_max_torque_per_coil": [
          256304.63694184425,
          266.4980473074622,
          81.59783705762268,
          28.567759792041233,
          81.85780922781441,
          427.78126724927057
        ],
        "final_max_max_coil_torque": 256304.63694184425,
        "final_avg_max_coil_torque": 42865.15661041307,
        "avg_BdotN_over_B": 0.4868806453825817,
        "max_BdotN_over_B": 0.9962645251145917,
        "lagrange_multipliers": null,
        "output_directory": "/Users/akaptanoglu/actions-runner/_work/stellcoilbench/stellcoilbench/cases/done/2026-03-14_001901_61559/order_8",
        "flux_threshold": 1e-08,
        "cc_threshold": 0.10500000000000001,
        "cs_threshold": 0.19682610821811128,
        "msc_threshold": 14.473709945243243,
        "arclength_variation_threshold": 0.0,
        "curvature_threshold": 9.090257467354444,
        "force_threshold": 3590.6516996050054,
        "torque_threshold": 0.0,
        "timing": {
          "coil_initialization": 5.83939254283905e-07,