{
  "metadata": {
    "contact": "auto",
    "hardware": "CPU: self-hosted runner",
    "run_date": "2026-03-16T13:21:58.338798",
    "iterations_used": 500,
    "walltime_sec": 5.025562047958374
  },
  "version_info": {
    "stellcoilbench_commit": "c260d9e80ae888db44ece745d1c4dfd28de39b77",
    "stellcoilbench_branch": "main",
    "simsopt_version": "0.1.dev5668+ga79006b0b",
    "simsopt_commit": "a79006b0b"
  },
  "metrics": {
    "fourier_continuation": true,
    "fourier_orders": [
      4,
      8,
      16
    ],
    "final_order": 16,
    "continuation_results": [
      {
        "initial_B_field": 1.0001867526877442,
        "final_B_field": 1.0969515820540798,
        "target_B_field": 1.0,
        "optimization_time": 51.69191789627075,
        "walltime_sec": 51.69191789627075,
        "iterations_used": 500,
        "final_squared_flux": 0.0,
        "optimization_success": true,
        "optimization_message": "Completed",
        "optimization_nfev": 500,
        "optimization_njev": null,
        "_cached_thresholds": {
          "length_threshold": 19.80141933783816,
          "flux_threshold": 2.2e-05,
          "cc_threshold": 0.10500000000000001,
          "cs_threshold": 0.0181358229502359,
          "msc_threshold": 62.27876794889577,
          "curvature_threshold": 436.8949039662375,
          "force_threshold": 0.0,
          "torque_threshold": 0.0,
          "finite_build_width": 0.05,
          "major_radius": 1.0098736979848935,
          "minor_radius": 0.16831206437162433,
          "a0": 10.100286074838271,
          "arclength_variation_threshold": 0.0,
          "coil_width": 0.039602838675676315
        },
        "final_min_cs_separation": 0.298347681413858,
        "final_min_cc_separation": 0.10371801790787061,
        "final_length_per_coil": [
          5.906910731959173,
          5.82892532957628,
          5.973892763328515
        ],
        "final_current_per_coil": [
          380248.7470853216,
          390485.6351904631,
          479708.7882313505
        ],
        "total_current_before": 1250443.170507135,
        "total_current_after": 1250443.170507135,
        "final_total_length": 17.70972882486397,
        "final_max_curvature": 2.3014741496657884,
        "final_average_curvature": 1.5379750017247853,
        "final_arclength_variation": 0.002446792521530313,
        "final_mean_squared_curvature": 2.7509885679013975,
        "final_max_torsion": 10.64720746739563,
        "final_linking_number": 0,
        "coils_linked_to_surface": true,
        "final_max_max_coil_force": 710309.9414214743,
        "final_avg_max_coil_force": 592022.6356139355,
        "final_max_force_per_coil": [
          417955.1306981411,
          647802.8347221912,
          710309.9414214743
        ],
        "final_max_torque_per_coil": [
          277066.5757765596,
          381609.79849098943,
          292338.0479920288
        ],
        "final_max_max_coil_torque": 381609.79849098943,
        "final_avg_max_coil_torque": 317004.8074198593,
        "avg_BdotN_over_B": 0.002008038654739864,
        "max_BdotN_over_B": 0.007258998536840599,
        "lagrange_multipliers": null,
        "output_directory": "/Users/akaptanoglu/actions-runner/_work/stellcoilbench/stellcoilbench/cases/done/2026-03-16_131752_16397/order_4",
        "flux_threshold": 2.2e-05,
        "cc_threshold": 0.10500000000000001,
        "cs_threshold": 0.0181358229502359,
        "msc_threshold": 62.27876794889577,
        "arclength_variation_threshold": 0.0,
        "curvature_threshold": 436.8949039662375,
        "force_threshold": 0.0,
        "torque_threshold": 0.0,
        "timing": {
          "coil_initialization": 0.15281029208563268,
          "biotsavart_setup": 1.1814509170362726,
          "objective_setup": 0.03326316690072417,
          "coil_optimization": 51.691959374933504,
          "save_and_metrics": 0.8503725420450792
        },
        "fourier_order": 4,
        "continuation_step": 1
      },
      {
        "initial_B_field": 1.0969515820540798,
        "final_B_field": 1.0967161557136067,
        "target_B_field": 1.0,
        "optimization_time": 27.7115421295166,
        "walltime_sec": 27.7115421295166,
        "iterations_used": 500,
        "final_squared_flux": 0.0,
        "optimization_success": true,
        "optimization_message": "Completed",
        "optimization_nfev": 500,
        "optimization_njev": null,
        "_cached_thresholds": {
          "length_threshold": 19.80141933783816,
          "flux_threshold": 2.2e-05,
          "cc_threshold": 0.10500000000000001,
          "cs_threshold": 0.0181358229502359,
          "msc_threshold": 62.27876794889577,
          "curvature_threshold": 436.8949039662375,
          "force_threshold": 0.0,
          "torque_threshold": 0.0,
          "finite_build_width": 0.05,
          "major_radius": 1.0098736979848935,
          "minor_radius": 0.16831206437162433,
          "a0": 10.100286074838271,
          "arclength_variation_threshold": 0.0,
          "coil_width": 0.039602838675676315
        },
        "final_min_cs_separation": 0.2994261598093202,
        "final_min_cc_separation": 0.1050025437534233,
        "final_length_per_coil": [
          5.908770476370941,
          5.8320461320211034,
          5.972522202843464
        ],
        "final_current_per_coil": [
          379577.6647504377,
          390847.56069272227,
          480017.9450639752
        ],
        "total_current_before": 1250443.170507135,
        "total_current_after": 1250443.170507135,
        "final_total_length": 17.71333881123551,
        "final_max_curvature": 2.327719724017007,
        "final_average_curvature": 1.5404044798305079,
        "final_arclength_variation": 6.287234055918046e-06,
        "final_mean_squared_curvature": 2.749808211703712,
        "final_max_torsion": 12.35501094195007,
        "final_linking_number": 0,
        "coils_linked_to_surface": true,
        "final_max_max_coil_force": 649081.8653775837,
        "final_avg_max_coil_force": 554813.1611942056,
        "final_max_force_per_coil": [
          393016.9781233091,
          622340.6400817239,
          649081.8653775837
        ],
        "final_max_torque_per_coil": [
          238927.8254757683,
          394600.956927181,
          240454.27498893903
        ],
        "final_max_max_coil_torque": 394600.956927181,
        "final_avg_max_coil_torque": 291327.6857972961,
        "avg_BdotN_over_B": 0.0020255608744291806,
        "max_BdotN_over_B": 0.007747924808923656,
        "lagrange_multipliers": null,
        "output_directory": "/Users/akaptanoglu/actions-runner/_work/stellcoilbench/stellcoilbench/cases/done/2026-03-16_131752_16397/order_8",
        "flux_threshold": 2.2e-05,
        "cc_threshold": 0.10500000000000001,
        "cs_threshold": 0.0181358229502359,
        "msc_threshold": 62.27876794889577,
        "arclength_variation_threshold": 0.0,
        "curvature_threshold": 436.8949039662375,
        "force_threshold": 0.0,
        "torque_threshold": 0.0,
        "timing": {
          "coil_initialization": 5.828915163874626e-07,
          "biotsavart_setup": 0.002599500003270805,
          "objective_setup": 0.004771749954670668,
          "coil_optimization": 27.71156541700475,
          "save_and_metrics": 0.8866638750769198
        },
        "fourier_order": 8,
        "continuation_step": 2
      },
      {
        "initial_B_field": 1.0967161557136067,
        "final_B_field": 1.0967161557136067,
        "target_B_field": 1.0,
        "optimization_time": 5.025562047958374,
        "walltime_sec": 5.025562047958374,
        "iterations_used": 500,
        "final_squared_flux": 0.0,
        "optimization_success": true,
        "optimization_message": "Completed",
        "optimization_nfev": 500,
        "optimization_njev": null,
        "_cached_thresholds": {
          "length_threshold": 19.80141933783816,
          "flux_threshold": 2.2e-05,