{
  "metadata": {
    "contact": "auto",
    "hardware": "CPU: self-hosted runner",
    "run_date": "2026-03-19T00:47:16.617868",
    "iterations_used": 500,
    "walltime_sec": 313.06990814208984,
    "tags": [
      "explore"
    ],
    "parent_ids": []
  },
  "version_info": {
    "stellcoilbench_commit": "9049e286c4d80b19cb29f1877919b71a4e7f43fd",
    "stellcoilbench_branch": "main",
    "simsopt_version": "0.1.dev5668+ga79006b0b",
    "simsopt_commit": "a79006b0b"
  },
  "metrics": {
    "fourier_continuation": true,
    "fourier_orders": [
      4,
      8,
      16
    ],
    "final_order": 16,
    "continuation_results": [
      {
        "initial_B_field": 1.0000008292436955,
        "final_B_field": 0.03289254575321256,
        "target_B_field": 1.0,
        "optimization_time": 870.3726241588593,
        "walltime_sec": 870.3726241588593,
        "iterations_used": 500,
        "final_squared_flux": 0.0004119417164124528,
        "optimization_success": true,
        "optimization_message": "Completed",
        "optimization_nfev": 500,
        "optimization_njev": null,
        "_cached_thresholds": {
          "length_threshold": 12.583801989196148,
          "flux_threshold": 1e-08,
          "cc_threshold": 0.10500000000000001,
          "cs_threshold": 0.16425277340736752,
          "msc_threshold": 41.15866575496596,
          "curvature_threshold": 5.83796535125652,
          "force_threshold": 1371.6188489630374,
          "torque_threshold": 0.0,
          "finite_build_width": 0.05,
          "major_radius": 1.0098736979848935,
          "minor_radius": 0.16831206437162433,
          "a0": 10.100286074838271,
          "arclength_variation_threshold": 0.0,
          "coil_width": 0.039602838675676315
        },
        "final_min_cs_separation": 0.023128740235128696,
        "final_min_cc_separation": 0.0941886730606499,
        "final_length_per_coil": [
          1.0742848702816858,
          1.0742752689231487,
          2.4203520720475358,
          2.630332227248183,
          2.7177576252704716,
          2.767841611659479
        ],
        "final_current_per_coil": [
          131889.8504149618,
          1133864.3779425405,
          11304.622809541937,
          14820.227227987514,
          4159.518093946656,
          14532.212228346383
        ],
        "total_current_before": 1250002.0724543727,
        "total_current_after": 1250002.0724543724,
        "final_total_length": 12.684843675430505,
        "final_max_curvature": 6.013611059156624,
        "final_average_curvature": 4.00857773637834,
        "final_arclength_variation": 0.04032104042411425,
        "final_mean_squared_curvature": 34.208071923258196,
        "final_max_torsion": 320.76145604591636,
        "final_linking_number": 0,
        "coils_linked_to_surface": false,
        "final_max_max_coil_force": 2136194.7241776525,
        "final_avg_max_coil_force": 375116.20863404725,
        "final_max_force_per_coil": [
          106966.19494782308,
          2136194.7241776525,
          3062.0764521648857,
          3007.25426386336,
          490.10900149853063,
          976.8929612809851
        ],
        "final_max_torque_per_coil": [
          8113.3855713726,
          5496.662477705363,
          1313.390436971978,
          1474.8345754374934,
          180.4903011717224,
          331.3975365459849
        ],
        "final_max_max_coil_torque": 8113.3855713726,
        "final_avg_max_coil_torque": 2818.3601498675234,
        "avg_BdotN_over_B": 0.30220817970049685,
        "max_BdotN_over_B": 0.9996812088287417,
        "lagrange_multipliers": null,
        "output_directory": "/Users/akaptanoglu/actions-runner/_work/stellcoilbench/stellcoilbench/cases/done/2026-03-19_001140_38550/order_4",
        "flux_threshold": 1e-08,
        "cc_threshold": 0.10500000000000001,
        "cs_threshold": 0.16425277340736752,
        "msc_threshold": 41.15866575496596,
        "arclength_variation_threshold": 0.0,
        "curvature_threshold": 5.83796535125652,
        "force_threshold": 1371.6188489630374,
        "torque_threshold": 0.0,
        "timing": {
          "coil_initialization": 0.3074832079000771,
          "biotsavart_setup": 1.487160542048514,
          "objective_setup": 0.13288220786489546,
          "coil_optimization": 870.3730809588451,
          "save_and_metrics": 0.8376604169607162
        },
        "fourier_order": 4,
        "continuation_step": 1
      },
      {
        "initial_B_field": 0.03289254575321256,
        "final_B_field": 0.03248895905679475,
        "target_B_field": 1.0,
        "optimization_time": 700.8730361461639,
        "walltime_sec": 700.8730361461639,
        "iterations_used": 500,
        "final_squared_flux": 0.00041274707221725413,
        "optimization_success": true,
        "optimization_message": "Completed",
        "optimization_nfev": 500,
        "optimization_njev": null,
        "_cached_thresholds": {
          "length_threshold": 12.583801989196148,
          "flux_threshold": 1e-08,
          "cc_threshold": 0.10500000000000001,
          "cs_threshold": 0.16425277340736752,
          "msc_threshold": 41.15866575496596,
          "curvature_threshold": 5.83796535125652,
          "force_threshold": 1371.6188489630374,
          "torque_threshold": 0.0,
          "finite_build_width": 0.05,
          "major_radius": 1.0098736979848935,
          "minor_radius": 0.16831206437162433,
          "a0": 10.100286074838271,
          "arclength_variation_threshold": 0.0,
          "coil_width": 0.039602838675676315
        },
        "final_min_cs_separation": 0.02350825605904023,
        "final_min_cc_separation": 0.12213453299007798,
        "final_length_per_coil": [
          1.0758872979166767,
          1.0758605093317475,
          2.4014323704707543,
          2.658446085266245,
          2.7438757427562495,
          2.7120846369701046
        ],
        "final_current_per_coil": [
          132157.17353384462,
          1133216.0672118175,
          10420.898935332854,
          13941.1685011302,
          6094.878761777855,
          15085.777906951727
        ],
        "total_current_before": 1250002.0724543724,
        "total_current_after": 1250002.072454373,
        "final_total_length": 12.667586642711775,
        "final_max_curvature": 6.2862607655255065,
        "final_average_curvature": 4.389586563036799,
        "final_arclength_variation": 0.04029623852755815,
        "final_mean_squared_curvature": 34.107367229156765,
        "final_max_torsion": 221.60744026326392,
        "final_linking_number": 0,
        "coils_linked_to_surface": false,
        "final_max_max_coil_force": 395129.44958841376,
        "final_avg_max_coil_force": 81372.80724612485,
        "final_max_force_per_coil": [
          85686.46127903915,
          395129.44958841376,
          1966.6906334925975,
          3171.8956530995147,
          851.8243940178639,
          1430.5219286861775
        ],
        "final_max_torque_per_coil": [
          7809.592306093746,
          5452.310818654662,
          660.0541133263745,
          1414.3326922565843,
          349.1595032305717,
          518.9834960537471
        ],
        "final_max_max_coil_torque": 7809.592306093746,
        "final_avg_max_coil_torque": 2700.7388216026143,
        "avg_BdotN_over_B": 0.3042412081327129,
        "max_BdotN_over_B": 0.9958689715856629,
        "lagrange_multipliers": null,
        "output_directory": "/Users/akaptanoglu/actions-runner/_work/stellcoilbench/stellcoilbench/cases/done/2026-03-19_001140_38550/order_8",
        "flux_threshold": 1e-08,
        "cc_threshold": 0.10500000000000001,
        "cs_threshold": 0.16425277340736752,
        "msc_threshold": 41.15866575496596,
        "arclength_variation_threshold": 0.0,
        "curvature_threshold": 5.83796535125652,
        "force_threshold": 1371.6188489630374,
        "torque_threshold": 0.0,