{
  "metadata": {
    "contact": "auto",
    "hardware": "CPU: self-hosted runner",
    "run_date": "2026-03-24T13:11:08.697672",
    "iterations_used": 500,
    "walltime_sec": 45.78752398490906,
    "tags": [
      "explore"
    ],
    "parent_ids": []
  },
  "version_info": {
    "stellcoilbench_commit": "beeba53c1ec919180256872b8f7377659045628a",
    "stellcoilbench_branch": "main",
    "simsopt_version": "0.1.dev5668+ga79006b0b",
    "simsopt_commit": "a79006b0b"
  },
  "metrics": {
    "fourier_continuation": true,
    "fourier_orders": [
      4,
      8,
      16
    ],
    "final_order": 16,
    "continuation_results": [
      {
        "initial_B_field": 2.50000000044544,
        "final_B_field": 0.7477078981329534,
        "target_B_field": 2.5,
        "optimization_time": 2036.7862529754639,
        "walltime_sec": 2036.7862529754639,
        "iterations_used": 500,
        "final_squared_flux": 0.9864022808508431,
        "optimization_success": true,
        "optimization_message": "Completed",
        "optimization_nfev": 500,
        "optimization_njev": null,
        "_cached_thresholds": {
          "length_threshold": 31.59281562585552,
          "flux_threshold": 1e-08,
          "cc_threshold": 0.4352952348137001,
          "cs_threshold": 0.34188556332039194,
          "msc_threshold": 2.0111407844257134,
          "curvature_threshold": 7.545021717055176,
          "force_threshold": 197.22154789206996,
          "torque_threshold": 0.0,
          "finite_build_width": 0.10789896047081801,
          "major_radius": 5.483631261799852,
          "minor_radius": 0.5240806651439732,
          "a0": 3.2437754587511507,
          "arclength_variation_threshold": 0.0,
          "coil_width": 0.12331309768093489
        },
        "final_min_cs_separation": 0.03982563836727972,
        "final_min_cc_separation": 0.2947482317446718,
        "final_length_per_coil": [
          4.7076983914726656,
          4.641982642112514,
          5.568335085238841,
          7.821670308548118,
          4.84220345707487,
          4.551546525536926
        ],
        "final_current_per_coil": [
          1264630.4075678433,
          1079097.7898889596,
          2198905.8425114267,
          413684.29907129076,
          951730.5977462414,
          966951.0656641601
        ],
        "total_current_before": 6875000.002449921,
        "total_current_after": 6875000.002449922,
        "final_total_length": 32.133436409983936,
        "final_max_curvature": 3.930514271090357,
        "final_average_curvature": 1.3299241043101098,
        "final_arclength_variation": 0.27253917482381346,
        "final_mean_squared_curvature": 3.0461408007366035,
        "final_max_torsion": 4.364958787820863,
        "final_linking_number": 0,
        "coils_linked_to_surface": false,
        "final_max_max_coil_force": 3602280.6861151806,
        "final_avg_max_coil_force": 1696344.4144253589,
        "final_max_force_per_coil": [
          1931236.9693251888,
          1713984.0745793302,
          3602280.6861151806,
          588732.2912798243,
          1219949.9577539416,
          1121882.5074986864
        ],
        "final_max_torque_per_coil": [
          996314.1830289776,
          667845.7168538352,
          1799835.5629917062,
          219879.3740370554,
          533749.8367622792,
          256408.0494796582
        ],
        "final_max_max_coil_torque": 1799835.5629917062,
        "final_avg_max_coil_torque": 745672.1205255851,
        "avg_BdotN_over_B": 0.0958493805444319,
        "max_BdotN_over_B": 0.9859148201584379,
        "lagrange_multipliers": null,
        "output_directory": "/Users/akaptanoglu/actions-runner/_work/stellcoilbench/stellcoilbench/cases/done/2026-03-24_122812_24679/order_4",
        "flux_threshold": 1e-08,
        "cc_threshold": 0.4352952348137001,
        "cs_threshold": 0.34188556332039194,
        "msc_threshold": 2.0111407844257134,
        "arclength_variation_threshold": 0.0,
        "curvature_threshold": 7.545021717055176,
        "force_threshold": 197.22154789206996,
        "torque_threshold": 0.0,
        "timing": {
          "coil_initialization": 2.909708707826212,
          "biotsavart_setup": 4.177993708988652,
          "objective_setup": 0.06633466714993119,
          "coil_optimization": 2036.7871519590262,
          "save_and_metrics": 1.8979874169453979
        },
        "fourier_order": 4,
        "continuation_step": 1
      },
      {
        "initial_B_field": 0.7477078981329534,
        "final_B_field": 0.7480535949389644,
        "target_B_field": 2.5,
        "optimization_time": 215.20150303840637,
        "walltime_sec": 215.20150303840637,
        "iterations_used": 500,
        "final_squared_flux": 0.9851697744711404,
        "optimization_success": true,
        "optimization_message": "Completed",
        "optimization_nfev": 500,
        "optimization_njev": null,
        "_cached_thresholds": {
          "length_threshold": 31.59281562585552,
          "flux_threshold": 1e-08,
          "cc_threshold": 0.4352952348137001,
          "cs_threshold": 0.34188556332039194,
          "msc_threshold": 2.0111407844257134,
          "curvature_threshold": 7.545021717055176,
          "force_threshold": 197.22154789206996,
          "torque_threshold": 0.0,
          "finite_build_width": 0.10789896047081801,
          "major_radius": 5.483631261799852,
          "minor_radius": 0.5240806651439732,
          "a0": 3.2437754587511507,
          "arclength_variation_threshold": 0.0,
          "coil_width": 0.12331309768093489
        },
        "final_min_cs_separation": 0.0398712250254109,
        "final_min_cc_separation": 0.29481789234854094,
        "final_length_per_coil": [
          4.707641893950379,
          4.641971973154353,
          5.56816969068533,
          7.821613464495758,
          4.8421415416917855,
          4.551517656843338
        ],
        "final_current_per_coil": [
          1264630.406009934,
          1079097.7852809771,
          2198905.861014351,
          413684.3125457007,
          951730.6130999392,
          966951.0244990187
        ],
        "total_current_before": 6875000.002449922,
        "total_current_after": 6875000.00244992,
        "final_total_length": 32.13305622082095,
        "final_max_curvature": 3.9734657448805484,
        "final_average_curvature": 1.3290652351873746,
        "final_arclength_variation": 0.27234577417058314,
        "final_mean_squared_curvature": 3.0507680944277875,
        "final_max_torsion": 4.275276771787505,
        "final_linking_number": 0,
        "coils_linked_to_surface": false,
        "final_max_max_coil_force": 2687423.839842621,
        "final_avg_max_coil_force": 1424589.5365809323,
        "final_max_force_per_coil": [
          1627679.4008013937,
          1530568.781633726,
          2687423.839842621,
          580604.8935461675,
          1156749.946975268,
          964510.3566864174
        ],
        "final_max_torque_per_coil": [
          825015.5326006343,
          593488.5418603363,
          1380141.6722400335,
          211562.96283489966,
          471519.58008384844,
          216442.0419491608
        ],
        "final_max_max_coil_torque": 1380141.6722400335,
        "final_avg_max_coil_torque": 616361.7219281521,
        "avg_BdotN_over_B": 0.09583128498291353,
        "max_BdotN_over_B": 0.9871790990764356,
        "lagrange_multipliers": null,
        "output_directory": "/Users/akaptanoglu/actions-runner/_work/stellcoilbench/stellcoilbench/cases/done/2026-03-24_122812_24679/order_8",
        "flux_threshold": 1e-08,
        "cc_threshold": 0.4352952348137001,
        "cs_threshold": 0.34188556332039194,
        "msc_threshold": 2.0111407844257134,
        "arclength_variation_threshold": 0.0,
        "curvature_threshold": 7.545021717055176,
        "force_threshold": 197.22154789206996,
        "torque_threshold": 0.0,