{
  "metadata": {
    "contact": "auto",
    "hardware": "CPU: self-hosted runner",
    "run_date": "2026-03-16T09:46:02.964362",
    "iterations_used": 500,
    "walltime_sec": 5.629050254821777
  },
  "version_info": {
    "stellcoilbench_commit": "46d36ff708b9f0360261afe003754c52d74ffec6",
    "stellcoilbench_branch": "main",
    "simsopt_version": "0.1.dev5668+ga79006b0b",
    "simsopt_commit": "a79006b0b"
  },
  "metrics": {
    "fourier_continuation": true,
    "fourier_orders": [
      4,
      8,
      16
    ],
    "final_order": 16,
    "continuation_results": [
      {
        "initial_B_field": 1.0000050243934888,
        "final_B_field": 1.0967182183363935,
        "target_B_field": 1.0,
        "optimization_time": 67.20910501480103,
        "walltime_sec": 67.20910501480103,
        "iterations_used": 500,
        "final_squared_flux": 0.0,
        "optimization_success": true,
        "optimization_message": "Completed",
        "optimization_nfev": 500,
        "optimization_njev": null,
        "_cached_thresholds": {
          "length_threshold": 19.80141933783816,
          "flux_threshold": 3.4e-05,
          "cc_threshold": 0.10500000000000001,
          "cs_threshold": 0.052804543955309695,
          "msc_threshold": 95.02800621995391,
          "curvature_threshold": 172.39760149297948,
          "force_threshold": 0.0,
          "torque_threshold": 0.0,
          "finite_build_width": 0.05,
          "major_radius": 1.0098736979848935,
          "minor_radius": 0.16831206437162433,
          "a0": 10.100286074838271,
          "arclength_variation_threshold": 0.0,
          "coil_width": 0.039602838675676315
        },
        "final_min_cs_separation": 0.2503571473093537,
        "final_min_cc_separation": 0.10467193548698063,
        "final_length_per_coil": [
          3.802056347879609,
          3.6600885368905747,
          3.9852915371120874,
          4.021824936544545,
          4.33785002541327
        ],
        "final_current_per_coil": [
          247494.1712293252,
          165180.886016835,
          260637.4175002787,
          241944.15857783533,
          334755.90511565923
        ],
        "total_current_before": 1250012.5384399334,
        "total_current_after": 1250012.5384399334,
        "final_total_length": 19.807111383840088,
        "final_max_curvature": 3.2144539917775083,
        "final_average_curvature": 2.027061004513552,
        "final_arclength_variation": 0.001857717677384907,
        "final_mean_squared_curvature": 5.032463784013756,
        "final_max_torsion": 42.49961118672364,
        "final_linking_number": 0,
        "coils_linked_to_surface": true,
        "final_max_max_coil_force": 354482.38982731925,
        "final_avg_max_coil_force": 265249.40463426727,
        "final_max_force_per_coil": [
          282685.74129367684,
          110587.26326531339,
          354482.38982731925,
          287801.4106032041,
          290690.21818182303
        ],
        "final_max_torque_per_coil": [
          73646.97780448558,
          52590.79464384792,
          165812.80899000727,
          96438.10345690355,
          89423.6501897713
        ],
        "final_max_max_coil_torque": 165812.80899000727,
        "final_avg_max_coil_torque": 95582.46701700313,
        "avg_BdotN_over_B": 0.0024385760658629575,
        "max_BdotN_over_B": 0.012105054728438841,
        "lagrange_multipliers": null,
        "output_directory": "/Users/akaptanoglu/actions-runner/_work/stellcoilbench/stellcoilbench/cases/done/2026-03-16_094324_64705/order_4",
        "flux_threshold": 3.4e-05,
        "cc_threshold": 0.10500000000000001,
        "cs_threshold": 0.052804543955309695,
        "msc_threshold": 95.02800621995391,
        "arclength_variation_threshold": 0.0,
        "curvature_threshold": 172.39760149297948,
        "force_threshold": 0.0,
        "torque_threshold": 0.0,
        "timing": {
          "coil_initialization": 0.23343275010120124,
          "biotsavart_setup": 1.5176321249455214,
          "objective_setup": 0.06445920804981142,
          "coil_optimization": 67.20917795796413,
          "save_and_metrics": 1.1316476250067353
        },
        "fourier_order": 4,
        "continuation_step": 1
      },
      {
        "initial_B_field": 1.0967182183363935,
        "final_B_field": 1.096484417675934,
        "target_B_field": 1.0,
        "optimization_time": 17.403659105300903,
        "walltime_sec": 17.403659105300903,
        "iterations_used": 500,
        "final_squared_flux": 0.0,
        "optimization_success": true,
        "optimization_message": "Completed",
        "optimization_nfev": 500,
        "optimization_njev": null,
        "_cached_thresholds": {
          "length_threshold": 19.80141933783816,
          "flux_threshold": 3.4e-05,
          "cc_threshold": 0.10500000000000001,
          "cs_threshold": 0.052804543955309695,
          "msc_threshold": 95.02800621995391,
          "curvature_threshold": 172.39760149297948,
          "force_threshold": 0.0,
          "torque_threshold": 0.0,
          "finite_build_width": 0.05,
          "major_radius": 1.0098736979848935,
          "minor_radius": 0.16831206437162433,
          "a0": 10.100286074838271,
          "arclength_variation_threshold": 0.0,
          "coil_width": 0.039602838675676315
        },
        "final_min_cs_separation": 0.25249146451837184,
        "final_min_cc_separation": 0.10500542342468278,
        "final_length_per_coil": [
          3.7846259572276044,
          3.6410121967678455,
          3.9652476020074627,
          3.996470704879348,
          4.314774401593253
        ],
        "final_current_per_coil": [
          245794.0281921428,
          166305.38495696796,
          261003.46634447944,
          241125.51550805444,
          335784.1434382888
        ],
        "total_current_before": 1250012.5384399334,
        "total_current_after": 1250012.5384399334,
        "final_total_length": 19.702130862475514,
        "final_max_curvature": 3.1614263341006987,
        "final_average_curvature": 2.030456437540751,
        "final_arclength_variation": 2.154743436899511e-06,
        "final_mean_squared_curvature": 5.0304459765769245,
        "final_max_torsion": 42.67981434610868,
        "final_linking_number": 0,
        "coils_linked_to_surface": true,
        "final_max_max_coil_force": 363317.341695619,
        "final_avg_max_coil_force": 251530.1230834786,
        "final_max_force_per_coil": [
          260521.92220352197,
          98859.85290077515,
          363317.341695619,
          281640.1616168616,
          253311.33700061528
        ],
        "final_max_torque_per_coil": [
          65805.72434309372,
          48973.09910533634,
          177085.34844727957,
          101979.82356854987,
          76662.72835282702
        ],
        "final_max_max_coil_torque": 177085.34844727957,
        "final_avg_max_coil_torque": 94101.3447634173,
        "avg_BdotN_over_B": 0.002452194537044162,
        "max_BdotN_over_B": 0.011424687729238174,
        "lagrange_multipliers": null,
        "output_directory": "/Users/akaptanoglu/actions-runner/_work/stellcoilbench/stellcoilbench/cases/done/2026-03-16_094324_64705/order_8",
        "flux_threshold": 3.4e-05,
        "cc_threshold": 0.10500000000000001,
        "cs_threshold": 0.052804543955309695,
        "msc_threshold": 95.02800621995391,
        "arclength_variation_threshold": 0.0,
        "curvature_threshold": 172.39760149297948,
        "force_threshold": 0.0,
        "torque_threshold": 0.0,
        "timing": {
          "coil_initialization": 6.249174475669861e-07,
          "biotsavart_setup": 0.0029472910100594163,
          "objective_setup": 0.007116125081665814,
          "coil_optimization": 17.40367879101541,
          "save_and_metrics": 1.013126292033121
        },
        "fourier_order": 8,
        "continuation_step": 2
      },
      {
        "initial_B_field": 1.096484417675934,