{
  "metadata": {
    "contact": "auto",
    "hardware": "CPU: self-hosted runner",
    "run_date": "2026-03-16T02:57:24.469853",
    "iterations_used": 500,
    "walltime_sec": 234.26925802230835
  },
  "version_info": {
    "stellcoilbench_commit": "4476312e29c07b1456079fbf797b52bdf4041e0e",
    "stellcoilbench_branch": "main",
    "simsopt_version": "0.1.dev5668+ga79006b0b",
    "simsopt_commit": "a79006b0b"
  },
  "metrics": {
    "fourier_continuation": true,
    "fourier_orders": [
      4,
      8,
      16
    ],
    "final_order": 16,
    "continuation_results": [
      {
        "initial_B_field": 1.0000050243934888,
        "final_B_field": 1.0952939311425864,
        "target_B_field": 1.0,
        "optimization_time": 382.53132605552673,
        "walltime_sec": 382.53132605552673,
        "iterations_used": 500,
        "final_squared_flux": 0.00010624847995744432,
        "optimization_success": true,
        "optimization_message": "Completed",
        "optimization_nfev": 500,
        "optimization_njev": null,
        "_cached_thresholds": {
          "length_threshold": 16.444088689107698,
          "flux_threshold": 1e-08,
          "cc_threshold": 0.15405504244838086,
          "cs_threshold": 0.1784107882339218,
          "msc_threshold": 7.454011123230644,
          "curvature_threshold": 11.130515254471776,
          "force_threshold": 2367.507055942091,
          "torque_threshold": 0.0,
          "finite_build_width": 0.05,
          "major_radius": 1.0098736979848935,
          "minor_radius": 0.16831206437162433,
          "a0": 10.100286074838271,
          "arclength_variation_threshold": 0.0,
          "coil_width": 0.039602838675676315
        },
        "final_min_cs_separation": 0.18561671126576218,
        "final_min_cc_separation": 0.15213424317914193,
        "final_length_per_coil": [
          4.122229839400582,
          3.0670264391883997,
          3.1481535124439577,
          3.1311925733925334,
          2.979721316519686
        ],
        "final_current_per_coil": [
          384092.9153222797,
          149225.0775194672,
          228895.5927802969,
          256649.56619447912,
          231149.3866234105
        ],
        "total_current_before": 1250012.5384399334,
        "total_current_after": 1250012.5384399334,
        "final_total_length": 16.44832368094516,
        "final_max_curvature": 3.958634949205799,
        "final_average_curvature": 2.381174180049583,
        "final_arclength_variation": 0.002451364944190835,
        "final_mean_squared_curvature": 7.484419003116335,
        "final_max_torsion": 28.143279438105914,
        "final_linking_number": 0,
        "coils_linked_to_surface": true,
        "final_max_max_coil_force": 364652.0244439798,
        "final_avg_max_coil_force": 237283.48323264174,
        "final_max_force_per_coil": [
          364652.0244439798,
          185662.88976489418,
          261541.31911368613,
          209761.85483193205,
          164799.32800871652
        ],
        "final_max_torque_per_coil": [
          136670.59407636072,
          62868.116968788214,
          52079.41482864734,
          38430.08252544834,
          26632.230824919116
        ],
        "final_max_max_coil_torque": 136670.59407636072,
        "final_avg_max_coil_torque": 63336.08784483274,
        "avg_BdotN_over_B": 0.004715795001278525,
        "max_BdotN_over_B": 0.019793772578287037,
        "lagrange_multipliers": null,
        "output_directory": "/Users/akaptanoglu/actions-runner/_work/stellcoilbench/stellcoilbench/cases/done/2026-03-16_023825_74899/order_4",
        "flux_threshold": 1e-08,
        "cc_threshold": 0.15405504244838086,
        "cs_threshold": 0.1784107882339218,
        "msc_threshold": 7.454011123230644,
        "arclength_variation_threshold": 0.0,
        "curvature_threshold": 11.130515254471776,
        "force_threshold": 2367.507055942091,
        "torque_threshold": 0.0,
        "timing": {
          "coil_initialization": 0.23736766597721726,
          "biotsavart_setup": 1.4443570409202948,
          "objective_setup": 0.08154512499459088,
          "coil_optimization": 382.5317005830584,
          "save_and_metrics": 0.913976666983217
        },
        "fourier_order": 4,
        "continuation_step": 1
      },
      {
        "initial_B_field": 1.0952939311425864,
        "final_B_field": 1.095271019702722,
        "target_B_field": 1.0,
        "optimization_time": 370.49260807037354,
        "walltime_sec": 370.49260807037354,
        "iterations_used": 500,
        "final_squared_flux": 7.982214529481406e-05,
        "optimization_success": true,
        "optimization_message": "Completed",
        "optimization_nfev": 500,
        "optimization_njev": null,
        "_cached_thresholds": {
          "length_threshold": 16.444088689107698,
          "flux_threshold": 1e-08,
          "cc_threshold": 0.15405504244838086,
          "cs_threshold": 0.1784107882339218,
          "msc_threshold": 7.454011123230644,
          "curvature_threshold": 11.130515254471776,
          "force_threshold": 2367.507055942091,
          "torque_threshold": 0.0,
          "finite_build_width": 0.05,
          "major_radius": 1.0098736979848935,
          "minor_radius": 0.16831206437162433,
          "a0": 10.100286074838271,
          "arclength_variation_threshold": 0.0,
          "coil_width": 0.039602838675676315
        },
        "final_min_cs_separation": 0.207048146982808,
        "final_min_cc_separation": 0.15247713025473458,
        "final_length_per_coil": [
          4.10544903512803,
          3.230372639714872,
          3.1606323817023285,
          3.0399604048437427,
          2.9157406285723044
        ],
        "final_current_per_coil": [
          371559.0017816888,
          187799.26661575784,
          232700.245003516,
          236981.8843294795,
          220972.1407094912
        ],
        "total_current_before": 1250012.5384399334,
        "total_current_after": 1250012.5384399334,
        "final_total_length": 16.452155089961277,
        "final_max_curvature": 4.682682378906562,
        "final_average_curvature": 2.4472399991178904,
        "final_arclength_variation": 0.0008994803678332101,
        "final_mean_squared_curvature": 7.473855241610018,
        "final_max_torsion": 77.80290234507305,
        "final_linking_number": 0,
        "coils_linked_to_surface": true,
        "final_max_max_coil_force": 334611.9871733867,
        "final_avg_max_coil_force": 221564.76423212065,
        "final_max_force_per_coil": [
          334611.9871733867,
          246651.8839715376,
          242525.32988741223,
          160002.99099306512,
          124031.62913520161
        ],
        "final_max_torque_per_coil": [
          83702.94869561694,
          87507.23016857653,
          50892.374537762866,
          25659.14868695664,
          18116.504424046525
        ],
        "final_max_max_coil_torque": 87507.23016857653,
        "final_avg_max_coil_torque": 53175.6413025919,
        "avg_BdotN_over_B": 0.004164197276527427,
        "max_BdotN_over_B": 0.016597858053666342,
        "lagrange_multipliers": null,
        "output_directory": "/Users/akaptanoglu/actions-runner/_work/stellcoilbench/stellcoilbench/cases/done/2026-03-16_023825_74899/order_8",
        "flux_threshold": 1e-08,
        "cc_threshold": 0.15405504244838086,
        "cs_threshold": 0.1784107882339218,
        "msc_threshold": 7.454011123230644,
        "arclength_variation_threshold": 0.0,
        "curvature_threshold": 11.130515254471776,
        "force_threshold": 2367.507055942091,
        "torque_threshold": 0.0,
        "timing": {
          "coil_initialization": 6.25033862888813e-07,
          "biotsavart_setup": 0.002874125028029084,
          "objective_setup": 0.00661020795814693,
          "coil_optimization": 370.492974499939,
          "save_and_metrics": 0.902163999970071
        },
        "fourier_order": 8,