{
  "metadata": {
    "contact": "auto",
    "hardware": "CPU: self-hosted runner",
    "run_date": "2026-03-16T22:22:12.948043",
    "iterations_used": 500,
    "walltime_sec": 12.653692722320557
  },
  "version_info": {
    "stellcoilbench_commit": "bba40f14d2ba1ad631711da3a10949fbb6701c22",
    "stellcoilbench_branch": "main",
    "simsopt_version": "0.1.dev5668+ga79006b0b",
    "simsopt_commit": "a79006b0b"
  },
  "metrics": {
    "fourier_continuation": true,
    "fourier_orders": [
      4,
      8,
      16
    ],
    "final_order": 16,
    "continuation_results": [
      {
        "initial_B_field": 1.0000305513510055,
        "final_B_field": 1.0991619157227488,
        "target_B_field": 1.0,
        "optimization_time": 48.50839185714722,
        "walltime_sec": 48.50839185714722,
        "iterations_used": 500,
        "final_squared_flux": 0.0,
        "optimization_success": true,
        "optimization_message": "Completed",
        "optimization_nfev": 500,
        "optimization_njev": null,
        "_cached_thresholds": {
          "length_threshold": 19.80141933783816,
          "flux_threshold": 4.1e-05,
          "cc_threshold": 0.10500000000000001,
          "cs_threshold": 0.05326027362137004,
          "msc_threshold": 92.79631771086017,
          "curvature_threshold": 229.3995052829342,
          "force_threshold": 0.0,
          "torque_threshold": 0.0,
          "finite_build_width": 0.05,
          "major_radius": 1.0098736979848935,
          "minor_radius": 0.16831206437162433,
          "a0": 10.100286074838271,
          "arclength_variation_threshold": 0.0,
          "coil_width": 0.039602838675676315
        },
        "final_min_cs_separation": 0.2635127701459487,
        "final_min_cc_separation": 0.10358588799079557,
        "final_length_per_coil": [
          4.176975706928143,
          4.286236390088785,
          4.436198848484751,
          4.836527943571495
        ],
        "final_current_per_coil": [
          252123.48509774482,
          291898.8802379292,
          295635.02029151167,
          410418.23900827835
        ],
        "total_current_before": 1250075.624635464,
        "total_current_after": 1250075.624635464,
        "final_total_length": 17.735938889073175,
        "final_max_curvature": 3.0642835111061832,
        "final_average_curvature": 1.8906304065278607,
        "final_arclength_variation": 0.0018437241297697146,
        "final_mean_squared_curvature": 4.375856189330097,
        "final_max_torsion": 22.820829084760444,
        "final_linking_number": 0,
        "coils_linked_to_surface": true,
        "final_max_max_coil_force": 468848.21227715595,
        "final_avg_max_coil_force": 336549.25337125035,
        "final_max_force_per_coil": [
          207479.60700430963,
          352862.1414212599,
          317007.05278227606,
          468848.21227715595
        ],
        "final_max_torque_per_coil": [
          108279.47922515344,
          155975.92644567197,
          132790.14430047068,
          143664.0280756248
        ],
        "final_max_max_coil_torque": 155975.92644567197,
        "final_avg_max_coil_torque": 135177.39451173024,
        "avg_BdotN_over_B": 0.002734171417060322,
        "max_BdotN_over_B": 0.01197879428955752,
        "lagrange_multipliers": null,
        "output_directory": "/Users/akaptanoglu/actions-runner/_work/stellcoilbench/stellcoilbench/cases/done/2026-03-16_221804_48535/order_4",
        "flux_threshold": 4.1e-05,
        "cc_threshold": 0.10500000000000001,
        "cs_threshold": 0.05326027362137004,
        "msc_threshold": 92.79631771086017,
        "arclength_variation_threshold": 0.0,
        "curvature_threshold": 229.3995052829342,
        "force_threshold": 0.0,
        "torque_threshold": 0.0,
        "timing": {
          "coil_initialization": 0.18073908297810704,
          "biotsavart_setup": 1.3754929999122396,
          "objective_setup": 0.036250791978091,
          "coil_optimization": 48.50842020800337,
          "save_and_metrics": 0.9936962500214577
        },
        "fourier_order": 4,
        "continuation_step": 1
      },
      {
        "initial_B_field": 1.0991619157227488,
        "final_B_field": 1.0989860313735156,
        "target_B_field": 1.0,
        "optimization_time": 25.512221813201904,
        "walltime_sec": 25.512221813201904,
        "iterations_used": 500,
        "final_squared_flux": 0.0,
        "optimization_success": true,
        "optimization_message": "Completed",
        "optimization_nfev": 500,
        "optimization_njev": null,
        "_cached_thresholds": {
          "length_threshold": 19.80141933783816,
          "flux_threshold": 4.1e-05,
          "cc_threshold": 0.10500000000000001,
          "cs_threshold": 0.05326027362137004,
          "msc_threshold": 92.79631771086017,
          "curvature_threshold": 229.3995052829342,
          "force_threshold": 0.0,
          "torque_threshold": 0.0,
          "finite_build_width": 0.05,
          "major_radius": 1.0098736979848935,
          "minor_radius": 0.16831206437162433,
          "a0": 10.100286074838271,
          "arclength_variation_threshold": 0.0,
          "coil_width": 0.039602838675676315
        },
        "final_min_cs_separation": 0.2650441252402879,
        "final_min_cc_separation": 0.11159893164933637,
        "final_length_per_coil": [
          4.178207621888701,
          4.2848450498204596,
          4.436864799065614,
          4.836638586155574
        ],
        "final_current_per_coil": [
          251900.1654606264,
          293835.1687851904,
          294370.90052860277,
          409969.3898610445
        ],
        "total_current_before": 1250075.624635464,
        "total_current_after": 1250075.624635464,
        "final_total_length": 17.736556056930347,
        "final_max_curvature": 3.030706733244884,
        "final_average_curvature": 1.8899440970604093,
        "final_arclength_variation": 0.00010680189846304272,
        "final_mean_squared_curvature": 4.380296637471877,
        "final_max_torsion": 19.421870660667146,
        "final_linking_number": 0,
        "coils_linked_to_surface": true,
        "final_max_max_coil_force": 413242.04405083536,
        "final_avg_max_coil_force": 311100.5350315298,
        "final_max_force_per_coil": [
          179834.32974411375,
          326913.99424325116,
          324411.7720879188,
          413242.04405083536
        ],
        "final_max_torque_per_coil": [
          99534.85805993958,
          162780.96021551895,
          143410.22453922965,
          126937.97311578145
        ],
        "final_max_max_coil_torque": 162780.96021551895,
        "final_avg_max_coil_torque": 133166.0039826174,
        "avg_BdotN_over_B": 0.0027400933887511305,
        "max_BdotN_over_B": 0.013244181950899162,
        "lagrange_multipliers": null,
        "output_directory": "/Users/akaptanoglu/actions-runner/_work/stellcoilbench/stellcoilbench/cases/done/2026-03-16_221804_48535/order_8",
        "flux_threshold": 4.1e-05,
        "cc_threshold": 0.10500000000000001,
        "cs_threshold": 0.05326027362137004,
        "msc_threshold": 92.79631771086017,
        "arclength_variation_threshold": 0.0,
        "curvature_threshold": 229.3995052829342,
        "force_threshold": 0.0,
        "torque_threshold": 0.0,
        "timing": {
          "coil_initialization": 4.5902561396360397e-07,
          "biotsavart_setup": 0.002641000086441636,
          "objective_setup": 0.0053545000264421105,
          "coil_optimization": 25.5122372090118,
          "save_and_metrics": 0.955386457964778
        },
        "fourier_order": 8,
        "continuation_step": 2
      },
      {
        "initial_B_field": 1.0989860313735156,
        "final_B_field": 1.0989860313735156,
        "target_B_field": 1.0,
        "optimization_time": 12.653692722320557,
        "walltime_sec": 12.653692722320557,
        "iterations_used": 500,
        "final_squared_flux": 0.0,