{
  "metadata": {
    "contact": "auto",
    "hardware": "CPU: self-hosted runner",
    "run_date": "2026-03-26T05:36:24.829050",
    "iterations_used": 500,
    "walltime_sec": 159.16144180297852,
    "tags": [
      "explore"
    ],
    "parent_ids": []
  },
  "version_info": {
    "stellcoilbench_commit": "6ba21375b3e68d0b95622e152b495481348b0367",
    "stellcoilbench_branch": "main",
    "simsopt_version": "0.1.dev5668+ga79006b0b",
    "simsopt_commit": "a79006b0b"
  },
  "metrics": {
    "fourier_continuation": true,
    "fourier_orders": [
      4,
      8,
      16
    ],
    "final_order": 16,
    "continuation_results": [
      {
        "initial_B_field": 2.50000000044544,
        "final_B_field": 0.11076262932153724,
        "target_B_field": 2.5,
        "optimization_time": 830.0294892787933,
        "walltime_sec": 830.0294892787933,
        "iterations_used": 500,
        "final_squared_flux": 0.0250504853763148,
        "optimization_success": true,
        "optimization_message": "Completed",
        "optimization_nfev": 500,
        "optimization_njev": null,
        "_cached_thresholds": {
          "length_threshold": 41.93570169384393,
          "flux_threshold": 1e-08,
          "cc_threshold": 0.38196232006669584,
          "cs_threshold": 0.33849445313416626,
          "msc_threshold": 29.700008100325537,
          "curvature_threshold": 3.9898438142639154,
          "force_threshold": 539.7642363361915,
          "torque_threshold": 0.0,
          "finite_build_width": 0.10789896047081801,
          "major_radius": 5.483631261799852,
          "minor_radius": 0.5240806651439732,
          "a0": 3.2437754587511507,
          "arclength_variation_threshold": 0.0,
          "coil_width": 0.12331309768093489
        },
        "final_min_cs_separation": 0.04476582827784232,
        "final_min_cc_separation": 0.22878489392022006,
        "final_length_per_coil": [
          7.945068092378049,
          7.80044693556545,
          8.68297455247294,
          4.222087568271432,
          6.3566933444800116,
          3.9405511153166044
        ],
        "final_current_per_coil": [
          10621.178615362256,
          125562.42290293027,
          73977.10367604911,
          6573225.593975215,
          83932.36073550921,
          28923.699775579385
        ],
        "total_current_before": 6875000.002449921,
        "total_current_after": 6875000.002449921,
        "final_total_length": 38.94782160848449,
        "final_max_curvature": 6.600729354049686,
        "final_average_curvature": 1.5189055369712603,
        "final_arclength_variation": 0.14439065582802,
        "final_mean_squared_curvature": 7.5610123165705225,
        "final_max_torsion": 6.430891284048101,
        "final_linking_number": 15,
        "coils_linked_to_surface": false,
        "final_max_max_coil_force": 25107021.708094813,
        "final_avg_max_coil_force": 4231865.418617286,
        "final_max_force_per_coil": [
          1414.4642848663723,
          56231.54000134429,
          205167.35742179205,
          25107021.708094813,
          18100.32002802393,
          3257.12187287113
        ],
        "final_max_torque_per_coil": [
          828.8563452014149,
          38061.201066106456,
          151068.94064578938,
          6994384.633725544,
          17823.259913464393,
          1416.4001831143535
        ],
        "final_max_max_coil_torque": 6994384.633725544,
        "final_avg_max_coil_torque": 1200597.2153132034,
        "avg_BdotN_over_B": 0.18249169881738042,
        "max_BdotN_over_B": 0.9979751773904012,
        "lagrange_multipliers": null,
        "output_directory": "/Users/akaptanoglu/actions-runner/_work/stellcoilbench/stellcoilbench/cases/done/2026-03-26_045820_60368/order_4",
        "flux_threshold": 1e-08,
        "cc_threshold": 0.38196232006669584,
        "cs_threshold": 0.33849445313416626,
        "msc_threshold": 29.700008100325537,
        "arclength_variation_threshold": 0.0,
        "curvature_threshold": 3.9898438142639154,
        "force_threshold": 539.7642363361915,
        "torque_threshold": 0.0,
        "timing": {
          "coil_initialization": 2.6732218330726027,
          "biotsavart_setup": 3.608218084089458,
          "objective_setup": 0.03182070818729699,
          "coil_optimization": 830.0301931248978,
          "save_and_metrics": 2.2767397498246282
        },
        "fourier_order": 4,
        "continuation_step": 1
      },
      {
        "initial_B_field": 0.11076262932153724,
        "final_B_field": 0.1097078510395645,
        "target_B_field": 2.5,
        "optimization_time": 916.7137978076935,
        "walltime_sec": 916.7137978076935,
        "iterations_used": 500,
        "final_squared_flux": 0.026576533269851873,
        "optimization_success": true,
        "optimization_message": "Completed",
        "optimization_nfev": 500,
        "optimization_njev": null,
        "_cached_thresholds": {
          "length_threshold": 41.93570169384393,
          "flux_threshold": 1e-08,
          "cc_threshold": 0.38196232006669584,
          "cs_threshold": 0.33849445313416626,
          "msc_threshold": 29.700008100325537,
          "curvature_threshold": 3.9898438142639154,
          "force_threshold": 539.7642363361915,
          "torque_threshold": 0.0,
          "finite_build_width": 0.10789896047081801,
          "major_radius": 5.483631261799852,
          "minor_radius": 0.5240806651439732,
          "a0": 3.2437754587511507,
          "arclength_variation_threshold": 0.0,
          "coil_width": 0.12331309768093489
        },
        "final_min_cs_separation": 0.028609641583197756,
        "final_min_cc_separation": 0.2314835272610723,
        "final_length_per_coil": [
          7.869311820448372,
          7.730144642177557,
          8.66185993294183,
          4.281058046148426,
          6.283342096831542,
          3.9023881161750813
        ],
        "final_current_per_coil": [
          10621.984537767145,
          125561.68895847736,
          73976.24437151907,
          6573225.361778737,
          83933.05021827976,
          28925.641660675406
        ],
        "total_current_before": 6875000.002449921,
        "total_current_after": 6875000.002449921,
        "final_total_length": 38.72810465472281,
        "final_max_curvature": 7.912187453419449,
        "final_average_curvature": 1.4364356719163434,
        "final_arclength_variation": 0.5070061805823299,
        "final_mean_squared_curvature": 7.786969174184133,
        "final_max_torsion": 3.5245923919345903,
        "final_linking_number": 15,
        "coils_linked_to_surface": false,
        "final_max_max_coil_force": 12345447.411778418,
        "final_avg_max_coil_force": 2106335.339222158,
        "final_max_force_per_coil": [
          1404.6458715742287,
          58616.605628064746,
          209826.4139298424,
          12345447.411778418,
          19473.814317410102,
          3243.1438076366126
        ],
        "final_max_torque_per_coil": [
          836.6779677179139,
          44330.330069991796,
          169850.37922311347,
          3000291.324461032,
          19729.101429296028,
          1400.58843340907
        ],
        "final_max_max_coil_torque": 3000291.324461032,
        "final_avg_max_coil_torque": 539406.4002640934,
        "avg_BdotN_over_B": 0.18876104726633633,
        "max_BdotN_over_B": 0.9976483275753997,
        "lagrange_multipliers": null,
        "output_directory": "/Users/akaptanoglu/actions-runner/_work/stellcoilbench/stellcoilbench/cases/done/2026-03-26_045820_60368/order_8",
        "flux_threshold": 1e-08,
        "cc_threshold": 0.38196232006669584,
        "cs_threshold": 0.33849445313416626,
        "msc_threshold": 29.700008100325537,
        "arclength_variation_threshold": 0.0,
        "curvature_threshold": 3.9898438142639154,
        "force_threshold": 539.7642363361915,
        "torque_threshold": 0.0,