{
  "metadata": {
    "contact": "auto",
    "hardware": "CPU: self-hosted runner",
    "run_date": "2026-03-16T20:22:48.521517",
    "iterations_used": 500,
    "walltime_sec": 555.6190569400787
  },
  "version_info": {
    "stellcoilbench_commit": "594a6ac5fcb5b0465d70301c5326446d89accdee",
    "stellcoilbench_branch": "main",
    "simsopt_version": "0.1.dev5668+ga79006b0b",
    "simsopt_commit": "a79006b0b"
  },
  "metrics": {
    "fourier_continuation": true,
    "fourier_orders": [
      4,
      8,
      16
    ],
    "final_order": 16,
    "continuation_results": [
      {
        "initial_B_field": 1.0000050243934888,
        "final_B_field": 1.055164502531779,
        "target_B_field": 1.0,
        "optimization_time": 378.7121319770813,
        "walltime_sec": 378.7121319770813,
        "iterations_used": 500,
        "final_squared_flux": 0.051156502985936776,
        "optimization_success": true,
        "optimization_message": "Completed",
        "optimization_nfev": 500,
        "optimization_njev": null,
        "_cached_thresholds": {
          "length_threshold": 11.671946628688701,
          "flux_threshold": 1e-08,
          "cc_threshold": 0.18751944112932734,
          "cs_threshold": 0.21930071916655758,
          "msc_threshold": 9.706374917919579,
          "curvature_threshold": 22.735743954460947,
          "force_threshold": 726.2105687808718,
          "torque_threshold": 0.0,
          "finite_build_width": 0.05,
          "major_radius": 1.0098736979848935,
          "minor_radius": 0.16831206437162433,
          "a0": 10.100286074838271,
          "arclength_variation_threshold": 0.0,
          "coil_width": 0.039602838675676315
        },
        "final_min_cs_separation": 0.18220703631143514,
        "final_min_cc_separation": 0.1677913955962493,
        "final_length_per_coil": [
          2.565014795770345,
          2.482689864215042,
          2.4200414580480714,
          2.3785020922559763,
          2.3606616066176547
        ],
        "final_current_per_coil": [
          312872.7714133676,
          212033.2920433014,
          252163.63631701644,
          234067.2341624804,
          238875.60450376756
        ],
        "total_current_before": 1250012.5384399334,
        "total_current_after": 1250012.5384399334,
        "final_total_length": 12.206909816907089,
        "final_max_curvature": 4.345562982947469,
        "final_average_curvature": 2.641651797695884,
        "final_arclength_variation": 0.019780561714023343,
        "final_mean_squared_curvature": 8.231168910543339,
        "final_max_torsion": 12.559992415728065,
        "final_linking_number": 0,
        "coils_linked_to_surface": true,
        "final_max_max_coil_force": 206535.1278412766,
        "final_avg_max_coil_force": 190332.6774144681,
        "final_max_force_per_coil": [
          206535.1278412766,
          155263.03822107424,
          202188.90644330857,
          192023.05042230367,
          195653.2641443775
        ],
        "final_max_torque_per_coil": [
          54087.17069333666,
          28417.96332639187,
          31417.33338878165,
          25198.06138540472,
          22888.89202868403
        ],
        "final_max_max_coil_torque": 54087.17069333666,
        "final_avg_max_coil_torque": 32401.88416451979,
        "avg_BdotN_over_B": 0.08633037688194796,
        "max_BdotN_over_B": 0.4545210183770786,
        "lagrange_multipliers": null,
        "output_directory": "/Users/akaptanoglu/actions-runner/_work/stellcoilbench/stellcoilbench/cases/done/2026-03-16_200252_97549/order_4",
        "flux_threshold": 1e-08,
        "cc_threshold": 0.18751944112932734,
        "cs_threshold": 0.21930071916655758,
        "msc_threshold": 9.706374917919579,
        "arclength_variation_threshold": 0.0,
        "curvature_threshold": 22.735743954460947,
        "force_threshold": 726.2105687808718,
        "torque_threshold": 0.0,
        "timing": {
          "coil_initialization": 0.2598528750240803,
          "biotsavart_setup": 1.526723250048235,
          "objective_setup": 0.0371814159443602,
          "coil_optimization": 378.7124827080406,
          "save_and_metrics": 0.9703176249749959
        },
        "fourier_order": 4,
        "continuation_step": 1
      },
      {
        "initial_B_field": 1.055164502531779,
        "final_B_field": 1.0551673315216905,
        "target_B_field": 1.0,
        "optimization_time": 153.75155091285706,
        "walltime_sec": 153.75155091285706,
        "iterations_used": 500,
        "final_squared_flux": 0.05124828372878467,
        "optimization_success": true,
        "optimization_message": "Completed",
        "optimization_nfev": 500,
        "optimization_njev": null,
        "_cached_thresholds": {
          "length_threshold": 11.671946628688701,
          "flux_threshold": 1e-08,
          "cc_threshold": 0.18751944112932734,
          "cs_threshold": 0.21930071916655758,
          "msc_threshold": 9.706374917919579,
          "curvature_threshold": 22.735743954460947,
          "force_threshold": 726.2105687808718,
          "torque_threshold": 0.0,
          "finite_build_width": 0.05,
          "major_radius": 1.0098736979848935,
          "minor_radius": 0.16831206437162433,
          "a0": 10.100286074838271,
          "arclength_variation_threshold": 0.0,
          "coil_width": 0.039602838675676315
        },
        "final_min_cs_separation": 0.18217810789738628,
        "final_min_cc_separation": 0.16782268105710998,
        "final_length_per_coil": [
          2.5648989475181874,
          2.4826225737399135,
          2.4199967356636756,
          2.3784819681597984,
          2.36063007586905
        ],
        "final_current_per_coil": [
          312531.25952596153,
          211742.60141314712,
          252368.24920419106,
          234242.68715897953,
          239127.7411376543
        ],
        "total_current_before": 1250012.5384399334,
        "total_current_after": 1250012.5384399334,
        "final_total_length": 12.206630300950625,
        "final_max_curvature": 4.370090933238472,
        "final_average_curvature": 2.620438819877595,
        "final_arclength_variation": 0.012962588533731844,
        "final_mean_squared_curvature": 8.037733655150753,
        "final_max_torsion": 10.073959632142508,
        "final_linking_number": 0,
        "coils_linked_to_surface": true,
        "final_max_max_coil_force": 176710.79367174135,
        "final_avg_max_coil_force": 162021.60208697274,
        "final_max_force_per_coil": [
          167371.7506526242,
          140950.41650547826,
          176710.79367174135,
          164895.21943001758,
          160179.83017500225
        ],
        "final_max_torque_per_coil": [
          45371.78399847194,
          23710.971219574578,
          25750.75720308343,
          20619.447975148734,
          18425.49696602051
        ],
        "final_max_max_coil_torque": 45371.78399847194,
        "final_avg_max_coil_torque": 26775.69147245984,
        "avg_BdotN_over_B": 0.0863762104282018,
        "max_BdotN_over_B": 0.45458035832334553,
        "lagrange_multipliers": null,
        "output_directory": "/Users/akaptanoglu/actions-runner/_work/stellcoilbench/stellcoilbench/cases/done/2026-03-16_200252_97549/order_8",
        "flux_threshold": 1e-08,
        "cc_threshold": 0.18751944112932734,
        "cs_threshold": 0.21930071916655758,
        "msc_threshold": 9.706374917919579,
        "arclength_variation_threshold": 0.0,
        "curvature_threshold": 22.735743954460947,
        "force_threshold": 726.2105687808718,
        "torque_threshold": 0.0,
        "timing": {
          "coil_initialization": 5.00003807246685e-07,
          "biotsavart_setup": 0.002909415983594954,
          "objective_setup": 0.007660915958695114,
          "coil_optimization": 153.75169470801484,
          "save_and_metrics": 0.8887348750140518
        },
        "fourier_order": 8,