{
  "metadata": {
    "contact": "auto",
    "hardware": "CPU: self-hosted runner",
    "run_date": "2026-03-15T01:05:28.331354",
    "iterations_used": 500,
    "walltime_sec": 285.28668785095215
  },
  "version_info": {
    "stellcoilbench_commit": "5ee6aed3362af0d5750eeebb2c18ca230dca1158",
    "stellcoilbench_branch": "main",
    "simsopt_version": "0.1.dev5668+ga79006b0b",
    "simsopt_commit": "a79006b0b"
  },
  "metrics": {
    "fourier_continuation": true,
    "fourier_orders": [
      4,
      8,
      16
    ],
    "final_order": 16,
    "continuation_results": [
      {
        "initial_B_field": 1.0000305513510055,
        "final_B_field": 1.0979126672028423,
        "target_B_field": 1.0,
        "optimization_time": 193.75294184684753,
        "walltime_sec": 193.75294184684753,
        "iterations_used": 500,
        "final_squared_flux": 0.0019322696947753648,
        "optimization_success": true,
        "optimization_message": "Completed",
        "optimization_nfev": 500,
        "optimization_njev": null,
        "_cached_thresholds": {
          "length_threshold": 11.490763641747483,
          "flux_threshold": 1e-08,
          "cc_threshold": 0.10500000000000001,
          "cs_threshold": 0.20058837789230052,
          "msc_threshold": 47.723851703610826,
          "curvature_threshold": 20.776288455942325,
          "force_threshold": 2858.3809591792306,
          "torque_threshold": 0.0,
          "finite_build_width": 0.05,
          "major_radius": 1.0098736979848935,
          "minor_radius": 0.16831206437162433,
          "a0": 10.100286074838271,
          "arclength_variation_threshold": 0.0,
          "coil_width": 0.039602838675676315
        },
        "final_min_cs_separation": 0.19316994490972939,
        "final_min_cc_separation": 0.22085531680774673,
        "final_length_per_coil": [
          3.2756752165195504,
          2.9410755031683142,
          2.705130816827329,
          2.588118978064619
        ],
        "final_current_per_coil": [
          376186.20655696106,
          317858.846120921,
          286010.01258083066,
          270020.5593767513
        ],
        "total_current_before": 1250075.624635464,
        "total_current_after": 1250075.624635464,
        "final_total_length": 11.510000514579813,
        "final_max_curvature": 4.136342851065002,
        "final_average_curvature": 2.5276451447996497,
        "final_arclength_variation": 0.004660611758583334,
        "final_mean_squared_curvature": 8.527594767013822,
        "final_max_torsion": 96.79198759969718,
        "final_linking_number": 0,
        "coils_linked_to_surface": true,
        "final_max_max_coil_force": 260155.16823340434,
        "final_avg_max_coil_force": 216658.4334286157,
        "final_max_force_per_coil": [
          260155.16823340434,
          230226.5656705195,
          199310.18272841297,
          176941.81708212604
        ],
        "final_max_torque_per_coil": [
          74966.23405714941,
          51764.5557670544,
          35023.51492615449,
          26699.024061331038
        ],
        "final_max_max_coil_torque": 74966.23405714941,
        "final_avg_max_coil_torque": 47113.332202922335,
        "avg_BdotN_over_B": 0.020636721332317854,
        "max_BdotN_over_B": 0.07516302690138009,
        "lagrange_multipliers": null,
        "output_directory": "/Users/akaptanoglu/actions-runner/_work/stellcoilbench/stellcoilbench/cases/done/2026-03-15_004937_93391/order_4",
        "flux_threshold": 1e-08,
        "cc_threshold": 0.10500000000000001,
        "cs_threshold": 0.20058837789230052,
        "msc_threshold": 47.723851703610826,
        "arclength_variation_threshold": 0.0,
        "curvature_threshold": 20.776288455942325,
        "force_threshold": 2858.3809591792306,
        "torque_threshold": 0.0,
        "timing": {
          "coil_initialization": 0.19030150002799928,
          "biotsavart_setup": 1.255871249944903,
          "objective_setup": 0.036410249886102974,
          "coil_optimization": 193.7530639169272,
          "save_and_metrics": 0.8669683749321848
        },
        "fourier_order": 4,
        "continuation_step": 1
      },
      {
        "initial_B_field": 1.0979126672028423,
        "final_B_field": 1.0968444945573141,
        "target_B_field": 1.0,
        "optimization_time": 292.28685307502747,
        "walltime_sec": 292.28685307502747,
        "iterations_used": 500,
        "final_squared_flux": 0.0019243216506851287,
        "optimization_success": true,
        "optimization_message": "Completed",
        "optimization_nfev": 500,
        "optimization_njev": null,
        "_cached_thresholds": {
          "length_threshold": 11.490763641747483,
          "flux_threshold": 1e-08,
          "cc_threshold": 0.10500000000000001,
          "cs_threshold": 0.20058837789230052,
          "msc_threshold": 47.723851703610826,
          "curvature_threshold": 20.776288455942325,
          "force_threshold": 2858.3809591792306,
          "torque_threshold": 0.0,
          "finite_build_width": 0.05,
          "major_radius": 1.0098736979848935,
          "minor_radius": 0.16831206437162433,
          "a0": 10.100286074838271,
          "arclength_variation_threshold": 0.0,
          "coil_width": 0.039602838675676315
        },
        "final_min_cs_separation": 0.19340668124543783,
        "final_min_cc_separation": 0.22742676045243213,
        "final_length_per_coil": [
          3.2762175074599256,
          2.941387446082649,
          2.705706466868519,
          2.5866803582689593
        ],
        "final_current_per_coil": [
          376427.9008714556,
          317939.80677555385,
          286198.79349482234,
          269509.1234936322
        ],
        "total_current_before": 1250075.624635464,
        "total_current_after": 1250075.624635464,
        "final_total_length": 11.509991778680051,
        "final_max_curvature": 4.146821254172628,
        "final_average_curvature": 2.511279389785025,
        "final_arclength_variation": 0.0013181347286954632,
        "final_mean_squared_curvature": 8.531574751214158,
        "final_max_torsion": 52.31324231201836,
        "final_linking_number": 0,
        "coils_linked_to_surface": true,
        "final_max_max_coil_force": 231328.41940199322,
        "final_avg_max_coil_force": 176277.50081873732,
        "final_max_force_per_coil": [
          231328.41940199322,
          188251.23992348785,
          154344.00996983403,
          131186.33397963425
        ],
        "final_max_torque_per_coil": [
          54200.36708017679,
          38819.54002392939,
          25059.27537449405,
          18249.284634119078
        ],
        "final_max_max_coil_torque": 54200.36708017679,
        "final_avg_max_coil_torque": 34082.11677817983,
        "avg_BdotN_over_B": 0.020593780819511437,
        "max_BdotN_over_B": 0.0743656069627598,
        "lagrange_multipliers": null,
        "output_directory": "/Users/akaptanoglu/actions-runner/_work/stellcoilbench/stellcoilbench/cases/done/2026-03-15_004937_93391/order_8",
        "flux_threshold": 1e-08,
        "cc_threshold": 0.10500000000000001,
        "cs_threshold": 0.20058837789230052,
        "msc_threshold": 47.723851703610826,
        "arclength_variation_threshold": 0.0,
        "curvature_threshold": 20.776288455942325,
        "force_threshold": 2858.3809591792306,
        "torque_threshold": 0.0,
        "timing": {
          "coil_initialization": 5.00003807246685e-07,
          "biotsavart_setup": 0.002820666995830834,
          "objective_setup": 0.006817915942519903,
          "coil_optimization": 292.28702241694555,
          "save_and_metrics": 0.8053042920073494
        },
        "fourier_order": 8,
        "continuation_step": 2
      },
      {
        "initial_B_field": 1.0968444945573141,
        "final_B_field": 1.0967019342982365,
        "target_B_field": 1.0,
        "optimization_time": 285.28668785095215,