{
  "metadata": {
    "contact": "auto",
    "hardware": "CPU: self-hosted runner",
    "run_date": "2026-03-18T13:12:38.861898",
    "iterations_used": 500,
    "walltime_sec": 6.081476211547852
  },
  "version_info": {
    "stellcoilbench_commit": "0a4cef3606b552f218b66c560946c6caa84ee5b5",
    "stellcoilbench_branch": "main",
    "simsopt_version": "0.1.dev5668+ga79006b0b",
    "simsopt_commit": "a79006b0b"
  },
  "metrics": {
    "fourier_continuation": true,
    "fourier_orders": [
      4,
      8,
      16
    ],
    "final_order": 16,
    "continuation_results": [
      {
        "initial_B_field": 1.0000050243934888,
        "final_B_field": 1.096837451051844,
        "target_B_field": 1.0,
        "optimization_time": 179.10490489006042,
        "walltime_sec": 179.10490489006042,
        "iterations_used": 500,
        "final_squared_flux": 0.0,
        "optimization_success": true,
        "optimization_message": "Completed",
        "optimization_nfev": 500,
        "optimization_njev": null,
        "_cached_thresholds": {
          "length_threshold": 19.80141933783816,
          "flux_threshold": 5e-06,
          "cc_threshold": 0.10500000000000001,
          "cs_threshold": 0.07148035161088845,
          "msc_threshold": 25.39686632659859,
          "curvature_threshold": 7.146154403669574,
          "force_threshold": 0.0,
          "torque_threshold": 0.0,
          "finite_build_width": 0.05,
          "major_radius": 1.0098736979848935,
          "minor_radius": 0.16831206437162433,
          "a0": 10.100286074838271,
          "arclength_variation_threshold": 0.0,
          "coil_width": 0.039602838675676315
        },
        "final_min_cs_separation": 0.25394969620777086,
        "final_min_cc_separation": 0.10492421881249754,
        "final_length_per_coil": [
          3.898805272533166,
          4.272868485926085,
          3.837598775341811,
          3.9984671270389875,
          3.7939008971305443
        ],
        "final_current_per_coil": [
          201784.67945313366,
          313462.4748972095,
          207653.94618677022,
          285460.87046598404,
          241650.56743683596
        ],
        "total_current_before": 1250012.5384399334,
        "total_current_after": 1250012.5384399334,
        "final_total_length": 19.801640557970597,
        "final_max_curvature": 3.0652847246474937,
        "final_average_curvature": 2.049032216138679,
        "final_arclength_variation": 0.0006854099332574174,
        "final_mean_squared_curvature": 5.039309308560818,
        "final_max_torsion": 23.679161193805417,
        "final_linking_number": 0,
        "coils_linked_to_surface": true,
        "final_max_max_coil_force": 265807.7304209685,
        "final_avg_max_coil_force": 241934.67279576403,
        "final_max_force_per_coil": [
          264773.8115605843,
          247322.3267620611,
          265807.7304209685,
          246375.54025657396,
          185393.9549786324
        ],
        "final_max_torque_per_coil": [
          68564.33112808582,
          71278.3232841329,
          54581.16610072685,
          61566.74618365035,
          39704.49572676609
        ],
        "final_max_max_coil_torque": 71278.3232841329,
        "final_avg_max_coil_torque": 59139.0124846724,
        "avg_BdotN_over_B": 0.0009967331693769795,
        "max_BdotN_over_B": 0.004795951458249743,
        "lagrange_multipliers": null,
        "output_directory": "/Users/akaptanoglu/actions-runner/_work/stellcoilbench/stellcoilbench/cases/done/2026-03-18_130602_94700/order_4",
        "flux_threshold": 5e-06,
        "cc_threshold": 0.10500000000000001,
        "cs_threshold": 0.07148035161088845,
        "msc_threshold": 25.39686632659859,
        "arclength_variation_threshold": 0.0,
        "curvature_threshold": 7.146154403669574,
        "force_threshold": 0.0,
        "torque_threshold": 0.0,
        "timing": {
          "coil_initialization": 0.23772745905444026,
          "biotsavart_setup": 1.3255143340211362,
          "objective_setup": 0.0552189169684425,
          "coil_optimization": 179.10499541601166,
          "save_and_metrics": 0.911835000035353
        },
        "fourier_order": 4,
        "continuation_step": 1
      },
      {
        "initial_B_field": 1.096837451051844,
        "final_B_field": 1.0966436585649326,
        "target_B_field": 1.0,
        "optimization_time": 11.871651649475098,
        "walltime_sec": 11.871651649475098,
        "iterations_used": 500,
        "final_squared_flux": 0.0,
        "optimization_success": true,
        "optimization_message": "Completed",
        "optimization_nfev": 500,
        "optimization_njev": null,
        "_cached_thresholds": {
          "length_threshold": 19.80141933783816,
          "flux_threshold": 5e-06,
          "cc_threshold": 0.10500000000000001,
          "cs_threshold": 0.07148035161088845,
          "msc_threshold": 25.39686632659859,
          "curvature_threshold": 7.146154403669574,
          "force_threshold": 0.0,
          "torque_threshold": 0.0,
          "finite_build_width": 0.05,
          "major_radius": 1.0098736979848935,
          "minor_radius": 0.16831206437162433,
          "a0": 10.100286074838271,
          "arclength_variation_threshold": 0.0,
          "coil_width": 0.039602838675676315
        },
        "final_min_cs_separation": 0.25350491551574045,
        "final_min_cc_separation": 0.10638620438823823,
        "final_length_per_coil": [
          3.8940916648059964,
          4.267389696505918,
          3.8321646460814227,
          3.993084574422874,
          3.7884983861619554
        ],
        "final_current_per_coil": [
          201588.11531891781,
          313689.4481578029,
          207466.61643296227,
          285697.45223110577,
          241570.90629914473
        ],
        "total_current_before": 1250012.5384399334,
        "total_current_after": 1250012.5384399334,
        "final_total_length": 19.775228967978165,
        "final_max_curvature": 3.049055615523352,
        "final_average_curvature": 2.0467072924595224,
        "final_arclength_variation": 2.5455810368911797e-07,
        "final_mean_squared_curvature": 5.036648841717706,
        "final_max_torsion": 24.765753785962502,
        "final_linking_number": 0,
        "coils_linked_to_surface": true,
        "final_max_max_coil_force": 258677.8023538594,
        "final_avg_max_coil_force": 221159.78847477987,
        "final_max_force_per_coil": [
          258677.8023538594,
          210863.98801370309,
          256179.5035358526,
          219826.5287482444,
          160251.11972223967
        ],
        "final_max_torque_per_coil": [
          65167.99035839849,
          56154.07609909877,
          52770.9551225289,
          51279.63015156827,
          31263.769215855842
        ],
        "final_max_max_coil_torque": 65167.99035839849,
        "final_avg_max_coil_torque": 51327.284189490056,
        "avg_BdotN_over_B": 0.0009970195243237871,
        "max_BdotN_over_B": 0.0048417812997163115,
        "lagrange_multipliers": null,
        "output_directory": "/Users/akaptanoglu/actions-runner/_work/stellcoilbench/stellcoilbench/cases/done/2026-03-18_130602_94700/order_8",
        "flux_threshold": 5e-06,
        "cc_threshold": 0.10500000000000001,
        "cs_threshold": 0.07148035161088845,
        "msc_threshold": 25.39686632659859,
        "arclength_variation_threshold": 0.0,
        "curvature_threshold": 7.146154403669574,
        "force_threshold": 0.0,
        "torque_threshold": 0.0,
        "timing": {
          "coil_initialization": 5.00003807246685e-07,
          "biotsavart_setup": 0.003170916927047074,
          "objective_setup": 0.08028616709634662,
          "coil_optimization": 11.87165929202456,
          "save_and_metrics": 0.9730276250047609
        },
        "fourier_order": 8,
        "continuation_step": 2
      },
      {
        "initial_B_field": 1.0966436585649326,