{
  "metadata": {
    "contact": "auto",
    "hardware": "CPU: self-hosted runner",
    "run_date": "2026-03-27T17:41:47.168705",
    "iterations_used": 500,
    "walltime_sec": 26.93314003944397,
    "tags": [
      "explore"
    ],
    "parent_ids": []
  },
  "version_info": {
    "stellcoilbench_commit": "9a54b3bba1fb3c155c723fa56f5ee081f1a07e80",
    "stellcoilbench_branch": "main",
    "simsopt_version": "0.1.dev5668+ga79006b0b",
    "simsopt_commit": "a79006b0b"
  },
  "metrics": {
    "fourier_continuation": true,
    "fourier_orders": [
      4,
      8,
      16
    ],
    "final_order": 16,
    "continuation_results": [
      {
        "initial_B_field": 2.5000971540886527,
        "final_B_field": 2.76879190337723,
        "target_B_field": 2.5,
        "optimization_time": 371.44039392471313,
        "walltime_sec": 371.44039392471313,
        "iterations_used": 500,
        "final_squared_flux": 0.06892062343786444,
        "optimization_success": true,
        "optimization_message": "Completed",
        "optimization_nfev": 500,
        "optimization_njev": null,
        "_cached_thresholds": {
          "length_threshold": 58.370254787270525,
          "flux_threshold": 1e-08,
          "cc_threshold": 0.22658781698871783,
          "cs_threshold": 0.4633489645361128,
          "msc_threshold": 1.6673005857980916,
          "curvature_threshold": 2.2511801683732986,
          "force_threshold": 186.84146642406628,
          "torque_threshold": 0.0,
          "finite_build_width": 0.10789896047081801,
          "major_radius": 5.483631261799852,
          "minor_radius": 0.5240806651439732,
          "a0": 3.2437754587511507,
          "arclength_variation_threshold": 0.0,
          "coil_width": 0.12331309768093489
        },
        "final_min_cs_separation": 0.4246108342569639,
        "final_min_cc_separation": 0.11021850692205969,
        "final_length_per_coil": [
          11.63689136700306,
          13.463726082891135,
          12.966329355333787
        ],
        "final_current_per_coil": [
          2511204.162535404,
          2605976.527391856,
          1758350.2548996788
        ],
        "total_current_before": 6875530.944826938,
        "total_current_after": 6875530.944826938,
        "final_total_length": 38.066946805227985,
        "final_max_curvature": 1.5829213631734236,
        "final_average_curvature": 0.8743499081942605,
        "final_arclength_variation": 0.12554563631259663,
        "final_mean_squared_curvature": 1.0685087516309386,
        "final_max_torsion": 19.245187180541432,
        "final_linking_number": 0,
        "coils_linked_to_surface": true,
        "final_max_max_coil_force": 7103567.1231679525,
        "final_avg_max_coil_force": 6395618.218566469,
        "final_max_force_per_coil": [
          7103567.1231679525,
          6585383.25432032,
          5497904.278211134
        ],
        "final_max_torque_per_coil": [
          6486606.595225845,
          6104677.917753996,
          4762362.036410081
        ],
        "final_max_max_coil_torque": 6486606.595225845,
        "final_avg_max_coil_torque": 5784548.849796642,
        "avg_BdotN_over_B": 0.011491772051299427,
        "max_BdotN_over_B": 0.06178277157731578,
        "lagrange_multipliers": null,
        "output_directory": "/Users/akaptanoglu/actions-runner/_work/stellcoilbench/stellcoilbench/cases/done/2026-03-27_172826_74572/order_4",
        "flux_threshold": 1e-08,
        "cc_threshold": 0.22658781698871783,
        "cs_threshold": 0.4633489645361128,
        "msc_threshold": 1.6673005857980916,
        "arclength_variation_threshold": 0.0,
        "curvature_threshold": 2.2511801683732986,
        "force_threshold": 186.84146642406628,
        "torque_threshold": 0.0,
        "timing": {
          "coil_initialization": 0.47906937496736646,
          "biotsavart_setup": 1.7278085830621421,
          "objective_setup": 0.03215875010937452,
          "coil_optimization": 371.44071087497286,
          "save_and_metrics": 1.1852862499654293
        },
        "fourier_order": 4,
        "continuation_step": 1
      },
      {
        "initial_B_field": 2.76879190337723,
        "final_B_field": 2.942158926060885,
        "target_B_field": 2.5,
        "optimization_time": 249.2860050201416,
        "walltime_sec": 249.2860050201416,
        "iterations_used": 500,
        "final_squared_flux": 0.43501808985795004,
        "optimization_success": true,
        "optimization_message": "Completed",
        "optimization_nfev": 500,
        "optimization_njev": null,
        "_cached_thresholds": {
          "length_threshold": 58.370254787270525,
          "flux_threshold": 1e-08,
          "cc_threshold": 0.22658781698871783,
          "cs_threshold": 0.4633489645361128,
          "msc_threshold": 1.6673005857980916,
          "curvature_threshold": 2.2511801683732986,
          "force_threshold": 186.84146642406628,
          "torque_threshold": 0.0,
          "finite_build_width": 0.10789896047081801,
          "major_radius": 5.483631261799852,
          "minor_radius": 0.5240806651439732,
          "a0": 3.2437754587511507,
          "arclength_variation_threshold": 0.0,
          "coil_width": 0.12331309768093489
        },
        "final_min_cs_separation": 0.32249652505288146,
        "final_min_cc_separation": 0.10216649183152549,
        "final_length_per_coil": [
          11.889964443063038,
          13.595602599505936,
          13.012484704376723
        ],
        "final_current_per_coil": [
          2510220.2650413387,
          2605801.8387403702,
          1759508.8410452288
        ],
        "total_current_before": 6875530.944826938,
        "total_current_after": 6875530.944826938,
        "final_total_length": 38.4980517469457,
        "final_max_curvature": 2.103800503097709,
        "final_average_curvature": 0.8406907393237997,
        "final_arclength_variation": 0.7656414861264174,
        "final_mean_squared_curvature": 1.0450946036216826,
        "final_max_torsion": 1.746429247175098,
        "final_linking_number": 0,
        "coils_linked_to_surface": true,
        "final_max_max_coil_force": 9002243.101566464,
        "final_avg_max_coil_force": 7004022.641049087,
        "final_max_force_per_coil": [
          9002243.101566464,
          7668939.368027316,
          4340885.453553483
        ],
        "final_max_torque_per_coil": [
          7978675.427984974,
          6011056.46562468,
          3577527.291685332
        ],
        "final_max_max_coil_torque": 7978675.427984974,
        "final_avg_max_coil_torque": 5855753.061764996,
        "avg_BdotN_over_B": 0.024508715708802583,
        "max_BdotN_over_B": 0.10903846561489257,
        "lagrange_multipliers": null,
        "output_directory": "/Users/akaptanoglu/actions-runner/_work/stellcoilbench/stellcoilbench/cases/done/2026-03-27_172826_74572/order_8",
        "flux_threshold": 1e-08,
        "cc_threshold": 0.22658781698871783,
        "cs_threshold": 0.4633489645361128,
        "msc_threshold": 1.6673005857980916,
        "arclength_variation_threshold": 0.0,
        "curvature_threshold": 2.2511801683732986,
        "force_threshold": 186.84146642406628,
        "torque_threshold": 0.0,
        "timing": {
          "coil_initialization": 6.658956408500671e-07,
          "biotsavart_setup": 0.003093500155955553,
          "objective_setup": 0.004808458033949137,
          "coil_optimization": 249.28623170801438,
          "save_and_metrics": 1.1587548751849681
        },
        "fourier_order": 8,
        "continuation_step": 2
      },
      {
        "initial_B_field": 2.942158926060885,
        "final_B_field": 2.942158926060885,
        "target_B_field": 2.5,
        "optimization_time": 26.93314003944397,
        "walltime_sec": 26.93314003944397,
        "iterations_used": 500,
        "final_squared_flux": 0.43501808985795004,
        "optimization_success": true,
        "optimization_message": "Completed",