{
  "metadata": {
    "contact": "auto",
    "hardware": "CPU: self-hosted runner",
    "run_date": "2026-03-16T18:56:26.711657",
    "iterations_used": 500,
    "walltime_sec": 5.077123165130615
  },
  "version_info": {
    "stellcoilbench_commit": "08401209906df00f64cb76ab80472fcc5a8f1c1b",
    "stellcoilbench_branch": "main",
    "simsopt_version": "0.1.dev5668+ga79006b0b",
    "simsopt_commit": "a79006b0b"
  },
  "metrics": {
    "fourier_continuation": true,
    "fourier_orders": [
      4,
      8,
      16
    ],
    "final_order": 16,
    "continuation_results": [
      {
        "initial_B_field": 1.0000305513510055,
        "final_B_field": 1.0983748955614403,
        "target_B_field": 1.0,
        "optimization_time": 70.81282210350037,
        "walltime_sec": 70.81282210350037,
        "iterations_used": 500,
        "final_squared_flux": 0.0,
        "optimization_success": true,
        "optimization_message": "Completed",
        "optimization_nfev": 500,
        "optimization_njev": null,
        "_cached_thresholds": {
          "length_threshold": 19.80141933783816,
          "flux_threshold": 4.4e-05,
          "cc_threshold": 0.10500000000000001,
          "cs_threshold": 0.033702609755580676,
          "msc_threshold": 37.62005072921851,
          "curvature_threshold": 159.39354377334163,
          "force_threshold": 0.0,
          "torque_threshold": 0.0,
          "finite_build_width": 0.05,
          "major_radius": 1.0098736979848935,
          "minor_radius": 0.16831206437162433,
          "a0": 10.100286074838271,
          "arclength_variation_threshold": 0.0,
          "coil_width": 0.039602838675676315
        },
        "final_min_cs_separation": 0.2667584580590348,
        "final_min_cc_separation": 0.10435758091084742,
        "final_length_per_coil": [
          4.22581500244224,
          4.2854366548077305,
          4.438720660743156,
          4.8117273057801695
        ],
        "final_current_per_coil": [
          246736.48380956316,
          302628.27619287284,
          293265.2085263494,
          407445.65610667865
        ],
        "total_current_before": 1250075.624635464,
        "total_current_after": 1250075.624635464,
        "final_total_length": 17.761699623773296,
        "final_max_curvature": 2.9810137791397087,
        "final_average_curvature": 1.8935194201044487,
        "final_arclength_variation": 0.0005784067601062103,
        "final_mean_squared_curvature": 4.29385742461361,
        "final_max_torsion": 28.944685990009475,
        "final_linking_number": 0,
        "coils_linked_to_surface": true,
        "final_max_max_coil_force": 467752.73473046965,
        "final_avg_max_coil_force": 347201.2370585867,
        "final_max_force_per_coil": [
          212884.51982589235,
          376190.0656694801,
          331977.6280085045,
          467752.73473046965
        ],
        "final_max_torque_per_coil": [
          93890.69502425578,
          166431.79801835684,
          127865.46967449447,
          137056.76150017607
        ],
        "final_max_max_coil_torque": 166431.79801835684,
        "final_avg_max_coil_torque": 131311.1810543208,
        "avg_BdotN_over_B": 0.0027887653146005022,
        "max_BdotN_over_B": 0.013769086949756313,
        "lagrange_multipliers": null,
        "output_directory": "/Users/akaptanoglu/actions-runner/_work/stellcoilbench/stellcoilbench/cases/done/2026-03-16_185219_87985/order_4",
        "flux_threshold": 4.4e-05,
        "cc_threshold": 0.10500000000000001,
        "cs_threshold": 0.033702609755580676,
        "msc_threshold": 37.62005072921851,
        "arclength_variation_threshold": 0.0,
        "curvature_threshold": 159.39354377334163,
        "force_threshold": 0.0,
        "torque_threshold": 0.0,
        "timing": {
          "coil_initialization": 0.19391545793041587,
          "biotsavart_setup": 1.3555369580863044,
          "objective_setup": 0.030125917051918805,
          "coil_optimization": 70.81288770900574,
          "save_and_metrics": 0.9653277909383178
        },
        "fourier_order": 4,
        "continuation_step": 1
      },
      {
        "initial_B_field": 1.0983748955614403,
        "final_B_field": 1.0982628176644744,
        "target_B_field": 1.0,
        "optimization_time": 11.743204832077026,
        "walltime_sec": 11.743204832077026,
        "iterations_used": 500,
        "final_squared_flux": 0.0,
        "optimization_success": true,
        "optimization_message": "Completed",
        "optimization_nfev": 500,
        "optimization_njev": null,
        "_cached_thresholds": {
          "length_threshold": 19.80141933783816,
          "flux_threshold": 4.4e-05,
          "cc_threshold": 0.10500000000000001,
          "cs_threshold": 0.033702609755580676,
          "msc_threshold": 37.62005072921851,
          "curvature_threshold": 159.39354377334163,
          "force_threshold": 0.0,
          "torque_threshold": 0.0,
          "finite_build_width": 0.05,
          "major_radius": 1.0098736979848935,
          "minor_radius": 0.16831206437162433,
          "a0": 10.100286074838271,
          "arclength_variation_threshold": 0.0,
          "coil_width": 0.039602838675676315
        },
        "final_min_cs_separation": 0.26724626400993345,
        "final_min_cc_separation": 0.10755524464968218,
        "final_length_per_coil": [
          4.226006663672841,
          4.284454577331358,
          4.438497375099071,
          4.8119911049617325
        ],
        "final_current_per_coil": [
          246104.26795601854,
          303490.8326753921,
          292655.6380600905,
          407824.88594396296
        ],
        "total_current_before": 1250075.624635464,
        "total_current_after": 1250075.624635464,
        "final_total_length": 17.760949721065003,
        "final_max_curvature": 2.885232569787509,
        "final_average_curvature": 1.8929774424132342,
        "final_arclength_variation": 1.7560056414354501e-06,
        "final_mean_squared_curvature": 4.290988606743546,
        "final_max_torsion": 21.33651585065946,
        "final_linking_number": 0,
        "coils_linked_to_surface": true,
        "final_max_max_coil_force": 413488.67923389876,
        "final_avg_max_coil_force": 320816.95905057923,
        "final_max_force_per_coil": [
          184954.3368325807,
          350390.2234792575,
          334434.59665658,
          413488.67923389876
        ],
        "final_max_torque_per_coil": [
          84963.59471852408,
          166193.411770427,
          138137.48924555795,
          117046.51296741085
        ],
        "final_max_max_coil_torque": 166193.411770427,
        "final_avg_max_coil_torque": 126585.25217547997,
        "avg_BdotN_over_B": 0.002773301388288827,
        "max_BdotN_over_B": 0.014450217366767536,
        "lagrange_multipliers": null,
        "output_directory": "/Users/akaptanoglu/actions-runner/_work/stellcoilbench/stellcoilbench/cases/done/2026-03-16_185219_87985/order_8",
        "flux_threshold": 4.4e-05,
        "cc_threshold": 0.10500000000000001,
        "cs_threshold": 0.033702609755580676,
        "msc_threshold": 37.62005072921851,
        "arclength_variation_threshold": 0.0,
        "curvature_threshold": 159.39354377334163,
        "force_threshold": 0.0,
        "torque_threshold": 0.0,
        "timing": {
          "coil_initialization": 5.420297384262085e-07,
          "biotsavart_setup": 0.0026528750313445926,
          "objective_setup": 0.006695666001178324,
          "coil_optimization": 11.743216417031363,
          "save_and_metrics": 1.0674731250619516
        },
        "fourier_order": 8,
        "continuation_step": 2
      },
      {
        "initial_B_field": 1.0982628176644744,
        "final_B_field": 1.0982628176644744,
        "target_B_field": 1.0,
        "optimization_time": 5.077123165130615,
        "walltime_sec": 5.077123165130615,
        "iterations_used": 500,
        "final_squared_flux": 0.0,