{
  "metadata": {
    "contact": "auto",
    "hardware": "CPU: self-hosted runner",
    "run_date": "2026-03-19T00:22:18.577379",
    "iterations_used": 500,
    "walltime_sec": 162.06047797203064,
    "tags": [
      "explore"
    ],
    "parent_ids": []
  },
  "version_info": {
    "stellcoilbench_commit": "9049e286c4d80b19cb29f1877919b71a4e7f43fd",
    "stellcoilbench_branch": "main",
    "simsopt_version": "0.1.dev5668+ga79006b0b",
    "simsopt_commit": "a79006b0b"
  },
  "metrics": {
    "fourier_continuation": true,
    "fourier_orders": [
      4,
      8,
      16
    ],
    "final_order": 16,
    "continuation_results": [
      {
        "initial_B_field": 1.0001867526877442,
        "final_B_field": 1.0974655167599152,
        "target_B_field": 1.0,
        "optimization_time": 76.67737102508545,
        "walltime_sec": 76.67737102508545,
        "iterations_used": 500,
        "final_squared_flux": 0.002791786550896414,
        "optimization_success": true,
        "optimization_message": "Completed",
        "optimization_nfev": 500,
        "optimization_njev": null,
        "_cached_thresholds": {
          "length_threshold": 9.966054352733945,
          "flux_threshold": 1e-08,
          "cc_threshold": 0.14049107020196172,
          "cs_threshold": 0.12801617601912368,
          "msc_threshold": 25.573924341490503,
          "curvature_threshold": 40.845556886645966,
          "force_threshold": 745.4011123230644,
          "torque_threshold": 0.0,
          "finite_build_width": 0.05,
          "major_radius": 1.0098736979848935,
          "minor_radius": 0.16831206437162433,
          "a0": 10.100286074838271,
          "arclength_variation_threshold": 0.0,
          "coil_width": 0.039602838675676315
        },
        "final_min_cs_separation": 0.19619619578235684,
        "final_min_cc_separation": 0.2616884330914741,
        "final_length_per_coil": [
          3.9576426281281276,
          3.2955203611587947,
          2.736625403952514
        ],
        "final_current_per_coil": [
          540401.3299274739,
          416671.37861563434,
          293370.4619640268
        ],
        "total_current_before": 1250443.170507135,
        "total_current_after": 1250443.170507135,
        "final_total_length": 9.989788393239436,
        "final_max_curvature": 4.389871315518324,
        "final_average_curvature": 2.2717361057846857,
        "final_arclength_variation": 0.009959249635753181,
        "final_mean_squared_curvature": 8.062983629369887,
        "final_max_torsion": 47.49960036684401,
        "final_linking_number": 0,
        "coils_linked_to_surface": true,
        "final_max_max_coil_force": 411458.21797265933,
        "final_avg_max_coil_force": 319037.57756830094,
        "final_max_force_per_coil": [
          411458.21797265933,
          329017.62447457603,
          216636.89025766743
        ],
        "final_max_torque_per_coil": [
          144627.56837406996,
          80045.57528589357,
          33210.51429131793
        ],
        "final_max_max_coil_torque": 144627.56837406996,
        "final_avg_max_coil_torque": 85961.21931709383,
        "avg_BdotN_over_B": 0.0247359303517015,
        "max_BdotN_over_B": 0.08420647515830491,
        "lagrange_multipliers": null,
        "output_directory": "/Users/akaptanoglu/actions-runner/_work/stellcoilbench/stellcoilbench/cases/done/2026-03-19_001140_28486/order_4",
        "flux_threshold": 1e-08,
        "cc_threshold": 0.14049107020196172,
        "cs_threshold": 0.12801617601912368,
        "msc_threshold": 25.573924341490503,
        "arclength_variation_threshold": 0.0,
        "curvature_threshold": 40.845556886645966,
        "force_threshold": 745.4011123230644,
        "torque_threshold": 0.0,
        "timing": {
          "coil_initialization": 0.14779333397746086,
          "biotsavart_setup": 1.2462183749303222,
          "objective_setup": 0.03478645905852318,
          "coil_optimization": 76.67741587478667,
          "save_and_metrics": 0.7897369170095772
        },
        "fourier_order": 4,
        "continuation_step": 1
      },
      {
        "initial_B_field": 1.0974655167599152,
        "final_B_field": 1.0974887311507242,
        "target_B_field": 1.0,
        "optimization_time": 148.791188955307,
        "walltime_sec": 148.791188955307,
        "iterations_used": 500,
        "final_squared_flux": 0.002763296176325775,
        "optimization_success": true,
        "optimization_message": "Completed",
        "optimization_nfev": 500,
        "optimization_njev": null,
        "_cached_thresholds": {
          "length_threshold": 9.966054352733945,
          "flux_threshold": 1e-08,
          "cc_threshold": 0.14049107020196172,
          "cs_threshold": 0.12801617601912368,
          "msc_threshold": 25.573924341490503,
          "curvature_threshold": 40.845556886645966,
          "force_threshold": 745.4011123230644,
          "torque_threshold": 0.0,
          "finite_build_width": 0.05,
          "major_radius": 1.0098736979848935,
          "minor_radius": 0.16831206437162433,
          "a0": 10.100286074838271,
          "arclength_variation_threshold": 0.0,
          "coil_width": 0.039602838675676315
        },
        "final_min_cs_separation": 0.18485178413197453,
        "final_min_cc_separation": 0.2707766097258708,
        "final_length_per_coil": [
          4.025819342938613,
          3.28507717314082,
          2.6788243272636887
        ],
        "final_current_per_coil": [
          556912.2319957592,
          414277.79867616756,
          279253.1398352084
        ],
        "total_current_before": 1250443.170507135,
        "total_current_after": 1250443.170507135,
        "final_total_length": 9.989720843343122,
        "final_max_curvature": 4.577077278540052,
        "final_average_curvature": 2.2901430376480794,
        "final_arclength_variation": 0.0019921987478776393,
        "final_mean_squared_curvature": 8.40272018390813,
        "final_max_torsion": 38.94898975219086,
        "final_linking_number": 0,
        "coils_linked_to_surface": true,
        "final_max_max_coil_force": 356834.4067266354,
        "final_avg_max_coil_force": 250584.43002765253,
        "final_max_force_per_coil": [
          356834.4067266354,
          241002.7878422158,
          153916.09551410627
        ],
        "final_max_torque_per_coil": [
          103444.31219752858,
          55033.470699650345,
          21519.481550590954
        ],
        "final_max_max_coil_torque": 103444.31219752858,
        "final_avg_max_coil_torque": 59999.088149256626,
        "avg_BdotN_over_B": 0.024615905174456613,
        "max_BdotN_over_B": 0.08454666666408826,
        "lagrange_multipliers": null,
        "output_directory": "/Users/akaptanoglu/actions-runner/_work/stellcoilbench/stellcoilbench/cases/done/2026-03-19_001140_28486/order_8",
        "flux_threshold": 1e-08,
        "cc_threshold": 0.14049107020196172,
        "cs_threshold": 0.12801617601912368,
        "msc_threshold": 25.573924341490503,
        "arclength_variation_threshold": 0.0,
        "curvature_threshold": 40.845556886645966,
        "force_threshold": 745.4011123230644,
        "torque_threshold": 0.0,
        "timing": {
          "coil_initialization": 6.670597940683365e-07,
          "biotsavart_setup": 0.002374792005866766,
          "objective_setup": 0.004515958018600941,
          "coil_optimization": 148.79126299987547,
          "save_and_metrics": 0.7843363748397678
        },
        "fourier_order": 8,
        "continuation_step": 2
      },
      {
        "initial_B_field": 1.0974887311507242,
        "final_B_field": 1.0972775027115995,
        "target_B_field": 1.0,
        "optimization_time": 162.06047797203064,
        "walltime_sec": 162.06047797203064,
        "iterations_used": 500,
        "final_squared_flux": 0.002730728999565859,
        "optimization_success": true,
        "optimization_message": "Completed",