{
  "metadata": {
    "contact": "auto",
    "hardware": "CPU: self-hosted runner",
    "run_date": "2026-03-15T22:27:20.395406",
    "iterations_used": 500,
    "walltime_sec": 131.8809051513672
  },
  "version_info": {
    "stellcoilbench_commit": "fea62a579e0615a126b9175954df2285453bd4e1",
    "stellcoilbench_branch": "main",
    "simsopt_version": "0.1.dev5668+ga79006b0b",
    "simsopt_commit": "a79006b0b"
  },
  "metrics": {
    "fourier_continuation": true,
    "fourier_orders": [
      4,
      8,
      16
    ],
    "final_order": 16,
    "continuation_results": [
      {
        "initial_B_field": 1.0001867526877442,
        "final_B_field": 1.0970850111319446,
        "target_B_field": 1.0,
        "optimization_time": 92.58321571350098,
        "walltime_sec": 92.58321571350098,
        "iterations_used": 500,
        "final_squared_flux": 0.00016313191950357238,
        "optimization_success": true,
        "optimization_message": "Completed",
        "optimization_nfev": 500,
        "optimization_njev": null,
        "_cached_thresholds": {
          "length_threshold": 13.363977911106971,
          "flux_threshold": 1e-08,
          "cc_threshold": 0.10500000000000001,
          "cs_threshold": 0.1620746172802053,
          "msc_threshold": 12.120343289805925,
          "curvature_threshold": 14.695916238889685,
          "force_threshold": 663.5887951168744,
          "torque_threshold": 0.0,
          "finite_build_width": 0.05,
          "major_radius": 1.0098736979848935,
          "minor_radius": 0.16831206437162433,
          "a0": 10.100286074838271,
          "arclength_variation_threshold": 0.0,
          "coil_width": 0.039602838675676315
        },
        "final_min_cs_separation": 0.27535846645642953,
        "final_min_cc_separation": 0.1740490633205769,
        "final_length_per_coil": [
          4.815176589046903,
          4.498293593298521,
          4.056115272119396
        ],
        "final_current_per_coil": [
          455600.2143953146,
          432069.4872384158,
          362773.46887340466
        ],
        "total_current_before": 1250443.170507135,
        "total_current_after": 1250443.170507135,
        "final_total_length": 13.369585454464818,
        "final_max_curvature": 3.008155093855804,
        "final_average_curvature": 1.8206435570811663,
        "final_arclength_variation": 0.00349891124423646,
        "final_mean_squared_curvature": 4.36396588463455,
        "final_max_torsion": 31.46812977561999,
        "final_linking_number": 0,
        "coils_linked_to_surface": true,
        "final_max_max_coil_force": 399127.8632792201,
        "final_avg_max_coil_force": 354745.05502781784,
        "final_max_force_per_coil": [
          399127.8632792201,
          375613.31435603724,
          289493.98744819616
        ],
        "final_max_torque_per_coil": [
          169979.42872160688,
          141218.11405753912,
          82409.02105760871
        ],
        "final_max_max_coil_torque": 169979.42872160688,
        "final_avg_max_coil_torque": 131202.1879455849,
        "avg_BdotN_over_B": 0.005795878823704305,
        "max_BdotN_over_B": 0.020412207526548293,
        "lagrange_multipliers": null,
        "output_directory": "/Users/akaptanoglu/actions-runner/_work/stellcoilbench/stellcoilbench/cases/done/2026-03-15_221915_75428/order_4",
        "flux_threshold": 1e-08,
        "cc_threshold": 0.10500000000000001,
        "cs_threshold": 0.1620746172802053,
        "msc_threshold": 12.120343289805925,
        "arclength_variation_threshold": 0.0,
        "curvature_threshold": 14.695916238889685,
        "force_threshold": 663.5887951168744,
        "torque_threshold": 0.0,
        "timing": {
          "coil_initialization": 0.14854895800817758,
          "biotsavart_setup": 1.1910349170211703,
          "objective_setup": 0.021403249935247004,
          "coil_optimization": 92.58329108299222,
          "save_and_metrics": 0.7596525830449536
        },
        "fourier_order": 4,
        "continuation_step": 1
      },
      {
        "initial_B_field": 1.0970850111319446,
        "final_B_field": 1.0962008265421783,
        "target_B_field": 1.0,
        "optimization_time": 79.74190711975098,
        "walltime_sec": 79.74190711975098,
        "iterations_used": 500,
        "final_squared_flux": 0.00013599742876665852,
        "optimization_success": true,
        "optimization_message": "Completed",
        "optimization_nfev": 500,
        "optimization_njev": null,
        "_cached_thresholds": {
          "length_threshold": 13.363977911106971,
          "flux_threshold": 1e-08,
          "cc_threshold": 0.10500000000000001,
          "cs_threshold": 0.1620746172802053,
          "msc_threshold": 12.120343289805925,
          "curvature_threshold": 14.695916238889685,
          "force_threshold": 663.5887951168744,
          "torque_threshold": 0.0,
          "finite_build_width": 0.05,
          "major_radius": 1.0098736979848935,
          "minor_radius": 0.16831206437162433,
          "a0": 10.100286074838271,
          "arclength_variation_threshold": 0.0,
          "coil_width": 0.039602838675676315
        },
        "final_min_cs_separation": 0.2675041338902438,
        "final_min_cc_separation": 0.1879848081512673,
        "final_length_per_coil": [
          4.729927213116083,
          4.483924775004352,
          4.155319640946491
        ],
        "final_current_per_coil": [
          440413.1127078183,
          426366.7217148632,
          383663.3360844536
        ],
        "total_current_before": 1250443.170507135,
        "total_current_after": 1250443.170507135,
        "final_total_length": 13.369171629066926,
        "final_max_curvature": 4.13870844967757,
        "final_average_curvature": 1.9071597319999356,
        "final_arclength_variation": 0.0016476165617338747,
        "final_mean_squared_curvature": 4.9081165444846935,
        "final_max_torsion": 55.5828710051088,
        "final_linking_number": 0,
        "coils_linked_to_surface": true,
        "final_max_max_coil_force": 404405.3760029149,
        "final_avg_max_coil_force": 320013.9151246098,
        "final_max_force_per_coil": [
          404405.3760029149,
          321787.78435855225,
          233848.58501236208
        ],
        "final_max_torque_per_coil": [
          126087.08973955011,
          106929.37864296375,
          63827.90085710281
        ],
        "final_max_max_coil_torque": 126087.08973955011,
        "final_avg_max_coil_torque": 98948.12307987222,
        "avg_BdotN_over_B": 0.005325993875058135,
        "max_BdotN_over_B": 0.019279515540964038,
        "lagrange_multipliers": null,
        "output_directory": "/Users/akaptanoglu/actions-runner/_work/stellcoilbench/stellcoilbench/cases/done/2026-03-15_221915_75428/order_8",
        "flux_threshold": 1e-08,
        "cc_threshold": 0.10500000000000001,
        "cs_threshold": 0.1620746172802053,
        "msc_threshold": 12.120343289805925,
        "arclength_variation_threshold": 0.0,
        "curvature_threshold": 14.695916238889685,
        "force_threshold": 663.5887951168744,
        "torque_threshold": 0.0,
        "timing": {
          "coil_initialization": 5.409820005297661e-07,
          "biotsavart_setup": 0.0024463749723508954,
          "objective_setup": 0.004554082988761365,
          "coil_optimization": 79.7419720001053,
          "save_and_metrics": 0.7876204999629408
        },
        "fourier_order": 8,
        "continuation_step": 2
      },
      {
        "initial_B_field": 1.0962008265421783,
        "final_B_field": 1.0960164248153514,
        "target_B_field": 1.0,
        "optimization_time": 131.8809051513672,
        "walltime_sec": 131.8809051513672,
        "iterations_used": 500,
        "final_squared_flux": 0.0001353487333193517,
        "optimization_success": true,
        "optimization_message": "Completed",
        "optimization_nfev": 500,
        "optimization_njev": null,