{
  "metadata": {
    "contact": "auto",
    "hardware": "CPU: self-hosted runner",
    "run_date": "2026-03-16T07:14:06.496567",
    "iterations_used": 500,
    "walltime_sec": 341.2613971233368
  },
  "version_info": {
    "stellcoilbench_commit": "3fca756baa7ec95155366f24da2f9014acc42ab0",
    "stellcoilbench_branch": "main",
    "simsopt_version": "0.1.dev5668+ga79006b0b",
    "simsopt_commit": "a79006b0b"
  },
  "metrics": {
    "fourier_continuation": true,
    "fourier_orders": [
      4,
      8,
      16
    ],
    "final_order": 16,
    "continuation_results": [
      {
        "initial_B_field": 1.0000008292436955,
        "final_B_field": 1.0801827990274895,
        "target_B_field": 1.0,
        "optimization_time": 771.1020002365112,
        "walltime_sec": 771.1020002365112,
        "iterations_used": 500,
        "final_squared_flux": 0.009321196609578688,
        "optimization_success": true,
        "optimization_message": "Completed",
        "optimization_nfev": 500,
        "optimization_njev": null,
        "_cached_thresholds": {
          "length_threshold": 14.249101355508337,
          "flux_threshold": 1e-08,
          "cc_threshold": 0.1668269579212865,
          "cs_threshold": 0.1062346147475017,
          "msc_threshold": 7.928724568748043,
          "curvature_threshold": 27.64448298683235,
          "force_threshold": 539.3552763963637,
          "torque_threshold": 0.0,
          "finite_build_width": 0.05,
          "major_radius": 1.0098736979848935,
          "minor_radius": 0.16831206437162433,
          "a0": 10.100286074838271,
          "arclength_variation_threshold": 0.0,
          "coil_width": 0.039602838675676315
        },
        "final_min_cs_separation": 0.09372533378337447,
        "final_min_cc_separation": 0.16055376232425608,
        "final_length_per_coil": [
          2.5017426118755317,
          2.4442466394821962,
          2.373634863512448,
          2.3287419132179332,
          2.328128283431936,
          2.3377592722475002
        ],
        "final_current_per_coil": [
          235420.7617680099,
          221518.2384171636,
          198263.72402614984,
          182518.4799906236,
          197436.9180795351,
          214843.95017289056
        ],
        "total_current_before": 1250002.0724543727,
        "total_current_after": 1250002.0724543727,
        "final_total_length": 14.314253583767545,
        "final_max_curvature": 3.9840975377743857,
        "final_average_curvature": 2.7649200779617353,
        "final_arclength_variation": 0.004187941517650374,
        "final_mean_squared_curvature": 8.037596668379067,
        "final_max_torsion": 7.0019215943854975,
        "final_linking_number": 0,
        "coils_linked_to_surface": true,
        "final_max_max_coil_force": 165471.7875921526,
        "final_avg_max_coil_force": 135191.02579821396,
        "final_max_force_per_coil": [
          165471.7875921526,
          151489.69787706176,
          131052.81065256525,
          116536.35251484174,
          121352.79549539316,
          125242.71065726913
        ],
        "final_max_torque_per_coil": [
          23650.992727572673,
          17511.861689553887,
          10597.88670683011,
          6648.9101827652385,
          6747.2484281132365,
          6738.63549616462
        ],
        "final_max_max_coil_torque": 23650.992727572673,
        "final_avg_max_coil_torque": 11982.589205166629,
        "avg_BdotN_over_B": 0.0463795604013321,
        "max_BdotN_over_B": 0.19196836218698307,
        "lagrange_multipliers": null,
        "output_directory": "/Users/akaptanoglu/actions-runner/_work/stellcoilbench/stellcoilbench/cases/done/2026-03-16_064343_75317/order_4",
        "flux_threshold": 1e-08,
        "cc_threshold": 0.1668269579212865,
        "cs_threshold": 0.1062346147475017,
        "msc_threshold": 7.928724568748043,
        "arclength_variation_threshold": 0.0,
        "curvature_threshold": 27.64448298683235,
        "force_threshold": 539.3552763963637,
        "torque_threshold": 0.0,
        "timing": {
          "coil_initialization": 0.315631749923341,
          "biotsavart_setup": 1.4690076670376584,
          "objective_setup": 0.07094645907636732,
          "coil_optimization": 771.102744792006,
          "save_and_metrics": 0.993385958019644
        },
        "fourier_order": 4,
        "continuation_step": 1
      },
      {
        "initial_B_field": 1.0801827990274895,
        "final_B_field": 1.080159739116255,
        "target_B_field": 1.0,
        "optimization_time": 643.5084228515625,
        "walltime_sec": 643.5084228515625,
        "iterations_used": 500,
        "final_squared_flux": 0.009319053177449448,
        "optimization_success": true,
        "optimization_message": "Completed",
        "optimization_nfev": 500,
        "optimization_njev": null,
        "_cached_thresholds": {
          "length_threshold": 14.249101355508337,
          "flux_threshold": 1e-08,
          "cc_threshold": 0.1668269579212865,
          "cs_threshold": 0.1062346147475017,
          "msc_threshold": 7.928724568748043,
          "curvature_threshold": 27.64448298683235,
          "force_threshold": 539.3552763963637,
          "torque_threshold": 0.0,
          "finite_build_width": 0.05,
          "major_radius": 1.0098736979848935,
          "minor_radius": 0.16831206437162433,
          "a0": 10.100286074838271,
          "arclength_variation_threshold": 0.0,
          "coil_width": 0.039602838675676315
        },
        "final_min_cs_separation": 0.09367761403373924,
        "final_min_cc_separation": 0.1606495391658965,
        "final_length_per_coil": [
          2.5015709683362006,
          2.4441961451734664,
          2.3736434468085625,
          2.328841505850279,
          2.3282030717741105,
          2.33779456209245
        ],
        "final_current_per_coil": [
          235305.68768277724,
          221453.01585822564,
          198239.9811415926,
          182598.8930505879,
          197516.52162290353,
          214887.9730982856
        ],
        "total_current_before": 1250002.0724543727,
        "total_current_after": 1250002.0724543724,
        "final_total_length": 14.31424970003507,
        "final_max_curvature": 4.000490762728983,
        "final_average_curvature": 2.7564115733388173,
        "final_arclength_variation": 0.0015619730422551771,
        "final_mean_squared_curvature": 7.977914202278332,
        "final_max_torsion": 6.286679569161835,
        "final_linking_number": 0,
        "coils_linked_to_surface": true,
        "final_max_max_coil_force": 145201.47490061758,
        "final_avg_max_coil_force": 112014.37022788699,
        "final_max_force_per_coil": [
          145201.47490061758,
          129263.42700267653,
          109360.52220118986,
          96199.28067211775,
          96633.27020885465,
          95428.24638186548
        ],
        "final_max_torque_per_coil": [
          18178.812739065725,
          13527.590716954204,
          8115.714436499008,
          4927.8094151168625,
          4698.799526521546,
          4438.0632056467575
        ],
        "final_max_max_coil_torque": 18178.812739065725,
        "final_avg_max_coil_torque": 8981.131673300684,
        "avg_BdotN_over_B": 0.046373908367892014,
        "max_BdotN_over_B": 0.19167665297623093,
        "lagrange_multipliers": null,
        "output_directory": "/Users/akaptanoglu/actions-runner/_work/stellcoilbench/stellcoilbench/cases/done/2026-03-16_064343_75317/order_8",
        "flux_threshold": 1e-08,
        "cc_threshold": 0.1668269579212865,
        "cs_threshold": 0.1062346147475017,
        "msc_threshold": 7.928724568748043,
        "arclength_variation_threshold": 0.0,
        "curvature_threshold": 27.64448298683235,
        "force_threshold": 539.3552763963637,
        "torque_threshold": 0.0,
        "timing": {
          "coil_initialization": 6.660120561718941e-07,