{
  "metadata": {
    "contact": "auto",
    "hardware": "CPU: self-hosted runner",
    "run_date": "2026-03-19T02:01:37.223886",
    "iterations_used": 500,
    "walltime_sec": 176.78134298324585,
    "tags": [
      "explore"
    ],
    "parent_ids": []
  },
  "version_info": {
    "stellcoilbench_commit": "7b145b9be4ecc87f1030a643671ba5dedbf09ec7",
    "stellcoilbench_branch": "main",
    "simsopt_version": "0.1.dev5668+ga79006b0b",
    "simsopt_commit": "a79006b0b"
  },
  "metrics": {
    "fourier_continuation": true,
    "fourier_orders": [
      4,
      8,
      16
    ],
    "final_order": 16,
    "continuation_results": [
      {
        "initial_B_field": 1.0000008292436955,
        "final_B_field": 1.0976687982467044,
        "target_B_field": 1.0,
        "optimization_time": 931.1153650283813,
        "walltime_sec": 931.1153650283813,
        "iterations_used": 500,
        "final_squared_flux": 0.0017909737279386863,
        "optimization_success": true,
        "optimization_message": "Completed",
        "optimization_nfev": 500,
        "optimization_njev": null,
        "_cached_thresholds": {
          "length_threshold": 17.002488714434733,
          "flux_threshold": 1e-08,
          "cc_threshold": 0.1922717817704085,
          "cs_threshold": 0.16613390824446214,
          "msc_threshold": 16.887678317129588,
          "curvature_threshold": 24.089182288489276,
          "force_threshold": 2054.3981876221046,
          "torque_threshold": 0.0,
          "finite_build_width": 0.05,
          "major_radius": 1.0098736979848935,
          "minor_radius": 0.16831206437162433,
          "a0": 10.100286074838271,
          "arclength_variation_threshold": 0.0,
          "coil_width": 0.039602838675676315
        },
        "final_min_cs_separation": 0.019929712698637594,
        "final_min_cc_separation": 0.18670806434920953,
        "final_length_per_coil": [
          2.689992166108158,
          2.5886921466604322,
          2.452681847707946,
          3.7491948038556093,
          2.9631315408469105,
          2.577942864175534
        ],
        "final_current_per_coil": [
          229370.77092623114,
          205802.82065168547,
          146943.15142793747,
          721294.2255491653,
          132600.8597712916,
          79191.96367064514
        ],
        "total_current_before": 1250002.0724543727,
        "total_current_after": 1250002.072454373,
        "final_total_length": 17.02163536935459,
        "final_max_curvature": 10.019363916099726,
        "final_average_curvature": 2.7585692035979084,
        "final_arclength_variation": 0.014630409749711333,
        "final_mean_squared_curvature": 16.69960503752824,
        "final_max_torsion": 175.43585493406627,
        "final_linking_number": 0,
        "coils_linked_to_surface": false,
        "final_max_max_coil_force": 615650.5695406435,
        "final_avg_max_coil_force": 216970.44055512061,
        "final_max_force_per_coil": [
          160650.56705723307,
          150482.1735031656,
          122881.48966597511,
          615650.5695406435,
          178872.77750600243,
          73285.06605770397
        ],
        "final_max_torque_per_coil": [
          42181.755484706155,
          36547.30987372932,
          26761.42969185204,
          144109.6598317176,
          33800.488596022915,
          24250.792657251655
        ],
        "final_max_max_coil_torque": 144109.6598317176,
        "final_avg_max_coil_torque": 51275.239355879945,
        "avg_BdotN_over_B": 0.01918666768163519,
        "max_BdotN_over_B": 0.0786054857280058,
        "lagrange_multipliers": null,
        "output_directory": "/Users/akaptanoglu/actions-runner/_work/stellcoilbench/stellcoilbench/cases/done/2026-03-19_014104_84018/order_4",
        "flux_threshold": 1e-08,
        "cc_threshold": 0.1922717817704085,
        "cs_threshold": 0.16613390824446214,
        "msc_threshold": 16.887678317129588,
        "arclength_variation_threshold": 0.0,
        "curvature_threshold": 24.089182288489276,
        "force_threshold": 2054.3981876221046,
        "torque_threshold": 0.0,
        "timing": {
          "coil_initialization": 0.29171466594561934,
          "biotsavart_setup": 1.4919947918970138,
          "objective_setup": 0.09909308305941522,
          "coil_optimization": 931.1162789580412,
          "save_and_metrics": 0.9846065829042345
        },
        "fourier_order": 4,
        "continuation_step": 1
      },
      {
        "initial_B_field": 1.0976687982467044,
        "final_B_field": 1.0942815613277697,
        "target_B_field": 1.0,
        "optimization_time": 52.312946796417236,
        "walltime_sec": 52.312946796417236,
        "iterations_used": 500,
        "final_squared_flux": 0.0015082592324642836,
        "optimization_success": true,
        "optimization_message": "Completed",
        "optimization_nfev": 500,
        "optimization_njev": null,
        "_cached_thresholds": {
          "length_threshold": 17.002488714434733,
          "flux_threshold": 1e-08,
          "cc_threshold": 0.1922717817704085,
          "cs_threshold": 0.16613390824446214,
          "msc_threshold": 16.887678317129588,
          "curvature_threshold": 24.089182288489276,
          "force_threshold": 2054.3981876221046,
          "torque_threshold": 0.0,
          "finite_build_width": 0.05,
          "major_radius": 1.0098736979848935,
          "minor_radius": 0.16831206437162433,
          "a0": 10.100286074838271,
          "arclength_variation_threshold": 0.0,
          "coil_width": 0.039602838675676315
        },
        "final_min_cs_separation": 0.01883601181077949,
        "final_min_cc_separation": 0.1908115729388716,
        "final_length_per_coil": [
          2.7004594261637145,
          2.592716493191923,
          2.4549532143900756,
          3.772800572266228,
          2.960491504021687,
          2.5227578969194524
        ],
        "final_current_per_coil": [
          230429.1731768572,
          205170.08744720425,
          145601.08825094547,
          729707.5367832613,
          136388.56573502457,
          75482.75253112894
        ],
        "total_current_before": 1250002.072454373,
        "total_current_after": 1250002.0724543727,
        "final_total_length": 17.004179106953078,
        "final_max_curvature": 8.474774955776054,
        "final_average_curvature": 2.7840909502932747,
        "final_arclength_variation": 0.008307416833129267,
        "final_mean_squared_curvature": 16.914494839771695,
        "final_max_torsion": 168.08611704544515,
        "final_linking_number": 0,
        "coils_linked_to_surface": false,
        "final_max_max_coil_force": 323638.28480976116,
        "final_avg_max_coil_force": 166326.98550103616,
        "final_max_force_per_coil": [
          150507.40362029406,
          139161.79478595062,
          115761.4751203878,
          323638.28480976116,
          199926.12220065284,
          68966.83246917053
        ],
        "final_max_torque_per_coil": [
          35347.89853015484,
          30548.71576940035,
          23781.622095424416,
          68922.21232539373,
          32929.82465513639,
          24333.087475827702
        ],
        "final_max_max_coil_torque": 68922.21232539373,
        "final_avg_max_coil_torque": 35977.22680855623,
        "avg_BdotN_over_B": 0.017695207260241215,
        "max_BdotN_over_B": 0.07153877878565137,
        "lagrange_multipliers": null,
        "output_directory": "/Users/akaptanoglu/actions-runner/_work/stellcoilbench/stellcoilbench/cases/done/2026-03-19_014104_84018/order_8",
        "flux_threshold": 1e-08,
        "cc_threshold": 0.1922717817704085,
        "cs_threshold": 0.16613390824446214,
        "msc_threshold": 16.887678317129588,
        "arclength_variation_threshold": 0.0,
        "curvature_threshold": 24.089182288489276,
        "force_threshold": 2054.3981876221046,
        "torque_threshold": 0.0,