{
  "metadata": {
    "contact": "auto",
    "hardware": "CPU: self-hosted runner",
    "run_date": "2026-03-13T20:26:56.947035",
    "iterations_used": 500,
    "walltime_sec": 48.39123511314392
  },
  "version_info": {
    "stellcoilbench_commit": "fdb2ea4c06d5e9071381f52d8dddfb7adc3620d7",
    "stellcoilbench_branch": "main",
    "simsopt_version": "0.1.dev5668+ga79006b0b",
    "simsopt_commit": "a79006b0b"
  },
  "metrics": {
    "fourier_continuation": true,
    "fourier_orders": [
      4,
      8,
      16
    ],
    "final_order": 16,
    "continuation_results": [
      {
        "initial_B_field": 1.0001867526877442,
        "final_B_field": 1.0970955691740292,
        "target_B_field": 1.0,
        "optimization_time": 192.641175031662,
        "walltime_sec": 192.641175031662,
        "iterations_used": 500,
        "final_squared_flux": 7.403777802723854e-06,
        "optimization_success": true,
        "optimization_message": "Completed",
        "optimization_nfev": 500,
        "optimization_njev": null,
        "_cached_thresholds": {
          "length_threshold": 19.80141933783816,
          "flux_threshold": 1e-06,
          "cc_threshold": 0.10500000000000001,
          "cs_threshold": 0.005456677126928061,
          "msc_threshold": 164.77257232592967,
          "curvature_threshold": 149.86916591020457,
          "force_threshold": 0.0,
          "torque_threshold": 0.0,
          "finite_build_width": 0.05,
          "major_radius": 1.0098736979848935,
          "minor_radius": 0.16831206437162433,
          "a0": 10.100286074838271,
          "arclength_variation_threshold": 0.0,
          "coil_width": 0.039602838675676315
        },
        "final_min_cs_separation": 0.32916581639026377,
        "final_min_cc_separation": 0.10458851734809331,
        "final_length_per_coil": [
          7.472431576692303,
          6.599020637785635,
          5.731255384957717
        ],
        "final_current_per_coil": [
          465280.7514028151,
          420986.25991793384,
          364176.15918638615
        ],
        "total_current_before": 1250443.170507135,
        "total_current_after": 1250443.170507135,
        "final_total_length": 19.802707599435657,
        "final_max_curvature": 2.1584576888060987,
        "final_average_curvature": 1.3559135191367209,
        "final_arclength_variation": 0.0012817925284135017,
        "final_mean_squared_curvature": 2.489847094956212,
        "final_max_torsion": 11.041282056950175,
        "final_linking_number": 0,
        "coils_linked_to_surface": true,
        "final_max_max_coil_force": 780268.1153800077,
        "final_avg_max_coil_force": 722439.3105944745,
        "final_max_force_per_coil": [
          726787.1461972026,
          780268.1153800077,
          660262.6702062131
        ],
        "final_max_torque_per_coil": [
          498594.26929540123,
          573415.5611443218,
          341602.420369518
        ],
        "final_max_max_coil_torque": 573415.5611443218,
        "final_avg_max_coil_torque": 471204.08360308036,
        "avg_BdotN_over_B": 0.0011931924756429244,
        "max_BdotN_over_B": 0.005008550255794599,
        "lagrange_multipliers": null,
        "output_directory": "/Users/akaptanoglu/actions-runner/_work/stellcoilbench/stellcoilbench/cases/done/2026-03-13_201622_84473/order_4",
        "flux_threshold": 1e-06,
        "cc_threshold": 0.10500000000000001,
        "cs_threshold": 0.005456677126928061,
        "msc_threshold": 164.77257232592967,
        "arclength_variation_threshold": 0.0,
        "curvature_threshold": 149.86916591020457,
        "force_threshold": 0.0,
        "torque_threshold": 0.0,
        "timing": {
          "coil_initialization": 0.14759691699873656,
          "biotsavart_setup": 1.229177667060867,
          "objective_setup": 0.03356041596271098,
          "coil_optimization": 192.6414912500186,
          "save_and_metrics": 0.9122684580506757
        },
        "fourier_order": 4,
        "continuation_step": 1
      },
      {
        "initial_B_field": 1.0970955691740292,
        "final_B_field": 1.0965704888910506,
        "target_B_field": 1.0,
        "optimization_time": 322.53890681266785,
        "walltime_sec": 322.53890681266785,
        "iterations_used": 500,
        "final_squared_flux": 1.1474901088670292e-06,
        "optimization_success": true,
        "optimization_message": "Completed",
        "optimization_nfev": 500,
        "optimization_njev": null,
        "_cached_thresholds": {
          "length_threshold": 19.80141933783816,
          "flux_threshold": 1e-06,
          "cc_threshold": 0.10500000000000001,
          "cs_threshold": 0.005456677126928061,
          "msc_threshold": 164.77257232592967,
          "curvature_threshold": 149.86916591020457,
          "force_threshold": 0.0,
          "torque_threshold": 0.0,
          "finite_build_width": 0.05,
          "major_radius": 1.0098736979848935,
          "minor_radius": 0.16831206437162433,
          "a0": 10.100286074838271,
          "arclength_variation_threshold": 0.0,
          "coil_width": 0.039602838675676315
        },
        "final_min_cs_separation": 0.3354909331736641,
        "final_min_cc_separation": 0.10499491751688073,
        "final_length_per_coil": [
          6.997607566134475,
          6.840333555521678,
          5.963482597893343
        ],
        "final_current_per_coil": [
          440010.7745973339,
          422390.3568041905,
          388042.0391056107
        ],
        "total_current_before": 1250443.170507135,
        "total_current_after": 1250443.170507135,
        "final_total_length": 19.801423719549497,
        "final_max_curvature": 3.123436312363998,
        "final_average_curvature": 1.4744129211905999,
        "final_arclength_variation": 0.0003864426496634846,
        "final_mean_squared_curvature": 3.2395370291830043,
        "final_max_torsion": 47.56402264994265,
        "final_linking_number": 0,
        "coils_linked_to_surface": true,
        "final_max_max_coil_force": 731571.3912533927,
        "final_avg_max_coil_force": 593166.5261001283,
        "final_max_force_per_coil": [
          563776.6678365552,
          731571.3912533927,
          484151.5192104368
        ],
        "final_max_torque_per_coil": [
          509979.8595637687,
          681172.5102548387,
          332328.7101515759
        ],
        "final_max_max_coil_torque": 681172.5102548387,
        "final_avg_max_coil_torque": 507827.0266567278,
        "avg_BdotN_over_B": 0.00046396651738171365,
        "max_BdotN_over_B": 0.002194389556357067,
        "lagrange_multipliers": null,
        "output_directory": "/Users/akaptanoglu/actions-runner/_work/stellcoilbench/stellcoilbench/cases/done/2026-03-13_201622_84473/order_8",
        "flux_threshold": 1e-06,
        "cc_threshold": 0.10500000000000001,
        "cs_threshold": 0.005456677126928061,
        "msc_threshold": 164.77257232592967,
        "arclength_variation_threshold": 0.0,
        "curvature_threshold": 149.86916591020457,
        "force_threshold": 0.0,
        "torque_threshold": 0.0,
        "timing": {
          "coil_initialization": 5.828915163874626e-07,
          "biotsavart_setup": 0.0024282500380650163,
          "objective_setup": 0.004350917064584792,
          "coil_optimization": 322.53943895804696,
          "save_and_metrics": 0.8915124159539118
        },
        "fourier_order": 8,
        "continuation_step": 2
      },
      {
        "initial_B_field": 1.0965704888910506,
        "final_B_field": 1.0967757910043887,
        "target_B_field": 1.0,
        "optimization_time": 48.39123511314392,
        "walltime_sec": 48.39123511314392,
        "iterations_used": 500,
        "final_squared_flux": 0.0,
        "optimization_success": true,
        "optimization_message": "Completed",
        "optimization_nfev": 500,
        "optimization_njev": null,