{
  "metadata": {
    "contact": "auto",
    "hardware": "CPU: self-hosted runner",
    "run_date": "2026-04-04T05:13:33.748383",
    "iterations_used": 500,
    "walltime_sec": 94.74601173400879,
    "tags": [
      "explore"
    ],
    "parent_ids": []
  },
  "version_info": {
    "stellcoilbench_commit": "af871413fd5eaba498ce3133185582a325b8dbc0",
    "stellcoilbench_branch": "main",
    "simsopt_version": "0.1.dev5668+ga79006b0b",
    "simsopt_commit": "a79006b0b"
  },
  "metrics": {
    "fourier_continuation": true,
    "fourier_orders": [
      4,
      8,
      16
    ],
    "final_order": 16,
    "continuation_results": [
      {
        "initial_B_field": 2.500000000019017,
        "final_B_field": 1.4096969477901813,
        "target_B_field": 2.5,
        "optimization_time": 1151.191637992859,
        "walltime_sec": 1151.191637992859,
        "iterations_used": 500,
        "final_squared_flux": 0.5971484941895873,
        "optimization_success": true,
        "optimization_message": "Completed",
        "optimization_nfev": 500,
        "optimization_njev": null,
        "_cached_thresholds": {
          "length_threshold": 41.482526059866494,
          "flux_threshold": 1e-08,
          "cc_threshold": 0.4596495716056848,
          "cs_threshold": 0.41094089802171546,
          "msc_threshold": 2.8091095472784966,
          "curvature_threshold": 31.662492252869978,
          "force_threshold": 1193.0606137286732,
          "torque_threshold": 0.0,
          "finite_build_width": 0.10789896047081801,
          "major_radius": 5.483631261799852,
          "minor_radius": 0.5240806651439732,
          "a0": 3.2437754587511507,
          "arclength_variation_threshold": 0.0,
          "coil_width": 0.12331309768093489
        },
        "final_min_cs_separation": 0.024689512638029158,
        "final_min_cc_separation": 0.15916868791487,
        "final_length_per_coil": [
          5.741787591097896,
          5.7140512696639325,
          6.775538812507362,
          5.869831635131152,
          7.188203113791876,
          5.60359045828156,
          5.277531303930192
        ],
        "final_current_per_coil": [
          388428.29035515134,
          3912.4555306865486,
          1174666.8569734106,
          735734.8183650492,
          3648300.4863779745,
          455556.9851071419,
          468400.1073951768
        ],
        "total_current_before": 6875000.00010459,
        "total_current_after": 6875000.000104591,
        "final_total_length": 42.17053418440397,
        "final_max_curvature": 7.4178868760991055,
        "final_average_curvature": 1.3272942999010076,
        "final_arclength_variation": 0.46298371237825625,
        "final_mean_squared_curvature": 3.7054978084318475,
        "final_max_torsion": 3.022369258415966,
        "final_linking_number": 0,
        "coils_linked_to_surface": false,
        "final_max_max_coil_force": 10683234.930096667,
        "final_avg_max_coil_force": 2171504.922501682,
        "final_max_force_per_coil": [
          300058.0709220695,
          5307.184879352717,
          1344077.3589979038,
          1598620.496052899,
          10683234.930096667,
          866785.6853535181,
          402450.731209363
        ],
        "final_max_torque_per_coil": [
          182076.62694728203,
          3925.700837153777,
          993145.8607233961,
          956230.8714204284,
          6850247.241035281,
          376394.0009378859,
          146859.83053851026
        ],
        "final_max_max_coil_torque": 6850247.241035281,
        "final_avg_max_coil_torque": 1358411.4474914197,
        "avg_BdotN_over_B": 0.12319617120912711,
        "max_BdotN_over_B": 0.9993602910523061,
        "lagrange_multipliers": null,
        "output_directory": "/Users/akaptanoglu/actions-runner/_work/stellcoilbench/stellcoilbench/cases/done/2026-04-04_042436_11575/order_4",
        "flux_threshold": 1e-08,
        "cc_threshold": 0.4596495716056848,
        "cs_threshold": 0.41094089802171546,
        "msc_threshold": 2.8091095472784966,
        "arclength_variation_threshold": 0.0,
        "curvature_threshold": 31.662492252869978,
        "force_threshold": 1193.0606137286732,
        "torque_threshold": 0.0,
        "timing": {
          "coil_initialization": 3.743279874965083,
          "biotsavart_setup": 3.7937887079897337,
          "objective_setup": 0.04597241600276902,
          "coil_optimization": 1151.2136985830148,
          "save_and_metrics": 2.599368792027235
        },
        "fourier_order": 4,
        "continuation_step": 1
      },
      {
        "initial_B_field": 1.4096969477901813,
        "final_B_field": 1.4146688525945066,
        "target_B_field": 2.5,
        "optimization_time": 1508.331638097763,
        "walltime_sec": 1508.331638097763,
        "iterations_used": 500,
        "final_squared_flux": 0.5966395211220503,
        "optimization_success": true,
        "optimization_message": "Completed",
        "optimization_nfev": 500,
        "optimization_njev": null,
        "_cached_thresholds": {
          "length_threshold": 41.482526059866494,
          "flux_threshold": 1e-08,
          "cc_threshold": 0.4596495716056848,
          "cs_threshold": 0.41094089802171546,
          "msc_threshold": 2.8091095472784966,
          "curvature_threshold": 31.662492252869978,
          "force_threshold": 1193.0606137286732,
          "torque_threshold": 0.0,
          "finite_build_width": 0.10789896047081801,
          "major_radius": 5.483631261799852,
          "minor_radius": 0.5240806651439732,
          "a0": 3.2437754587511507,
          "arclength_variation_threshold": 0.0,
          "coil_width": 0.12331309768093489
        },
        "final_min_cs_separation": 0.024867924460352905,
        "final_min_cc_separation": 0.15925329432803326,
        "final_length_per_coil": [
          5.741844063952807,
          5.713495053321371,
          6.775068766095262,
          5.86975821969033,
          7.188731934212111,
          5.603005777298152,
          5.276521696466292
        ],
        "final_current_per_coil": [
          388427.980705144,
          3911.4521314854924,
          1174661.4681257608,
          735736.9348832779,
          3648301.4973557587,
          455555.52787535166,
          468405.1390278116
        ],
        "total_current_before": 6875000.000104591,
        "total_current_after": 6875000.00010459,
        "final_total_length": 42.168425511036325,
        "final_max_curvature": 7.4316640420290705,
        "final_average_curvature": 1.3263207622959923,
        "final_arclength_variation": 0.46385517653789304,
        "final_mean_squared_curvature": 3.713046510531234,
        "final_max_torsion": 2.344706330128584,
        "final_linking_number": 0,
        "coils_linked_to_surface": false,
        "final_max_max_coil_force": 6604485.620694137,
        "final_avg_max_coil_force": 1512759.5429379398,
        "final_max_force_per_coil": [
          291593.5533596331,
          5300.877633501551,
          1027848.4434518162,
          1487492.5890537263,
          6604485.620694137,
          814241.3020907949,
          358354.4142819685
        ],
        "final_max_torque_per_coil": [
          165926.53419684927,
          3914.2137188317333,
          785226.736770072,
          944528.1106905249,
          3645373.0261143874,
          355834.1336942317,
          130832.66725852662
        ],
        "final_max_max_coil_torque": 3645373.0261143874,
        "final_avg_max_coil_torque": 861662.2032062032,
        "avg_BdotN_over_B": 0.12324871414635775,
        "max_BdotN_over_B": 0.9993492379819517,
        "lagrange_multipliers": null,
        "output_directory": "/Users/akaptanoglu/actions-runner/_work/stellcoilbench/stellcoilbench/cases/done/2026-04-04_042436_11575/order_8",
        "flux_threshold": 1e-08,
        "cc_threshold": 0.4596495716056848,
        "cs_threshold": 0.41094089802171546,