{
  "metadata": {
    "contact": "auto",
    "hardware": "CPU: self-hosted runner",
    "run_date": "2026-04-04T11:24:02.859847",
    "iterations_used": 500,
    "walltime_sec": 418.8256981372833,
    "tags": [
      "explore"
    ],
    "parent_ids": []
  },
  "version_info": {
    "stellcoilbench_commit": "5108fae814fd2811fa41e2f6a838eff8098685e4",
    "stellcoilbench_branch": "main",
    "simsopt_version": "0.1.dev5668+ga79006b0b",
    "simsopt_commit": "a79006b0b"
  },
  "metrics": {
    "fourier_continuation": true,
    "fourier_orders": [
      4,
      8,
      16
    ],
    "final_order": 16,
    "continuation_results": [
      {
        "initial_B_field": 2.500000766903552,
        "final_B_field": 2.7813414028015115,
        "target_B_field": 2.5,
        "optimization_time": 1189.9408729076385,
        "walltime_sec": 1189.9408729076385,
        "iterations_used": 500,
        "final_squared_flux": 0.018938228801565423,
        "optimization_success": true,
        "optimization_message": "Completed",
        "optimization_nfev": 500,
        "optimization_njev": null,
        "_cached_thresholds": {
          "length_threshold": 58.339426512850295,
          "flux_threshold": 1e-08,
          "cc_threshold": 0.2740633595958778,
          "cs_threshold": 0.32523829513346575,
          "msc_threshold": 2.390662513099598,
          "curvature_threshold": 3.4740835163224824,
          "force_threshold": 996.1634433824785,
          "torque_threshold": 0.0,
          "finite_build_width": 0.10789896047081801,
          "major_radius": 5.483631261799852,
          "minor_radius": 0.5240806651439732,
          "a0": 3.2437754587511507,
          "arclength_variation_threshold": 0.0,
          "coil_width": 0.12331309768093489
        },
        "final_min_cs_separation": 0.29734764882297077,
        "final_min_cc_separation": 0.22859501802487253,
        "final_length_per_coil": [
          12.10936387513148,
          11.028127330197895,
          13.838959187866099,
          12.145017721556085,
          9.269537832726776
        ],
        "final_current_per_coil": [
          1875140.0428510616,
          1667106.313465455,
          1600731.4111415972,
          1139569.1597160744,
          592457.2904429277
        ],
        "total_current_before": 6875004.217617116,
        "total_current_after": 6875004.217617116,
        "final_total_length": 58.39100594747834,
        "final_max_curvature": 1.927288491326859,
        "final_average_curvature": 0.8568172337883853,
        "final_arclength_variation": 0.04840957943662081,
        "final_mean_squared_curvature": 1.489294002397825,
        "final_max_torsion": 14.914246452905674,
        "final_linking_number": 0,
        "coils_linked_to_surface": true,
        "final_max_max_coil_force": 3466543.054396157,
        "final_avg_max_coil_force": 2644022.4842921225,
        "final_max_force_per_coil": [
          3204131.8056801776,
          3466543.054396157,
          3316063.2060166528,
          1857272.4176342438,
          1376101.9377333815
        ],
        "final_max_torque_per_coil": [
          2693750.0378883802,
          4896809.3348255195,
          4379927.893502923,
          2058114.316763643,
          750271.1451251268
        ],
        "final_max_max_coil_torque": 4896809.3348255195,
        "final_avg_max_coil_torque": 2955774.5456211185,
        "avg_BdotN_over_B": 0.0057140481943374725,
        "max_BdotN_over_B": 0.04168352708809271,
        "lagrange_multipliers": null,
        "output_directory": "/Users/akaptanoglu/actions-runner/_work/stellcoilbench/stellcoilbench/cases/done/2026-04-04_103947_46238/order_4",
        "flux_threshold": 1e-08,
        "cc_threshold": 0.2740633595958778,
        "cs_threshold": 0.32523829513346575,
        "msc_threshold": 2.390662513099598,
        "arclength_variation_threshold": 0.0,
        "curvature_threshold": 3.4740835163224824,
        "force_threshold": 996.1634433824785,
        "torque_threshold": 0.0,
        "timing": {
          "coil_initialization": 0.7257059999974445,
          "biotsavart_setup": 2.5011446669814177,
          "objective_setup": 0.033639834029600024,
          "coil_optimization": 1189.958461125032,
          "save_and_metrics": 1.7348842500359751
        },
        "fourier_order": 4,
        "continuation_step": 1
      },
      {
        "initial_B_field": 2.7813414028015115,
        "final_B_field": 2.7906471226070164,
        "target_B_field": 2.5,
        "optimization_time": 612.5431678295135,
        "walltime_sec": 612.5431678295135,
        "iterations_used": 500,
        "final_squared_flux": 0.03568599083541714,
        "optimization_success": true,
        "optimization_message": "Completed",
        "optimization_nfev": 500,
        "optimization_njev": null,
        "_cached_thresholds": {
          "length_threshold": 58.339426512850295,
          "flux_threshold": 1e-08,
          "cc_threshold": 0.2740633595958778,
          "cs_threshold": 0.32523829513346575,
          "msc_threshold": 2.390662513099598,
          "curvature_threshold": 3.4740835163224824,
          "force_threshold": 996.1634433824785,
          "torque_threshold": 0.0,
          "finite_build_width": 0.10789896047081801,
          "major_radius": 5.483631261799852,
          "minor_radius": 0.5240806651439732,
          "a0": 3.2437754587511507,
          "arclength_variation_threshold": 0.0,
          "coil_width": 0.12331309768093489
        },
        "final_min_cs_separation": 0.27676534814817516,
        "final_min_cc_separation": 0.21135957994595256,
        "final_length_per_coil": [
          12.052208289162932,
          11.073578012540452,
          13.835023330429864,
          12.158830830863442,
          9.41011578926756
        ],
        "final_current_per_coil": [
          1875144.112146576,
          1667100.8187831412,
          1600749.3520825272,
          1139604.4155439145,
          592405.5190609563
        ],
        "total_current_before": 6875004.217617116,
        "total_current_after": 6875004.217617115,
        "final_total_length": 58.52975625226425,
        "final_max_curvature": 2.6233349607565843,
        "final_average_curvature": 0.8358695121244121,
        "final_arclength_variation": 0.2786921518636432,
        "final_mean_squared_curvature": 1.5969774720396692,
        "final_max_torsion": 3.1375825519298695,
        "final_linking_number": 0,
        "coils_linked_to_surface": true,
        "final_max_max_coil_force": 3456926.286701718,
        "final_avg_max_coil_force": 2585130.3473744616,
        "final_max_force_per_coil": [
          2940320.3173855515,
          3456926.286701718,
          3448932.377158425,
          1653569.3608913538,
          1425903.3947352623
        ],
        "final_max_torque_per_coil": [
          2999750.4078007764,
          4694171.240972812,
          4164201.781850235,
          1965221.589170145,
          824358.2197060895
        ],
        "final_max_max_coil_torque": 4694171.240972812,
        "final_avg_max_coil_torque": 2929540.647900012,
        "avg_BdotN_over_B": 0.007543448369365342,
        "max_BdotN_over_B": 0.038530563828135585,
        "lagrange_multipliers": null,
        "output_directory": "/Users/akaptanoglu/actions-runner/_work/stellcoilbench/stellcoilbench/cases/done/2026-04-04_103947_46238/order_8",
        "flux_threshold": 1e-08,
        "cc_threshold": 0.2740633595958778,
        "cs_threshold": 0.32523829513346575,
        "msc_threshold": 2.390662513099598,
        "arclength_variation_threshold": 0.0,
        "curvature_threshold": 3.4740835163224824,
        "force_threshold": 996.1634433824785,
        "torque_threshold": 0.0,
        "timing": {
          "coil_initialization": 9.170034900307655e-07,
          "biotsavart_setup": 0.00432566599920392,
          "objective_setup": 0.007826582994312048,
          "coil_optimization": 612.5522382499767,