{
  "metadata": {
    "contact": "auto",
    "hardware": "CPU: self-hosted runner",
    "run_date": "2026-04-05T06:34:31.797075",
    "iterations_used": 500,
    "walltime_sec": 106.92283916473389,
    "tags": [
      "explore"
    ],
    "parent_ids": []
  },
  "version_info": {
    "stellcoilbench_commit": "f6a0c018a5ebaf2d00b6606d5c23bffc40fb6269",
    "stellcoilbench_branch": "main",
    "simsopt_version": "0.1.dev5668+ga79006b0b",
    "simsopt_commit": "a79006b0b"
  },
  "metrics": {
    "fourier_continuation": true,
    "fourier_orders": [
      4,
      8,
      16
    ],
    "final_order": 16,
    "continuation_results": [
      {
        "initial_B_field": 2.5000971540886527,
        "final_B_field": 2.768355729106462,
        "target_B_field": 2.5,
        "optimization_time": 482.3612699508667,
        "walltime_sec": 482.3612699508667,
        "iterations_used": 500,
        "final_squared_flux": 0.07522489781404709,
        "optimization_success": true,
        "optimization_message": "Completed",
        "optimization_nfev": 500,
        "optimization_njev": null,
        "_cached_thresholds": {
          "length_threshold": 48.81348971699807,
          "flux_threshold": 1e-08,
          "cc_threshold": 0.2851615383871619,
          "cs_threshold": 0.4177231183941669,
          "msc_threshold": 21.412161803216346,
          "curvature_threshold": 2.9193979128760357,
          "force_threshold": 327.9456988797413,
          "torque_threshold": 0.0,
          "finite_build_width": 0.10789896047081801,
          "major_radius": 5.483631261799852,
          "minor_radius": 0.5240806651439732,
          "a0": 3.2437754587511507,
          "arclength_variation_threshold": 0.0,
          "coil_width": 0.12331309768093489
        },
        "final_min_cs_separation": 0.3861677442760396,
        "final_min_cc_separation": 0.18946580273621008,
        "final_length_per_coil": [
          11.925570123150244,
          13.41892742859903,
          12.178039640473676
        ],
        "final_current_per_coil": [
          2686568.4087742236,
          2661185.2118654316,
          1527777.3241872825
        ],
        "total_current_before": 6875530.944826938,
        "total_current_after": 6875530.944826938,
        "final_total_length": 37.52253719222295,
        "final_max_curvature": 1.5640553264529315,
        "final_average_curvature": 0.8855613760920811,
        "final_arclength_variation": 0.12671322379027616,
        "final_mean_squared_curvature": 1.0219149294415877,
        "final_max_torsion": 12.381753246467573,
        "final_linking_number": 0,
        "coils_linked_to_surface": true,
        "final_max_max_coil_force": 6355970.87797277,
        "final_avg_max_coil_force": 5353512.380883747,
        "final_max_force_per_coil": [
          6355970.87797277,
          6063268.461904107,
          3641297.802774365
        ],
        "final_max_torque_per_coil": [
          6110375.545579833,
          5361509.156621469,
          2585496.3790806765
        ],
        "final_max_max_coil_torque": 6110375.545579833,
        "final_avg_max_coil_torque": 4685793.69376066,
        "avg_BdotN_over_B": 0.011910147571354656,
        "max_BdotN_over_B": 0.06960146061383184,
        "lagrange_multipliers": null,
        "output_directory": "/Users/akaptanoglu/actions-runner/_work/stellcoilbench/stellcoilbench/cases/done/2026-04-05_060650_39100/order_4",
        "flux_threshold": 1e-08,
        "cc_threshold": 0.2851615383871619,
        "cs_threshold": 0.4177231183941669,
        "msc_threshold": 21.412161803216346,
        "arclength_variation_threshold": 0.0,
        "curvature_threshold": 2.9193979128760357,
        "force_threshold": 327.9456988797413,
        "torque_threshold": 0.0,
        "timing": {
          "coil_initialization": 0.4197363330167718,
          "biotsavart_setup": 1.6131750829517841,
          "objective_setup": 0.040644749999046326,
          "coil_optimization": 482.3723708339967,
          "save_and_metrics": 1.2221709999721497
        },
        "fourier_order": 4,
        "continuation_step": 1
      },
      {
        "initial_B_field": 2.768355729106462,
        "final_B_field": 2.9768142631773227,
        "target_B_field": 2.5,
        "optimization_time": 980.0623879432678,
        "walltime_sec": 980.0623879432678,
        "iterations_used": 500,
        "final_squared_flux": 0.9112826427150771,
        "optimization_success": true,
        "optimization_message": "Completed",
        "optimization_nfev": 500,
        "optimization_njev": null,
        "_cached_thresholds": {
          "length_threshold": 48.81348971699807,
          "flux_threshold": 1e-08,
          "cc_threshold": 0.2851615383871619,
          "cs_threshold": 0.4177231183941669,
          "msc_threshold": 21.412161803216346,
          "curvature_threshold": 2.9193979128760357,
          "force_threshold": 327.9456988797413,
          "torque_threshold": 0.0,
          "finite_build_width": 0.10789896047081801,
          "major_radius": 5.483631261799852,
          "minor_radius": 0.5240806651439732,
          "a0": 3.2437754587511507,
          "arclength_variation_threshold": 0.0,
          "coil_width": 0.12331309768093489
        },
        "final_min_cs_separation": 0.28383725928954767,
        "final_min_cc_separation": 0.041949611451850694,
        "final_length_per_coil": [
          12.572887045192367,
          13.809252352967142,
          12.319622837407215
        ],
        "final_current_per_coil": [
          2546177.91009355,
          2652225.966136875,
          1677127.068596513
        ],
        "total_current_before": 6875530.944826938,
        "total_current_after": 6875530.944826938,
        "final_total_length": 38.701762235566726,
        "final_max_curvature": 1.9692946266927798,
        "final_average_curvature": 0.8218485701913084,
        "final_arclength_variation": 0.6914870852866869,
        "final_mean_squared_curvature": 0.9011637318886642,
        "final_max_torsion": 1.415426759624861,
        "final_linking_number": 0,
        "coils_linked_to_surface": true,
        "final_max_max_coil_force": 31464956.546704162,
        "final_avg_max_coil_force": 17755042.450869624,
        "final_max_force_per_coil": [
          31464956.546704162,
          15806633.675285526,
          5993537.1306191785
        ],
        "final_max_torque_per_coil": [
          26404899.424457222,
          13647091.267899334,
          4589178.0884203715
        ],
        "final_max_max_coil_torque": 26404899.424457222,
        "final_avg_max_coil_torque": 14880389.593592308,
        "avg_BdotN_over_B": 0.03407977548071039,
        "max_BdotN_over_B": 0.16644739604957015,
        "lagrange_multipliers": null,
        "output_directory": "/Users/akaptanoglu/actions-runner/_work/stellcoilbench/stellcoilbench/cases/done/2026-04-05_060650_39100/order_8",
        "flux_threshold": 1e-08,
        "cc_threshold": 0.2851615383871619,
        "cs_threshold": 0.4177231183941669,
        "msc_threshold": 21.412161803216346,
        "arclength_variation_threshold": 0.0,
        "curvature_threshold": 2.9193979128760357,
        "force_threshold": 327.9456988797413,
        "torque_threshold": 0.0,
        "timing": {
          "coil_initialization": 5.839974619448185e-07,
          "biotsavart_setup": 0.005734707985538989,
          "objective_setup": 0.005820582970045507,
          "coil_optimization": 979.864810084051,
          "save_and_metrics": 1.0200049999984913
        },
        "fourier_order": 8,
        "continuation_step": 2
      },
      {
        "initial_B_field": 2.9768142631773227,
        "final_B_field": 2.9768142631800774,
        "target_B_field": 2.5,
        "optimization_time": 106.92283916473389,
        "walltime_sec": 106.92283916473389,
        "iterations_used": 500,
        "final_squared_flux": 0.911282642717352,
        "optimization_success": true,
        "optimization_message": "Completed",