{
  "metadata": {
    "contact": "auto",
    "hardware": "CPU: self-hosted runner",
    "run_date": "2026-03-14T07:31:45.970444",
    "iterations_used": 500,
    "walltime_sec": 6.330361843109131
  },
  "version_info": {
    "stellcoilbench_commit": "4e078354e1165cbf6ae56c9379570ef87fe2d2bf",
    "stellcoilbench_branch": "main",
    "simsopt_version": "0.1.dev5668+ga79006b0b",
    "simsopt_commit": "a79006b0b"
  },
  "metrics": {
    "fourier_continuation": true,
    "fourier_orders": [
      4,
      8,
      16
    ],
    "final_order": 16,
    "continuation_results": [
      {
        "initial_B_field": 1.0000305513510055,
        "final_B_field": 1.0969758058507866,
        "target_B_field": 1.0,
        "optimization_time": 70.19249486923218,
        "walltime_sec": 70.19249486923218,
        "iterations_used": 500,
        "final_squared_flux": 0.0,
        "optimization_success": true,
        "optimization_message": "Completed",
        "optimization_nfev": 500,
        "optimization_njev": null,
        "_cached_thresholds": {
          "length_threshold": 19.80141933783816,
          "flux_threshold": 6e-06,
          "cc_threshold": 0.10500000000000001,
          "cs_threshold": 0.0017630193707444204,
          "msc_threshold": 108.4469836915461,
          "curvature_threshold": 249.09321477651713,
          "force_threshold": 0.0,
          "torque_threshold": 0.0,
          "finite_build_width": 0.05,
          "major_radius": 1.0098736979848935,
          "minor_radius": 0.16831206437162433,
          "a0": 10.100286074838271,
          "arclength_variation_threshold": 0.0,
          "coil_width": 0.039602838675676315
        },
        "final_min_cs_separation": 0.29276660372222296,
        "final_min_cc_separation": 0.10482030224969432,
        "final_length_per_coil": [
          4.782775223304713,
          4.942517029948492,
          4.891964517818896,
          5.193046497858363
        ],
        "final_current_per_coil": [
          235844.49189765457,
          323551.5252832605,
          299593.7046245017,
          391085.9028300473
        ],
        "total_current_before": 1250075.624635464,
        "total_current_after": 1250075.624635464,
        "final_total_length": 19.81030326893046,
        "final_max_curvature": 2.7270631945035473,
        "final_average_curvature": 1.746798583835979,
        "final_arclength_variation": 0.0009566545974260501,
        "final_mean_squared_curvature": 3.5885784265914777,
        "final_max_torsion": 39.99519003952439,
        "final_linking_number": 0,
        "coils_linked_to_surface": true,
        "final_max_max_coil_force": 452831.9441765432,
        "final_avg_max_coil_force": 381642.13505193376,
        "final_max_force_per_coil": [
          261270.24175032892,
          452831.9441765432,
          403496.4563976536,
          408969.89788320946
        ],
        "final_max_torque_per_coil": [
          111680.69784341313,
          216655.85726491062,
          139265.5594666917,
          135162.15122829058
        ],
        "final_max_max_coil_torque": 216655.85726491062,
        "final_avg_max_coil_torque": 150691.0664508265,
        "avg_BdotN_over_B": 0.0010539051304238368,
        "max_BdotN_over_B": 0.004223106785480527,
        "lagrange_multipliers": null,
        "output_directory": "/Users/akaptanoglu/actions-runner/_work/stellcoilbench/stellcoilbench/cases/done/2026-03-14_072853_69942/order_4",
        "flux_threshold": 6e-06,
        "cc_threshold": 0.10500000000000001,
        "cs_threshold": 0.0017630193707444204,
        "msc_threshold": 108.4469836915461,
        "arclength_variation_threshold": 0.0,
        "curvature_threshold": 249.09321477651713,
        "force_threshold": 0.0,
        "torque_threshold": 0.0,
        "timing": {
          "coil_initialization": 0.20044433302246034,
          "biotsavart_setup": 1.1838105419883505,
          "objective_setup": 0.03930329205468297,
          "coil_optimization": 70.19253479107283,
          "save_and_metrics": 0.97538729198277
        },
        "fourier_order": 4,
        "continuation_step": 1
      },
      {
        "initial_B_field": 1.0969758058507866,
        "final_B_field": 1.0968769858487617,
        "target_B_field": 1.0,
        "optimization_time": 21.180456161499023,
        "walltime_sec": 21.180456161499023,
        "iterations_used": 500,
        "final_squared_flux": 0.0,
        "optimization_success": true,
        "optimization_message": "Completed",
        "optimization_nfev": 500,
        "optimization_njev": null,
        "_cached_thresholds": {
          "length_threshold": 19.80141933783816,
          "flux_threshold": 6e-06,
          "cc_threshold": 0.10500000000000001,
          "cs_threshold": 0.0017630193707444204,
          "msc_threshold": 108.4469836915461,
          "curvature_threshold": 249.09321477651713,
          "force_threshold": 0.0,
          "torque_threshold": 0.0,
          "finite_build_width": 0.05,
          "major_radius": 1.0098736979848935,
          "minor_radius": 0.16831206437162433,
          "a0": 10.100286074838271,
          "arclength_variation_threshold": 0.0,
          "coil_width": 0.039602838675676315
        },
        "final_min_cs_separation": 0.29125776916739277,
        "final_min_cc_separation": 0.10499996669899486,
        "final_length_per_coil": [
          4.726393838771348,
          4.893613147858524,
          4.8290621664781455,
          5.136605984433591
        ],
        "final_current_per_coil": [
          235628.04185529437,
          324247.18639269186,
          299495.46476473624,
          390704.9316227416
        ],
        "total_current_before": 1250075.624635464,
        "total_current_after": 1250075.624635464,
        "final_total_length": 19.585675137541607,
        "final_max_curvature": 2.676000598797975,
        "final_average_curvature": 1.744998285877509,
        "final_arclength_variation": 5.623949879880019e-06,
        "final_mean_squared_curvature": 3.600215155122587,
        "final_max_torsion": 39.01104045920357,
        "final_linking_number": 0,
        "coils_linked_to_surface": true,
        "final_max_max_coil_force": 436875.07384471386,
        "final_avg_max_coil_force": 353937.2949947687,
        "final_max_force_per_coil": [
          225096.53060522163,
          436875.07384471386,
          400227.3115839486,
          353550.2639451907
        ],
        "final_max_torque_per_coil": [
          92752.11783208014,
          213160.87507157237,
          143086.47518381054,
          103617.66598568238
        ],
        "final_max_max_coil_torque": 213160.87507157237,
        "final_avg_max_coil_torque": 138154.28351828636,
        "avg_BdotN_over_B": 0.001070060458499108,
        "max_BdotN_over_B": 0.005175367232027798,
        "lagrange_multipliers": null,
        "output_directory": "/Users/akaptanoglu/actions-runner/_work/stellcoilbench/stellcoilbench/cases/done/2026-03-14_072853_69942/order_8",
        "flux_threshold": 6e-06,
        "cc_threshold": 0.10500000000000001,
        "cs_threshold": 0.0017630193707444204,
        "msc_threshold": 108.4469836915461,
        "arclength_variation_threshold": 0.0,
        "curvature_threshold": 249.09321477651713,
        "force_threshold": 0.0,
        "torque_threshold": 0.0,
        "timing": {
          "coil_initialization": 8.33999365568161e-07,
          "biotsavart_setup": 0.0027897499967366457,
          "objective_setup": 0.0056719169951975346,
          "coil_optimization": 21.180476124980487,
          "save_and_metrics": 1.0324363330146298
        },
        "fourier_order": 8,
        "continuation_step": 2
      },
      {
        "initial_B_field": 1.0968769858487617,
        "final_B_field": 1.0968769858487617,
        "target_B_field": 1.0,
        "optimization_time": 6.330361843109131,
        "walltime_sec": 6.330361843109131,
        "iterations_used": 500,
        "final_squared_flux": 0.0,