{
  "metadata": {
    "contact": "auto",
    "hardware": "CPU: self-hosted runner",
    "run_date": "2026-03-20T19:01:01.680353",
    "iterations_used": 500,
    "walltime_sec": 116.1330099105835,
    "tags": [
      "explore"
    ],
    "parent_ids": []
  },
  "version_info": {
    "stellcoilbench_commit": "c952fb0c724bed04575c0bc70e1d68b47720439f",
    "stellcoilbench_branch": "main",
    "simsopt_version": "0.1.dev5668+ga79006b0b",
    "simsopt_commit": "a79006b0b"
  },
  "metrics": {
    "fourier_continuation": true,
    "fourier_orders": [
      4,
      8,
      16
    ],
    "final_order": 16,
    "continuation_results": [
      {
        "initial_B_field": 1.0000305513510055,
        "final_B_field": 1.0943142510440276,
        "target_B_field": 1.0,
        "optimization_time": 190.43175601959229,
        "walltime_sec": 190.43175601959229,
        "iterations_used": 500,
        "final_squared_flux": 0.001068643861907291,
        "optimization_success": true,
        "optimization_message": "Completed",
        "optimization_nfev": 500,
        "optimization_njev": null,
        "_cached_thresholds": {
          "length_threshold": 12.48578496347385,
          "flux_threshold": 1e-08,
          "cc_threshold": 0.10500000000000001,
          "cs_threshold": 0.259497600422369,
          "msc_threshold": 6.938896533413893,
          "curvature_threshold": 40.26984058038019,
          "force_threshold": 1585.7449137496085,
          "torque_threshold": 0.0,
          "finite_build_width": 0.05,
          "major_radius": 1.0098736979848935,
          "minor_radius": 0.16831206437162433,
          "a0": 10.100286074838271,
          "arclength_variation_threshold": 0.0,
          "coil_width": 0.039602838675676315
        },
        "final_min_cs_separation": 0.2554869584336032,
        "final_min_cc_separation": 0.14053978733453718,
        "final_length_per_coil": [
          3.326975831802804,
          3.203336451425429,
          3.0396775689404048,
          2.9305702568388843
        ],
        "final_current_per_coil": [
          327539.46961310063,
          321001.16807849123,
          306738.3612992266,
          294796.62564464565
        ],
        "total_current_before": 1250075.624635464,
        "total_current_after": 1250075.624635464,
        "final_total_length": 12.500560109007521,
        "final_max_curvature": 3.84288637827688,
        "final_average_curvature": 2.3724439081892292,
        "final_arclength_variation": 0.005198622967174117,
        "final_mean_squared_curvature": 6.947896696713176,
        "final_max_torsion": 40.54328762245997,
        "final_linking_number": 0,
        "coils_linked_to_surface": true,
        "final_max_max_coil_force": 270557.6983479432,
        "final_avg_max_coil_force": 248241.7295025309,
        "final_max_force_per_coil": [
          270000.6943377201,
          270557.6983479432,
          242272.6275442835,
          210135.8977801768
        ],
        "final_max_torque_per_coil": [
          71753.96475174582,
          58587.48456776683,
          41646.379100687234,
          31306.31787950645
        ],
        "final_max_max_coil_torque": 71753.96475174582,
        "final_avg_max_coil_torque": 50823.53657492658,
        "avg_BdotN_over_B": 0.013684410372066512,
        "max_BdotN_over_B": 0.05532470909005192,
        "lagrange_multipliers": null,
        "output_directory": "/Users/akaptanoglu/actions-runner/_work/stellcoilbench/stellcoilbench/cases/done/2026-03-20_184834_60793/order_4",
        "flux_threshold": 1e-08,
        "cc_threshold": 0.10500000000000001,
        "cs_threshold": 0.259497600422369,
        "msc_threshold": 6.938896533413893,
        "arclength_variation_threshold": 0.0,
        "curvature_threshold": 40.26984058038019,
        "force_threshold": 1585.7449137496085,
        "torque_threshold": 0.0,
        "timing": {
          "coil_initialization": 0.18007516604848206,
          "biotsavart_setup": 1.3272003750316799,
          "objective_setup": 0.03287625010125339,
          "coil_optimization": 190.43195883277804,
          "save_and_metrics": 0.8687733330298215
        },
        "fourier_order": 4,
        "continuation_step": 1
      },
      {
        "initial_B_field": 1.0943142510440276,
        "final_B_field": 1.0941319318877738,
        "target_B_field": 1.0,
        "optimization_time": 115.32422685623169,
        "walltime_sec": 115.32422685623169,
        "iterations_used": 500,
        "final_squared_flux": 0.0010506231425008008,
        "optimization_success": true,
        "optimization_message": "Completed",
        "optimization_nfev": 500,
        "optimization_njev": null,
        "_cached_thresholds": {
          "length_threshold": 12.48578496347385,
          "flux_threshold": 1e-08,
          "cc_threshold": 0.10500000000000001,
          "cs_threshold": 0.259497600422369,
          "msc_threshold": 6.938896533413893,
          "curvature_threshold": 40.26984058038019,
          "force_threshold": 1585.7449137496085,
          "torque_threshold": 0.0,
          "finite_build_width": 0.05,
          "major_radius": 1.0098736979848935,
          "minor_radius": 0.16831206437162433,
          "a0": 10.100286074838271,
          "arclength_variation_threshold": 0.0,
          "coil_width": 0.039602838675676315
        },
        "final_min_cs_separation": 0.25554440886306556,
        "final_min_cc_separation": 0.1412117458201102,
        "final_length_per_coil": [
          3.3312587754707654,
          3.2062036882530336,
          3.0405606488799766,
          2.9322630202008124
        ],
        "final_current_per_coil": [
          328095.71636181837,
          321272.460705865,
          306022.7246163629,
          294684.7229514178
        ],
        "total_current_before": 1250075.624635464,
        "total_current_after": 1250075.624635464,
        "final_total_length": 12.510286132804588,
        "final_max_curvature": 3.749978219185014,
        "final_average_curvature": 2.3648397199805298,
        "final_arclength_variation": 0.0003576593937471677,
        "final_mean_squared_curvature": 6.945218910429691,
        "final_max_torsion": 73.20653519839254,
        "final_linking_number": 0,
        "coils_linked_to_surface": true,
        "final_max_max_coil_force": 239825.8467144705,
        "final_avg_max_coil_force": 208963.1202599273,
        "final_max_force_per_coil": [
          239825.8467144705,
          233643.3216678786,
          199753.32152910298,
          162629.99112825707
        ],
        "final_max_torque_per_coil": [
          57946.83063467027,
          47254.78378363625,
          31824.561776080587,
          22119.162061282244
        ],
        "final_max_max_coil_torque": 57946.83063467027,
        "final_avg_max_coil_torque": 39786.334563917335,
        "avg_BdotN_over_B": 0.013603729547075874,
        "max_BdotN_over_B": 0.05484378054910585,
        "lagrange_multipliers": null,
        "output_directory": "/Users/akaptanoglu/actions-runner/_work/stellcoilbench/stellcoilbench/cases/done/2026-03-20_184834_60793/order_8",
        "flux_threshold": 1e-08,
        "cc_threshold": 0.10500000000000001,
        "cs_threshold": 0.259497600422369,
        "msc_threshold": 6.938896533413893,
        "arclength_variation_threshold": 0.0,
        "curvature_threshold": 40.26984058038019,
        "force_threshold": 1585.7449137496085,
        "torque_threshold": 0.0,
        "timing": {
          "coil_initialization": 5.420297384262085e-07,
          "biotsavart_setup": 0.0026290828827768564,
          "objective_setup": 0.0060841660015285015,
          "coil_optimization": 115.32433733297512,
          "save_and_metrics": 0.8393169168848544
        },
        "fourier_order": 8,
        "continuation_step": 2
      },
      {
        "initial_B_field": 1.0941319318877738,
        "final_B_field": 1.0941322108126972,
        "target_B_field": 1.0,
        "optimization_time": 116.1330099105835,