{
  "metadata": {
    "contact": "auto",
    "hardware": "CPU: self-hosted runner",
    "run_date": "2026-03-14T04:40:05.478369",
    "iterations_used": 500,
    "walltime_sec": 952.0973970890045
  },
  "version_info": {
    "stellcoilbench_commit": "a843e058c4ed4c15d6f82130f961aab15181d431",
    "stellcoilbench_branch": "main",
    "simsopt_version": "0.1.dev5668+ga79006b0b",
    "simsopt_commit": "a79006b0b"
  },
  "metrics": {
    "fourier_continuation": true,
    "fourier_orders": [
      4,
      8,
      16
    ],
    "final_order": 16,
    "continuation_results": [
      {
        "initial_B_field": 1.0000008292436955,
        "final_B_field": 1.0519423577904063,
        "target_B_field": 1.0,
        "optimization_time": 937.6008830070496,
        "walltime_sec": 937.6008830070496,
        "iterations_used": 500,
        "final_squared_flux": 0.09533541687546887,
        "optimization_success": true,
        "optimization_message": "Completed",
        "optimization_nfev": 500,
        "optimization_njev": null,
        "_cached_thresholds": {
          "length_threshold": 13.056065840403589,
          "flux_threshold": 1e-08,
          "cc_threshold": 0.14029305600858336,
          "cs_threshold": 0.15415404954507006,
          "msc_threshold": 7.0095985359377595,
          "curvature_threshold": 7.555013983979027,
          "force_threshold": 1124.1618401294995,
          "torque_threshold": 0.0,
          "finite_build_width": 0.05,
          "major_radius": 1.0098736979848935,
          "minor_radius": 0.16831206437162433,
          "a0": 10.100286074838271,
          "arclength_variation_threshold": 0.0,
          "coil_width": 0.039602838675676315
        },
        "final_min_cs_separation": 0.08721985601033178,
        "final_min_cc_separation": 0.1191429344176913,
        "final_length_per_coil": [
          2.333087502748678,
          2.329908170525429,
          2.3286244699788963,
          2.328515516623234,
          2.3274300779535895,
          2.3274864520369265
        ],
        "final_current_per_coil": [
          302168.45108305186,
          104206.99508007799,
          298841.43435509474,
          92893.69373037797,
          264837.95569461223,
          187053.54251115792
        ],
        "total_current_before": 1250002.0724543727,
        "total_current_after": 1250002.0724543727,
        "final_total_length": 13.975052189866755,
        "final_max_curvature": 2.8896404643674063,
        "final_average_curvature": 2.6984714785220185,
        "final_arclength_variation": 0.007399997638642918,
        "final_mean_squared_curvature": 7.290933403493459,
        "final_max_torsion": 0.09531559564229443,
        "final_linking_number": 0,
        "coils_linked_to_surface": true,
        "final_max_max_coil_force": 339858.25957484305,
        "final_avg_max_coil_force": 217617.42385867928,
        "final_max_force_per_coil": [
          241310.39686135214,
          77026.60646299375,
          339858.25957484305,
          94541.10477873447,
          337176.0617839773,
          215792.11369017488
        ],
        "final_max_torque_per_coil": [
          42147.37722025558,
          11953.906017668938,
          17969.427201362847,
          2579.3569129865605,
          13257.079822951599,
          9735.421598047365
        ],
        "final_max_max_coil_torque": 42147.37722025558,
        "final_avg_max_coil_torque": 16273.761462212147,
        "avg_BdotN_over_B": 0.12452512674426006,
        "max_BdotN_over_B": 0.6032799874642724,
        "lagrange_multipliers": null,
        "output_directory": "/Users/akaptanoglu/actions-runner/_work/stellcoilbench/stellcoilbench/cases/done/2026-03-14_035615_96913/order_4",
        "flux_threshold": 1e-08,
        "cc_threshold": 0.14029305600858336,
        "cs_threshold": 0.15415404954507006,
        "msc_threshold": 7.0095985359377595,
        "arclength_variation_threshold": 0.0,
        "curvature_threshold": 7.555013983979027,
        "force_threshold": 1124.1618401294995,
        "torque_threshold": 0.0,
        "timing": {
          "coil_initialization": 0.2852381250122562,
          "biotsavart_setup": 1.4979325829772279,
          "objective_setup": 0.06148654199205339,
          "coil_optimization": 937.6023475000402,
          "save_and_metrics": 0.9676848329836503
        },
        "fourier_order": 4,
        "continuation_step": 1
      },
      {
        "initial_B_field": 1.0519423577904063,
        "final_B_field": 1.0519275778482235,
        "target_B_field": 1.0,
        "optimization_time": 666.3143401145935,
        "walltime_sec": 666.3143401145935,
        "iterations_used": 500,
        "final_squared_flux": 0.09530928932255539,
        "optimization_success": true,
        "optimization_message": "Completed",
        "optimization_nfev": 500,
        "optimization_njev": null,
        "_cached_thresholds": {
          "length_threshold": 13.056065840403589,
          "flux_threshold": 1e-08,
          "cc_threshold": 0.14029305600858336,
          "cs_threshold": 0.15415404954507006,
          "msc_threshold": 7.0095985359377595,
          "curvature_threshold": 7.555013983979027,
          "force_threshold": 1124.1618401294995,
          "torque_threshold": 0.0,
          "finite_build_width": 0.05,
          "major_radius": 1.0098736979848935,
          "minor_radius": 0.16831206437162433,
          "a0": 10.100286074838271,
          "arclength_variation_threshold": 0.0,
          "coil_width": 0.039602838675676315
        },
        "final_min_cs_separation": 0.08722353741603191,
        "final_min_cc_separation": 0.11917028894214998,
        "final_length_per_coil": [
          2.3330907752950516,
          2.32990762302084,
          2.328624794850493,
          2.328515187501021,
          2.327428785064048,
          2.3274867574628932
        ],
        "final_current_per_coil": [
          302140.370896446,
          104261.81325341309,
          298738.47443532856,
          92994.96114129404,
          264710.05384917266,
          187156.3988787185
        ],
        "total_current_before": 1250002.0724543727,
        "total_current_after": 1250002.072454373,
        "final_total_length": 13.975053923194345,
        "final_max_curvature": 2.893094682315403,
        "final_average_curvature": 2.6982916555585286,
        "final_arclength_variation": 0.006098867471377917,
        "final_mean_squared_curvature": 7.2891607178560385,
        "final_max_torsion": 0.08391144142390153,
        "final_linking_number": 0,
        "coils_linked_to_surface": true,
        "final_max_max_coil_force": 293764.9318023955,
        "final_avg_max_coil_force": 188046.59998665153,
        "final_max_force_per_coil": [
          194837.2865193273,
          70793.8470371045,
          285470.31008977076,
          89280.35182432445,
          293764.9318023955,
          194132.87264698657
        ],
        "final_max_torque_per_coil": [
          42278.96230898068,
          11963.309285280573,
          18020.419295944772,
          2589.3300630664107,
          13283.874748709499,
          9754.797361872883
        ],
        "final_max_max_coil_torque": 42278.96230898068,
        "final_avg_max_coil_torque": 16315.11551064247,
        "avg_BdotN_over_B": 0.12451662828221215,
        "max_BdotN_over_B": 0.6033082691808932,
        "lagrange_multipliers": null,
        "output_directory": "/Users/akaptanoglu/actions-runner/_work/stellcoilbench/stellcoilbench/cases/done/2026-03-14_035615_96913/order_8",
        "flux_threshold": 1e-08,
        "cc_threshold": 0.14029305600858336,
        "cs_threshold": 0.15415404954507006,
        "msc_threshold": 7.0095985359377595,
        "arclength_variation_threshold": 0.0,
        "curvature_threshold": 7.555013983979027,
        "force_threshold": 1124.1618401294995,
        "torque_threshold": 0.0,
        "timing": {
          "coil_initialization": 5.830079317092896e-07,