{
  "metadata": {
    "contact": "auto",
    "hardware": "CPU: self-hosted runner",
    "run_date": "2026-03-28T00:23:08.861862",
    "iterations_used": 500,
    "walltime_sec": 40.742969036102295,
    "tags": [
      "explore"
    ],
    "parent_ids": []
  },
  "version_info": {
    "stellcoilbench_commit": "5a63fa150a2cdecbc1f3177151336c8098c59801",
    "stellcoilbench_branch": "main",
    "simsopt_version": "0.1.dev5668+ga79006b0b",
    "simsopt_commit": "a79006b0b"
  },
  "metrics": {
    "fourier_continuation": true,
    "fourier_orders": [
      4,
      8,
      16
    ],
    "final_order": 16,
    "continuation_results": [
      {
        "initial_B_field": 2.5000971540886527,
        "final_B_field": 2.775772634227521,
        "target_B_field": 2.5,
        "optimization_time": 127.91825294494629,
        "walltime_sec": 127.91825294494629,
        "iterations_used": 500,
        "final_squared_flux": 0.13449228030051316,
        "optimization_success": true,
        "optimization_message": "Completed",
        "optimization_nfev": 500,
        "optimization_njev": null,
        "_cached_thresholds": {
          "length_threshold": 40.40970211004237,
          "flux_threshold": 1e-08,
          "cc_threshold": 0.22658781698871783,
          "cs_threshold": 0.22751266522132485,
          "msc_threshold": 11.019105233377658,
          "curvature_threshold": 15.810161585953107,
          "force_threshold": 638.6993878281016,
          "torque_threshold": 0.0,
          "finite_build_width": 0.10789896047081801,
          "major_radius": 5.483631261799852,
          "minor_radius": 0.5240806651439732,
          "a0": 3.2437754587511507,
          "arclength_variation_threshold": 0.0,
          "coil_width": 0.12331309768093489
        },
        "final_min_cs_separation": 0.38216414860208453,
        "final_min_cc_separation": 0.027522187154043844,
        "final_length_per_coil": [
          11.297560416104275,
          13.936078794915602,
          14.14526211532543
        ],
        "final_current_per_coil": [
          2985152.934439469,
          2185308.5630571465,
          1705069.4473303221
        ],
        "total_current_before": 6875530.944826938,
        "total_current_after": 6875530.944826938,
        "final_total_length": 39.37890132634531,
        "final_max_curvature": 1.4405346189884185,
        "final_average_curvature": 0.7963094377550816,
        "final_arclength_variation": 0.1643918329825765,
        "final_mean_squared_curvature": 0.8038946428037628,
        "final_max_torsion": 4.60732700412089,
        "final_linking_number": 0,
        "coils_linked_to_surface": true,
        "final_max_max_coil_force": 51607709.2193994,
        "final_avg_max_coil_force": 34045308.70998113,
        "final_max_force_per_coil": [
          43893299.93992367,
          51607709.2193994,
          6634916.9706203155
        ],
        "final_max_torque_per_coil": [
          66367156.93238829,
          105892575.92543048,
          5735647.191363501
        ],
        "final_max_max_coil_torque": 105892575.92543048,
        "final_avg_max_coil_torque": 59331793.34972743,
        "avg_BdotN_over_B": 0.015925700654094477,
        "max_BdotN_over_B": 0.08708986320222765,
        "lagrange_multipliers": null,
        "output_directory": "/Users/akaptanoglu/actions-runner/_work/stellcoilbench/stellcoilbench/cases/done/2026-03-28_000711_67713/order_4",
        "flux_threshold": 1e-08,
        "cc_threshold": 0.22658781698871783,
        "cs_threshold": 0.22751266522132485,
        "msc_threshold": 11.019105233377658,
        "arclength_variation_threshold": 0.0,
        "curvature_threshold": 15.810161585953107,
        "force_threshold": 638.6993878281016,
        "torque_threshold": 0.0,
        "timing": {
          "coil_initialization": 0.4692925000563264,
          "biotsavart_setup": 1.6552070840261877,
          "objective_setup": 0.04578366712667048,
          "coil_optimization": 127.9183682911098,
          "save_and_metrics": 1.344781040912494
        },
        "fourier_order": 4,
        "continuation_step": 1
      },
      {
        "initial_B_field": 2.775772634227521,
        "final_B_field": 2.807723681633854,
        "target_B_field": 2.5,
        "optimization_time": 500.66528487205505,
        "walltime_sec": 500.66528487205505,
        "iterations_used": 500,
        "final_squared_flux": 0.26725588179739534,
        "optimization_success": true,
        "optimization_message": "Completed",
        "optimization_nfev": 500,
        "optimization_njev": null,
        "_cached_thresholds": {
          "length_threshold": 40.40970211004237,
          "flux_threshold": 1e-08,
          "cc_threshold": 0.22658781698871783,
          "cs_threshold": 0.22751266522132485,
          "msc_threshold": 11.019105233377658,
          "curvature_threshold": 15.810161585953107,
          "force_threshold": 638.6993878281016,
          "torque_threshold": 0.0,
          "finite_build_width": 0.10789896047081801,
          "major_radius": 5.483631261799852,
          "minor_radius": 0.5240806651439732,
          "a0": 3.2437754587511507,
          "arclength_variation_threshold": 0.0,
          "coil_width": 0.12331309768093489
        },
        "final_min_cs_separation": 0.368311000263162,
        "final_min_cc_separation": 0.0834082990020532,
        "final_length_per_coil": [
          11.088944821268566,
          14.000307197698769,
          14.27372052621089
        ],
        "final_current_per_coil": [
          2990701.1351222796,
          2185116.721586355,
          1699713.0881183036
        ],
        "total_current_before": 6875530.944826938,
        "total_current_after": 6875530.944826938,
        "final_total_length": 39.36297254517822,
        "final_max_curvature": 1.8592409269089563,
        "final_average_curvature": 0.716830734703834,
        "final_arclength_variation": 0.5649828308636757,
        "final_mean_squared_curvature": 0.8031888641796374,
        "final_max_torsion": 0.8412400962490535,
        "final_linking_number": 10,
        "coils_linked_to_surface": true,
        "final_max_max_coil_force": 9569265.366430564,
        "final_avg_max_coil_force": 7880088.8805625,
        "final_max_force_per_coil": [
          9569265.366430564,
          8099595.047380617,
          5971406.2278763205
        ],
        "final_max_torque_per_coil": [
          17186514.900747962,
          16094232.437709153,
          3328052.4618791323
        ],
        "final_max_max_coil_torque": 17186514.900747962,
        "final_avg_max_coil_torque": 12202933.26677875,
        "avg_BdotN_over_B": 0.020769614293197586,
        "max_BdotN_over_B": 0.10559731228856556,
        "lagrange_multipliers": null,
        "output_directory": "/Users/akaptanoglu/actions-runner/_work/stellcoilbench/stellcoilbench/cases/done/2026-03-28_000711_67713/order_8",
        "flux_threshold": 1e-08,
        "cc_threshold": 0.22658781698871783,
        "cs_threshold": 0.22751266522132485,
        "msc_threshold": 11.019105233377658,
        "arclength_variation_threshold": 0.0,
        "curvature_threshold": 15.810161585953107,
        "force_threshold": 638.6993878281016,
        "torque_threshold": 0.0,
        "timing": {
          "coil_initialization": 7.08969309926033e-07,
          "biotsavart_setup": 0.0035894170869141817,
          "objective_setup": 0.005839750170707703,
          "coil_optimization": 500.66567995911464,
          "save_and_metrics": 1.1282887919805944
        },
        "fourier_order": 8,
        "continuation_step": 2
      },
      {
        "initial_B_field": 2.807723681633854,
        "final_B_field": 2.807723681633854,
        "target_B_field": 2.5,
        "optimization_time": 40.742969036102295,
        "walltime_sec": 40.742969036102295,
        "iterations_used": 500,
        "final_squared_flux": 0.26725588179739534,
        "optimization_success": true,
        "optimization_message": "Completed",