{
  "metadata": {
    "contact": "auto",
    "hardware": "CPU: self-hosted runner",
    "run_date": "2026-04-05T21:23:00.462737",
    "iterations_used": 500,
    "walltime_sec": 557.9954431056976,
    "tags": [
      "explore"
    ],
    "parent_ids": []
  },
  "version_info": {
    "stellcoilbench_commit": "e864b7700ab86e26a140856f492fd5910e7e2108",
    "stellcoilbench_branch": "main",
    "simsopt_version": "0.1.dev5668+ga79006b0b",
    "simsopt_commit": "a79006b0b"
  },
  "metrics": {
    "fourier_continuation": true,
    "fourier_orders": [
      4,
      8,
      16
    ],
    "final_order": 16,
    "continuation_results": [
      {
        "initial_B_field": 5.700002679910652,
        "final_B_field": 10.013144520270245,
        "target_B_field": 5.7,
        "optimization_time": 308.65760684013367,
        "walltime_sec": 308.65760684013367,
        "iterations_used": 500,
        "final_squared_flux": 1.4122945312147677,
        "optimization_success": true,
        "optimization_message": "Completed",
        "optimization_nfev": 500,
        "optimization_njev": null,
        "_cached_thresholds": {
          "length_threshold": 127.68157653726881,
          "flux_threshold": 1e-08,
          "cc_threshold": 1.2873431038386587,
          "cs_threshold": 1.8407803260496707,
          "msc_threshold": 0.6044262774079527,
          "curvature_threshold": 4.768584211695416,
          "force_threshold": 159.28527475585818,
          "torque_threshold": 0.0,
          "finite_build_width": 0.35091128219901124,
          "major_radius": 13.635429024906689,
          "minor_radius": 1.7044262278237692,
          "a0": 0.9974030980329254,
          "arclength_variation_threshold": 0.0,
          "coil_width": 0.40104146537029867
        },
        "final_min_cs_separation": 1.7420886272596756,
        "final_min_cc_separation": 1.1031340818832676,
        "final_length_per_coil": [
          31.700900983420066,
          26.082308655461052,
          34.31938878397887,
          36.31572518721398
        ],
        "final_current_per_coil": [
          10324525.148391932,
          5735699.32278624,
          25454407.430859163,
          18669552.180537097
        ],
        "total_current_before": 48712785.43700195,
        "total_current_after": 48712785.43700195,
        "final_total_length": 128.41832361007397,
        "final_max_curvature": 0.4752601840156063,
        "final_average_curvature": 0.24554466718465073,
        "final_arclength_variation": 0.4075853410956707,
        "final_mean_squared_curvature": 0.10494702223914394,
        "final_max_torsion": 6.30879069831724,
        "final_linking_number": 8,
        "coils_linked_to_surface": true,
        "final_max_max_coil_force": 160084137.62851602,
        "final_avg_max_coil_force": 81347315.25930497,
        "final_max_force_per_coil": [
          47358573.17362657,
          47628919.78454345,
          160084137.62851602,
          70317630.4505338
        ],
        "final_max_torque_per_coil": [
          164574064.3078986,
          99406417.55035807,
          407487238.67424864,
          197046773.10091862
        ],
        "final_max_max_coil_torque": 407487238.67424864,
        "final_avg_max_coil_torque": 217128623.40835598,
        "avg_BdotN_over_B": 0.009254864968577928,
        "max_BdotN_over_B": 0.03576802692802733,
        "lagrange_multipliers": null,
        "output_directory": "/Users/akaptanoglu/actions-runner/_work/stellcoilbench/stellcoilbench/cases/done/2026-04-05_205911_14708/order_4",
        "flux_threshold": 1e-08,
        "cc_threshold": 1.2873431038386587,
        "cs_threshold": 1.8407803260496707,
        "msc_threshold": 0.6044262774079527,
        "arclength_variation_threshold": 0.0,
        "curvature_threshold": 4.768584211695416,
        "force_threshold": 159.28527475585818,
        "torque_threshold": 0.0,
        "timing": {
          "coil_initialization": 0.5605935420026071,
          "biotsavart_setup": 1.7559282079455443,
          "objective_setup": 0.05557008401956409,
          "coil_optimization": 308.6566483339993,
          "save_and_metrics": 1.2686930840136483
        },
        "fourier_order": 4,
        "continuation_step": 1
      },
      {
        "initial_B_field": 10.013144520270245,
        "final_B_field": 9.832711147147583,
        "target_B_field": 5.7,
        "optimization_time": 375.5184049606323,
        "walltime_sec": 375.5184049606323,
        "iterations_used": 500,
        "final_squared_flux": 0.9272422512245455,
        "optimization_success": true,
        "optimization_message": "Completed",
        "optimization_nfev": 500,
        "optimization_njev": null,
        "_cached_thresholds": {
          "length_threshold": 127.68157653726881,
          "flux_threshold": 1e-08,
          "cc_threshold": 1.2873431038386587,
          "cs_threshold": 1.8407803260496707,
          "msc_threshold": 0.6044262774079527,
          "curvature_threshold": 4.768584211695416,
          "force_threshold": 159.28527475585818,
          "torque_threshold": 0.0,
          "finite_build_width": 0.35091128219901124,
          "major_radius": 13.635429024906689,
          "minor_radius": 1.7044262278237692,
          "a0": 0.9974030980329254,
          "arclength_variation_threshold": 0.0,
          "coil_width": 0.40104146537029867
        },
        "final_min_cs_separation": 1.7455108739014995,
        "final_min_cc_separation": 1.1265689854934569,
        "final_length_per_coil": [
          36.45622115706763,
          26.828921075407635,
          35.52934643161718,
          29.464261086914785
        ],
        "final_current_per_coil": [
          14550521.137119086,
          6713300.41421328,
          29206823.07209213,
          11668741.642004013
        ],
        "total_current_before": 48712785.43700195,
        "total_current_after": 48712785.43700195,
        "final_total_length": 128.2787497510072,
        "final_max_curvature": 0.7433710469121646,
        "final_average_curvature": 0.27760778401061015,
        "final_arclength_variation": 0.1947959394415659,
        "final_mean_squared_curvature": 0.15908152439008544,
        "final_max_torsion": 18.57638606120318,
        "final_linking_number": 8,
        "coils_linked_to_surface": true,
        "final_max_max_coil_force": 160555374.19779316,
        "final_avg_max_coil_force": 80615330.2357203,
        "final_max_force_per_coil": [
          59154257.000191234,
          58091546.62564799,
          160555374.19779316,
          44660143.1192489
        ],
        "final_max_torque_per_coil": [
          308677628.7284939,
          123327430.61370403,
          555329130.4769862,
          97440677.72701779
        ],
        "final_max_max_coil_torque": 555329130.4769862,
        "final_avg_max_coil_torque": 271193716.8865505,
        "avg_BdotN_over_B": 0.007454308447260485,
        "max_BdotN_over_B": 0.024322313340387564,
        "lagrange_multipliers": null,
        "output_directory": "/Users/akaptanoglu/actions-runner/_work/stellcoilbench/stellcoilbench/cases/done/2026-04-05_205911_14708/order_8",
        "flux_threshold": 1e-08,
        "cc_threshold": 1.2873431038386587,
        "cs_threshold": 1.8407803260496707,
        "msc_threshold": 0.6044262774079527,
        "arclength_variation_threshold": 0.0,
        "curvature_threshold": 4.768584211695416,
        "force_threshold": 159.28527475585818,
        "torque_threshold": 0.0,
        "timing": {
          "coil_initialization": 5.41971530765295e-07,
          "biotsavart_setup": 0.003408916003536433,
          "objective_setup": 0.007132583006750792,
          "coil_optimization": 375.5172660840326,
          "save_and_metrics": 1.3052487920504063
        },
        "fourier_order": 8,
        "continuation_step": 2
      },
      {
        "initial_B_field": 9.832711147147583,
        "final_B_field": 10.287223971888134,
        "target_B_field": 5.7,