{
  "metadata": {
    "contact": "auto",
    "hardware": "CPU: self-hosted runner",
    "run_date": "2026-03-13T20:54:49.225946",
    "iterations_used": 500,
    "walltime_sec": 483.8776659965515
  },
  "version_info": {
    "stellcoilbench_commit": "fdb2ea4c06d5e9071381f52d8dddfb7adc3620d7",
    "stellcoilbench_branch": "main",
    "simsopt_version": "0.1.dev5668+ga79006b0b",
    "simsopt_commit": "a79006b0b"
  },
  "metrics": {
    "fourier_continuation": true,
    "fourier_orders": [
      4,
      8,
      16
    ],
    "final_order": 16,
    "continuation_results": [
      {
        "initial_B_field": 1.0000008292436955,
        "final_B_field": 1.0511690960295232,
        "target_B_field": 1.0,
        "optimization_time": 1149.8261861801147,
        "walltime_sec": 1149.8261861801147,
        "iterations_used": 500,
        "final_squared_flux": 0.05197559445953837,
        "optimization_success": true,
        "optimization_message": "Completed",
        "optimization_nfev": 500,
        "optimization_njev": null,
        "_cached_thresholds": {
          "length_threshold": 14.205538232965093,
          "flux_threshold": 1e-08,
          "cc_threshold": 0.1255409986018939,
          "cs_threshold": 0.1247489418283804,
          "msc_threshold": 5.464254766487505,
          "curvature_threshold": 13.069770180840724,
          "force_threshold": 563.5959629759755,
          "torque_threshold": 0.0,
          "finite_build_width": 0.05,
          "major_radius": 1.0098736979848935,
          "minor_radius": 0.16831206437162433,
          "a0": 10.100286074838271,
          "arclength_variation_threshold": 0.0,
          "coil_width": 0.039602838675676315
        },
        "final_min_cs_separation": 0.06957742156229688,
        "final_min_cc_separation": 0.11638018098028906,
        "final_length_per_coil": [
          2.586813258399144,
          2.5866983291467056,
          2.5866431646380117,
          2.5866299267801667,
          2.5866254699513345,
          2.5866234620263264
        ],
        "final_current_per_coil": [
          174033.1548256343,
          183558.09702308275,
          197664.9992666645,
          204972.1639492074,
          218125.52324695568,
          271648.13414282806
        ],
        "total_current_before": 1250002.0724543727,
        "total_current_after": 1250002.0724543727,
        "final_total_length": 15.520033610941688,
        "final_max_curvature": 2.4338026218404507,
        "final_average_curvature": 2.4290630754365385,
        "final_arclength_variation": 0.0034961789927332987,
        "final_mean_squared_curvature": 5.900564502264101,
        "final_max_torsion": 0.0038725386245604364,
        "final_linking_number": 0,
        "coils_linked_to_surface": true,
        "final_max_max_coil_force": 190647.82908888234,
        "final_avg_max_coil_force": 155728.28524467474,
        "final_max_force_per_coil": [
          120723.91173113107,
          122882.00150518754,
          161743.36114874276,
          166560.3157678045,
          171812.29222630025,
          190647.82908888234
        ],
        "final_max_torque_per_coil": [
          13953.068652245707,
          10832.423931207524,
          5745.0150021124755,
          6943.880354752734,
          4402.46681793641,
          2725.7445184910107
        ],
        "final_max_max_coil_torque": 13953.068652245707,
        "final_avg_max_coil_torque": 7433.76654612431,
        "avg_BdotN_over_B": 0.10676854452587213,
        "max_BdotN_over_B": 0.4085292129016945,
        "lagrange_multipliers": null,
        "output_directory": "/Users/akaptanoglu/actions-runner/_work/stellcoilbench/stellcoilbench/cases/done/2026-03-13_201622_52660/order_4",
        "flux_threshold": 1e-08,
        "cc_threshold": 0.1255409986018939,
        "cs_threshold": 0.1247489418283804,
        "msc_threshold": 5.464254766487505,
        "arclength_variation_threshold": 0.0,
        "curvature_threshold": 13.069770180840724,
        "force_threshold": 563.5959629759755,
        "torque_threshold": 0.0,
        "timing": {
          "coil_initialization": 0.300683582900092,
          "biotsavart_setup": 1.481298957951367,
          "objective_setup": 0.038021457963623106,
          "coil_optimization": 1149.8280923749553,
          "save_and_metrics": 1.0383941669715568
        },
        "fourier_order": 4,
        "continuation_step": 1
      },
      {
        "initial_B_field": 1.0511690960295232,
        "final_B_field": 1.051170967706117,
        "target_B_field": 1.0,
        "optimization_time": 600.0853748321533,
        "walltime_sec": 600.0853748321533,
        "iterations_used": 500,
        "final_squared_flux": 0.051975564397968486,
        "optimization_success": true,
        "optimization_message": "Completed",
        "optimization_nfev": 500,
        "optimization_njev": null,
        "_cached_thresholds": {
          "length_threshold": 14.205538232965093,
          "flux_threshold": 1e-08,
          "cc_threshold": 0.1255409986018939,
          "cs_threshold": 0.1247489418283804,
          "msc_threshold": 5.464254766487505,
          "curvature_threshold": 13.069770180840724,
          "force_threshold": 563.5959629759755,
          "torque_threshold": 0.0,
          "finite_build_width": 0.05,
          "major_radius": 1.0098736979848935,
          "minor_radius": 0.16831206437162433,
          "a0": 10.100286074838271,
          "arclength_variation_threshold": 0.0,
          "coil_width": 0.039602838675676315
        },
        "final_min_cs_separation": 0.06957436789680252,
        "final_min_cc_separation": 0.11642920060027206,
        "final_length_per_coil": [
          2.5868133820940353,
          2.586698054073604,
          2.586643064504088,
          2.5866300513741063,
          2.586625451145853,
          2.5866233153067117
        ],
        "final_current_per_coil": [
          174036.96272983254,
          183636.60067534514,
          197736.2189211488,
          204926.91260965643,
          218060.09310090053,
          271605.2844174892
        ],
        "total_current_before": 1250002.0724543727,
        "total_current_after": 1250002.0724543727,
        "final_total_length": 15.520033318498397,
        "final_max_curvature": 2.433937183534664,
        "final_average_curvature": 2.4290629692120413,
        "final_arclength_variation": 0.003431625106846026,
        "final_mean_squared_curvature": 5.90056506929637,
        "final_max_torsion": 0.0042425386532135454,
        "final_linking_number": 0,
        "coils_linked_to_surface": true,
        "final_max_max_coil_force": 149222.11117982247,
        "final_avg_max_coil_force": 131020.752757382,
        "final_max_force_per_coil": [
          104444.8627997894,
          104295.20658649248,
          139957.25103118166,
          143086.672851516,
          145118.41209548997,
          149222.11117982247
        ],
        "final_max_torque_per_coil": [
          13943.772892588546,
          10838.2148524153,
          5751.093606101828,
          6947.983053451644,
          4398.933661718045,
          2726.2542377160094
        ],
        "final_max_max_coil_torque": 13943.772892588546,
        "final_avg_max_coil_torque": 7434.375383998562,
        "avg_BdotN_over_B": 0.10676773547333848,
        "max_BdotN_over_B": 0.4085350572798739,
        "lagrange_multipliers": null,
        "output_directory": "/Users/akaptanoglu/actions-runner/_work/stellcoilbench/stellcoilbench/cases/done/2026-03-13_201622_52660/order_8",
        "flux_threshold": 1e-08,
        "cc_threshold": 0.1255409986018939,
        "cs_threshold": 0.1247489418283804,
        "msc_threshold": 5.464254766487505,
        "arclength_variation_threshold": 0.0,
        "curvature_threshold": 13.069770180840724,
        "force_threshold": 563.5959629759755,
        "torque_threshold": 0.0,
        "timing": {
          "coil_initialization": 5.83939254283905e-07,