{
  "metadata": {
    "contact": "auto",
    "hardware": "CPU: self-hosted runner",
    "run_date": "2026-03-16T06:46:05.123062",
    "iterations_used": 500,
    "walltime_sec": 5.7419421672821045
  },
  "version_info": {
    "stellcoilbench_commit": "3fca756baa7ec95155366f24da2f9014acc42ab0",
    "stellcoilbench_branch": "main",
    "simsopt_version": "0.1.dev5668+ga79006b0b",
    "simsopt_commit": "a79006b0b"
  },
  "metrics": {
    "fourier_continuation": true,
    "fourier_orders": [
      4,
      8,
      16
    ],
    "final_order": 16,
    "continuation_results": [
      {
        "initial_B_field": 1.0000305513510055,
        "final_B_field": 1.0991149617241347,
        "target_B_field": 1.0,
        "optimization_time": 55.44460391998291,
        "walltime_sec": 55.44460391998291,
        "iterations_used": 500,
        "final_squared_flux": 0.0,
        "optimization_success": true,
        "optimization_message": "Completed",
        "optimization_nfev": 500,
        "optimization_njev": null,
        "_cached_thresholds": {
          "length_threshold": 19.80141933783816,
          "flux_threshold": 5.6e-05,
          "cc_threshold": 0.10500000000000001,
          "cs_threshold": 0.018109388055419885,
          "msc_threshold": 162.92811868465913,
          "curvature_threshold": 167.22565910578385,
          "force_threshold": 0.0,
          "torque_threshold": 0.0,
          "finite_build_width": 0.05,
          "major_radius": 1.0098736979848935,
          "minor_radius": 0.16831206437162433,
          "a0": 10.100286074838271,
          "arclength_variation_threshold": 0.0,
          "coil_width": 0.039602838675676315
        },
        "final_min_cs_separation": 0.26639081677276827,
        "final_min_cc_separation": 0.10454606053211407,
        "final_length_per_coil": [
          4.101638805817429,
          4.202696896723474,
          4.380671610511745,
          4.7987986491029995
        ],
        "final_current_per_coil": [
          252495.02410905628,
          293462.9309822754,
          292369.357872255,
          411748.3116718775
        ],
        "total_current_before": 1250075.624635464,
        "total_current_after": 1250075.624635464,
        "final_total_length": 17.483805962155646,
        "final_max_curvature": 3.186900856291975,
        "final_average_curvature": 1.8998942006188897,
        "final_arclength_variation": 0.0023986802430805447,
        "final_mean_squared_curvature": 4.4855962140574235,
        "final_max_torsion": 34.12562631375249,
        "final_linking_number": 0,
        "coils_linked_to_surface": true,
        "final_max_max_coil_force": 461618.9070225804,
        "final_avg_max_coil_force": 331802.8822182664,
        "final_max_force_per_coil": [
          202998.68926761893,
          337429.5561198573,
          325164.3764630089,
          461618.9070225804
        ],
        "final_max_torque_per_coil": [
          106229.11142146787,
          155742.7436629241,
          133006.48221615585,
          146398.82318607092
        ],
        "final_max_max_coil_torque": 155742.7436629241,
        "final_avg_max_coil_torque": 135344.2901216547,
        "avg_BdotN_over_B": 0.0031906485495688556,
        "max_BdotN_over_B": 0.014792229430999778,
        "lagrange_multipliers": null,
        "output_directory": "/Users/akaptanoglu/actions-runner/_work/stellcoilbench/stellcoilbench/cases/done/2026-03-16_064343_66855/order_4",
        "flux_threshold": 5.6e-05,
        "cc_threshold": 0.10500000000000001,
        "cs_threshold": 0.018109388055419885,
        "msc_threshold": 162.92811868465913,
        "arclength_variation_threshold": 0.0,
        "curvature_threshold": 167.22565910578385,
        "force_threshold": 0.0,
        "torque_threshold": 0.0,
        "timing": {
          "coil_initialization": 0.19589445902965963,
          "biotsavart_setup": 1.2912878749193624,
          "objective_setup": 0.03881870803888887,
          "coil_optimization": 55.44465499999933,
          "save_and_metrics": 1.043426791089587
        },
        "fourier_order": 4,
        "continuation_step": 1
      },
      {
        "initial_B_field": 1.0991149617241347,
        "final_B_field": 1.098956580548838,
        "target_B_field": 1.0,
        "optimization_time": 14.397049188613892,
        "walltime_sec": 14.397049188613892,
        "iterations_used": 500,
        "final_squared_flux": 0.0,
        "optimization_success": true,
        "optimization_message": "Completed",
        "optimization_nfev": 500,
        "optimization_njev": null,
        "_cached_thresholds": {
          "length_threshold": 19.80141933783816,
          "flux_threshold": 5.6e-05,
          "cc_threshold": 0.10500000000000001,
          "cs_threshold": 0.018109388055419885,
          "msc_threshold": 162.92811868465913,
          "curvature_threshold": 167.22565910578385,
          "force_threshold": 0.0,
          "torque_threshold": 0.0,
          "finite_build_width": 0.05,
          "major_radius": 1.0098736979848935,
          "minor_radius": 0.16831206437162433,
          "a0": 10.100286074838271,
          "arclength_variation_threshold": 0.0,
          "coil_width": 0.039602838675676315
        },
        "final_min_cs_separation": 0.2670651862833158,
        "final_min_cc_separation": 0.10556436940065653,
        "final_length_per_coil": [
          4.104714595700264,
          4.203608076074292,
          4.382370428772268,
          4.800934725665285
        ],
        "final_current_per_coil": [
          252507.81515756552,
          292907.8439974579,
          290747.3847007701,
          413912.5807796705
        ],
        "total_current_before": 1250075.624635464,
        "total_current_after": 1250075.624635464,
        "final_total_length": 17.49162782621211,
        "final_max_curvature": 3.0289977561032893,
        "final_average_curvature": 1.8991925134927914,
        "final_arclength_variation": 5.566419732486015e-07,
        "final_mean_squared_curvature": 4.479751015628228,
        "final_max_torsion": 19.234326418832424,
        "final_linking_number": 0,
        "coils_linked_to_surface": true,
        "final_max_max_coil_force": 414042.8180694694,
        "final_avg_max_coil_force": 310218.36807618325,
        "final_max_force_per_coil": [
          173664.39866042515,
          324150.9418384387,
          329015.3137363997,
          414042.8180694694
        ],
        "final_max_torque_per_coil": [
          99235.92008080454,
          159657.35650561133,
          144022.59976134732,
          137318.97989966266
        ],
        "final_max_max_coil_torque": 159657.35650561133,
        "final_avg_max_coil_torque": 135058.71406185647,
        "avg_BdotN_over_B": 0.003219032788544142,
        "max_BdotN_over_B": 0.014026662684945256,
        "lagrange_multipliers": null,
        "output_directory": "/Users/akaptanoglu/actions-runner/_work/stellcoilbench/stellcoilbench/cases/done/2026-03-16_064343_66855/order_8",
        "flux_threshold": 5.6e-05,
        "cc_threshold": 0.10500000000000001,
        "cs_threshold": 0.018109388055419885,
        "msc_threshold": 162.92811868465913,
        "arclength_variation_threshold": 0.0,
        "curvature_threshold": 167.22565910578385,
        "force_threshold": 0.0,
        "torque_threshold": 0.0,
        "timing": {
          "coil_initialization": 5.830079317092896e-07,
          "biotsavart_setup": 0.004849917022511363,
          "objective_setup": 0.00877912505529821,
          "coil_optimization": 14.39706370793283,
          "save_and_metrics": 1.0585280840750784
        },
        "fourier_order": 8,
        "continuation_step": 2
      },
      {
        "initial_B_field": 1.098956580548838,
        "final_B_field": 1.098956580548838,
        "target_B_field": 1.0,
        "optimization_time": 5.7419421672821045,
        "walltime_sec": 5.7419421672821045,
        "iterations_used": 500,
        "final_squared_flux": 0.0,