{
  "metadata": {
    "contact": "auto",
    "hardware": "CPU: self-hosted runner",
    "run_date": "2026-03-17T07:04:25.033750",
    "iterations_used": 500,
    "walltime_sec": 8.566264152526855
  },
  "version_info": {
    "stellcoilbench_commit": "29705c1bf3e04f59f2f954bcd4f3eb321370f393",
    "stellcoilbench_branch": "main",
    "simsopt_version": "0.1.dev5668+ga79006b0b",
    "simsopt_commit": "a79006b0b"
  },
  "metrics": {
    "fourier_continuation": true,
    "fourier_orders": [
      4,
      8,
      16
    ],
    "final_order": 16,
    "continuation_results": [
      {
        "initial_B_field": 1.0000305513510055,
        "final_B_field": 1.0969020409102082,
        "target_B_field": 1.0,
        "optimization_time": 65.61475801467896,
        "walltime_sec": 65.61475801467896,
        "iterations_used": 500,
        "final_squared_flux": 0.0,
        "optimization_success": true,
        "optimization_message": "Completed",
        "optimization_nfev": 500,
        "optimization_njev": null,
        "_cached_thresholds": {
          "length_threshold": 19.80141933783816,
          "flux_threshold": 6e-06,
          "cc_threshold": 0.10500000000000001,
          "cs_threshold": 0.26051697748988095,
          "msc_threshold": 50.57456654565926,
          "curvature_threshold": 56.167943369327496,
          "force_threshold": 0.0,
          "torque_threshold": 0.0,
          "finite_build_width": 0.05,
          "major_radius": 1.0098736979848935,
          "minor_radius": 0.16831206437162433,
          "a0": 10.100286074838271,
          "arclength_variation_threshold": 0.0,
          "coil_width": 0.039602838675676315
        },
        "final_min_cs_separation": 0.28152970531965493,
        "final_min_cc_separation": 0.10484724725602014,
        "final_length_per_coil": [
          4.94712007319562,
          4.8781785608315635,
          4.848893983878561,
          5.127764223284155
        ],
        "final_current_per_coil": [
          271895.4344637271,
          302420.4348130895,
          291869.3357995743,
          383890.41955907317
        ],
        "total_current_before": 1250075.624635464,
        "total_current_after": 1250075.624635464,
        "final_total_length": 19.8019568411899,
        "final_max_curvature": 2.773476377681232,
        "final_average_curvature": 1.7595703097865352,
        "final_arclength_variation": 0.0009678099127422787,
        "final_mean_squared_curvature": 3.692027370701207,
        "final_max_torsion": 25.66067153573714,
        "final_linking_number": 0,
        "coils_linked_to_surface": true,
        "final_max_max_coil_force": 429481.9580869672,
        "final_avg_max_coil_force": 386283.3899442624,
        "final_max_force_per_coil": [
          313926.89803123823,
          429481.9580869672,
          401986.97848562384,
          399737.7251732202
        ],
        "final_max_torque_per_coil": [
          136899.37079448337,
          207556.82472317346,
          132992.11697207348,
          122332.33480138496
        ],
        "final_max_max_coil_torque": 207556.82472317346,
        "final_avg_max_coil_torque": 149945.1618227788,
        "avg_BdotN_over_B": 0.0010441206851241418,
        "max_BdotN_over_B": 0.004144060759657548,
        "lagrange_multipliers": null,
        "output_directory": "/Users/akaptanoglu/actions-runner/_work/stellcoilbench/stellcoilbench/cases/done/2026-03-17_070123_60865/order_4",
        "flux_threshold": 6e-06,
        "cc_threshold": 0.10500000000000001,
        "cs_threshold": 0.26051697748988095,
        "msc_threshold": 50.57456654565926,
        "arclength_variation_threshold": 0.0,
        "curvature_threshold": 56.167943369327496,
        "force_threshold": 0.0,
        "torque_threshold": 0.0,
        "timing": {
          "coil_initialization": 0.18628370796795934,
          "biotsavart_setup": 1.3137672499287874,
          "objective_setup": 0.040235792053863406,
          "coil_optimization": 65.61480333306827,
          "save_and_metrics": 1.0004113749600947
        },
        "fourier_order": 4,
        "continuation_step": 1
      },
      {
        "initial_B_field": 1.0969020409102082,
        "final_B_field": 1.09686476848317,
        "target_B_field": 1.0,
        "optimization_time": 37.3079559803009,
        "walltime_sec": 37.3079559803009,
        "iterations_used": 500,
        "final_squared_flux": 0.0,
        "optimization_success": true,
        "optimization_message": "Completed",
        "optimization_nfev": 500,
        "optimization_njev": null,
        "_cached_thresholds": {
          "length_threshold": 19.80141933783816,
          "flux_threshold": 6e-06,
          "cc_threshold": 0.10500000000000001,
          "cs_threshold": 0.26051697748988095,
          "msc_threshold": 50.57456654565926,
          "curvature_threshold": 56.167943369327496,
          "force_threshold": 0.0,
          "torque_threshold": 0.0,
          "finite_build_width": 0.05,
          "major_radius": 1.0098736979848935,
          "minor_radius": 0.16831206437162433,
          "a0": 10.100286074838271,
          "arclength_variation_threshold": 0.0,
          "coil_width": 0.039602838675676315
        },
        "final_min_cs_separation": 0.28158536496966663,
        "final_min_cc_separation": 0.10503196566052553,
        "final_length_per_coil": [
          4.944137062148693,
          4.875202718381263,
          4.8452756473160905,
          5.1242213072829585
        ],
        "final_current_per_coil": [
          271901.4956503341,
          303523.29520477855,
          291303.9131773919,
          383346.92060295935
        ],
        "total_current_before": 1250075.624635464,
        "total_current_after": 1250075.624635464,
        "final_total_length": 19.788836735129003,
        "final_max_curvature": 2.658800925470314,
        "final_average_curvature": 1.7601627490840497,
        "final_arclength_variation": 1.0006557273104167e-05,
        "final_mean_squared_curvature": 3.693284822665895,
        "final_max_torsion": 28.804555559263008,
        "final_linking_number": 0,
        "coils_linked_to_surface": true,
        "final_max_max_coil_force": 421155.49754355557,
        "final_avg_max_coil_force": 364639.9257921515,
        "final_max_force_per_coil": [
          281058.52238150715,
          421155.49754355557,
          400478.53001859336,
          355867.15322494984
        ],
        "final_max_torque_per_coil": [
          120263.84483777641,
          212871.07954166166,
          142577.65993779938,
          94348.8356127222
        ],
        "final_max_max_coil_torque": 212871.07954166166,
        "final_avg_max_coil_torque": 142515.3549824899,
        "avg_BdotN_over_B": 0.0010423686178075823,
        "max_BdotN_over_B": 0.004107885496657203,
        "lagrange_multipliers": null,
        "output_directory": "/Users/akaptanoglu/actions-runner/_work/stellcoilbench/stellcoilbench/cases/done/2026-03-17_070123_60865/order_8",
        "flux_threshold": 6e-06,
        "cc_threshold": 0.10500000000000001,
        "cs_threshold": 0.26051697748988095,
        "msc_threshold": 50.57456654565926,
        "arclength_variation_threshold": 0.0,
        "curvature_threshold": 56.167943369327496,
        "force_threshold": 0.0,
        "torque_threshold": 0.0,
        "timing": {
          "coil_initialization": 7.080379873514175e-07,
          "biotsavart_setup": 0.0028680829564109445,
          "objective_setup": 0.0059064170345664024,
          "coil_optimization": 37.30798354197759,
          "save_and_metrics": 0.9282686660299078
        },
        "fourier_order": 8,
        "continuation_step": 2
      },
      {
        "initial_B_field": 1.09686476848317,
        "final_B_field": 1.09686476848317,
        "target_B_field": 1.0,
        "optimization_time": 8.566264152526855,
        "walltime_sec": 8.566264152526855,
        "iterations_used": 500,
        "final_squared_flux": 0.0,