{
  "metadata": {
    "contact": "auto",
    "hardware": "CPU: self-hosted runner",
    "run_date": "2026-03-28T04:06:51.203162",
    "iterations_used": 500,
    "walltime_sec": 356.41593194007874,
    "tags": [
      "explore"
    ],
    "parent_ids": []
  },
  "version_info": {
    "stellcoilbench_commit": "10e62aca54b9b99ab703ba16398c8555d156bf3d",
    "stellcoilbench_branch": "main",
    "simsopt_version": "0.1.dev5668+ga79006b0b",
    "simsopt_commit": "a79006b0b"
  },
  "metrics": {
    "fourier_continuation": true,
    "fourier_orders": [
      4,
      8,
      16
    ],
    "final_order": 16,
    "continuation_results": [
      {
        "initial_B_field": 2.500000766903552,
        "final_B_field": 2.7733832600038815,
        "target_B_field": 2.5,
        "optimization_time": 1903.5232229232788,
        "walltime_sec": 1903.5232229232788,
        "iterations_used": 500,
        "final_squared_flux": 0.03071436741657932,
        "optimization_success": true,
        "optimization_message": "Completed",
        "optimization_nfev": 500,
        "optimization_njev": null,
        "_cached_thresholds": {
          "length_threshold": 60.85501370554137,
          "flux_threshold": 1e-08,
          "cc_threshold": 0.28978577955019696,
          "cs_threshold": 0.33602819118054755,
          "msc_threshold": 8.355965581742964,
          "curvature_threshold": 19.981656825907088,
          "force_threshold": 268.90898553047043,
          "torque_threshold": 0.0,
          "finite_build_width": 0.10789896047081801,
          "major_radius": 5.483631261799852,
          "minor_radius": 0.5240806651439732,
          "a0": 3.2437754587511507,
          "arclength_variation_threshold": 0.0,
          "coil_width": 0.12331309768093489
        },
        "final_min_cs_separation": 0.3013142241904074,
        "final_min_cc_separation": 0.25402720839794507,
        "final_length_per_coil": [
          13.138705650564027,
          8.821068131979873,
          14.877168693927501,
          14.305979599218183,
          9.760158677501556
        ],
        "final_current_per_coil": [
          2384118.2496022424,
          468881.85904676485,
          1899981.3747193178,
          1663044.2911384262,
          458978.4431103645
        ],
        "total_current_before": 6875004.217617116,
        "total_current_after": 6875004.217617116,
        "final_total_length": 60.90308075319114,
        "final_max_curvature": 1.8297174637895661,
        "final_average_curvature": 0.8567664178004846,
        "final_arclength_variation": 0.06444455610656434,
        "final_mean_squared_curvature": 1.5045903445728468,
        "final_max_torsion": 7.035596635482549,
        "final_linking_number": 0,
        "coils_linked_to_surface": true,
        "final_max_max_coil_force": 4618861.080278287,
        "final_avg_max_coil_force": 2973414.7208161834,
        "final_max_force_per_coil": [
          4618861.080278287,
          1309016.2013908287,
          4570555.10448174,
          3143616.322462692,
          1225024.8954673682
        ],
        "final_max_torque_per_coil": [
          4399307.03206755,
          1895049.540158904,
          8742216.574333258,
          4192505.8473522966,
          779797.8787939198
        ],
        "final_max_max_coil_torque": 8742216.574333258,
        "final_avg_max_coil_torque": 4001775.374541186,
        "avg_BdotN_over_B": 0.007471084081843872,
        "max_BdotN_over_B": 0.04575635890380031,
        "lagrange_multipliers": null,
        "output_directory": "/Users/akaptanoglu/actions-runner/_work/stellcoilbench/stellcoilbench/cases/done/2026-03-28_030815_30409/order_4",
        "flux_threshold": 1e-08,
        "cc_threshold": 0.28978577955019696,
        "cs_threshold": 0.33602819118054755,
        "msc_threshold": 8.355965581742964,
        "arclength_variation_threshold": 0.0,
        "curvature_threshold": 19.981656825907088,
        "force_threshold": 268.90898553047043,
        "torque_threshold": 0.0,
        "timing": {
          "coil_initialization": 0.7280696670059115,
          "biotsavart_setup": 2.5662145419046283,
          "objective_setup": 0.040037959115579724,
          "coil_optimization": 1903.5246841250919,
          "save_and_metrics": 1.794200083008036
        },
        "fourier_order": 4,
        "continuation_step": 1
      },
      {
        "initial_B_field": 2.7733832600038815,
        "final_B_field": 2.7724795668167745,
        "target_B_field": 2.5,
        "optimization_time": 959.718603849411,
        "walltime_sec": 959.718603849411,
        "iterations_used": 500,
        "final_squared_flux": 0.06914063715747654,
        "optimization_success": true,
        "optimization_message": "Completed",
        "optimization_nfev": 500,
        "optimization_njev": null,
        "_cached_thresholds": {
          "length_threshold": 60.85501370554137,
          "flux_threshold": 1e-08,
          "cc_threshold": 0.28978577955019696,
          "cs_threshold": 0.33602819118054755,
          "msc_threshold": 8.355965581742964,
          "curvature_threshold": 19.981656825907088,
          "force_threshold": 268.90898553047043,
          "torque_threshold": 0.0,
          "finite_build_width": 0.10789896047081801,
          "major_radius": 5.483631261799852,
          "minor_radius": 0.5240806651439732,
          "a0": 3.2437754587511507,
          "arclength_variation_threshold": 0.0,
          "coil_width": 0.12331309768093489
        },
        "final_min_cs_separation": 0.3012396587965911,
        "final_min_cc_separation": 0.1950392823365926,
        "final_length_per_coil": [
          13.099786242989763,
          8.713975728977168,
          14.874220182813255,
          14.320777889070412,
          9.790118576288506
        ],
        "final_current_per_coil": [
          2384133.2491149176,
          468826.28969260154,
          1899952.2309224892,
          1663014.087564368,
          459078.3603227399
        ],
        "total_current_before": 6875004.217617116,
        "total_current_after": 6875004.217617116,
        "final_total_length": 60.79887862013911,
        "final_max_curvature": 2.51529971946792,
        "final_average_curvature": 0.8252350797521363,
        "final_arclength_variation": 0.5590393669532342,
        "final_mean_squared_curvature": 1.7664874257509253,
        "final_max_torsion": 2.07696035252816,
        "final_linking_number": 0,
        "coils_linked_to_surface": true,
        "final_max_max_coil_force": 4604306.934181889,
        "final_avg_max_coil_force": 2907541.911022368,
        "final_max_force_per_coil": [
          4103892.1622692947,
          1315499.6341289377,
          4604306.934181889,
          3115016.999263321,
          1398993.825268399
        ],
        "final_max_torque_per_coil": [
          5125699.620496424,
          1946565.6848322446,
          8766386.734509347,
          4101588.295314871,
          907072.7315479942
        ],
        "final_max_max_coil_torque": 8766386.734509347,
        "final_avg_max_coil_torque": 4169462.6133401757,
        "avg_BdotN_over_B": 0.010723628143793622,
        "max_BdotN_over_B": 0.0479944633254165,
        "lagrange_multipliers": null,
        "output_directory": "/Users/akaptanoglu/actions-runner/_work/stellcoilbench/stellcoilbench/cases/done/2026-03-28_030815_30409/order_8",
        "flux_threshold": 1e-08,
        "cc_threshold": 0.28978577955019696,
        "cs_threshold": 0.33602819118054755,
        "msc_threshold": 8.355965581742964,
        "arclength_variation_threshold": 0.0,
        "curvature_threshold": 19.981656825907088,
        "force_threshold": 268.90898553047043,
        "torque_threshold": 0.0,
        "timing": {
          "coil_initialization": 5.41098415851593e-07,
          "biotsavart_setup": 0.004721167031675577,
          "objective_setup": 0.00749783287756145,
          "coil_optimization": 959.719649665989,