{
  "metadata": {
    "contact": "auto",
    "hardware": "CPU: self-hosted runner",
    "run_date": "2026-03-18T07:01:23.009679",
    "iterations_used": 500,
    "walltime_sec": 384.5275328159332
  },
  "version_info": {
    "stellcoilbench_commit": "dd101e74764e258986bc935d71d3acc0fb7ced18",
    "stellcoilbench_branch": "main",
    "simsopt_version": "0.1.dev5668+ga79006b0b",
    "simsopt_commit": "a79006b0b"
  },
  "metrics": {
    "fourier_continuation": true,
    "fourier_orders": [
      4,
      8,
      16
    ],
    "final_order": 16,
    "continuation_results": [
      {
        "initial_B_field": 1.0000050243934888,
        "final_B_field": 0.021916427318498584,
        "target_B_field": 1.0,
        "optimization_time": 481.0205900669098,
        "walltime_sec": 481.0205900669098,
        "iterations_used": 500,
        "final_squared_flux": 0.0001245255861429837,
        "optimization_success": true,
        "optimization_message": "Completed",
        "optimization_nfev": 500,
        "optimization_njev": null,
        "_cached_thresholds": {
          "length_threshold": 14.28078362644888,
          "flux_threshold": 1e-08,
          "cc_threshold": 0.10500000000000001,
          "cs_threshold": 0.15742128373581335,
          "msc_threshold": 31.209883971250257,
          "curvature_threshold": 10.372993798858904,
          "force_threshold": 3660.343673521389,
          "torque_threshold": 0.0,
          "finite_build_width": 0.05,
          "major_radius": 1.0098736979848935,
          "minor_radius": 0.16831206437162433,
          "a0": 10.100286074838271,
          "arclength_variation_threshold": 0.0,
          "coil_width": 0.039602838675676315
        },
        "final_min_cs_separation": 0.02518331652889214,
        "final_min_cc_separation": 0.0821970981978728,
        "final_length_per_coil": [
          1.5453228012848905,
          2.039085424107682,
          2.589299076095681,
          2.6010861220676844,
          2.8158991311963133
        ],
        "final_current_per_coil": [
          126915.58156236846,
          1116580.6431428879,
          9862.777355459755,
          3586.352388064811,
          239.88876728224568
        ],
        "total_current_before": 1250012.5384399334,
        "total_current_after": 1250012.5384399334,
        "final_total_length": 11.590692554752252,
        "final_max_curvature": 10.153222958342253,
        "final_average_curvature": 4.098809922748764,
        "final_arclength_variation": 0.03637999193359947,
        "final_mean_squared_curvature": 31.349047088587284,
        "final_max_torsion": 428.67306048289635,
        "final_linking_number": 0,
        "coils_linked_to_surface": false,
        "final_max_max_coil_force": 3592108.399123364,
        "final_avg_max_coil_force": 772081.8823699048,
        "final_max_force_per_coil": [
          265044.30639682914,
          3592108.399123364,
          2875.4416840879403,
          377.4304520122601,
          3.8341932307281215
        ],
        "final_max_torque_per_coil": [
          44234.992958139774,
          532200.6290343405,
          1227.4137988947462,
          167.75848019318022,
          1.1093542323580752
        ],
        "final_max_max_coil_torque": 532200.6290343405,
        "final_avg_max_coil_torque": 115566.3807251601,
        "avg_BdotN_over_B": 0.3590223149343317,
        "max_BdotN_over_B": 0.9966089955084685,
        "lagrange_multipliers": null,
        "output_directory": "/Users/akaptanoglu/actions-runner/_work/stellcoilbench/stellcoilbench/cases/done/2026-03-18_063458_26746/order_4",
        "flux_threshold": 1e-08,
        "cc_threshold": 0.10500000000000001,
        "cs_threshold": 0.15742128373581335,
        "msc_threshold": 31.209883971250257,
        "arclength_variation_threshold": 0.0,
        "curvature_threshold": 10.372993798858904,
        "force_threshold": 3660.343673521389,
        "torque_threshold": 0.0,
        "timing": {
          "coil_initialization": 0.25071012508124113,
          "biotsavart_setup": 1.2929554579313844,
          "objective_setup": 0.05622208397835493,
          "coil_optimization": 481.02097079192754,
          "save_and_metrics": 0.9038034999975935
        },
        "fourier_order": 4,
        "continuation_step": 1
      },
      {
        "initial_B_field": 0.021916427318498584,
        "final_B_field": 0.019605298597443477,
        "target_B_field": 1.0,
        "optimization_time": 431.7113153934479,
        "walltime_sec": 431.7113153934479,
        "iterations_used": 500,
        "final_squared_flux": 0.00010959990159457011,
        "optimization_success": true,
        "optimization_message": "Completed",
        "optimization_nfev": 500,
        "optimization_njev": null,
        "_cached_thresholds": {
          "length_threshold": 14.28078362644888,
          "flux_threshold": 1e-08,
          "cc_threshold": 0.10500000000000001,
          "cs_threshold": 0.15742128373581335,
          "msc_threshold": 31.209883971250257,
          "curvature_threshold": 10.372993798858904,
          "force_threshold": 3660.343673521389,
          "torque_threshold": 0.0,
          "finite_build_width": 0.05,
          "major_radius": 1.0098736979848935,
          "minor_radius": 0.16831206437162433,
          "a0": 10.100286074838271,
          "arclength_variation_threshold": 0.0,
          "coil_width": 0.039602838675676315
        },
        "final_min_cs_separation": 0.025491419988633125,
        "final_min_cc_separation": 0.09952723978648145,
        "final_length_per_coil": [
          1.5426186867648903,
          2.0298125146232717,
          2.606459471665401,
          2.4701113740662213,
          2.6827091636268925
        ],
        "final_current_per_coil": [
          124503.45260161709,
          1122352.8957409377,
          7417.463790870606,
          3709.800567484609,
          551.4731260070112
        ],
        "total_current_before": 1250012.5384399334,
        "total_current_after": 1250012.5384399337,
        "final_total_length": 11.331711210746677,
        "final_max_curvature": 10.863467226114919,
        "final_average_curvature": 4.859877058463295,
        "final_arclength_variation": 0.028747802331391525,
        "final_mean_squared_curvature": 31.493659682054567,
        "final_max_torsion": 376.39143800856726,
        "final_linking_number": 0,
        "coils_linked_to_surface": false,
        "final_max_max_coil_force": 734292.0270510527,
        "final_avg_max_coil_force": 196698.50601814815,
        "final_max_force_per_coil": [
          246745.86164640574,
          734292.0270510527,
          2045.372782578499,
          400.6221593495421,
          8.646451354378495
        ],
        "final_max_torque_per_coil": [
          42438.397665642406,
          143117.85097509387,
          847.9972070365635,
          178.46785034456653,
          3.223253401486762
        ],
        "final_max_max_coil_torque": 143117.85097509387,
        "final_avg_max_coil_torque": 37317.18739030378,
        "avg_BdotN_over_B": 0.38329929767500676,
        "max_BdotN_over_B": 0.994274739129461,
        "lagrange_multipliers": null,
        "output_directory": "/Users/akaptanoglu/actions-runner/_work/stellcoilbench/stellcoilbench/cases/done/2026-03-18_063458_26746/order_8",
        "flux_threshold": 1e-08,
        "cc_threshold": 0.10500000000000001,
        "cs_threshold": 0.15742128373581335,
        "msc_threshold": 31.209883971250257,
        "arclength_variation_threshold": 0.0,
        "curvature_threshold": 10.372993798858904,
        "force_threshold": 3660.343673521389,
        "torque_threshold": 0.0,
        "timing": {
          "coil_initialization": 7.080379873514175e-07,
          "biotsavart_setup": 0.002978375065140426,
          "objective_setup": 0.007139707915484905,
          "coil_optimization": 431.7116739579942,
          "save_and_metrics": 0.8694282079814002
        },
        "fourier_order": 8,