{
  "metadata": {
    "contact": "auto",
    "hardware": "CPU: self-hosted runner",
    "run_date": "2026-03-17T06:34:41.077568",
    "iterations_used": 500,
    "walltime_sec": 7.067928791046143
  },
  "version_info": {
    "stellcoilbench_commit": "f2606e5ad48ca25d7d5508e05833f8e6594ff280",
    "stellcoilbench_branch": "main",
    "simsopt_version": "0.1.dev5668+ga79006b0b",
    "simsopt_commit": "a79006b0b"
  },
  "metrics": {
    "fourier_continuation": true,
    "fourier_orders": [
      4,
      8,
      16
    ],
    "final_order": 16,
    "continuation_results": [
      {
        "initial_B_field": 1.0000305513510055,
        "final_B_field": 1.0968960005548005,
        "target_B_field": 1.0,
        "optimization_time": 304.273246049881,
        "walltime_sec": 304.273246049881,
        "iterations_used": 500,
        "final_squared_flux": 5.193638142144345e-06,
        "optimization_success": true,
        "optimization_message": "Completed",
        "optimization_nfev": 500,
        "optimization_njev": null,
        "_cached_thresholds": {
          "length_threshold": 19.80141933783816,
          "flux_threshold": 3e-06,
          "cc_threshold": 0.10500000000000001,
          "cs_threshold": 0.3193937256922354,
          "msc_threshold": 10.889088116424917,
          "curvature_threshold": 149.75773955422696,
          "force_threshold": 0.0,
          "torque_threshold": 0.0,
          "finite_build_width": 0.05,
          "major_radius": 1.0098736979848935,
          "minor_radius": 0.16831206437162433,
          "a0": 10.100286074838271,
          "arclength_variation_threshold": 0.0,
          "coil_width": 0.039602838675676315
        },
        "final_min_cs_separation": 0.3188913460959355,
        "final_min_cc_separation": 0.10465191882620996,
        "final_length_per_coil": [
          5.061622661393301,
          5.607890929373605,
          4.5963227484553695,
          4.536767420575134
        ],
        "final_current_per_coil": [
          243375.15991446844,
          457609.4172945412,
          253587.27382073013,
          295503.7736057242
        ],
        "total_current_before": 1250075.624635464,
        "total_current_after": 1250075.624635464,
        "final_total_length": 19.80260375979741,
        "final_max_curvature": 2.5933193869986373,
        "final_average_curvature": 1.7268410986530196,
        "final_arclength_variation": 0.0008701031907108392,
        "final_mean_squared_curvature": 3.756162696887175,
        "final_max_torsion": 46.08044340425494,
        "final_linking_number": 0,
        "coils_linked_to_surface": true,
        "final_max_max_coil_force": 636689.6472037563,
        "final_avg_max_coil_force": 387602.66424828063,
        "final_max_force_per_coil": [
          238147.55765104192,
          636689.6472037563,
          370435.1859714122,
          305138.2661669122
        ],
        "final_max_torque_per_coil": [
          118473.37949903283,
          330753.30933502346,
          118816.64223301495,
          86700.46293865256
        ],
        "final_max_max_coil_torque": 330753.30933502346,
        "final_avg_max_coil_torque": 163685.94850143095,
        "avg_BdotN_over_B": 0.0010065985852621214,
        "max_BdotN_over_B": 0.004048399589615311,
        "lagrange_multipliers": null,
        "output_directory": "/Users/akaptanoglu/actions-runner/_work/stellcoilbench/stellcoilbench/cases/done/2026-03-17_062506_33593/order_4",
        "flux_threshold": 3e-06,
        "cc_threshold": 0.10500000000000001,
        "cs_threshold": 0.3193937256922354,
        "msc_threshold": 10.889088116424917,
        "arclength_variation_threshold": 0.0,
        "curvature_threshold": 149.75773955422696,
        "force_threshold": 0.0,
        "torque_threshold": 0.0,
        "timing": {
          "coil_initialization": 0.214952209033072,
          "biotsavart_setup": 1.280260416911915,
          "objective_setup": 0.03312116698361933,
          "coil_optimization": 304.2735142909223,
          "save_and_metrics": 0.8996446669334546
        },
        "fourier_order": 4,
        "continuation_step": 1
      },
      {
        "initial_B_field": 1.0968960005548005,
        "final_B_field": 1.0965437129767546,
        "target_B_field": 1.0,
        "optimization_time": 54.67088007926941,
        "walltime_sec": 54.67088007926941,
        "iterations_used": 500,
        "final_squared_flux": 0.0,
        "optimization_success": true,
        "optimization_message": "Completed",
        "optimization_nfev": 500,
        "optimization_njev": null,
        "_cached_thresholds": {
          "length_threshold": 19.80141933783816,
          "flux_threshold": 3e-06,
          "cc_threshold": 0.10500000000000001,
          "cs_threshold": 0.3193937256922354,
          "msc_threshold": 10.889088116424917,
          "curvature_threshold": 149.75773955422696,
          "force_threshold": 0.0,
          "torque_threshold": 0.0,
          "finite_build_width": 0.05,
          "major_radius": 1.0098736979848935,
          "minor_radius": 0.16831206437162433,
          "a0": 10.100286074838271,
          "arclength_variation_threshold": 0.0,
          "coil_width": 0.039602838675676315
        },
        "final_min_cs_separation": 0.32043354221964004,
        "final_min_cc_separation": 0.10502766113901094,
        "final_length_per_coil": [
          5.050599241816189,
          5.604169169998027,
          4.613407695727627,
          4.533050183686145
        ],
        "final_current_per_coil": [
          246363.16961465403,
          452179.2341778128,
          255854.7501364222,
          295678.47070657497
        ],
        "total_current_before": 1250075.624635464,
        "total_current_after": 1250075.624635464,
        "final_total_length": 19.80122629122799,
        "final_max_curvature": 2.9067555960749334,
        "final_average_curvature": 1.738465594479092,
        "final_arclength_variation": 0.00010433287922875624,
        "final_mean_squared_curvature": 4.0585418080742395,
        "final_max_torsion": 61.3783598503545,
        "final_linking_number": 0,
        "coils_linked_to_surface": true,
        "final_max_max_coil_force": 611989.1453687698,
        "final_avg_max_coil_force": 379143.5972738462,
        "final_max_force_per_coil": [
          259483.56292640502,
          611989.1453687698,
          370987.12656415155,
          274114.5542360586
        ],
        "final_max_torque_per_coil": [
          119223.91053570119,
          324682.0273969275,
          112803.13720725811,
          65014.06102234774
        ],
        "final_max_max_coil_torque": 324682.0273969275,
        "final_avg_max_coil_torque": 155430.78404055865,
        "avg_BdotN_over_B": 0.0007410518330111985,
        "max_BdotN_over_B": 0.0032218486696814555,
        "lagrange_multipliers": null,
        "output_directory": "/Users/akaptanoglu/actions-runner/_work/stellcoilbench/stellcoilbench/cases/done/2026-03-17_062506_33593/order_8",
        "flux_threshold": 3e-06,
        "cc_threshold": 0.10500000000000001,
        "cs_threshold": 0.3193937256922354,
        "msc_threshold": 10.889088116424917,
        "arclength_variation_threshold": 0.0,
        "curvature_threshold": 149.75773955422696,
        "force_threshold": 0.0,
        "torque_threshold": 0.0,
        "timing": {
          "coil_initialization": 7.08969309926033e-07,
          "biotsavart_setup": 0.0027896659448742867,
          "objective_setup": 0.00587975000962615,
          "coil_optimization": 54.67092970898375,
          "save_and_metrics": 0.9630613749613985
        },
        "fourier_order": 8,
        "continuation_step": 2
      },
      {
        "initial_B_field": 1.0965437129767546,
        "final_B_field": 1.0965437129767546,
        "target_B_field": 1.0,
        "optimization_time": 7.067928791046143,
        "walltime_sec": 7.067928791046143,
        "iterations_used": 500,
        "final_squared_flux": 0.0,