{
  "metadata": {
    "contact": "auto",
    "hardware": "CPU: self-hosted runner",
    "run_date": "2026-03-21T16:18:02.321618",
    "iterations_used": 500,
    "walltime_sec": 32.29314374923706,
    "tags": [
      "explore"
    ],
    "parent_ids": []
  },
  "version_info": {
    "stellcoilbench_commit": "063356477d29436c29ba6d8a6d72aa3a1584982e",
    "stellcoilbench_branch": "main",
    "simsopt_version": "0.1.dev5668+ga79006b0b",
    "simsopt_commit": "a79006b0b"
  },
  "metrics": {
    "fourier_continuation": true,
    "fourier_orders": [
      4,
      8,
      16
    ],
    "final_order": 16,
    "continuation_results": [
      {
        "initial_B_field": 2.5000971540886527,
        "final_B_field": 2.7170747024573005,
        "target_B_field": 2.5,
        "optimization_time": 410.58988308906555,
        "walltime_sec": 410.58988308906555,
        "iterations_used": 500,
        "final_squared_flux": 0.13335381736523097,
        "optimization_success": true,
        "optimization_message": "Completed",
        "optimization_nfev": 500,
        "optimization_njev": null,
        "_cached_thresholds": {
          "length_threshold": 55.52788788572498,
          "flux_threshold": 1e-08,
          "cc_threshold": 0.22658781698871783,
          "cs_threshold": 0.5829626692866197,
          "msc_threshold": 4.463435031241583,
          "curvature_threshold": 1.6283752802930778,
          "force_threshold": 1553.7684447418012,
          "torque_threshold": 0.0,
          "finite_build_width": 0.10789896047081801,
          "major_radius": 5.483631261799852,
          "minor_radius": 0.5240806651439732,
          "a0": 3.2437754587511507,
          "arclength_variation_threshold": 0.0,
          "coil_width": 0.12331309768093489
        },
        "final_min_cs_separation": 0.5451928463494429,
        "final_min_cc_separation": 0.11865746844982042,
        "final_length_per_coil": [
          11.479915276746363,
          18.824005273964605,
          25.356916204084538
        ],
        "final_current_per_coil": [
          1738391.979712283,
          3142321.907584185,
          1994817.0575304702
        ],
        "total_current_before": 6875530.944826938,
        "total_current_after": 6875530.944826938,
        "final_total_length": 55.66083675479551,
        "final_max_curvature": 1.6032506410474234,
        "final_average_curvature": 0.7475588274787279,
        "final_arclength_variation": 0.15767689144431654,
        "final_mean_squared_curvature": 1.0919132491663297,
        "final_max_torsion": 6.573750172073876,
        "final_linking_number": 0,
        "coils_linked_to_surface": true,
        "final_max_max_coil_force": 9383083.700408312,
        "final_avg_max_coil_force": 7915122.48255644,
        "final_max_force_per_coil": [
          8273247.585177588,
          9383083.700408312,
          6089036.162083419
        ],
        "final_max_torque_per_coil": [
          7775094.173519349,
          13801823.043568546,
          5770704.125067022
        ],
        "final_max_max_coil_torque": 13801823.043568546,
        "final_avg_max_coil_torque": 9115873.780718306,
        "avg_BdotN_over_B": 0.01571212095599544,
        "max_BdotN_over_B": 0.07244452460541957,
        "lagrange_multipliers": null,
        "output_directory": "/Users/akaptanoglu/actions-runner/_work/stellcoilbench/stellcoilbench/cases/done/2026-03-21_160318_33080/order_4",
        "flux_threshold": 1e-08,
        "cc_threshold": 0.22658781698871783,
        "cs_threshold": 0.5829626692866197,
        "msc_threshold": 4.463435031241583,
        "arclength_variation_threshold": 0.0,
        "curvature_threshold": 1.6283752802930778,
        "force_threshold": 1553.7684447418012,
        "torque_threshold": 0.0,
        "timing": {
          "coil_initialization": 0.25854254188016057,
          "biotsavart_setup": 1.6086402088403702,
          "objective_setup": 0.029051042161881924,
          "coil_optimization": 410.59026729199104,
          "save_and_metrics": 1.2093372920062393
        },
        "fourier_order": 4,
        "continuation_step": 1
      },
      {
        "initial_B_field": 2.7170747024573005,
        "final_B_field": 2.702076010286703,
        "target_B_field": 2.5,
        "optimization_time": 310.2738401889801,
        "walltime_sec": 310.2738401889801,
        "iterations_used": 500,
        "final_squared_flux": 0.31066158341577055,
        "optimization_success": true,
        "optimization_message": "Completed",
        "optimization_nfev": 500,
        "optimization_njev": null,
        "_cached_thresholds": {
          "length_threshold": 55.52788788572498,
          "flux_threshold": 1e-08,
          "cc_threshold": 0.22658781698871783,
          "cs_threshold": 0.5829626692866197,
          "msc_threshold": 4.463435031241583,
          "curvature_threshold": 1.6283752802930778,
          "force_threshold": 1553.7684447418012,
          "torque_threshold": 0.0,
          "finite_build_width": 0.10789896047081801,
          "major_radius": 5.483631261799852,
          "minor_radius": 0.5240806651439732,
          "a0": 3.2437754587511507,
          "arclength_variation_threshold": 0.0,
          "coil_width": 0.12331309768093489
        },
        "final_min_cs_separation": 0.47513431433657655,
        "final_min_cc_separation": 0.05676367452692501,
        "final_length_per_coil": [
          11.835821613474753,
          18.90033604967169,
          25.70324096313944
        ],
        "final_current_per_coil": [
          1738503.119518187,
          3142673.807197606,
          1994354.0181111451
        ],
        "total_current_before": 6875530.944826938,
        "total_current_after": 6875530.944826938,
        "final_total_length": 56.43939862628588,
        "final_max_curvature": 2.2804106056710673,
        "final_average_curvature": 0.7230412033093758,
        "final_arclength_variation": 0.8077075525438387,
        "final_mean_squared_curvature": 1.1411594489277543,
        "final_max_torsion": 1.64923093952175,
        "final_linking_number": 0,
        "coils_linked_to_surface": true,
        "final_max_max_coil_force": 15584365.17264205,
        "final_avg_max_coil_force": 13737514.384779742,
        "final_max_force_per_coil": [
          14361705.002579754,
          15584365.17264205,
          11266472.97911742
        ],
        "final_max_torque_per_coil": [
          23865333.411992695,
          23198753.972706392,
          7848765.939426362
        ],
        "final_max_max_coil_torque": 23865333.411992695,
        "final_avg_max_coil_torque": 18304284.44137515,
        "avg_BdotN_over_B": 0.023122740899485284,
        "max_BdotN_over_B": 0.0737256961554602,
        "lagrange_multipliers": null,
        "output_directory": "/Users/akaptanoglu/actions-runner/_work/stellcoilbench/stellcoilbench/cases/done/2026-03-21_160318_33080/order_8",
        "flux_threshold": 1e-08,
        "cc_threshold": 0.22658781698871783,
        "cs_threshold": 0.5829626692866197,
        "msc_threshold": 4.463435031241583,
        "arclength_variation_threshold": 0.0,
        "curvature_threshold": 1.6283752802930778,
        "force_threshold": 1553.7684447418012,
        "torque_threshold": 0.0,
        "timing": {
          "coil_initialization": 7.920898497104645e-07,
          "biotsavart_setup": 0.004385457839816809,
          "objective_setup": 0.005683582974597812,
          "coil_optimization": 310.2741272498388,
          "save_and_metrics": 1.1355017081368715
        },
        "fourier_order": 8,
        "continuation_step": 2
      },
      {
        "initial_B_field": 2.702076010286703,
        "final_B_field": 2.7020760109004547,
        "target_B_field": 2.5,
        "optimization_time": 32.29314374923706,
        "walltime_sec": 32.29314374923706,
        "iterations_used": 500,
        "final_squared_flux": 0.3106615829930284,
        "optimization_success": true,
        "optimization_message": "Completed",