{
  "metadata": {
    "contact": "auto",
    "hardware": "CPU: self-hosted runner",
    "run_date": "2026-03-23T17:42:48.968415",
    "iterations_used": 500,
    "walltime_sec": 149.55366396903992,
    "tags": [
      "explore"
    ],
    "parent_ids": []
  },
  "version_info": {
    "stellcoilbench_commit": "89b17817f19763f3198eebc44b0e83e9a5821de9",
    "stellcoilbench_branch": "main",
    "simsopt_version": "0.1.dev5668+ga79006b0b",
    "simsopt_commit": "a79006b0b"
  },
  "metrics": {
    "fourier_continuation": true,
    "fourier_orders": [
      4,
      8,
      16
    ],
    "final_order": 16,
    "continuation_results": [
      {
        "initial_B_field": 2.500000000019017,
        "final_B_field": 0.10730717833177725,
        "target_B_field": 2.5,
        "optimization_time": 1595.6515798568726,
        "walltime_sec": 1595.6515798568726,
        "iterations_used": 500,
        "final_squared_flux": 0.12098834846949974,
        "optimization_success": true,
        "optimization_message": "Completed",
        "optimization_nfev": 500,
        "optimization_njev": null,
        "_cached_thresholds": {
          "length_threshold": 36.46676581169447,
          "flux_threshold": 1e-08,
          "cc_threshold": 0.425121904255023,
          "cs_threshold": 0.5542923740758023,
          "msc_threshold": 8.800362819591871,
          "curvature_threshold": 30.90020502006346,
          "force_threshold": 453.4798091334109,
          "torque_threshold": 0.0,
          "finite_build_width": 0.10789896047081801,
          "major_radius": 5.483631261799852,
          "minor_radius": 0.5240806651439732,
          "a0": 3.2437754587511507,
          "arclength_variation_threshold": 0.0,
          "coil_width": 0.12331309768093489
        },
        "final_min_cs_separation": 0.045765405914165364,
        "final_min_cc_separation": 0.24346830624798546,
        "final_length_per_coil": [
          8.004839724406871,
          6.891732723129839,
          6.036743029492052,
          5.898906943756121,
          5.563500292948096,
          2.2652911222065595,
          2.3065881261503507
        ],
        "final_current_per_coil": [
          60648.55602935264,
          28298.88635906174,
          37432.3355515604,
          49121.12331108597,
          203663.83490089682,
          560484.993130414,
          6131512.053984045
        ],
        "total_current_before": 6875000.00010459,
        "total_current_after": 6875000.00010459,
        "final_total_length": 36.967601962089894,
        "final_max_curvature": 4.622683134540276,
        "final_average_curvature": 1.6094733214817487,
        "final_arclength_variation": 0.389000087003772,
        "final_mean_squared_curvature": 9.395414601132357,
        "final_max_torsion": 7.228121421117476,
        "final_linking_number": 0,
        "coils_linked_to_surface": false,
        "final_max_max_coil_force": 32661232.671239916,
        "final_avg_max_coil_force": 4864948.369294236,
        "final_max_force_per_coil": [
          2402.384608685325,
          1554.2120396835974,
          2499.066573398075,
          9364.496756576304,
          113645.85279205878,
          1263939.9010493408,
          32661232.671239916
        ],
        "final_max_torque_per_coil": [
          2747.042271590058,
          1751.7822268750986,
          2081.430068036673,
          7441.158619614827,
          42326.210540314765,
          209246.86586010375,
          5222153.190250167
        ],
        "final_max_max_coil_torque": 5222153.190250167,
        "final_avg_max_coil_torque": 783963.954262386,
        "avg_BdotN_over_B": 0.3067636561129625,
        "max_BdotN_over_B": 0.9987694957811256,
        "lagrange_multipliers": null,
        "output_directory": "/Users/akaptanoglu/actions-runner/_work/stellcoilbench/stellcoilbench/cases/done/2026-03-23_165751_31847/order_4",
        "flux_threshold": 1e-08,
        "cc_threshold": 0.425121904255023,
        "cs_threshold": 0.5542923740758023,
        "msc_threshold": 8.800362819591871,
        "arclength_variation_threshold": 0.0,
        "curvature_threshold": 30.90020502006346,
        "force_threshold": 453.4798091334109,
        "torque_threshold": 0.0,
        "timing": {
          "coil_initialization": 3.4765328329522163,
          "biotsavart_setup": 3.1719279170501977,
          "objective_setup": 0.036936125019565225,
          "coil_optimization": 1595.6524429589044,
          "save_and_metrics": 2.9249902500305325
        },
        "fourier_order": 4,
        "continuation_step": 1
      },
      {
        "initial_B_field": 0.10730717833177725,
        "final_B_field": 0.10722672091150107,
        "target_B_field": 2.5,
        "optimization_time": 484.3877968788147,
        "walltime_sec": 484.3877968788147,
        "iterations_used": 500,
        "final_squared_flux": 0.12100750109690771,
        "optimization_success": true,
        "optimization_message": "Completed",
        "optimization_nfev": 500,
        "optimization_njev": null,
        "_cached_thresholds": {
          "length_threshold": 36.46676581169447,
          "flux_threshold": 1e-08,
          "cc_threshold": 0.425121904255023,
          "cs_threshold": 0.5542923740758023,
          "msc_threshold": 8.800362819591871,
          "curvature_threshold": 30.90020502006346,
          "force_threshold": 453.4798091334109,
          "torque_threshold": 0.0,
          "finite_build_width": 0.10789896047081801,
          "major_radius": 5.483631261799852,
          "minor_radius": 0.5240806651439732,
          "a0": 3.2437754587511507,
          "arclength_variation_threshold": 0.0,
          "coil_width": 0.12331309768093489
        },
        "final_min_cs_separation": 0.04505758545524939,
        "final_min_cc_separation": 0.2435912885060588,
        "final_length_per_coil": [
          8.004778039924735,
          6.891670898465608,
          6.036448744463075,
          5.8983568179153565,
          5.563323932662139,
          2.265264516947538,
          2.3066580120927638
        ],
        "final_current_per_coil": [
          60648.5533569037,
          28298.886696701687,
          37432.33492630643,
          49121.12357999029,
          203663.83718329444,
          560484.9926788164,
          6131512.048248998
        ],
        "total_current_before": 6875000.00010459,
        "total_current_after": 6875000.00010459,
        "final_total_length": 36.966500962471216,
        "final_max_curvature": 4.607789357006645,
        "final_average_curvature": 1.6084768797697981,
        "final_arclength_variation": 0.3892707695212075,
        "final_mean_squared_curvature": 9.40968958770742,
        "final_max_torsion": 6.57616846861866,
        "final_linking_number": 0,
        "coils_linked_to_surface": false,
        "final_max_max_coil_force": 19279598.487547573,
        "final_avg_max_coil_force": 2935308.2774016163,
        "final_max_force_per_coil": [
          2290.213119631421,
          1478.5243034436137,
          2603.7504451784343,
          9045.511274070714,
          107954.11833472682,
          1144187.3367866913,
          19279598.487547573
        ],
        "final_max_torque_per_coil": [
          2768.646287985087,
          1757.6806891216384,
          2130.1215683935734,
          7163.3654052811025,
          40895.38121060227,
          202633.86496096596,
          3239410.4527984913
        ],
        "final_max_max_coil_torque": 3239410.4527984913,
        "final_avg_max_coil_torque": 499537.07327440585,
        "avg_BdotN_over_B": 0.3067416966994306,
        "max_BdotN_over_B": 0.9987704489705143,
        "lagrange_multipliers": null,
        "output_directory": "/Users/akaptanoglu/actions-runner/_work/stellcoilbench/stellcoilbench/cases/done/2026-03-23_165751_31847/order_8",
        "flux_threshold": 1e-08,
        "cc_threshold": 0.425121904255023,
        "cs_threshold": 0.5542923740758023,
        "msc_threshold": 8.800362819591871,