{
  "metadata": {
    "contact": "auto",
    "hardware": "CPU: self-hosted runner",
    "run_date": "2026-03-16T22:27:19.694581",
    "iterations_used": 500,
    "walltime_sec": 121.18900728225708
  },
  "version_info": {
    "stellcoilbench_commit": "bba40f14d2ba1ad631711da3a10949fbb6701c22",
    "stellcoilbench_branch": "main",
    "simsopt_version": "0.1.dev5668+ga79006b0b",
    "simsopt_commit": "a79006b0b"
  },
  "metrics": {
    "fourier_continuation": true,
    "fourier_orders": [
      4,
      8,
      16
    ],
    "final_order": 16,
    "continuation_results": [
      {
        "initial_B_field": 1.0000305513510055,
        "final_B_field": 1.0967553063146402,
        "target_B_field": 1.0,
        "optimization_time": 168.17000079154968,
        "walltime_sec": 168.17000079154968,
        "iterations_used": 500,
        "final_squared_flux": 6.781207224401048e-05,
        "optimization_success": true,
        "optimization_message": "Completed",
        "optimization_nfev": 500,
        "optimization_njev": null,
        "_cached_thresholds": {
          "length_threshold": 15.233231896598896,
          "flux_threshold": 1e-08,
          "cc_threshold": 0.10500000000000001,
          "cs_threshold": 0.09970014636601511,
          "msc_threshold": 9.645773201470549,
          "curvature_threshold": 10.120486646987947,
          "force_threshold": 714.0902254910658,
          "torque_threshold": 0.0,
          "finite_build_width": 0.05,
          "major_radius": 1.0098736979848935,
          "minor_radius": 0.16831206437162433,
          "a0": 10.100286074838271,
          "arclength_variation_threshold": 0.0,
          "coil_width": 0.039602838675676315
        },
        "final_min_cs_separation": 0.26030919488550264,
        "final_min_cc_separation": 0.15136886378944334,
        "final_length_per_coil": [
          4.274836909858201,
          4.013144443071056,
          3.6119002447133517,
          3.3365703624157397
        ],
        "final_current_per_coil": [
          360590.0661803315,
          341218.38904718915,
          293472.54723725194,
          254794.62217069138
        ],
        "total_current_before": 1250075.624635464,
        "total_current_after": 1250075.624635464,
        "final_total_length": 15.23645196005835,
        "final_max_curvature": 3.4510302584059525,
        "final_average_curvature": 2.0751153868444088,
        "final_arclength_variation": 0.0019581161054279678,
        "final_mean_squared_curvature": 5.899546605235036,
        "final_max_torsion": 34.88660346621148,
        "final_linking_number": 0,
        "coils_linked_to_surface": true,
        "final_max_max_coil_force": 298658.4111487335,
        "final_avg_max_coil_force": 252380.20044280443,
        "final_max_force_per_coil": [
          298658.4111487335,
          286911.14368365926,
          236208.21492257642,
          187743.0320162485
        ],
        "final_max_torque_per_coil": [
          107046.31851919132,
          92542.2248193963,
          60246.95120191548,
          37673.625599239596
        ],
        "final_max_max_coil_torque": 107046.31851919132,
        "final_avg_max_coil_torque": 74377.28003493567,
        "avg_BdotN_over_B": 0.0037708969455129953,
        "max_BdotN_over_B": 0.014764120688432565,
        "lagrange_multipliers": null,
        "output_directory": "/Users/akaptanoglu/actions-runner/_work/stellcoilbench/stellcoilbench/cases/done/2026-03-16_221804_98591/order_4",
        "flux_threshold": 1e-08,
        "cc_threshold": 0.10500000000000001,
        "cs_threshold": 0.09970014636601511,
        "msc_threshold": 9.645773201470549,
        "arclength_variation_threshold": 0.0,
        "curvature_threshold": 10.120486646987947,
        "force_threshold": 714.0902254910658,
        "torque_threshold": 0.0,
        "timing": {
          "coil_initialization": 0.19218570902012289,
          "biotsavart_setup": 1.3406959170242772,
          "objective_setup": 0.034913542098365724,
          "coil_optimization": 168.1700998339802,
          "save_and_metrics": 0.8883453329326585
        },
        "fourier_order": 4,
        "continuation_step": 1
      },
      {
        "initial_B_field": 1.0967553063146402,
        "final_B_field": 1.0958072879312173,
        "target_B_field": 1.0,
        "optimization_time": 103.96341300010681,
        "walltime_sec": 103.96341300010681,
        "iterations_used": 500,
        "final_squared_flux": 5.84259025299097e-05,
        "optimization_success": true,
        "optimization_message": "Completed",
        "optimization_nfev": 500,
        "optimization_njev": null,
        "_cached_thresholds": {
          "length_threshold": 15.233231896598896,
          "flux_threshold": 1e-08,
          "cc_threshold": 0.10500000000000001,
          "cs_threshold": 0.09970014636601511,
          "msc_threshold": 9.645773201470549,
          "curvature_threshold": 10.120486646987947,
          "force_threshold": 714.0902254910658,
          "torque_threshold": 0.0,
          "finite_build_width": 0.05,
          "major_radius": 1.0098736979848935,
          "minor_radius": 0.16831206437162433,
          "a0": 10.100286074838271,
          "arclength_variation_threshold": 0.0,
          "coil_width": 0.039602838675676315
        },
        "final_min_cs_separation": 0.2519240056443421,
        "final_min_cc_separation": 0.17141814695267774,
        "final_length_per_coil": [
          4.271834346871091,
          4.001345065929944,
          3.6123933493457416,
          3.350479397674141
        ],
        "final_current_per_coil": [
          360875.94365874486,
          338803.69042144436,
          293163.70800948335,
          257232.28254579147
        ],
        "total_current_before": 1250075.624635464,
        "total_current_after": 1250075.624635464,
        "final_total_length": 15.236052159820916,
        "final_max_curvature": 4.2828996402084645,
        "final_average_curvature": 2.0947715569355765,
        "final_arclength_variation": 0.0007925789136983692,
        "final_mean_squared_curvature": 6.30270704473051,
        "final_max_torsion": 46.54968320315772,
        "final_linking_number": 0,
        "coils_linked_to_surface": true,
        "final_max_max_coil_force": 302507.4458120841,
        "final_avg_max_coil_force": 224371.9151983796,
        "final_max_force_per_coil": [
          302507.4458120841,
          253986.82122946435,
          190132.09339345034,
          150861.3003585196
        ],
        "final_max_torque_per_coil": [
          85877.37587340403,
          74153.52762703731,
          47703.02135884286,
          27965.28655389228
        ],
        "final_max_max_coil_torque": 85877.37587340403,
        "final_avg_max_coil_torque": 58924.80285329412,
        "avg_BdotN_over_B": 0.003538806160336407,
        "max_BdotN_over_B": 0.013483219511523878,
        "lagrange_multipliers": null,
        "output_directory": "/Users/akaptanoglu/actions-runner/_work/stellcoilbench/stellcoilbench/cases/done/2026-03-16_221804_98591/order_8",
        "flux_threshold": 1e-08,
        "cc_threshold": 0.10500000000000001,
        "cs_threshold": 0.09970014636601511,
        "msc_threshold": 9.645773201470549,
        "arclength_variation_threshold": 0.0,
        "curvature_threshold": 10.120486646987947,
        "force_threshold": 714.0902254910658,
        "torque_threshold": 0.0,
        "timing": {
          "coil_initialization": 7.920898497104645e-07,
          "biotsavart_setup": 0.003188541973941028,
          "objective_setup": 0.007337416987866163,
          "coil_optimization": 103.96347191592213,
          "save_and_metrics": 0.8096939580282196
        },
        "fourier_order": 8,
        "continuation_step": 2
      },
      {
        "initial_B_field": 1.0958072879312173,
        "final_B_field": 1.0958237081799338,
        "target_B_field": 1.0,
        "optimization_time": 121.18900728225708,
        "walltime_sec": 121.18900728225708,