{
  "metadata": {
    "contact": "auto",
    "hardware": "CPU: self-hosted runner",
    "run_date": "2026-03-29T23:10:37.360073",
    "iterations_used": 500,
    "walltime_sec": 27.279072284698486,
    "tags": [
      "explore"
    ],
    "parent_ids": []
  },
  "version_info": {
    "stellcoilbench_commit": "e8bca238cd660554eccaf6c692868e2018b1a57b",
    "stellcoilbench_branch": "main",
    "simsopt_version": "0.1.dev5668+ga79006b0b",
    "simsopt_commit": "a79006b0b"
  },
  "metrics": {
    "fourier_continuation": true,
    "fourier_orders": [
      4,
      8,
      16
    ],
    "final_order": 16,
    "continuation_results": [
      {
        "initial_B_field": 2.5000086086152167,
        "final_B_field": 2.754476024368114,
        "target_B_field": 2.5,
        "optimization_time": 1342.980955839157,
        "walltime_sec": 1342.980955839157,
        "iterations_used": 500,
        "final_squared_flux": 0.05977856313247306,
        "optimization_success": true,
        "optimization_message": "Completed",
        "optimization_nfev": 500,
        "optimization_njev": null,
        "_cached_thresholds": {
          "length_threshold": 57.630376201184916,
          "flux_threshold": 1e-08,
          "cc_threshold": 0.37672151341525606,
          "cs_threshold": 0.23706943029159733,
          "msc_threshold": 24.13044563764981,
          "curvature_threshold": 24.33480349155113,
          "force_threshold": 162.83752802930778,
          "torque_threshold": 0.0,
          "finite_build_width": 0.10789896047081801,
          "major_radius": 5.483631261799852,
          "minor_radius": 0.5240806651439732,
          "a0": 3.2437754587511507,
          "arclength_variation_threshold": 0.0,
          "coil_width": 0.12331309768093489
        },
        "final_min_cs_separation": 0.16280302642456887,
        "final_min_cc_separation": 0.32014906197135407,
        "final_length_per_coil": [
          14.43848823229797,
          19.301258370369375,
          9.06914379984733,
          14.934139782182076
        ],
        "final_current_per_coil": [
          3174247.8175093345,
          2788270.1826335303,
          204776.18576218354,
          707753.1249543158
        ],
        "total_current_before": 6875047.310859364,
        "total_current_after": 6875047.310859364,
        "final_total_length": 57.74303018469675,
        "final_max_curvature": 1.7726418492656406,
        "final_average_curvature": 0.7521821782396805,
        "final_arclength_variation": 0.07831063466629597,
        "final_mean_squared_curvature": 1.4414796515084118,
        "final_max_torsion": 45.563505889979204,
        "final_linking_number": 0,
        "coils_linked_to_surface": true,
        "final_max_max_coil_force": 7026221.086891175,
        "final_avg_max_coil_force": 3913247.9796273056,
        "final_max_force_per_coil": [
          6897731.735696545,
          7026221.086891175,
          499837.3717450404,
          1229201.7241764618
        ],
        "final_max_torque_per_coil": [
          9494695.451328294,
          17473828.17652991,
          382402.98809034657,
          1388535.3190314549
        ],
        "final_max_max_coil_torque": 17473828.17652991,
        "final_avg_max_coil_torque": 7184865.483745002,
        "avg_BdotN_over_B": 0.009900625277032308,
        "max_BdotN_over_B": 0.0589344252532988,
        "lagrange_multipliers": null,
        "output_directory": "/Users/akaptanoglu/actions-runner/_work/stellcoilbench/stellcoilbench/cases/done/2026-03-29_223135_97119/order_4",
        "flux_threshold": 1e-08,
        "cc_threshold": 0.37672151341525606,
        "cs_threshold": 0.23706943029159733,
        "msc_threshold": 24.13044563764981,
        "arclength_variation_threshold": 0.0,
        "curvature_threshold": 24.33480349155113,
        "force_threshold": 162.83752802930778,
        "torque_threshold": 0.0,
        "timing": {
          "coil_initialization": 0.5909555829130113,
          "biotsavart_setup": 2.031199667137116,
          "objective_setup": 0.03062362503260374,
          "coil_optimization": 1342.9821404160466,
          "save_and_metrics": 1.328513832995668
        },
        "fourier_order": 4,
        "continuation_step": 1
      },
      {
        "initial_B_field": 2.754476024368114,
        "final_B_field": 2.7375432797724706,
        "target_B_field": 2.5,
        "optimization_time": 665.2985789775848,
        "walltime_sec": 665.2985789775848,
        "iterations_used": 500,
        "final_squared_flux": 0.19199072678962184,
        "optimization_success": true,
        "optimization_message": "Completed",
        "optimization_nfev": 500,
        "optimization_njev": null,
        "_cached_thresholds": {
          "length_threshold": 57.630376201184916,
          "flux_threshold": 1e-08,
          "cc_threshold": 0.37672151341525606,
          "cs_threshold": 0.23706943029159733,
          "msc_threshold": 24.13044563764981,
          "curvature_threshold": 24.33480349155113,
          "force_threshold": 162.83752802930778,
          "torque_threshold": 0.0,
          "finite_build_width": 0.10789896047081801,
          "major_radius": 5.483631261799852,
          "minor_radius": 0.5240806651439732,
          "a0": 3.2437754587511507,
          "arclength_variation_threshold": 0.0,
          "coil_width": 0.12331309768093489
        },
        "final_min_cs_separation": 0.06973952091007334,
        "final_min_cc_separation": 0.26946186059301336,
        "final_length_per_coil": [
          14.415629807118354,
          19.340544156130086,
          9.823972600955882,
          15.11911419179547
        ],
        "final_current_per_coil": [
          3174714.4596314966,
          2788678.4979204363,
          204625.63171046216,
          707028.7215969693
        ],
        "total_current_before": 6875047.310859364,
        "total_current_after": 6875047.310859364,
        "final_total_length": 58.699260755999795,
        "final_max_curvature": 2.302335921861278,
        "final_average_curvature": 0.7505609462734057,
        "final_arclength_variation": 0.6799936028631993,
        "final_mean_squared_curvature": 1.6733480154101585,
        "final_max_torsion": 2.1301942073960936,
        "final_linking_number": 0,
        "coils_linked_to_surface": true,
        "final_max_max_coil_force": 7367931.774019285,
        "final_avg_max_coil_force": 4084261.7695588404,
        "final_max_force_per_coil": [
          7177819.093020865,
          7367931.774019285,
          500079.77505193034,
          1291216.4361432802
        ],
        "final_max_torque_per_coil": [
          7927960.220077098,
          18834587.80972896,
          469910.71517723054,
          1412488.7012331788
        ],
        "final_max_max_coil_torque": 18834587.80972896,
        "final_avg_max_coil_torque": 7161236.861554117,
        "avg_BdotN_over_B": 0.015616943673624237,
        "max_BdotN_over_B": 0.1278483944433295,
        "lagrange_multipliers": null,
        "output_directory": "/Users/akaptanoglu/actions-runner/_work/stellcoilbench/stellcoilbench/cases/done/2026-03-29_223135_97119/order_8",
        "flux_threshold": 1e-08,
        "cc_threshold": 0.37672151341525606,
        "cs_threshold": 0.23706943029159733,
        "msc_threshold": 24.13044563764981,
        "arclength_variation_threshold": 0.0,
        "curvature_threshold": 24.33480349155113,
        "force_threshold": 162.83752802930778,
        "torque_threshold": 0.0,
        "timing": {
          "coil_initialization": 6.2515027821064e-07,
          "biotsavart_setup": 0.004853707971051335,
          "objective_setup": 0.006951000075787306,
          "coil_optimization": 665.2991687920876,
          "save_and_metrics": 1.3627988749649376
        },
        "fourier_order": 8,
        "continuation_step": 2
      },
      {
        "initial_B_field": 2.7375432797724706,
        "final_B_field": 2.7375432797724706,
        "target_B_field": 2.5,