{
  "metadata": {
    "contact": "auto",
    "hardware": "CPU: self-hosted runner",
    "run_date": "2026-03-17T05:16:32.888194",
    "iterations_used": 500,
    "walltime_sec": 143.01369905471802
  },
  "version_info": {
    "stellcoilbench_commit": "bef16a3d110a70ec3c736bf7fe297ef888b76b71",
    "stellcoilbench_branch": "main",
    "simsopt_version": "0.1.dev5668+ga79006b0b",
    "simsopt_commit": "a79006b0b"
  },
  "metrics": {
    "fourier_continuation": true,
    "fourier_orders": [
      4,
      8,
      16
    ],
    "final_order": 16,
    "continuation_results": [
      {
        "initial_B_field": 1.0000305513510055,
        "final_B_field": 1.0969967381624453,
        "target_B_field": 1.0,
        "optimization_time": 126.0894091129303,
        "walltime_sec": 126.0894091129303,
        "iterations_used": 500,
        "final_squared_flux": 0.0013169208196101788,
        "optimization_success": true,
        "optimization_message": "Completed",
        "optimization_nfev": 500,
        "optimization_njev": null,
        "_cached_thresholds": {
          "length_threshold": 11.87788138980222,
          "flux_threshold": 1e-08,
          "cc_threshold": 0.1814800082312867,
          "cs_threshold": 0.1040564586203395,
          "msc_threshold": 32.41181801415601,
          "curvature_threshold": 45.46138762284706,
          "force_threshold": 878.7248885109296,
          "torque_threshold": 0.0,
          "finite_build_width": 0.05,
          "major_radius": 1.0098736979848935,
          "minor_radius": 0.16831206437162433,
          "a0": 10.100286074838271,
          "arclength_variation_threshold": 0.0,
          "coil_width": 0.039602838675676315
        },
        "final_min_cs_separation": 0.14224829512825235,
        "final_min_cc_separation": 0.2235733936630748,
        "final_length_per_coil": [
          3.715362654814979,
          3.235789088111805,
          2.6493135472915843,
          2.300620745064279
        ],
        "final_current_per_coil": [
          438486.362611787,
          365502.10968139546,
          256917.05153327977,
          189170.10080900183
        ],
        "total_current_before": 1250075.624635464,
        "total_current_after": 1250075.624635464,
        "final_total_length": 11.901086035282647,
        "final_max_curvature": 4.897163086824198,
        "final_average_curvature": 2.5277630419191253,
        "final_arclength_variation": 0.005397554119491372,
        "final_mean_squared_curvature": 10.793749055721205,
        "final_max_torsion": 112.26739872086853,
        "final_linking_number": 0,
        "coils_linked_to_surface": true,
        "final_max_max_coil_force": 316020.88921387924,
        "final_avg_max_coil_force": 228433.7619961387,
        "final_max_force_per_coil": [
          316020.88921387924,
          277655.6011760098,
          189717.72088329078,
          130340.83671137494
        ],
        "final_max_torque_per_coil": [
          104076.64689018442,
          70030.32989109926,
          31843.715230214282,
          16030.68380819086
        ],
        "final_max_max_coil_torque": 104076.64689018442,
        "final_avg_max_coil_torque": 55495.34395492221,
        "avg_BdotN_over_B": 0.017162323705815653,
        "max_BdotN_over_B": 0.060173627324521396,
        "lagrange_multipliers": null,
        "output_directory": "/Users/akaptanoglu/actions-runner/_work/stellcoilbench/stellcoilbench/cases/done/2026-03-17_050711_34406/order_4",
        "flux_threshold": 1e-08,
        "cc_threshold": 0.1814800082312867,
        "cs_threshold": 0.1040564586203395,
        "msc_threshold": 32.41181801415601,
        "arclength_variation_threshold": 0.0,
        "curvature_threshold": 45.46138762284706,
        "force_threshold": 878.7248885109296,
        "torque_threshold": 0.0,
        "timing": {
          "coil_initialization": 0.18405058304779232,
          "biotsavart_setup": 1.2725881669903174,
          "objective_setup": 0.029804292018525302,
          "coil_optimization": 126.08954399998765,
          "save_and_metrics": 0.9359777910867706
        },
        "fourier_order": 4,
        "continuation_step": 1
      },
      {
        "initial_B_field": 1.0969967381624453,
        "final_B_field": 1.0961834998778106,
        "target_B_field": 1.0,
        "optimization_time": 183.96969389915466,
        "walltime_sec": 183.96969389915466,
        "iterations_used": 500,
        "final_squared_flux": 0.0013125065200212376,
        "optimization_success": true,
        "optimization_message": "Completed",
        "optimization_nfev": 500,
        "optimization_njev": null,
        "_cached_thresholds": {
          "length_threshold": 11.87788138980222,
          "flux_threshold": 1e-08,
          "cc_threshold": 0.1814800082312867,
          "cs_threshold": 0.1040564586203395,
          "msc_threshold": 32.41181801415601,
          "curvature_threshold": 45.46138762284706,
          "force_threshold": 878.7248885109296,
          "torque_threshold": 0.0,
          "finite_build_width": 0.05,
          "major_radius": 1.0098736979848935,
          "minor_radius": 0.16831206437162433,
          "a0": 10.100286074838271,
          "arclength_variation_threshold": 0.0,
          "coil_width": 0.039602838675676315
        },
        "final_min_cs_separation": 0.13454000548633346,
        "final_min_cc_separation": 0.22749741769907383,
        "final_length_per_coil": [
          3.774455029207434,
          3.250903318431968,
          2.616725290508503,
          2.2504330975330924
        ],
        "final_current_per_coil": [
          451291.50322722626,
          369629.801412927,
          250242.1975019843,
          178912.12249332666
        ],
        "total_current_before": 1250075.624635464,
        "total_current_after": 1250075.6246354643,
        "final_total_length": 11.892516735680998,
        "final_max_curvature": 5.301618893552279,
        "final_average_curvature": 2.5387056643166295,
        "final_arclength_variation": 0.001412484374185524,
        "final_mean_squared_curvature": 11.248451681172641,
        "final_max_torsion": 140.58788139858575,
        "final_linking_number": 0,
        "coils_linked_to_surface": true,
        "final_max_max_coil_force": 294230.70640116825,
        "final_avg_max_coil_force": 189466.15887172322,
        "final_max_force_per_coil": [
          294230.70640116825,
          219399.37837492456,
          144544.0757549574,
          99690.47495584268
        ],
        "final_max_torque_per_coil": [
          78275.7719864728,
          52203.9569332716,
          22990.758748043052,
          11746.126775378207
        ],
        "final_max_max_coil_torque": 78275.7719864728,
        "final_avg_max_coil_torque": 41304.15361079142,
        "avg_BdotN_over_B": 0.017132322904723205,
        "max_BdotN_over_B": 0.06030241597362191,
        "lagrange_multipliers": null,
        "output_directory": "/Users/akaptanoglu/actions-runner/_work/stellcoilbench/stellcoilbench/cases/done/2026-03-17_050711_34406/order_8",
        "flux_threshold": 1e-08,
        "cc_threshold": 0.1814800082312867,
        "cs_threshold": 0.1040564586203395,
        "msc_threshold": 32.41181801415601,
        "arclength_variation_threshold": 0.0,
        "curvature_threshold": 45.46138762284706,
        "force_threshold": 878.7248885109296,
        "torque_threshold": 0.0,
        "timing": {
          "coil_initialization": 8.749775588512421e-07,
          "biotsavart_setup": 0.0027641659835353494,
          "objective_setup": 0.005696207983419299,
          "coil_optimization": 183.9698921670206,
          "save_and_metrics": 0.826294457889162
        },
        "fourier_order": 8,
        "continuation_step": 2
      },
      {
        "initial_B_field": 1.0961834998778106,
        "final_B_field": 1.095968814417853,
        "target_B_field": 1.0,
        "optimization_time": 143.01369905471802,
        "walltime_sec": 143.01369905471802,