{
  "metadata": {
    "contact": "auto",
    "hardware": "CPU: self-hosted runner",
    "run_date": "2026-03-18T13:50:46.453766",
    "iterations_used": 500,
    "walltime_sec": 120.19670915603638,
    "tags": [
      "explore"
    ],
    "parent_ids": []
  },
  "version_info": {
    "stellcoilbench_commit": "b6a5fa7566d75ee45596738016ac9c64d19bbdab",
    "stellcoilbench_branch": "main",
    "simsopt_version": "0.1.dev5668+ga79006b0b",
    "simsopt_commit": "a79006b0b"
  },
  "metrics": {
    "fourier_continuation": true,
    "fourier_orders": [
      4,
      8,
      16
    ],
    "final_order": 16,
    "continuation_results": [
      {
        "initial_B_field": 1.0000050243934888,
        "final_B_field": 1.096436881291977,
        "target_B_field": 1.0,
        "optimization_time": 257.9781723022461,
        "walltime_sec": 257.9781723022461,
        "iterations_used": 500,
        "final_squared_flux": 0.0001563167317623925,
        "optimization_success": true,
        "optimization_message": "Completed",
        "optimization_nfev": 500,
        "optimization_njev": null,
        "_cached_thresholds": {
          "length_threshold": 15.279765232042815,
          "flux_threshold": 1e-08,
          "cc_threshold": 0.10500000000000001,
          "cs_threshold": 0.10831376377797473,
          "msc_threshold": 10.888108388675658,
          "curvature_threshold": 24.230586293537012,
          "force_threshold": 1127.191925951951,
          "torque_threshold": 0.0,
          "finite_build_width": 0.05,
          "major_radius": 1.0098736979848935,
          "minor_radius": 0.16831206437162433,
          "a0": 10.100286074838271,
          "arclength_variation_threshold": 0.0,
          "coil_width": 0.039602838675676315
        },
        "final_min_cs_separation": 0.15839955737879668,
        "final_min_cc_separation": 0.16610950081668704,
        "final_length_per_coil": [
          3.752884527010821,
          3.458120650704533,
          3.0211175005379824,
          2.6345025248557903,
          2.4188331836019326
        ],
        "final_current_per_coil": [
          337009.2451979461,
          306996.1720037048,
          250165.94259159957,
          194394.3419757027,
          161446.83667098032
        ],
        "total_current_before": 1250012.5384399334,
        "total_current_after": 1250012.5384399334,
        "final_total_length": 15.28545838671106,
        "final_max_curvature": 4.511943971421465,
        "final_average_curvature": 2.483791535633688,
        "final_arclength_variation": 0.002157201037650076,
        "final_mean_squared_curvature": 9.904882175698948,
        "final_max_torsion": 64.34148619371831,
        "final_linking_number": 0,
        "coils_linked_to_surface": true,
        "final_max_max_coil_force": 247582.87802770478,
        "final_avg_max_coil_force": 184197.17804240092,
        "final_max_force_per_coil": [
          247582.87802770478,
          234228.07137204218,
          189512.17534279855,
          140444.01850790437,
          109218.74696155463
        ],
        "final_max_torque_per_coil": [
          79972.88210093704,
          66011.48647689744,
          40952.90468356052,
          22571.29818273911,
          14125.96179022133
        ],
        "final_max_max_coil_torque": 79972.88210093704,
        "final_avg_max_coil_torque": 44726.90664687109,
        "avg_BdotN_over_B": 0.005877007233955523,
        "max_BdotN_over_B": 0.023188082848751422,
        "lagrange_multipliers": null,
        "output_directory": "/Users/akaptanoglu/actions-runner/_work/stellcoilbench/stellcoilbench/cases/done/2026-03-18_133651_87391/order_4",
        "flux_threshold": 1e-08,
        "cc_threshold": 0.10500000000000001,
        "cs_threshold": 0.10831376377797473,
        "msc_threshold": 10.888108388675658,
        "arclength_variation_threshold": 0.0,
        "curvature_threshold": 24.230586293537012,
        "force_threshold": 1127.191925951951,
        "torque_threshold": 0.0,
        "timing": {
          "coil_initialization": 0.2630840839119628,
          "biotsavart_setup": 1.3658806250896305,
          "objective_setup": 0.07329708291217685,
          "coil_optimization": 257.97829808294773,
          "save_and_metrics": 0.9572790840175003
        },
        "fourier_order": 4,
        "continuation_step": 1
      },
      {
        "initial_B_field": 1.096436881291977,
        "final_B_field": 1.0953443217372438,
        "target_B_field": 1.0,
        "optimization_time": 210.9748113155365,
        "walltime_sec": 210.9748113155365,
        "iterations_used": 500,
        "final_squared_flux": 0.00014893575297107256,
        "optimization_success": true,
        "optimization_message": "Completed",
        "optimization_nfev": 500,
        "optimization_njev": null,
        "_cached_thresholds": {
          "length_threshold": 15.279765232042815,
          "flux_threshold": 1e-08,
          "cc_threshold": 0.10500000000000001,
          "cs_threshold": 0.10831376377797473,
          "msc_threshold": 10.888108388675658,
          "curvature_threshold": 24.230586293537012,
          "force_threshold": 1127.191925951951,
          "torque_threshold": 0.0,
          "finite_build_width": 0.05,
          "major_radius": 1.0098736979848935,
          "minor_radius": 0.16831206437162433,
          "a0": 10.100286074838271,
          "arclength_variation_threshold": 0.0,
          "coil_width": 0.039602838675676315
        },
        "final_min_cs_separation": 0.147096522985118,
        "final_min_cc_separation": 0.18116314430863767,
        "final_length_per_coil": [
          3.8094224671004264,
          3.4900636371050027,
          3.0175057804965313,
          2.6008147869027427,
          2.3654584410190616
        ],
        "final_current_per_coil": [
          346379.05035995337,
          312822.2262902066,
          250016.15770694523,
          188819.3772534455,
          151975.72682938282
        ],
        "total_current_before": 1250012.5384399334,
        "total_current_after": 1250012.5384399334,
        "final_total_length": 15.283265112623763,
        "final_max_curvature": 5.3349823246039,
        "final_average_curvature": 2.483338740613755,
        "final_arclength_variation": 0.0008325451414894491,
        "final_mean_squared_curvature": 10.503145938383023,
        "final_max_torsion": 54.03095434381522,
        "final_linking_number": 0,
        "coils_linked_to_surface": true,
        "final_max_max_coil_force": 248455.60198252776,
        "final_avg_max_coil_force": 162094.49631307105,
        "final_max_force_per_coil": [
          248455.60198252776,
          207521.79435557377,
          154855.43170425468,
          113246.6850818703,
          86392.96844112888
        ],
        "final_max_torque_per_coil": [
          65755.37541347729,
          54826.89558085274,
          33216.87027894003,
          17584.20024517793,
          10768.834620237676
        ],
        "final_max_max_coil_torque": 65755.37541347729,
        "final_avg_max_coil_torque": 36430.435227737136,
        "avg_BdotN_over_B": 0.005757888553223217,
        "max_BdotN_over_B": 0.02182340004699606,
        "lagrange_multipliers": null,
        "output_directory": "/Users/akaptanoglu/actions-runner/_work/stellcoilbench/stellcoilbench/cases/done/2026-03-18_133651_87391/order_8",
        "flux_threshold": 1e-08,
        "cc_threshold": 0.10500000000000001,
        "cs_threshold": 0.10831376377797473,
        "msc_threshold": 10.888108388675658,
        "arclength_variation_threshold": 0.0,
        "curvature_threshold": 24.230586293537012,
        "force_threshold": 1127.191925951951,
        "torque_threshold": 0.0,
        "timing": {
          "coil_initialization": 9.170034900307655e-07,
          "biotsavart_setup": 0.0031973329605534673,
          "objective_setup": 0.0068344579776749015,
          "coil_optimization": 210.97491879109293,