{
  "metadata": {
    "contact": "auto",
    "hardware": "CPU: self-hosted runner",
    "run_date": "2026-03-18T03:41:04.122753",
    "iterations_used": 500,
    "walltime_sec": 49.69075298309326
  },
  "version_info": {
    "stellcoilbench_commit": "bb1ff486c9b7d57d1613d8e4aa66622310019382",
    "stellcoilbench_branch": "main",
    "simsopt_version": "0.1.dev5668+ga79006b0b",
    "simsopt_commit": "a79006b0b"
  },
  "metrics": {
    "fourier_continuation": true,
    "fourier_orders": [
      4,
      8,
      16
    ],
    "final_order": 16,
    "continuation_results": [
      {
        "initial_B_field": 1.0000305513510055,
        "final_B_field": 0.010553415159955578,
        "target_B_field": 1.0,
        "optimization_time": 635.8399107456207,
        "walltime_sec": 635.8399107456207,
        "iterations_used": 500,
        "final_squared_flux": 2.4131661552817213e-05,
        "optimization_success": true,
        "optimization_message": "Completed",
        "optimization_nfev": 500,
        "optimization_njev": null,
        "_cached_thresholds": {
          "length_threshold": 10.594749416710307,
          "flux_threshold": 1e-08,
          "cc_threshold": 0.10821475668128552,
          "cs_threshold": 0.15445107083513762,
          "msc_threshold": 47.956158283332115,
          "curvature_threshold": 34.58337952024624,
          "force_threshold": 2110.9597896411988,
          "torque_threshold": 0.0,
          "finite_build_width": 0.05,
          "major_radius": 1.0098736979848935,
          "minor_radius": 0.16831206437162433,
          "a0": 10.100286074838271,
          "arclength_variation_threshold": 0.0,
          "coil_width": 0.039602838675676315
        },
        "final_min_cs_separation": 0.01967630145415525,
        "final_min_cc_separation": 0.11066316159787136,
        "final_length_per_coil": [
          1.146662636733499,
          1.6670715701363532,
          2.3806479594109615,
          2.4474874041753267
        ],
        "final_current_per_coil": [
          289929.50840600743,
          959989.2835325389,
          3723.267537439731,
          3880.1002343574073
        ],
        "total_current_before": 1250075.624635464,
        "total_current_after": 1250075.624635464,
        "final_total_length": 7.641869570456141,
        "final_max_curvature": 10.549982408012367,
        "final_average_curvature": 4.997112364812425,
        "final_arclength_variation": 0.02846175972722853,
        "final_mean_squared_curvature": 48.02507573053081,
        "final_max_torsion": 260.1277284228102,
        "final_linking_number": 0,
        "coils_linked_to_surface": false,
        "final_max_max_coil_force": 1969666.2604096183,
        "final_avg_max_coil_force": 548140.0349184094,
        "final_max_force_per_coil": [
          221622.3420484057,
          1969666.2604096183,
          1136.673326621301,
          134.86388899245065
        ],
        "final_max_torque_per_coil": [
          23739.221309344382,
          331871.5553772274,
          504.8123063447268,
          54.12324145005333
        ],
        "final_max_max_coil_torque": 331871.5553772274,
        "final_avg_max_coil_torque": 89042.42805859166,
        "avg_BdotN_over_B": 0.33387562640421103,
        "max_BdotN_over_B": 0.999434171952477,
        "lagrange_multipliers": null,
        "output_directory": "/Users/akaptanoglu/actions-runner/_work/stellcoilbench/stellcoilbench/cases/done/2026-03-18_031759_43697/order_4",
        "flux_threshold": 1e-08,
        "cc_threshold": 0.10821475668128552,
        "cs_threshold": 0.15445107083513762,
        "msc_threshold": 47.956158283332115,
        "arclength_variation_threshold": 0.0,
        "curvature_threshold": 34.58337952024624,
        "force_threshold": 2110.9597896411988,
        "torque_threshold": 0.0,
        "timing": {
          "coil_initialization": 0.18462645797990263,
          "biotsavart_setup": 1.2601468750508502,
          "objective_setup": 0.04211612499784678,
          "coil_optimization": 635.8403772920137,
          "save_and_metrics": 0.8553014170611277
        },
        "fourier_order": 4,
        "continuation_step": 1
      },
      {
        "initial_B_field": 0.010553415159955578,
        "final_B_field": 0.011186809792838695,
        "target_B_field": 1.0,
        "optimization_time": 472.73957777023315,
        "walltime_sec": 472.73957777023315,
        "iterations_used": 500,
        "final_squared_flux": 2.3363791549937554e-05,
        "optimization_success": true,
        "optimization_message": "Completed",
        "optimization_nfev": 500,
        "optimization_njev": null,
        "_cached_thresholds": {
          "length_threshold": 10.594749416710307,
          "flux_threshold": 1e-08,
          "cc_threshold": 0.10821475668128552,
          "cs_threshold": 0.15445107083513762,
          "msc_threshold": 47.956158283332115,
          "curvature_threshold": 34.58337952024624,
          "force_threshold": 2110.9597896411988,
          "torque_threshold": 0.0,
          "finite_build_width": 0.05,
          "major_radius": 1.0098736979848935,
          "minor_radius": 0.16831206437162433,
          "a0": 10.100286074838271,
          "arclength_variation_threshold": 0.0,
          "coil_width": 0.039602838675676315
        },
        "final_min_cs_separation": 0.019960006102200518,
        "final_min_cc_separation": 0.08865903443172123,
        "final_length_per_coil": [
          1.145285788031436,
          1.6679314191322112,
          2.330697340673627,
          2.321625403504538
        ],
        "final_current_per_coil": [
          294421.8880793402,
          952657.4161740183,
          605.536126583022,
          3601.8565086887684
        ],
        "total_current_before": 1250075.624635464,
        "total_current_after": 1250075.6246354643,
        "final_total_length": 7.465539951341812,
        "final_max_curvature": 13.053191121788169,
        "final_average_curvature": 6.177164753346826,
        "final_arclength_variation": 0.017678871393087114,
        "final_mean_squared_curvature": 47.934767223230544,
        "final_max_torsion": 156.6743321599989,
        "final_linking_number": 0,
        "coils_linked_to_surface": false,
        "final_max_max_coil_force": 412222.8600401,
        "final_avg_max_coil_force": 128360.47081075619,
        "final_max_force_per_coil": [
          100998.27438514617,
          412222.8600401,
          87.77087501813072,
          132.97794276044456
        ],
        "final_max_torque_per_coil": [
          13982.664755978985,
          89883.84327967375,
          30.07525228893486,
          50.05964771610326
        ],
        "final_max_max_coil_torque": 89883.84327967375,
        "final_avg_max_coil_torque": 25986.660733914443,
        "avg_BdotN_over_B": 0.34804688127690264,
        "max_BdotN_over_B": 0.9899679452469011,
        "lagrange_multipliers": null,
        "output_directory": "/Users/akaptanoglu/actions-runner/_work/stellcoilbench/stellcoilbench/cases/done/2026-03-18_031759_43697/order_8",
        "flux_threshold": 1e-08,
        "cc_threshold": 0.10821475668128552,
        "cs_threshold": 0.15445107083513762,
        "msc_threshold": 47.956158283332115,
        "arclength_variation_threshold": 0.0,
        "curvature_threshold": 34.58337952024624,
        "force_threshold": 2110.9597896411988,
        "torque_threshold": 0.0,
        "timing": {
          "coil_initialization": 5.420297384262085e-07,
          "biotsavart_setup": 0.0033562909811735153,
          "objective_setup": 0.005941457930020988,
          "coil_optimization": 472.7399199579377,
          "save_and_metrics": 0.8531115830410272
        },
        "fourier_order": 8,
        "continuation_step": 2
      },
      {
        "initial_B_field": 0.011186809792838695,
        "final_B_field": 0.011142167515852276,
        "target_B_field": 1.0,
        "optimization_time": 49.69075298309326,
        "walltime_sec": 49.69075298309326,