{
  "metadata": {
    "contact": "auto",
    "hardware": "CPU: self-hosted runner",
    "run_date": "2026-03-28T00:45:26.650770",
    "iterations_used": 500,
    "walltime_sec": 76.56342196464539,
    "tags": [
      "explore"
    ],
    "parent_ids": []
  },
  "version_info": {
    "stellcoilbench_commit": "5a63fa150a2cdecbc1f3177151336c8098c59801",
    "stellcoilbench_branch": "main",
    "simsopt_version": "0.1.dev5668+ga79006b0b",
    "simsopt_commit": "a79006b0b"
  },
  "metrics": {
    "fourier_continuation": true,
    "fourier_orders": [
      4,
      8,
      16
    ],
    "final_order": 16,
    "continuation_results": [
      {
        "initial_B_field": 2.5000086086152167,
        "final_B_field": 2.761846080951565,
        "target_B_field": 2.5,
        "optimization_time": 708.0514340400696,
        "walltime_sec": 708.0514340400696,
        "iterations_used": 500,
        "final_squared_flux": 0.0667511221052083,
        "optimization_success": true,
        "optimization_message": "Completed",
        "optimization_nfev": 500,
        "optimization_njev": null,
        "_cached_thresholds": {
          "length_threshold": 43.05476805529841,
          "flux_threshold": 1e-08,
          "cc_threshold": 0.2567995259205469,
          "cs_threshold": 0.4732140123505876,
          "msc_threshold": 19.002036637364238,
          "curvature_threshold": 2.244692617455796,
          "force_threshold": 721.7400395721311,
          "torque_threshold": 0.0,
          "finite_build_width": 0.10789896047081801,
          "major_radius": 5.483631261799852,
          "minor_radius": 0.5240806651439732,
          "a0": 3.2437754587511507,
          "arclength_variation_threshold": 0.0,
          "coil_width": 0.12331309768093489
        },
        "final_min_cs_separation": 0.43193974545277564,
        "final_min_cc_separation": 0.17049332900038436,
        "final_length_per_coil": [
          8.454934531461186,
          10.903766855253025,
          12.543201177046024,
          11.21888181620694
        ],
        "final_current_per_coil": [
          682768.4986995778,
          2365757.1240721913,
          2434054.1593054244,
          1392467.5287821712
        ],
        "total_current_before": 6875047.310859364,
        "total_current_after": 6875047.310859364,
        "final_total_length": 43.12078437996717,
        "final_max_curvature": 1.9905931252219016,
        "final_average_curvature": 0.956911317328692,
        "final_arclength_variation": 0.10785982075780556,
        "final_mean_squared_curvature": 1.264250950632952,
        "final_max_torsion": 27.84108504312941,
        "final_linking_number": 0,
        "coils_linked_to_surface": true,
        "final_max_max_coil_force": 6372091.278456399,
        "final_avg_max_coil_force": 4481083.5445499085,
        "final_max_force_per_coil": [
          1654409.3631470944,
          6372091.278456399,
          6187277.042460498,
          3710556.494135641
        ],
        "final_max_torque_per_coil": [
          1469015.1108454785,
          5345063.664398778,
          5132248.09935453,
          2465614.7679556985
        ],
        "final_max_max_coil_torque": 5345063.664398778,
        "final_avg_max_coil_torque": 3602985.410638621,
        "avg_BdotN_over_B": 0.01109483995348689,
        "max_BdotN_over_B": 0.06517352513757634,
        "lagrange_multipliers": null,
        "output_directory": "/Users/akaptanoglu/actions-runner/_work/stellcoilbench/stellcoilbench/cases/done/2026-03-28_000711_81749/order_4",
        "flux_threshold": 1e-08,
        "cc_threshold": 0.2567995259205469,
        "cs_threshold": 0.4732140123505876,
        "msc_threshold": 19.002036637364238,
        "arclength_variation_threshold": 0.0,
        "curvature_threshold": 2.244692617455796,
        "force_threshold": 721.7400395721311,
        "torque_threshold": 0.0,
        "timing": {
          "coil_initialization": 0.6145144579932094,
          "biotsavart_setup": 2.0893834170419723,
          "objective_setup": 0.054337667068466544,
          "coil_optimization": 708.052006291924,
          "save_and_metrics": 1.4589657909236848
        },
        "fourier_order": 4,
        "continuation_step": 1
      },
      {
        "initial_B_field": 2.761846080951565,
        "final_B_field": 2.830538004366205,
        "target_B_field": 2.5,
        "optimization_time": 1221.2276239395142,
        "walltime_sec": 1221.2276239395142,
        "iterations_used": 500,
        "final_squared_flux": 0.30163661127768776,
        "optimization_success": true,
        "optimization_message": "Completed",
        "optimization_nfev": 500,
        "optimization_njev": null,
        "_cached_thresholds": {
          "length_threshold": 43.05476805529841,
          "flux_threshold": 1e-08,
          "cc_threshold": 0.2567995259205469,
          "cs_threshold": 0.4732140123505876,
          "msc_threshold": 19.002036637364238,
          "curvature_threshold": 2.244692617455796,
          "force_threshold": 721.7400395721311,
          "torque_threshold": 0.0,
          "finite_build_width": 0.10789896047081801,
          "major_radius": 5.483631261799852,
          "minor_radius": 0.5240806651439732,
          "a0": 3.2437754587511507,
          "arclength_variation_threshold": 0.0,
          "coil_width": 0.12331309768093489
        },
        "final_min_cs_separation": 0.3990148677660606,
        "final_min_cc_separation": 0.15545511123442787,
        "final_length_per_coil": [
          8.535757069638539,
          11.081439662091254,
          12.892334686491086,
          11.218989152382791
        ],
        "final_current_per_coil": [
          682814.2141889026,
          2365714.039426021,
          2434048.1483225157,
          1392470.9089219254
        ],
        "total_current_before": 6875047.310859364,
        "total_current_after": 6875047.310859364,
        "final_total_length": 43.72852057060366,
        "final_max_curvature": 3.105177056669546,
        "final_average_curvature": 0.9305480608456151,
        "final_arclength_variation": 0.8393803440409534,
        "final_mean_squared_curvature": 1.3542201809830539,
        "final_max_torsion": 2.703830634806698,
        "final_linking_number": 0,
        "coils_linked_to_surface": true,
        "final_max_max_coil_force": 6713366.478138386,
        "final_avg_max_coil_force": 4269342.540822063,
        "final_max_force_per_coil": [
          1646519.3108496047,
          6713366.478138386,
          5642529.886624869,
          3074954.487675391
        ],
        "final_max_torque_per_coil": [
          1581515.3871338184,
          5395077.454721702,
          4806076.290537544,
          2095176.9613922334
        ],
        "final_max_max_coil_torque": 5395077.454721702,
        "final_avg_max_coil_torque": 3469461.5234463243,
        "avg_BdotN_over_B": 0.02215529929660693,
        "max_BdotN_over_B": 0.07467871490458108,
        "lagrange_multipliers": null,
        "output_directory": "/Users/akaptanoglu/actions-runner/_work/stellcoilbench/stellcoilbench/cases/done/2026-03-28_000711_81749/order_8",
        "flux_threshold": 1e-08,
        "cc_threshold": 0.2567995259205469,
        "cs_threshold": 0.4732140123505876,
        "msc_threshold": 19.002036637364238,
        "arclength_variation_threshold": 0.0,
        "curvature_threshold": 2.244692617455796,
        "force_threshold": 721.7400395721311,
        "torque_threshold": 0.0,
        "timing": {
          "coil_initialization": 4.5797787606716156e-07,
          "biotsavart_setup": 0.004852832993492484,
          "objective_setup": 0.006800957955420017,
          "coil_optimization": 1221.2286652079783,
          "save_and_metrics": 1.224452958907932
        },
        "fourier_order": 8,
        "continuation_step": 2
      },
      {
        "initial_B_field": 2.830538004366205,
        "final_B_field": 2.830538004366205,
        "target_B_field": 2.5,