{
  "metadata": {
    "contact": "auto",
    "hardware": "CPU: self-hosted runner",
    "run_date": "2026-03-20T14:13:33.081186",
    "iterations_used": 500,
    "walltime_sec": 88.49786877632141,
    "tags": [
      "explore"
    ],
    "parent_ids": []
  },
  "version_info": {
    "stellcoilbench_commit": "c9558e1e7fc37cc7dff149e1777800e970db5c37",
    "stellcoilbench_branch": "main",
    "simsopt_version": "0.1.dev5668+ga79006b0b",
    "simsopt_commit": "a79006b0b"
  },
  "metrics": {
    "fourier_continuation": true,
    "fourier_orders": [
      4,
      8,
      16
    ],
    "final_order": 16,
    "continuation_results": [
      {
        "initial_B_field": 1.0001867526877442,
        "final_B_field": 1.0977204563155307,
        "target_B_field": 1.0,
        "optimization_time": 74.70416402816772,
        "walltime_sec": 74.70416402816772,
        "iterations_used": 500,
        "final_squared_flux": 0.00219606882505534,
        "optimization_success": true,
        "optimization_message": "Completed",
        "optimization_nfev": 500,
        "optimization_njev": null,
        "_cached_thresholds": {
          "length_threshold": 10.253174933132598,
          "flux_threshold": 1e-08,
          "cc_threshold": 0.1947469591876383,
          "cs_threshold": 0.10989787732500178,
          "msc_threshold": 5.747062776582976,
          "curvature_threshold": 8.696346310435752,
          "force_threshold": 639.3481085372625,
          "torque_threshold": 0.0,
          "finite_build_width": 0.05,
          "major_radius": 1.0098736979848935,
          "minor_radius": 0.16831206437162433,
          "a0": 10.100286074838271,
          "arclength_variation_threshold": 0.0,
          "coil_width": 0.039602838675676315
        },
        "final_min_cs_separation": 0.22523381273459286,
        "final_min_cc_separation": 0.2424818639252724,
        "final_length_per_coil": [
          3.710929236168724,
          3.3035641881921505,
          3.2710544244791913
        ],
        "final_current_per_coil": [
          460750.25830987893,
          384697.0532145538,
          404995.85898270237
        ],
        "total_current_before": 1250443.170507135,
        "total_current_after": 1250443.170507135,
        "final_total_length": 10.285547848840066,
        "final_max_curvature": 3.579492863065924,
        "final_average_curvature": 2.182450523063907,
        "final_arclength_variation": 0.00887439666065869,
        "final_mean_squared_curvature": 5.8081798877938775,
        "final_max_torsion": 65.35672605612788,
        "final_linking_number": 0,
        "coils_linked_to_surface": true,
        "final_max_max_coil_force": 345648.8114472657,
        "final_avg_max_coil_force": 312425.55235882034,
        "final_max_force_per_coil": [
          345648.8114472657,
          298921.2906060735,
          292706.5550231219
        ],
        "final_max_torque_per_coil": [
          113355.44242301295,
          72735.00529163872,
          58352.55622292352
        ],
        "final_max_max_coil_torque": 113355.44242301295,
        "final_avg_max_coil_torque": 81481.00131252507,
        "avg_BdotN_over_B": 0.021967912703462357,
        "max_BdotN_over_B": 0.07662253731272574,
        "lagrange_multipliers": null,
        "output_directory": "/Users/akaptanoglu/actions-runner/_work/stellcoilbench/stellcoilbench/cases/done/2026-03-20_140438_67775/order_4",
        "flux_threshold": 1e-08,
        "cc_threshold": 0.1947469591876383,
        "cs_threshold": 0.10989787732500178,
        "msc_threshold": 5.747062776582976,
        "arclength_variation_threshold": 0.0,
        "curvature_threshold": 8.696346310435752,
        "force_threshold": 639.3481085372625,
        "torque_threshold": 0.0,
        "timing": {
          "coil_initialization": 0.1457240409217775,
          "biotsavart_setup": 1.3028478750493377,
          "objective_setup": 0.03356341691687703,
          "coil_optimization": 74.70420379098505,
          "save_and_metrics": 0.8211789578199387
        },
        "fourier_order": 4,
        "continuation_step": 1
      },
      {
        "initial_B_field": 1.0977204563155307,
        "final_B_field": 1.0973397866055272,
        "target_B_field": 1.0,
        "optimization_time": 78.88804411888123,
        "walltime_sec": 78.88804411888123,
        "iterations_used": 500,
        "final_squared_flux": 0.0021728546447961567,
        "optimization_success": true,
        "optimization_message": "Completed",
        "optimization_nfev": 500,
        "optimization_njev": null,
        "_cached_thresholds": {
          "length_threshold": 10.253174933132598,
          "flux_threshold": 1e-08,
          "cc_threshold": 0.1947469591876383,
          "cs_threshold": 0.10989787732500178,
          "msc_threshold": 5.747062776582976,
          "curvature_threshold": 8.696346310435752,
          "force_threshold": 639.3481085372625,
          "torque_threshold": 0.0,
          "finite_build_width": 0.05,
          "major_radius": 1.0098736979848935,
          "minor_radius": 0.16831206437162433,
          "a0": 10.100286074838271,
          "arclength_variation_threshold": 0.0,
          "coil_width": 0.039602838675676315
        },
        "final_min_cs_separation": 0.22049220286186758,
        "final_min_cc_separation": 0.24995748018734174,
        "final_length_per_coil": [
          3.663934831614127,
          3.3386604923514818,
          3.2842411093117523
        ],
        "final_current_per_coil": [
          448937.61724647996,
          394172.59103202436,
          407332.9622286308
        ],
        "total_current_before": 1250443.170507135,
        "total_current_after": 1250443.170507135,
        "final_total_length": 10.286836433277362,
        "final_max_curvature": 3.720160073715012,
        "final_average_curvature": 2.1806786415695103,
        "final_arclength_variation": 0.0013175842704318335,
        "final_mean_squared_curvature": 5.766422223675163,
        "final_max_torsion": 162.37467144563374,
        "final_linking_number": 0,
        "coils_linked_to_surface": true,
        "final_max_max_coil_force": 297395.04107194615,
        "final_avg_max_coil_force": 245888.61032232502,
        "final_max_force_per_coil": [
          297395.04107194615,
          237960.2617278771,
          202310.52816715188
        ],
        "final_max_torque_per_coil": [
          77951.5389736634,
          53208.783190619964,
          35680.99789117989
        ],
        "final_max_max_coil_torque": 77951.5389736634,
        "final_avg_max_coil_torque": 55613.77335182109,
        "avg_BdotN_over_B": 0.021872927975151935,
        "max_BdotN_over_B": 0.07710343078317389,
        "lagrange_multipliers": null,
        "output_directory": "/Users/akaptanoglu/actions-runner/_work/stellcoilbench/stellcoilbench/cases/done/2026-03-20_140438_67775/order_8",
        "flux_threshold": 1e-08,
        "cc_threshold": 0.1947469591876383,
        "cs_threshold": 0.10989787732500178,
        "msc_threshold": 5.747062776582976,
        "arclength_variation_threshold": 0.0,
        "curvature_threshold": 8.696346310435752,
        "force_threshold": 639.3481085372625,
        "torque_threshold": 0.0,
        "timing": {
          "coil_initialization": 5.41098415851593e-07,
          "biotsavart_setup": 0.002385124797001481,
          "objective_setup": 0.008026666007936,
          "coil_optimization": 78.88808450009674,
          "save_and_metrics": 0.8391341250389814
        },
        "fourier_order": 8,
        "continuation_step": 2
      },
      {
        "initial_B_field": 1.0973397866055272,
        "final_B_field": 1.0971143052777086,
        "target_B_field": 1.0,
        "optimization_time": 88.49786877632141,
        "walltime_sec": 88.49786877632141,
        "iterations_used": 500,
        "final_squared_flux": 0.002197742066200616,
        "optimization_success": true,
        "optimization_message": "Completed",
        "optimization_nfev": 500,