{
  "metadata": {
    "contact": "auto",
    "hardware": "CPU: self-hosted runner",
    "run_date": "2026-03-17T21:12:14.431549",
    "iterations_used": 500,
    "walltime_sec": 612.8659520149231
  },
  "version_info": {
    "stellcoilbench_commit": "f7156dfd518bcedf00018e5b1eff4cb95709e472",
    "stellcoilbench_branch": "main",
    "simsopt_version": "0.1.dev5668+ga79006b0b",
    "simsopt_commit": "a79006b0b"
  },
  "metrics": {
    "fourier_continuation": true,
    "fourier_orders": [
      4,
      8,
      16
    ],
    "final_order": 16,
    "continuation_results": [
      {
        "initial_B_field": 1.0000050243934888,
        "final_B_field": 1.0493160672525228,
        "target_B_field": 1.0,
        "optimization_time": 374.2126131057739,
        "walltime_sec": 374.2126131057739,
        "iterations_used": 500,
        "final_squared_flux": 0.10539161490432329,
        "optimization_success": true,
        "optimization_message": "Completed",
        "optimization_nfev": 500,
        "optimization_njev": null,
        "_cached_thresholds": {
          "length_threshold": 10.807614674592067,
          "flux_threshold": 1e-08,
          "cc_threshold": 0.11445220377270454,
          "cs_threshold": 0.251181004300477,
          "msc_threshold": 16.513967732360573,
          "curvature_threshold": 10.11038636091311,
          "force_threshold": 4303.731896488587,
          "torque_threshold": 0.0,
          "finite_build_width": 0.05,
          "major_radius": 1.0098736979848935,
          "minor_radius": 0.16831206437162433,
          "a0": 10.100286074838271,
          "arclength_variation_threshold": 0.0,
          "coil_width": 0.039602838675676315
        },
        "final_min_cs_separation": 0.190472697948408,
        "final_min_cc_separation": 0.08291604472677186,
        "final_length_per_coil": [
          2.49396747316529,
          2.470001245481898,
          2.4542084381184845,
          2.443952690382732,
          2.4628882121194478
        ],
        "final_current_per_coil": [
          1009590.696171058,
          1064814.190462657,
          1492056.6336208335,
          744916.6276191326,
          558096.0267298315
        ],
        "total_current_before": 1250012.5384399334,
        "total_current_after": 1250012.5384399332,
        "final_total_length": 12.325018059267851,
        "final_max_curvature": 3.770345664555683,
        "final_average_curvature": 2.5633684432704014,
        "final_arclength_variation": 0.013014812291754071,
        "final_mean_squared_curvature": 7.17768876872806,
        "final_max_torsion": 1.9676515812059974,
        "final_linking_number": 0,
        "coils_linked_to_surface": true,
        "final_max_max_coil_force": 2145775.414229846,
        "final_avg_max_coil_force": 1448544.4233493158,
        "final_max_force_per_coil": [
          1445676.7091871675,
          1448114.4858884404,
          2145775.414229846,
          1107539.508656869,
          1095615.9987842548
        ],
        "final_max_torque_per_coil": [
          374772.0910664713,
          444043.7181006313,
          400870.7083467666,
          335608.2631068989,
          357542.75708105066
        ],
        "final_max_max_coil_torque": 444043.7181006313,
        "final_avg_max_coil_torque": 382567.50754036376,
        "avg_BdotN_over_B": 0.11015240534354684,
        "max_BdotN_over_B": 0.48557359738491573,
        "lagrange_multipliers": null,
        "output_directory": "/Users/akaptanoglu/actions-runner/_work/stellcoilbench/stellcoilbench/cases/done/2026-03-17_204133_12855/order_4",
        "flux_threshold": 1e-08,
        "cc_threshold": 0.11445220377270454,
        "cs_threshold": 0.251181004300477,
        "msc_threshold": 16.513967732360573,
        "arclength_variation_threshold": 0.0,
        "curvature_threshold": 10.11038636091311,
        "force_threshold": 4303.731896488587,
        "torque_threshold": 0.0,
        "timing": {
          "coil_initialization": 0.24450587492901832,
          "biotsavart_setup": 1.3192485419567674,
          "objective_setup": 0.05231262499000877,
          "coil_optimization": 374.2128403750248,
          "save_and_metrics": 0.968346249894239
        },
        "fourier_order": 4,
        "continuation_step": 1
      },
      {
        "initial_B_field": 1.0493160672525228,
        "final_B_field": 1.0493081696311644,
        "target_B_field": 1.0,
        "optimization_time": 673.2071659564972,
        "walltime_sec": 673.2071659564972,
        "iterations_used": 500,
        "final_squared_flux": 0.10538857354324015,
        "optimization_success": true,
        "optimization_message": "Completed",
        "optimization_nfev": 500,
        "optimization_njev": null,
        "_cached_thresholds": {
          "length_threshold": 10.807614674592067,
          "flux_threshold": 1e-08,
          "cc_threshold": 0.11445220377270454,
          "cs_threshold": 0.251181004300477,
          "msc_threshold": 16.513967732360573,
          "curvature_threshold": 10.11038636091311,
          "force_threshold": 4303.731896488587,
          "torque_threshold": 0.0,
          "finite_build_width": 0.05,
          "major_radius": 1.0098736979848935,
          "minor_radius": 0.16831206437162433,
          "a0": 10.100286074838271,
          "arclength_variation_threshold": 0.0,
          "coil_width": 0.039602838675676315
        },
        "final_min_cs_separation": 0.19056511330746895,
        "final_min_cc_separation": 0.08280697091639985,
        "final_length_per_coil": [
          2.493981311391551,
          2.4699963516643537,
          2.454197476006861,
          2.4439537779236136,
          2.4628860731262097
        ],
        "final_current_per_coil": [
          1009483.1004054655,
          1064543.8362977153,
          1491829.7926717384,
          744759.8650345053,
          558003.3466949502
        ],
        "total_current_before": 1250012.5384399332,
        "total_current_after": 1250012.5384399337,
        "final_total_length": 12.32501499011259,
        "final_max_curvature": 3.790555040425401,
        "final_average_curvature": 2.56166402239691,
        "final_arclength_variation": 0.018376556418943375,
        "final_mean_squared_curvature": 7.170478370444356,
        "final_max_torsion": 1.7082973257549419,
        "final_linking_number": 0,
        "coils_linked_to_surface": true,
        "final_max_max_coil_force": 1917990.01840771,
        "final_avg_max_coil_force": 1289421.1751555465,
        "final_max_force_per_coil": [
          1000905.4080380267,
          1917990.01840771,
          1114178.2754954547,
          1436766.4909463723,
          977265.6828901696
        ],
        "final_max_torque_per_coil": [
          366508.0036726896,
          456158.83055600844,
          383196.19839981996,
          348087.0559748151,
          358272.23315612564
        ],
        "final_max_max_coil_torque": 456158.83055600844,
        "final_avg_max_coil_torque": 382444.4643518917,
        "avg_BdotN_over_B": 0.1101549695380948,
        "max_BdotN_over_B": 0.4855617642675009,
        "lagrange_multipliers": null,
        "output_directory": "/Users/akaptanoglu/actions-runner/_work/stellcoilbench/stellcoilbench/cases/done/2026-03-17_204133_12855/order_8",
        "flux_threshold": 1e-08,
        "cc_threshold": 0.11445220377270454,
        "cs_threshold": 0.251181004300477,
        "msc_threshold": 16.513967732360573,
        "arclength_variation_threshold": 0.0,
        "curvature_threshold": 10.11038636091311,
        "force_threshold": 4303.731896488587,
        "torque_threshold": 0.0,
        "timing": {
          "coil_initialization": 3.7497375160455704e-07,
          "biotsavart_setup": 0.0030510829528793693,
          "objective_setup": 0.00750237493775785,
          "coil_optimization": 673.2075959999347,
          "save_and_metrics": 0.8659885419765487
        },
        "fourier_order": 8,