{
  "metadata": {
    "contact": "auto",
    "hardware": "CPU: self-hosted runner",
    "run_date": "2026-03-24T21:13:42.647362",
    "iterations_used": 500,
    "walltime_sec": 81.03102612495422,
    "tags": [
      "explore"
    ],
    "parent_ids": []
  },
  "version_info": {
    "stellcoilbench_commit": "c640d6ec7c51337e3bd8c73abb0f49ae918b865c",
    "stellcoilbench_branch": "main",
    "simsopt_version": "0.1.dev5668+ga79006b0b",
    "simsopt_commit": "a79006b0b"
  },
  "metrics": {
    "fourier_continuation": true,
    "fourier_orders": [
      4,
      8,
      16
    ],
    "final_order": 16,
    "continuation_results": [
      {
        "initial_B_field": 2.500000766903552,
        "final_B_field": 2.742322018935284,
        "target_B_field": 2.5,
        "optimization_time": 726.0913701057434,
        "walltime_sec": 726.0913701057434,
        "iterations_used": 500,
        "final_squared_flux": 0.3221216099088249,
        "optimization_success": true,
        "optimization_message": "Completed",
        "optimization_nfev": 500,
        "optimization_njev": null,
        "_cached_thresholds": {
          "length_threshold": 38.35345620621277,
          "flux_threshold": 1e-08,
          "cc_threshold": 0.22658781698871783,
          "cs_threshold": 0.3354116256921429,
          "msc_threshold": 18.898235822684203,
          "curvature_threshold": 4.911076044549242,
          "force_threshold": 1547.605271370174,
          "torque_threshold": 0.0,
          "finite_build_width": 0.10789896047081801,
          "major_radius": 5.483631261799852,
          "minor_radius": 0.5240806651439732,
          "a0": 3.2437754587511507,
          "arclength_variation_threshold": 0.0,
          "coil_width": 0.12331309768093489
        },
        "final_min_cs_separation": 0.2792483362041549,
        "final_min_cc_separation": 0.13124670190591534,
        "final_length_per_coil": [
          8.090179733267393,
          8.000754043889225,
          7.9388670028784905,
          7.386018475789152,
          7.272037799345383
        ],
        "final_current_per_coil": [
          1871334.2308475694,
          1384183.4473432072,
          1170224.0616809146,
          1229236.951166983,
          1220025.5265784422
        ],
        "total_current_before": 6875004.217617116,
        "total_current_after": 6875004.217617117,
        "final_total_length": 38.687857055169644,
        "final_max_curvature": 2.5257504482544713,
        "final_average_curvature": 1.2332529797218876,
        "final_arclength_variation": 0.220324716633659,
        "final_mean_squared_curvature": 2.1331451094232734,
        "final_max_torsion": 2.9471292663462303,
        "final_linking_number": 0,
        "coils_linked_to_surface": true,
        "final_max_max_coil_force": 3491549.24056568,
        "final_avg_max_coil_force": 2857550.908653771,
        "final_max_force_per_coil": [
          2954012.583954801,
          3491549.24056568,
          3019696.742824305,
          2842063.1226003375,
          1980432.8533237325
        ],
        "final_max_torque_per_coil": [
          2156657.7405399857,
          2870873.4724763376,
          2334801.6310582445,
          1421152.5455667905,
          1072931.849881538
        ],
        "final_max_max_coil_torque": 2870873.4724763376,
        "final_avg_max_coil_torque": 1971283.4479045789,
        "avg_BdotN_over_B": 0.024952587545151863,
        "max_BdotN_over_B": 0.16632820928722242,
        "lagrange_multipliers": null,
        "output_directory": "/Users/akaptanoglu/actions-runner/_work/stellcoilbench/stellcoilbench/cases/done/2026-03-24_203859_25776/order_4",
        "flux_threshold": 1e-08,
        "cc_threshold": 0.22658781698871783,
        "cs_threshold": 0.3354116256921429,
        "msc_threshold": 18.898235822684203,
        "arclength_variation_threshold": 0.0,
        "curvature_threshold": 4.911076044549242,
        "force_threshold": 1547.605271370174,
        "torque_threshold": 0.0,
        "timing": {
          "coil_initialization": 0.5645800828933716,
          "biotsavart_setup": 2.468429750064388,
          "objective_setup": 0.03659279108978808,
          "coil_optimization": 726.0919874168467,
          "save_and_metrics": 1.8419092919211835
        },
        "fourier_order": 4,
        "continuation_step": 1
      },
      {
        "initial_B_field": 2.742322018935284,
        "final_B_field": 2.748920275997339,
        "target_B_field": 2.5,
        "optimization_time": 1009.8556010723114,
        "walltime_sec": 1009.8556010723114,
        "iterations_used": 500,
        "final_squared_flux": 0.4127545512421998,
        "optimization_success": true,
        "optimization_message": "Completed",
        "optimization_nfev": 500,
        "optimization_njev": null,
        "_cached_thresholds": {
          "length_threshold": 38.35345620621277,
          "flux_threshold": 1e-08,
          "cc_threshold": 0.22658781698871783,
          "cs_threshold": 0.3354116256921429,
          "msc_threshold": 18.898235822684203,
          "curvature_threshold": 4.911076044549242,
          "force_threshold": 1547.605271370174,
          "torque_threshold": 0.0,
          "finite_build_width": 0.10789896047081801,
          "major_radius": 5.483631261799852,
          "minor_radius": 0.5240806651439732,
          "a0": 3.2437754587511507,
          "arclength_variation_threshold": 0.0,
          "coil_width": 0.12331309768093489
        },
        "final_min_cs_separation": 0.2519799786247027,
        "final_min_cc_separation": 0.1561968192827298,
        "final_length_per_coil": [
          8.059493186247122,
          7.987866212793374,
          7.93759493532501,
          7.381229595292921,
          7.259143024093066
        ],
        "final_current_per_coil": [
          1871359.7330906503,
          1384186.0187708219,
          1170208.6304700586,
          1229241.8404781881,
          1220007.994807397
        ],
        "total_current_before": 6875004.217617117,
        "total_current_after": 6875004.217617116,
        "final_total_length": 38.62532695375149,
        "final_max_curvature": 4.87780785942294,
        "final_average_curvature": 1.2075030415383494,
        "final_arclength_variation": 1.2803678231412523,
        "final_mean_squared_curvature": 3.405764214247502,
        "final_max_torsion": 2.2341393514231616,
        "final_linking_number": 0,
        "coils_linked_to_surface": true,
        "final_max_max_coil_force": 3579227.919365697,
        "final_avg_max_coil_force": 2663613.0347775174,
        "final_max_force_per_coil": [
          2672921.854650701,
          3579227.919365697,
          3135310.5783261373,
          2448141.464090233,
          1482463.35745482
        ],
        "final_max_torque_per_coil": [
          2064791.1406205744,
          3147792.5286551537,
          2839663.603141669,
          1350830.636730671,
          973596.2057371236
        ],
        "final_max_max_coil_torque": 3147792.5286551537,
        "final_avg_max_coil_torque": 2075334.822977038,
        "avg_BdotN_over_B": 0.027950390565505467,
        "max_BdotN_over_B": 0.18373909216111772,
        "lagrange_multipliers": null,
        "output_directory": "/Users/akaptanoglu/actions-runner/_work/stellcoilbench/stellcoilbench/cases/done/2026-03-24_203859_25776/order_8",
        "flux_threshold": 1e-08,
        "cc_threshold": 0.22658781698871783,
        "cs_threshold": 0.3354116256921429,
        "msc_threshold": 18.898235822684203,
        "arclength_variation_threshold": 0.0,
        "curvature_threshold": 4.911076044549242,
        "force_threshold": 1547.605271370174,
        "torque_threshold": 0.0,
        "timing": {
          "coil_initialization": 7.499475032091141e-07,
          "biotsavart_setup": 0.0050119999796152115,
          "objective_setup": 0.009852666174992919,
          "coil_optimization": 1009.8565037089866,
          "save_and_metrics": 1.6723931250162423
        },