{
  "metadata": {
    "contact": "auto",
    "hardware": "CPU: self-hosted runner",
    "run_date": "2026-03-26T08:57:01.760829",
    "iterations_used": 500,
    "walltime_sec": 81.5999321937561,
    "tags": [
      "explore"
    ],
    "parent_ids": []
  },
  "version_info": {
    "stellcoilbench_commit": "d2c00f3c56f92f42f95a7ab078a65cf2011083e3",
    "stellcoilbench_branch": "main",
    "simsopt_version": "0.1.dev5668+ga79006b0b",
    "simsopt_commit": "a79006b0b"
  },
  "metrics": {
    "fourier_continuation": true,
    "fourier_orders": [
      4,
      8,
      16
    ],
    "final_order": 16,
    "continuation_results": [
      {
        "initial_B_field": 2.500000766903552,
        "final_B_field": 2.7850494862681243,
        "target_B_field": 2.5,
        "optimization_time": 1114.0883150100708,
        "walltime_sec": 1114.0883150100708,
        "iterations_used": 500,
        "final_squared_flux": 0.0363522807613346,
        "optimization_success": true,
        "optimization_message": "Completed",
        "optimization_nfev": 500,
        "optimization_njev": null,
        "_cached_thresholds": {
          "length_threshold": 44.78731707771555,
          "flux_threshold": 1e-08,
          "cc_threshold": 0.22658781698871783,
          "cs_threshold": 0.36932272755439993,
          "msc_threshold": 7.136306009252532,
          "curvature_threshold": 3.4675959654049797,
          "force_threshold": 523.8697365883108,
          "torque_threshold": 0.0,
          "finite_build_width": 0.10789896047081801,
          "major_radius": 5.483631261799852,
          "minor_radius": 0.5240806651439732,
          "a0": 3.2437754587511507,
          "arclength_variation_threshold": 0.0,
          "coil_width": 0.12331309768093489
        },
        "final_min_cs_separation": 0.33604714165256844,
        "final_min_cc_separation": 0.16569565335507824,
        "final_length_per_coil": [
          8.54387309874021,
          9.732142687758406,
          10.450007198712576,
          7.643531444498571,
          8.486894746739834
        ],
        "final_current_per_coil": [
          1500033.0349620224,
          2001593.4291569246,
          1925685.296005731,
          530323.5040087615,
          917368.9534836765
        ],
        "total_current_before": 6875004.217617116,
        "total_current_after": 6875004.217617116,
        "final_total_length": 44.8564491764496,
        "final_max_curvature": 2.14545244712056,
        "final_average_curvature": 1.1479169993340244,
        "final_arclength_variation": 0.06697825526948512,
        "final_mean_squared_curvature": 1.9748864669151909,
        "final_max_torsion": 21.05386619917851,
        "final_linking_number": 0,
        "coils_linked_to_surface": true,
        "final_max_max_coil_force": 4485135.502689175,
        "final_avg_max_coil_force": 3055174.996003711,
        "final_max_force_per_coil": [
          3289770.44233345,
          4485135.502689175,
          4381961.605982259,
          910779.7400294436,
          2208227.688984228
        ],
        "final_max_torque_per_coil": [
          2469845.4539009626,
          3781801.9124746113,
          3046069.3295843247,
          524276.4602401437,
          1082491.544098494
        ],
        "final_max_max_coil_torque": 3781801.9124746113,
        "final_avg_max_coil_torque": 2180896.9400597075,
        "avg_BdotN_over_B": 0.008183811217876952,
        "max_BdotN_over_B": 0.03995117616383415,
        "lagrange_multipliers": null,
        "output_directory": "/Users/akaptanoglu/actions-runner/_work/stellcoilbench/stellcoilbench/cases/done/2026-03-26_080752_42325/order_4",
        "flux_threshold": 1e-08,
        "cc_threshold": 0.22658781698871783,
        "cs_threshold": 0.36932272755439993,
        "msc_threshold": 7.136306009252532,
        "arclength_variation_threshold": 0.0,
        "curvature_threshold": 3.4675959654049797,
        "force_threshold": 523.8697365883108,
        "torque_threshold": 0.0,
        "timing": {
          "coil_initialization": 0.5753526668995619,
          "biotsavart_setup": 2.403900791890919,
          "objective_setup": 0.03546695807017386,
          "coil_optimization": 1114.0890917498618,
          "save_and_metrics": 1.7101974580436945
        },
        "fourier_order": 4,
        "continuation_step": 1
      },
      {
        "initial_B_field": 2.7850494862681243,
        "final_B_field": 2.931726932355808,
        "target_B_field": 2.5,
        "optimization_time": 1465.115844964981,
        "walltime_sec": 1465.115844964981,
        "iterations_used": 500,
        "final_squared_flux": 0.28499934507180125,
        "optimization_success": true,
        "optimization_message": "Completed",
        "optimization_nfev": 500,
        "optimization_njev": null,
        "_cached_thresholds": {
          "length_threshold": 44.78731707771555,
          "flux_threshold": 1e-08,
          "cc_threshold": 0.22658781698871783,
          "cs_threshold": 0.36932272755439993,
          "msc_threshold": 7.136306009252532,
          "curvature_threshold": 3.4675959654049797,
          "force_threshold": 523.8697365883108,
          "torque_threshold": 0.0,
          "finite_build_width": 0.10789896047081801,
          "major_radius": 5.483631261799852,
          "minor_radius": 0.5240806651439732,
          "a0": 3.2437754587511507,
          "arclength_variation_threshold": 0.0,
          "coil_width": 0.12331309768093489
        },
        "final_min_cs_separation": 0.2631402089552029,
        "final_min_cc_separation": 0.09439039548508621,
        "final_length_per_coil": [
          8.751186802162799,
          9.88803389488175,
          10.53500085171125,
          7.666921416456002,
          8.86083346004298
        ],
        "final_current_per_coil": [
          1500074.4410011817,
          2001651.855124894,
          1925825.9514788683,
          530535.4270132787,
          916916.5429988932
        ],
        "total_current_before": 6875004.217617116,
        "total_current_after": 6875004.217617116,
        "final_total_length": 45.701976425254784,
        "final_max_curvature": 3.525959301315085,
        "final_average_curvature": 1.1210010270251063,
        "final_arclength_variation": 0.39626214175836977,
        "final_mean_squared_curvature": 2.6810081414236286,
        "final_max_torsion": 2.4145171547378768,
        "final_linking_number": 0,
        "coils_linked_to_surface": true,
        "final_max_max_coil_force": 4670857.813890711,
        "final_avg_max_coil_force": 3096659.0179895037,
        "final_max_force_per_coil": [
          3649094.6316135977,
          4670857.813890711,
          4039508.665254744,
          968173.0799209076,
          2155660.899267555
        ],
        "final_max_torque_per_coil": [
          2247912.5976188052,
          3709448.4744086587,
          2649546.0237322613,
          665340.747185188,
          1380709.641857005
        ],
        "final_max_max_coil_torque": 3709448.4744086587,
        "final_avg_max_coil_torque": 2130591.496960384,
        "avg_BdotN_over_B": 0.019920817397604044,
        "max_BdotN_over_B": 0.07188261357900426,
        "lagrange_multipliers": null,
        "output_directory": "/Users/akaptanoglu/actions-runner/_work/stellcoilbench/stellcoilbench/cases/done/2026-03-26_080752_42325/order_8",
        "flux_threshold": 1e-08,
        "cc_threshold": 0.22658781698871783,
        "cs_threshold": 0.36932272755439993,
        "msc_threshold": 7.136306009252532,
        "arclength_variation_threshold": 0.0,
        "curvature_threshold": 3.4675959654049797,
        "force_threshold": 523.8697365883108,
        "torque_threshold": 0.0,
        "timing": {
          "coil_initialization": 1.333886757493019e-06,
          "biotsavart_setup": 0.004330000141635537,
          "objective_setup": 0.007317667128518224,
          "coil_optimization": 1465.116877875058,
          "save_and_metrics": 1.7610347911249846
        },