{
  "metadata": {
    "contact": "auto",
    "hardware": "CPU: self-hosted runner",
    "run_date": "2026-03-30T04:21:43.585139",
    "iterations_used": 500,
    "walltime_sec": 52.79351210594177,
    "tags": [
      "explore"
    ],
    "parent_ids": []
  },
  "version_info": {
    "stellcoilbench_commit": "1ef0ca288753473e2a9c2aa48ae36f61ac5ac973",
    "stellcoilbench_branch": "main",
    "simsopt_version": "0.1.dev5668+ga79006b0b",
    "simsopt_commit": "a79006b0b"
  },
  "metrics": {
    "fourier_continuation": true,
    "fourier_orders": [
      4,
      8,
      16
    ],
    "final_order": 16,
    "continuation_results": [
      {
        "initial_B_field": 2.50000000044544,
        "final_B_field": 0.21558444204476257,
        "target_B_field": 2.5,
        "optimization_time": 998.4293818473816,
        "walltime_sec": 998.4293818473816,
        "iterations_used": 500,
        "final_squared_flux": 0.15770061697626264,
        "optimization_success": true,
        "optimization_message": "Completed",
        "optimization_nfev": 500,
        "optimization_njev": null,
        "_cached_thresholds": {
          "length_threshold": 34.29028963762597,
          "flux_threshold": 1e-08,
          "cc_threshold": 0.22658781698871783,
          "cs_threshold": 0.6023844821713669,
          "msc_threshold": 1.6802756876330962,
          "curvature_threshold": 7.21740039572131,
          "force_threshold": 314.97059704473673,
          "torque_threshold": 0.0,
          "finite_build_width": 0.10789896047081801,
          "major_radius": 5.483631261799852,
          "minor_radius": 0.5240806651439732,
          "a0": 3.2437754587511507,
          "arclength_variation_threshold": 0.0,
          "coil_width": 0.12331309768093489
        },
        "final_min_cs_separation": 0.050385789752710325,
        "final_min_cc_separation": 0.10231188480215134,
        "final_length_per_coil": [
          7.866664993949683,
          7.743546556953849,
          7.556257550135801,
          5.093239456381232,
          5.017386422652636,
          3.415474258196724
        ],
        "final_current_per_coil": [
          32760.43877794161,
          122816.07218684975,
          111679.36051344691,
          434638.7155302747,
          218044.59126844106,
          6424051.689573561
        ],
        "total_current_before": 6875000.002449921,
        "total_current_after": 6875000.002449921,
        "final_total_length": 36.692569238269925,
        "final_max_curvature": 4.628537556351784,
        "final_average_curvature": 1.1677194452530215,
        "final_arclength_variation": 0.38419900161226156,
        "final_mean_squared_curvature": 3.3855823803843026,
        "final_max_torsion": 16.493565096017793,
        "final_linking_number": 0,
        "coils_linked_to_surface": false,
        "final_max_max_coil_force": 28736743.145554256,
        "final_avg_max_coil_force": 4986307.520940139,
        "final_max_force_per_coil": [
          2325.313073290207,
          15149.086814047443,
          49470.643259946075,
          512811.33723210584,
          601345.5997071873,
          28736743.145554256
        ],
        "final_max_torque_per_coil": [
          1416.573164319006,
          8747.744354036515,
          57064.459491955415,
          365024.8943957657,
          406616.67094393185,
          2189867.8716357714
        ],
        "final_max_max_coil_torque": 2189867.8716357714,
        "final_avg_max_coil_torque": 504789.7023309633,
        "avg_BdotN_over_B": 0.25537770956174977,
        "max_BdotN_over_B": 0.9612588057847737,
        "lagrange_multipliers": null,
        "output_directory": "/Users/akaptanoglu/actions-runner/_work/stellcoilbench/stellcoilbench/cases/done/2026-03-30_034037_10433/order_4",
        "flux_threshold": 1e-08,
        "cc_threshold": 0.22658781698871783,
        "cs_threshold": 0.6023844821713669,
        "msc_threshold": 1.6802756876330962,
        "arclength_variation_threshold": 0.0,
        "curvature_threshold": 7.21740039572131,
        "force_threshold": 314.97059704473673,
        "torque_threshold": 0.0,
        "timing": {
          "coil_initialization": 2.9265112911816686,
          "biotsavart_setup": 3.593776958063245,
          "objective_setup": 0.04025387507863343,
          "coil_optimization": 998.4302586659323,
          "save_and_metrics": 2.165656541939825
        },
        "fourier_order": 4,
        "continuation_step": 1
      },
      {
        "initial_B_field": 0.21558444204476257,
        "final_B_field": 0.21582572032123565,
        "target_B_field": 2.5,
        "optimization_time": 1095.3594281673431,
        "walltime_sec": 1095.3594281673431,
        "iterations_used": 500,
        "final_squared_flux": 0.15895765226823322,
        "optimization_success": true,
        "optimization_message": "Completed",
        "optimization_nfev": 500,
        "optimization_njev": null,
        "_cached_thresholds": {
          "length_threshold": 34.29028963762597,
          "flux_threshold": 1e-08,
          "cc_threshold": 0.22658781698871783,
          "cs_threshold": 0.6023844821713669,
          "msc_threshold": 1.6802756876330962,
          "curvature_threshold": 7.21740039572131,
          "force_threshold": 314.97059704473673,
          "torque_threshold": 0.0,
          "finite_build_width": 0.10789896047081801,
          "major_radius": 5.483631261799852,
          "minor_radius": 0.5240806651439732,
          "a0": 3.2437754587511507,
          "arclength_variation_threshold": 0.0,
          "coil_width": 0.12331309768093489
        },
        "final_min_cs_separation": 0.05596266197031224,
        "final_min_cc_separation": 0.1029485788136228,
        "final_length_per_coil": [
          7.86408632676236,
          7.749756702408785,
          7.554659336781429,
          5.092615423471806,
          5.016551334088353,
          3.415469453162158
        ],
        "final_current_per_coil": [
          32758.426490321923,
          122815.25473248021,
          111677.74285706194,
          434638.7266531898,
          218043.44439393975,
          6424052.4025020115
        ],
        "total_current_before": 6875000.002449921,
        "total_current_after": 6875000.00244992,
        "final_total_length": 36.69313857667489,
        "final_max_curvature": 4.642937208459288,
        "final_average_curvature": 1.1705107422979355,
        "final_arclength_variation": 0.38953097366038564,
        "final_mean_squared_curvature": 3.3853504816177042,
        "final_max_torsion": 5.337678903585453,
        "final_linking_number": 0,
        "coils_linked_to_surface": false,
        "final_max_max_coil_force": 19830183.869708963,
        "final_avg_max_coil_force": 3500820.8731700447,
        "final_max_force_per_coil": [
          2253.252375903656,
          16214.828173597301,
          48649.56468945476,
          507056.9290318418,
          600566.7950405106,
          19830183.869708963
        ],
        "final_max_torque_per_coil": [
          1376.824124629311,
          9340.547083931207,
          57245.84751394906,
          363472.59121628193,
          405595.08315621736,
          2198201.264048547
        ],
        "final_max_max_coil_torque": 2198201.264048547,
        "final_avg_max_coil_torque": 505872.0261905926,
        "avg_BdotN_over_B": 0.25627002997818865,
        "max_BdotN_over_B": 0.9611120190585526,
        "lagrange_multipliers": null,
        "output_directory": "/Users/akaptanoglu/actions-runner/_work/stellcoilbench/stellcoilbench/cases/done/2026-03-30_034037_10433/order_8",
        "flux_threshold": 1e-08,
        "cc_threshold": 0.22658781698871783,
        "cs_threshold": 0.6023844821713669,
        "msc_threshold": 1.6802756876330962,
        "arclength_variation_threshold": 0.0,
        "curvature_threshold": 7.21740039572131,
        "force_threshold": 314.97059704473673,
        "torque_threshold": 0.0,