{
  "metadata": {
    "contact": "auto",
    "hardware": "CPU: self-hosted runner",
    "run_date": "2026-03-24T04:04:49.399247",
    "iterations_used": 500,
    "walltime_sec": 117.7061460018158,
    "tags": [
      "explore"
    ],
    "parent_ids": []
  },
  "version_info": {
    "stellcoilbench_commit": "5a20a8eee1644adf3a74433b10f7184152e69908",
    "stellcoilbench_branch": "main",
    "simsopt_version": "0.1.dev5668+ga79006b0b",
    "simsopt_commit": "a79006b0b"
  },
  "metrics": {
    "fourier_continuation": true,
    "fourier_orders": [
      4,
      8,
      16
    ],
    "final_order": 16,
    "continuation_results": [
      {
        "initial_B_field": 2.500000766903552,
        "final_B_field": 2.778118612213544,
        "target_B_field": 2.5,
        "optimization_time": 805.2570860385895,
        "walltime_sec": 805.2570860385895,
        "iterations_used": 500,
        "final_squared_flux": 0.08878567479460034,
        "optimization_success": true,
        "optimization_message": "Completed",
        "optimization_nfev": 500,
        "optimization_njev": null,
        "_cached_thresholds": {
          "length_threshold": 43.073265019950554,
          "flux_threshold": 1e-08,
          "cc_threshold": 0.3776463616478631,
          "cs_threshold": 0.3905942369043612,
          "msc_threshold": 30.37471339574578,
          "curvature_threshold": 2.925885463793538,
          "force_threshold": 336.0551375266192,
          "torque_threshold": 0.0,
          "finite_build_width": 0.10789896047081801,
          "major_radius": 5.483631261799852,
          "minor_radius": 0.5240806651439732,
          "a0": 3.2437754587511507,
          "arclength_variation_threshold": 0.0,
          "coil_width": 0.12331309768093489
        },
        "final_min_cs_separation": 0.3491236368853734,
        "final_min_cc_separation": 0.3190160177005079,
        "final_length_per_coil": [
          8.819966480157076,
          8.93076865366385,
          10.324645014378385,
          7.490994568751603,
          7.631185954440231
        ],
        "final_current_per_coil": [
          1874633.601440373,
          1620262.2846626635,
          1849505.0867016115,
          636774.1703224207,
          893829.0744900461
        ],
        "total_current_before": 6875004.217617116,
        "total_current_after": 6875004.217617115,
        "final_total_length": 43.197560671391145,
        "final_max_curvature": 2.355787109840933,
        "final_average_curvature": 1.1206813680573586,
        "final_arclength_variation": 0.10371484867059552,
        "final_mean_squared_curvature": 2.0804524605180887,
        "final_max_torsion": 9.795663634813597,
        "final_linking_number": 0,
        "coils_linked_to_surface": true,
        "final_max_max_coil_force": 3448443.908476696,
        "final_avg_max_coil_force": 2398539.214089633,
        "final_max_force_per_coil": [
          3448443.908476696,
          2415119.809946986,
          3446106.3768457877,
          1067738.4484046341,
          1615287.5267740611
        ],
        "final_max_torque_per_coil": [
          3332159.842806683,
          1836034.449093423,
          3066423.6098075123,
          363020.2576676606,
          829230.7909989255
        ],
        "final_max_max_coil_torque": 3332159.842806683,
        "final_avg_max_coil_torque": 1885373.790074841,
        "avg_BdotN_over_B": 0.013018351296793244,
        "max_BdotN_over_B": 0.08149519488196953,
        "lagrange_multipliers": null,
        "output_directory": "/Users/akaptanoglu/actions-runner/_work/stellcoilbench/stellcoilbench/cases/done/2026-03-24_033510_20404/order_4",
        "flux_threshold": 1e-08,
        "cc_threshold": 0.3776463616478631,
        "cs_threshold": 0.3905942369043612,
        "msc_threshold": 30.37471339574578,
        "arclength_variation_threshold": 0.0,
        "curvature_threshold": 2.925885463793538,
        "force_threshold": 336.0551375266192,
        "torque_threshold": 0.0,
        "timing": {
          "coil_initialization": 0.5798121669795364,
          "biotsavart_setup": 2.43509883293882,
          "objective_setup": 0.042286874959245324,
          "coil_optimization": 805.2577226250432,
          "save_and_metrics": 1.9155863339547068
        },
        "fourier_order": 4,
        "continuation_step": 1
      },
      {
        "initial_B_field": 2.778118612213544,
        "final_B_field": 2.781057693346127,
        "target_B_field": 2.5,
        "optimization_time": 772.4645392894745,
        "walltime_sec": 772.4645392894745,
        "iterations_used": 500,
        "final_squared_flux": 0.11928612706130255,
        "optimization_success": true,
        "optimization_message": "Completed",
        "optimization_nfev": 500,
        "optimization_njev": null,
        "_cached_thresholds": {
          "length_threshold": 43.073265019950554,
          "flux_threshold": 1e-08,
          "cc_threshold": 0.3776463616478631,
          "cs_threshold": 0.3905942369043612,
          "msc_threshold": 30.37471339574578,
          "curvature_threshold": 2.925885463793538,
          "force_threshold": 336.0551375266192,
          "torque_threshold": 0.0,
          "finite_build_width": 0.10789896047081801,
          "major_radius": 5.483631261799852,
          "minor_radius": 0.5240806651439732,
          "a0": 3.2437754587511507,
          "arclength_variation_threshold": 0.0,
          "coil_width": 0.12331309768093489
        },
        "final_min_cs_separation": 0.3572190342943487,
        "final_min_cc_separation": 0.31231737184912617,
        "final_length_per_coil": [
          8.835992962724124,
          8.876645852187252,
          10.328217545556356,
          7.472461698664936,
          7.625837586852579
        ],
        "final_current_per_coil": [
          1874630.6173878289,
          1620256.5545886199,
          1849511.7876650176,
          636772.0875710691,
          893833.1704045804
        ],
        "total_current_before": 6875004.217617115,
        "total_current_after": 6875004.217617116,
        "final_total_length": 43.13915564598524,
        "final_max_curvature": 3.319143392660466,
        "final_average_curvature": 1.094279607871008,
        "final_arclength_variation": 0.43263781299283977,
        "final_mean_squared_curvature": 2.3605148731254593,
        "final_max_torsion": 2.9912575056790573,
        "final_linking_number": 0,
        "coils_linked_to_surface": true,
        "final_max_max_coil_force": 3471980.7574943886,
        "final_avg_max_coil_force": 2309687.4947202574,
        "final_max_force_per_coil": [
          3471980.7574943886,
          2273691.6783303437,
          3310530.5421720473,
          1014984.1543690552,
          1477250.3412354526
        ],
        "final_max_torque_per_coil": [
          2990914.945456961,
          1903207.7230885043,
          2950345.2625078587,
          340333.25121097773,
          665751.6248365194
        ],
        "final_max_max_coil_torque": 2990914.945456961,
        "final_avg_max_coil_torque": 1770110.5614201643,
        "avg_BdotN_over_B": 0.01464231283916435,
        "max_BdotN_over_B": 0.08604209976226462,
        "lagrange_multipliers": null,
        "output_directory": "/Users/akaptanoglu/actions-runner/_work/stellcoilbench/stellcoilbench/cases/done/2026-03-24_033510_20404/order_8",
        "flux_threshold": 1e-08,
        "cc_threshold": 0.3776463616478631,
        "cs_threshold": 0.3905942369043612,
        "msc_threshold": 30.37471339574578,
        "arclength_variation_threshold": 0.0,
        "curvature_threshold": 2.925885463793538,
        "force_threshold": 336.0551375266192,
        "torque_threshold": 0.0,
        "timing": {
          "coil_initialization": 5.83939254283905e-07,
          "biotsavart_setup": 0.004439208190888166,
          "objective_setup": 0.010590750025585294,
          "coil_optimization": 772.4652010828722,
          "save_and_metrics": 1.9440798338036984
        },