{
  "metadata": {
    "contact": "auto",
    "hardware": "CPU: self-hosted runner",
    "run_date": "2026-03-18T14:27:54.138063",
    "iterations_used": 500,
    "walltime_sec": 257.217209815979,
    "tags": [
      "explore"
    ],
    "parent_ids": []
  },
  "version_info": {
    "stellcoilbench_commit": "7510534904439580127b95a00a9f69b369ed6e13",
    "stellcoilbench_branch": "main",
    "simsopt_version": "0.1.dev5668+ga79006b0b",
    "simsopt_commit": "a79006b0b"
  },
  "metrics": {
    "fourier_continuation": true,
    "fourier_orders": [
      4,
      8,
      16
    ],
    "final_order": 16,
    "continuation_results": [
      {
        "initial_B_field": 1.0001867526877442,
        "final_B_field": 1.095417299795722,
        "target_B_field": 1.0,
        "optimization_time": 208.9831988811493,
        "walltime_sec": 208.9831988811493,
        "iterations_used": 500,
        "final_squared_flux": 3.8533913789421e-05,
        "optimization_success": true,
        "optimization_message": "Completed",
        "optimization_nfev": 500,
        "optimization_njev": null,
        "_cached_thresholds": {
          "length_threshold": 16.30448868277594,
          "flux_threshold": 1e-08,
          "cc_threshold": 0.11217504054885316,
          "cs_threshold": 0.19652908692804372,
          "msc_threshold": 10.534598376056316,
          "curvature_threshold": 27.270772402063333,
          "force_threshold": 1774.620263349084,
          "torque_threshold": 0.0,
          "finite_build_width": 0.05,
          "major_radius": 1.0098736979848935,
          "minor_radius": 0.16831206437162433,
          "a0": 10.100286074838271,
          "arclength_variation_threshold": 0.0,
          "coil_width": 0.039602838675676315
        },
        "final_min_cs_separation": 0.2491136881215074,
        "final_min_cc_separation": 0.11111929755808547,
        "final_length_per_coil": [
          6.748531182939725,
          4.148308426806527,
          5.410783410865085
        ],
        "final_current_per_coil": [
          641812.8821901752,
          136832.82989824755,
          471797.45841871225
        ],
        "total_current_before": 1250443.170507135,
        "total_current_after": 1250443.170507135,
        "final_total_length": 16.307623020611338,
        "final_max_curvature": 2.991453516396081,
        "final_average_curvature": 1.6984769201939132,
        "final_arclength_variation": 0.002201657631703426,
        "final_mean_squared_curvature": 5.09581556340103,
        "final_max_torsion": 18.335460951231227,
        "final_linking_number": 0,
        "coils_linked_to_surface": true,
        "final_max_max_coil_force": 879560.1412723938,
        "final_avg_max_coil_force": 576666.820606291,
        "final_max_force_per_coil": [
          879560.1412723938,
          247984.0446122341,
          602456.2759342447
        ],
        "final_max_torque_per_coil": [
          629451.1250968261,
          133036.42605198923,
          249021.97029621407
        ],
        "final_max_max_coil_torque": 629451.1250968261,
        "final_avg_max_coil_torque": 337169.84048167645,
        "avg_BdotN_over_B": 0.0026916053385859576,
        "max_BdotN_over_B": 0.009297019105838996,
        "lagrange_multipliers": null,
        "output_directory": "/Users/akaptanoglu/actions-runner/_work/stellcoilbench/stellcoilbench/cases/done/2026-03-18_141359_59327/order_4",
        "flux_threshold": 1e-08,
        "cc_threshold": 0.11217504054885316,
        "cs_threshold": 0.19652908692804372,
        "msc_threshold": 10.534598376056316,
        "arclength_variation_threshold": 0.0,
        "curvature_threshold": 27.270772402063333,
        "force_threshold": 1774.620263349084,
        "torque_threshold": 0.0,
        "timing": {
          "coil_initialization": 0.15567791601642966,
          "biotsavart_setup": 1.2193565419875085,
          "objective_setup": 0.034019957995042205,
          "coil_optimization": 208.98335633298848,
          "save_and_metrics": 0.8253511670045555
        },
        "fourier_order": 4,
        "continuation_step": 1
      },
      {
        "initial_B_field": 1.095417299795722,
        "final_B_field": 1.0977451788957673,
        "target_B_field": 1.0,
        "optimization_time": 295.99870800971985,
        "walltime_sec": 295.99870800971985,
        "iterations_used": 500,
        "final_squared_flux": 1.30681702709259e-05,
        "optimization_success": true,
        "optimization_message": "Completed",
        "optimization_nfev": 500,
        "optimization_njev": null,
        "_cached_thresholds": {
          "length_threshold": 16.30448868277594,
          "flux_threshold": 1e-08,
          "cc_threshold": 0.11217504054885316,
          "cs_threshold": 0.19652908692804372,
          "msc_threshold": 10.534598376056316,
          "curvature_threshold": 27.270772402063333,
          "force_threshold": 1774.620263349084,
          "torque_threshold": 0.0,
          "finite_build_width": 0.05,
          "major_radius": 1.0098736979848935,
          "minor_radius": 0.16831206437162433,
          "a0": 10.100286074838271,
          "arclength_variation_threshold": 0.0,
          "coil_width": 0.039602838675676315
        },
        "final_min_cs_separation": 0.3106339698084739,
        "final_min_cc_separation": 0.1119731663743173,
        "final_length_per_coil": [
          5.609619310254608,
          5.246603512675137,
          5.448965327261199
        ],
        "final_current_per_coil": [
          424077.97223520686,
          357915.79354037816,
          468449.40473155
        ],
        "total_current_before": 1250443.170507135,
        "total_current_after": 1250443.170507135,
        "final_total_length": 16.305188150190943,
        "final_max_curvature": 3.8210122074746953,
        "final_average_curvature": 1.841280270326336,
        "final_arclength_variation": 0.000966141817200648,
        "final_mean_squared_curvature": 4.226979763331077,
        "final_max_torsion": 136.97147381797245,
        "final_linking_number": 0,
        "coils_linked_to_surface": true,
        "final_max_max_coil_force": 615981.0460497098,
        "final_avg_max_coil_force": 534536.2402920696,
        "final_max_force_per_coil": [
          558129.5556026439,
          615981.0460497098,
          429498.1192238554
        ],
        "final_max_torque_per_coil": [
          304258.8207456047,
          389738.9581476878,
          234068.68623624995
        ],
        "final_max_max_coil_torque": 389738.9581476878,
        "final_avg_max_coil_torque": 309355.4883765141,
        "avg_BdotN_over_B": 0.0015738002706599395,
        "max_BdotN_over_B": 0.006111209694987115,
        "lagrange_multipliers": null,
        "output_directory": "/Users/akaptanoglu/actions-runner/_work/stellcoilbench/stellcoilbench/cases/done/2026-03-18_141359_59327/order_8",
        "flux_threshold": 1e-08,
        "cc_threshold": 0.11217504054885316,
        "cs_threshold": 0.19652908692804372,
        "msc_threshold": 10.534598376056316,
        "arclength_variation_threshold": 0.0,
        "curvature_threshold": 27.270772402063333,
        "force_threshold": 1774.620263349084,
        "torque_threshold": 0.0,
        "timing": {
          "coil_initialization": 5.830079317092896e-07,
          "biotsavart_setup": 0.002619749982841313,
          "objective_setup": 0.004643084015697241,
          "coil_optimization": 295.99895174999256,
          "save_and_metrics": 0.7356364160077646
        },
        "fourier_order": 8,
        "continuation_step": 2
      },
      {
        "initial_B_field": 1.0977451788957673,
        "final_B_field": 1.0970183834811045,
        "target_B_field": 1.0,
        "optimization_time": 257.217209815979,
        "walltime_sec": 257.217209815979,
        "iterations_used": 500,
        "final_squared_flux": 1.1511636743831647e-05,
        "optimization_success": true,
        "optimization_message": "Completed",