{
  "metadata": {
    "contact": "auto",
    "hardware": "CPU: self-hosted runner",
    "run_date": "2026-03-16T05:26:31.161099",
    "iterations_used": 500,
    "walltime_sec": 8.756931066513062
  },
  "version_info": {
    "stellcoilbench_commit": "34ca02c9535c106547960902df03ec9771be67c1",
    "stellcoilbench_branch": "main",
    "simsopt_version": "0.1.dev5668+ga79006b0b",
    "simsopt_commit": "a79006b0b"
  },
  "metrics": {
    "fourier_continuation": true,
    "fourier_orders": [
      4,
      8,
      16
    ],
    "final_order": 16,
    "continuation_results": [
      {
        "initial_B_field": 1.0000305513510055,
        "final_B_field": 1.0976084252525387,
        "target_B_field": 1.0,
        "optimization_time": 66.90332794189453,
        "walltime_sec": 66.90332794189453,
        "iterations_used": 500,
        "final_squared_flux": 0.0,
        "optimization_success": true,
        "optimization_message": "Completed",
        "optimization_nfev": 500,
        "optimization_njev": null,
        "_cached_thresholds": {
          "length_threshold": 19.80141933783816,
          "flux_threshold": 2.5e-05,
          "cc_threshold": 0.10500000000000001,
          "cs_threshold": 0.0192990573292372,
          "msc_threshold": 164.10051949108205,
          "curvature_threshold": 121.95191459763514,
          "force_threshold": 0.0,
          "torque_threshold": 0.0,
          "finite_build_width": 0.05,
          "major_radius": 1.0098736979848935,
          "minor_radius": 0.16831206437162433,
          "a0": 10.100286074838271,
          "arclength_variation_threshold": 0.0,
          "coil_width": 0.039602838675676315
        },
        "final_min_cs_separation": 0.25775016148129987,
        "final_min_cc_separation": 0.10383087779059261,
        "final_length_per_coil": [
          4.328470545149522,
          4.481868961765628,
          4.5819596172293044,
          4.921471686596166
        ],
        "final_current_per_coil": [
          249967.3604621165,
          299986.1236955753,
          288489.8073463246,
          411632.33313144767
        ],
        "total_current_before": 1250075.624635464,
        "total_current_after": 1250075.624635464,
        "final_total_length": 18.31377081074062,
        "final_max_curvature": 2.954627857026242,
        "final_average_curvature": 1.8797790543790434,
        "final_arclength_variation": 0.0018539723272548627,
        "final_mean_squared_curvature": 4.282774157037062,
        "final_max_torsion": 14.534067576573085,
        "final_linking_number": 0,
        "coils_linked_to_surface": true,
        "final_max_max_coil_force": 449820.095460054,
        "final_avg_max_coil_force": 340887.37949056027,
        "final_max_force_per_coil": [
          236953.75345276025,
          362638.52502497676,
          314137.14402445016,
          449820.095460054
        ],
        "final_max_torque_per_coil": [
          96036.22227764384,
          165605.3170192359,
          127284.91006521537,
          132482.95070033893
        ],
        "final_max_max_coil_torque": 165605.3170192359,
        "final_avg_max_coil_torque": 130352.3500156085,
        "avg_BdotN_over_B": 0.0020856533756582626,
        "max_BdotN_over_B": 0.011878584077764537,
        "lagrange_multipliers": null,
        "output_directory": "/Users/akaptanoglu/actions-runner/_work/stellcoilbench/stellcoilbench/cases/done/2026-03-16_052200_89235/order_4",
        "flux_threshold": 2.5e-05,
        "cc_threshold": 0.10500000000000001,
        "cs_threshold": 0.0192990573292372,
        "msc_threshold": 164.10051949108205,
        "arclength_variation_threshold": 0.0,
        "curvature_threshold": 121.95191459763514,
        "force_threshold": 0.0,
        "torque_threshold": 0.0,
        "timing": {
          "coil_initialization": 0.22012341697700322,
          "biotsavart_setup": 1.2236621249467134,
          "objective_setup": 0.03707404201850295,
          "coil_optimization": 66.90337429207284,
          "save_and_metrics": 0.9476815409725532
        },
        "fourier_order": 4,
        "continuation_step": 1
      },
      {
        "initial_B_field": 1.0976084252525387,
        "final_B_field": 1.0975091134381092,
        "target_B_field": 1.0,
        "optimization_time": 8.31391191482544,
        "walltime_sec": 8.31391191482544,
        "iterations_used": 500,
        "final_squared_flux": 0.0,
        "optimization_success": true,
        "optimization_message": "Completed",
        "optimization_nfev": 500,
        "optimization_njev": null,
        "_cached_thresholds": {
          "length_threshold": 19.80141933783816,
          "flux_threshold": 2.5e-05,
          "cc_threshold": 0.10500000000000001,
          "cs_threshold": 0.0192990573292372,
          "msc_threshold": 164.10051949108205,
          "curvature_threshold": 121.95191459763514,
          "force_threshold": 0.0,
          "torque_threshold": 0.0,
          "finite_build_width": 0.05,
          "major_radius": 1.0098736979848935,
          "minor_radius": 0.16831206437162433,
          "a0": 10.100286074838271,
          "arclength_variation_threshold": 0.0,
          "coil_width": 0.039602838675676315
        },
        "final_min_cs_separation": 0.25768225784634563,
        "final_min_cc_separation": 0.10546233653730305,
        "final_length_per_coil": [
          4.328902506946273,
          4.481449800727321,
          4.582010605204681,
          4.921674808625853
        ],
        "final_current_per_coil": [
          249967.7210613366,
          299985.68705054914,
          288489.75149861135,
          411632.465024967
        ],
        "total_current_before": 1250075.624635464,
        "total_current_after": 1250075.624635464,
        "final_total_length": 18.31403772150413,
        "final_max_curvature": 2.8932755249552975,
        "final_average_curvature": 1.879438842363997,
        "final_arclength_variation": 0.00036426103021537615,
        "final_mean_squared_curvature": 4.276069171814126,
        "final_max_torsion": 12.579221783442591,
        "final_linking_number": 0,
        "coils_linked_to_surface": true,
        "final_max_max_coil_force": 396197.68754414114,
        "final_avg_max_coil_force": 318599.90233967034,
        "final_max_force_per_coil": [
          208645.63966105029,
          347109.26351724105,
          322447.0186362489,
          396197.68754414114
        ],
        "final_max_torque_per_coil": [
          86699.4632382505,
          171356.46939486658,
          137142.99670119764,
          108724.36473687699
        ],
        "final_max_max_coil_torque": 171356.46939486658,
        "final_avg_max_coil_torque": 125980.82351779792,
        "avg_BdotN_over_B": 0.002086408359794185,
        "max_BdotN_over_B": 0.012026898407026405,
        "lagrange_multipliers": null,
        "output_directory": "/Users/akaptanoglu/actions-runner/_work/stellcoilbench/stellcoilbench/cases/done/2026-03-16_052200_89235/order_8",
        "flux_threshold": 2.5e-05,
        "cc_threshold": 0.10500000000000001,
        "cs_threshold": 0.0192990573292372,
        "msc_threshold": 164.10051949108205,
        "arclength_variation_threshold": 0.0,
        "curvature_threshold": 121.95191459763514,
        "force_threshold": 0.0,
        "torque_threshold": 0.0,
        "timing": {
          "coil_initialization": 5.409820005297661e-07,
          "biotsavart_setup": 0.0026549160247668624,
          "objective_setup": 0.0060019169468432665,
          "coil_optimization": 8.313917999970727,
          "save_and_metrics": 1.0063763749785721
        },
        "fourier_order": 8,
        "continuation_step": 2
      },
      {
        "initial_B_field": 1.0975091134381092,
        "final_B_field": 1.0975091134381092,
        "target_B_field": 1.0,
        "optimization_time": 8.756931066513062,
        "walltime_sec": 8.756931066513062,
        "iterations_used": 500,
        "final_squared_flux": 0.0,