{
  "metadata": {
    "contact": "auto",
    "hardware": "CPU: self-hosted runner",
    "run_date": "2026-03-17T10:01:45.906447",
    "iterations_used": 500,
    "walltime_sec": 456.9472951889038
  },
  "version_info": {
    "stellcoilbench_commit": "64d1024d734f4f710bee551796798d8489a34dc5",
    "stellcoilbench_branch": "main",
    "simsopt_version": "0.1.dev5668+ga79006b0b",
    "simsopt_commit": "a79006b0b"
  },
  "metrics": {
    "fourier_continuation": true,
    "fourier_orders": [
      4,
      8,
      16
    ],
    "final_order": 16,
    "continuation_results": [
      {
        "initial_B_field": 1.0000050243934888,
        "final_B_field": 1.0389595554123074,
        "target_B_field": 1.0,
        "optimization_time": 434.10365891456604,
        "walltime_sec": 434.10365891456604,
        "iterations_used": 500,
        "final_squared_flux": 0.04325260997275174,
        "optimization_success": true,
        "optimization_message": "Completed",
        "optimization_nfev": 500,
        "optimization_njev": null,
        "_cached_thresholds": {
          "length_threshold": 13.558031820617787,
          "flux_threshold": 1e-08,
          "cc_threshold": 0.10940284184155581,
          "cs_threshold": 0.2664280971906124,
          "msc_threshold": 10.221489507736331,
          "curvature_threshold": 26.5233512325253,
          "force_threshold": 2690.716210336915,
          "torque_threshold": 0.0,
          "finite_build_width": 0.05,
          "major_radius": 1.0098736979848935,
          "minor_radius": 0.16831206437162433,
          "a0": 10.100286074838271,
          "arclength_variation_threshold": 0.0,
          "coil_width": 0.039602838675676315
        },
        "final_min_cs_separation": 0.24578563893588432,
        "final_min_cc_separation": 0.09648214211769864,
        "final_length_per_coil": [
          2.868697130159274,
          2.768623687290822,
          2.7431820325983454,
          2.7273273944760534,
          2.7211632494445257
        ],
        "final_current_per_coil": [
          433294.6310105733,
          785313.1129311603,
          1088487.916460893,
          1546572.5411400467,
          426679.83018095396
        ],
        "total_current_before": 1250012.5384399334,
        "total_current_after": 1250012.5384399334,
        "final_total_length": 13.82899349396902,
        "final_max_curvature": 3.469073942657049,
        "final_average_curvature": 2.313101970637885,
        "final_arclength_variation": 0.011579161977564721,
        "final_mean_squared_curvature": 5.991011778479642,
        "final_max_torsion": 13.92276433272157,
        "final_linking_number": 0,
        "coils_linked_to_surface": true,
        "final_max_max_coil_force": 2225534.998332838,
        "final_avg_max_coil_force": 1372336.750935324,
        "final_max_force_per_coil": [
          450217.39555412065,
          1238583.7893789008,
          1860353.3852566644,
          2225534.998332838,
          1086994.1861540957
        ],
        "final_max_torque_per_coil": [
          116201.33936428273,
          447913.38129660115,
          761366.6093159114,
          620327.2220600357,
          455956.38372665417
        ],
        "final_max_max_coil_torque": 761366.6093159114,
        "final_avg_max_coil_torque": 480352.98715269705,
        "avg_BdotN_over_B": 0.07623677407776555,
        "max_BdotN_over_B": 0.4382512181328942,
        "lagrange_multipliers": null,
        "output_directory": "/Users/akaptanoglu/actions-runner/_work/stellcoilbench/stellcoilbench/cases/done/2026-03-17_093712_62246/order_4",
        "flux_threshold": 1e-08,
        "cc_threshold": 0.10940284184155581,
        "cs_threshold": 0.2664280971906124,
        "msc_threshold": 10.221489507736331,
        "arclength_variation_threshold": 0.0,
        "curvature_threshold": 26.5233512325253,
        "force_threshold": 2690.716210336915,
        "torque_threshold": 0.0,
        "timing": {
          "coil_initialization": 0.24343129096087068,
          "biotsavart_setup": 1.358971833018586,
          "objective_setup": 0.11264949990436435,
          "coil_optimization": 434.1048849589424,
          "save_and_metrics": 0.9270169170340523
        },
        "fourier_order": 4,
        "continuation_step": 1
      },
      {
        "initial_B_field": 1.0389595554123074,
        "final_B_field": 1.0389415511892355,
        "target_B_field": 1.0,
        "optimization_time": 362.86243295669556,
        "walltime_sec": 362.86243295669556,
        "iterations_used": 500,
        "final_squared_flux": 0.04324703903333157,
        "optimization_success": true,
        "optimization_message": "Completed",
        "optimization_nfev": 500,
        "optimization_njev": null,
        "_cached_thresholds": {
          "length_threshold": 13.558031820617787,
          "flux_threshold": 1e-08,
          "cc_threshold": 0.10940284184155581,
          "cs_threshold": 0.2664280971906124,
          "msc_threshold": 10.221489507736331,
          "curvature_threshold": 26.5233512325253,
          "force_threshold": 2690.716210336915,
          "torque_threshold": 0.0,
          "finite_build_width": 0.05,
          "major_radius": 1.0098736979848935,
          "minor_radius": 0.16831206437162433,
          "a0": 10.100286074838271,
          "arclength_variation_threshold": 0.0,
          "coil_width": 0.039602838675676315
        },
        "final_min_cs_separation": 0.24565520691706064,
        "final_min_cc_separation": 0.09636523325326847,
        "final_length_per_coil": [
          2.8684831269318143,
          2.7686347191162715,
          2.743290239177172,
          2.7273773532986785,
          2.721146237894341
        ],
        "final_current_per_coil": [
          433273.1864522987,
          785574.6862399832,
          1092552.281591026,
          1551212.0737684038,
          427495.12642972614
        ],
        "total_current_before": 1250012.5384399334,
        "total_current_after": 1250012.5384399334,
        "final_total_length": 13.828931676418277,
        "final_max_curvature": 3.471150462823242,
        "final_average_curvature": 2.3110088284940447,
        "final_arclength_variation": 0.008003325177333279,
        "final_mean_squared_curvature": 5.977709105730394,
        "final_max_torsion": 9.512431031178602,
        "final_linking_number": 0,
        "coils_linked_to_surface": true,
        "final_max_max_coil_force": 2131139.9840964773,
        "final_avg_max_coil_force": 1264417.3481255574,
        "final_max_force_per_coil": [
          406960.7533876534,
          1039541.0506271734,
          2131139.9840964773,
          1619269.0711504293,
          1125175.8813660534
        ],
        "final_max_torque_per_coil": [
          112409.49663134229,
          461568.80905964057,
          769822.7725376923,
          674827.858561287,
          456063.9639829884
        ],
        "final_max_max_coil_torque": 769822.7725376923,
        "final_avg_max_coil_torque": 494938.58015459013,
        "avg_BdotN_over_B": 0.07619723749069923,
        "max_BdotN_over_B": 0.43837353347360797,
        "lagrange_multipliers": null,
        "output_directory": "/Users/akaptanoglu/actions-runner/_work/stellcoilbench/stellcoilbench/cases/done/2026-03-17_093712_62246/order_8",
        "flux_threshold": 1e-08,
        "cc_threshold": 0.10940284184155581,
        "cs_threshold": 0.2664280971906124,
        "msc_threshold": 10.221489507736331,
        "arclength_variation_threshold": 0.0,
        "curvature_threshold": 26.5233512325253,
        "force_threshold": 2690.716210336915,
        "torque_threshold": 0.0,
        "timing": {
          "coil_initialization": 5.00003807246685e-07,
          "biotsavart_setup": 0.0031865000491961837,
          "objective_setup": 0.00738687498960644,
          "coil_optimization": 362.86272516602185,
          "save_and_metrics": 0.8641956669744104
        },
        "fourier_order": 8,