{
  "metadata": {
    "contact": "auto",
    "hardware": "CPU: self-hosted runner",
    "run_date": "2026-03-30T23:58:24.089586",
    "iterations_used": 500,
    "walltime_sec": 70.71968793869019,
    "tags": [
      "explore"
    ],
    "parent_ids": []
  },
  "version_info": {
    "stellcoilbench_commit": "99e8af9e24cca40655e276971d3f1b061f3a3d7c",
    "stellcoilbench_branch": "main",
    "simsopt_version": "0.1.dev5668+ga79006b0b",
    "simsopt_commit": "a79006b0b"
  },
  "metrics": {
    "fourier_continuation": true,
    "fourier_orders": [
      4,
      8,
      16
    ],
    "final_order": 16,
    "continuation_results": [
      {
        "initial_B_field": 2.5000971540886527,
        "final_B_field": 2.7703826144385992,
        "target_B_field": 2.5,
        "optimization_time": 459.9882719516754,
        "walltime_sec": 459.9882719516754,
        "iterations_used": 500,
        "final_squared_flux": 0.06875212030225346,
        "optimization_success": true,
        "optimization_message": "Completed",
        "optimization_nfev": 500,
        "optimization_njev": null,
        "_cached_thresholds": {
          "length_threshold": 39.38312057184858,
          "flux_threshold": 1e-08,
          "cc_threshold": 0.24200195419883472,
          "cs_threshold": 0.42296392504560665,
          "msc_threshold": 19.177200512136803,
          "curvature_threshold": 25.778283570695393,
          "force_threshold": 527.7622671388121,
          "torque_threshold": 0.0,
          "finite_build_width": 0.10789896047081801,
          "major_radius": 5.483631261799852,
          "minor_radius": 0.5240806651439732,
          "a0": 3.2437754587511507,
          "arclength_variation_threshold": 0.0,
          "coil_width": 0.12331309768093489
        },
        "final_min_cs_separation": 0.38898526837214525,
        "final_min_cc_separation": 0.13752635099630114,
        "final_length_per_coil": [
          12.064302911949783,
          13.468993785210394,
          12.429007792416957
        ],
        "final_current_per_coil": [
          2680441.254849954,
          2583618.771476754,
          1611470.9185002297
        ],
        "total_current_before": 6875530.944826938,
        "total_current_after": 6875530.944826938,
        "final_total_length": 37.962304489577136,
        "final_max_curvature": 1.5476442274169318,
        "final_average_curvature": 0.8753265689280056,
        "final_arclength_variation": 0.1222136806938046,
        "final_mean_squared_curvature": 1.0042599186609813,
        "final_max_torsion": 11.832710270821512,
        "final_linking_number": 0,
        "coils_linked_to_surface": true,
        "final_max_max_coil_force": 6910198.421773161,
        "final_avg_max_coil_force": 5957856.87807523,
        "final_max_force_per_coil": [
          6910198.421773161,
          6559022.483145994,
          4404349.729306535
        ],
        "final_max_torque_per_coil": [
          6562373.685935773,
          5268430.337530364,
          3536992.272859439
        ],
        "final_max_max_coil_torque": 6562373.685935773,
        "final_avg_max_coil_torque": 5122598.765441858,
        "avg_BdotN_over_B": 0.011401802333774103,
        "max_BdotN_over_B": 0.06510143001620397,
        "lagrange_multipliers": null,
        "output_directory": "/Users/akaptanoglu/actions-runner/_work/stellcoilbench/stellcoilbench/cases/done/2026-03-30_232954_31416/order_4",
        "flux_threshold": 1e-08,
        "cc_threshold": 0.24200195419883472,
        "cs_threshold": 0.42296392504560665,
        "msc_threshold": 19.177200512136803,
        "arclength_variation_threshold": 0.0,
        "curvature_threshold": 25.778283570695393,
        "force_threshold": 527.7622671388121,
        "torque_threshold": 0.0,
        "timing": {
          "coil_initialization": 0.4429509583860636,
          "biotsavart_setup": 1.6052185408771038,
          "objective_setup": 0.03321654163300991,
          "coil_optimization": 459.9892849586904,
          "save_and_metrics": 1.1724270419217646
        },
        "fourier_order": 4,
        "continuation_step": 1
      },
      {
        "initial_B_field": 2.7703826144385992,
        "final_B_field": 2.969394188365885,
        "target_B_field": 2.5,
        "optimization_time": 858.8171818256378,
        "walltime_sec": 858.8171818256378,
        "iterations_used": 500,
        "final_squared_flux": 0.6098309303535913,
        "optimization_success": true,
        "optimization_message": "Completed",
        "optimization_nfev": 500,
        "optimization_njev": null,
        "_cached_thresholds": {
          "length_threshold": 39.38312057184858,
          "flux_threshold": 1e-08,
          "cc_threshold": 0.24200195419883472,
          "cs_threshold": 0.42296392504560665,
          "msc_threshold": 19.177200512136803,
          "curvature_threshold": 25.778283570695393,
          "force_threshold": 527.7622671388121,
          "torque_threshold": 0.0,
          "finite_build_width": 0.10789896047081801,
          "major_radius": 5.483631261799852,
          "minor_radius": 0.5240806651439732,
          "a0": 3.2437754587511507,
          "arclength_variation_threshold": 0.0,
          "coil_width": 0.12331309768093489
        },
        "final_min_cs_separation": 0.3092652079270831,
        "final_min_cc_separation": 0.09899587147897869,
        "final_length_per_coil": [
          12.379687243290498,
          13.605680440187134,
          12.510055883981174
        ],
        "final_current_per_coil": [
          2677884.5319191595,
          2582978.1128871897,
          1614668.3000205886
        ],
        "total_current_before": 6875530.944826938,
        "total_current_after": 6875530.944826938,
        "final_total_length": 38.49542356745881,
        "final_max_curvature": 2.198000452011479,
        "final_average_curvature": 0.8311379957763149,
        "final_arclength_variation": 0.6460608322759662,
        "final_mean_squared_curvature": 1.0024470682831166,
        "final_max_torsion": 1.6419452167275894,
        "final_linking_number": 0,
        "coils_linked_to_surface": true,
        "final_max_max_coil_force": 9016501.911974398,
        "final_avg_max_coil_force": 6963514.480012428,
        "final_max_force_per_coil": [
          9016501.911974398,
          7971592.047213205,
          3902449.480849679
        ],
        "final_max_torque_per_coil": [
          8329801.70557325,
          6586579.980929255,
          3033593.3109461525
        ],
        "final_max_max_coil_torque": 8329801.70557325,
        "final_avg_max_coil_torque": 5983324.999149553,
        "avg_BdotN_over_B": 0.02825476028190101,
        "max_BdotN_over_B": 0.1313198964874225,
        "lagrange_multipliers": null,
        "output_directory": "/Users/akaptanoglu/actions-runner/_work/stellcoilbench/stellcoilbench/cases/done/2026-03-30_232954_31416/order_8",
        "flux_threshold": 1e-08,
        "cc_threshold": 0.24200195419883472,
        "cs_threshold": 0.42296392504560665,
        "msc_threshold": 19.177200512136803,
        "arclength_variation_threshold": 0.0,
        "curvature_threshold": 25.778283570695393,
        "force_threshold": 527.7622671388121,
        "torque_threshold": 0.0,
        "timing": {
          "coil_initialization": 5.00120222568512e-07,
          "biotsavart_setup": 0.003085833042860031,
          "objective_setup": 0.004769166000187397,
          "coil_optimization": 858.8180203749798,
          "save_and_metrics": 1.1551042911596596
        },
        "fourier_order": 8,
        "continuation_step": 2
      },
      {
        "initial_B_field": 2.969394188365885,
        "final_B_field": 2.969394188310391,
        "target_B_field": 2.5,
        "optimization_time": 70.71968793869019,
        "walltime_sec": 70.71968793869019,
        "iterations_used": 500,
        "final_squared_flux": 0.6098309303007436,
        "optimization_success": true,
        "optimization_message": "Completed",