{
  "metadata": {
    "contact": "auto",
    "hardware": "CPU: self-hosted runner",
    "run_date": "2026-03-16T08:58:15.421990",
    "iterations_used": 500,
    "walltime_sec": 294.4109649658203
  },
  "version_info": {
    "stellcoilbench_commit": "d27a6810d0747025b3b2c09af67333f27d23cf1f",
    "stellcoilbench_branch": "main",
    "simsopt_version": "0.1.dev5668+ga79006b0b",
    "simsopt_commit": "a79006b0b"
  },
  "metrics": {
    "fourier_continuation": true,
    "fourier_orders": [
      4,
      8,
      16
    ],
    "final_order": 16,
    "continuation_results": [
      {
        "initial_B_field": 1.0000050243934888,
        "final_B_field": 1.094068534165455,
        "target_B_field": 1.0,
        "optimization_time": 293.321005821228,
        "walltime_sec": 293.321005821228,
        "iterations_used": 500,
        "final_squared_flux": 0.0002633780444591798,
        "optimization_success": true,
        "optimization_message": "Completed",
        "optimization_nfev": 500,
        "optimization_njev": null,
        "_cached_thresholds": {
          "length_threshold": 15.74410851551512,
          "flux_threshold": 1e-08,
          "cc_threshold": 0.17583660372000284,
          "cs_threshold": 0.23910213850439574,
          "msc_threshold": 10.827506672226628,
          "curvature_threshold": 10.019483786239565,
          "force_threshold": 4477.456816975806,
          "torque_threshold": 0.0,
          "finite_build_width": 0.05,
          "major_radius": 1.0098736979848935,
          "minor_radius": 0.16831206437162433,
          "a0": 10.100286074838271,
          "arclength_variation_threshold": 0.0,
          "coil_width": 0.039602838675676315
        },
        "final_min_cs_separation": 0.23603512185348002,
        "final_min_cc_separation": 0.17305273069573138,
        "final_length_per_coil": [
          3.5442507487933925,
          3.3005906380649557,
          3.1423132566833933,
          2.9329518395649514,
          2.8325743805070984
        ],
        "final_current_per_coil": [
          242492.70696646546,
          275786.983733547,
          258928.42711953347,
          240186.79616697395,
          232617.62445341353
        ],
        "total_current_before": 1250012.5384399334,
        "total_current_after": 1250012.5384399334,
        "final_total_length": 15.752680863613794,
        "final_max_curvature": 4.021050283607195,
        "final_average_curvature": 2.4400404327924115,
        "final_arclength_variation": 0.0042180857683386825,
        "final_mean_squared_curvature": 7.482658949120872,
        "final_max_torsion": 18.79612519993636,
        "final_linking_number": 0,
        "coils_linked_to_surface": true,
        "final_max_max_coil_force": 277671.94493266055,
        "final_avg_max_coil_force": 221502.40345267957,
        "final_max_force_per_coil": [
          196518.36518899823,
          277671.94493266055,
          263266.0761039465,
          205706.3884994306,
          164349.2425383619
        ],
        "final_max_torque_per_coil": [
          42114.596009567256,
          79889.9032389062,
          58373.2088247459,
          32306.952017944834,
          24662.0633350871
        ],
        "final_max_max_coil_torque": 79889.9032389062,
        "final_avg_max_coil_torque": 47469.34468525026,
        "avg_BdotN_over_B": 0.00707660147920661,
        "max_BdotN_over_B": 0.03147213812875532,
        "lagrange_multipliers": null,
        "output_directory": "/Users/akaptanoglu/actions-runner/_work/stellcoilbench/stellcoilbench/cases/done/2026-03-16_084242_74525/order_4",
        "flux_threshold": 1e-08,
        "cc_threshold": 0.17583660372000284,
        "cs_threshold": 0.23910213850439574,
        "msc_threshold": 10.827506672226628,
        "arclength_variation_threshold": 0.0,
        "curvature_threshold": 10.019483786239565,
        "force_threshold": 4477.456816975806,
        "torque_threshold": 0.0,
        "timing": {
          "coil_initialization": 0.24638004100415856,
          "biotsavart_setup": 1.3473097499227151,
          "objective_setup": 0.033263833029195666,
          "coil_optimization": 293.3211602080846,
          "save_and_metrics": 0.9632258749334142
        },
        "fourier_order": 4,
        "continuation_step": 1
      },
      {
        "initial_B_field": 1.094068534165455,
        "final_B_field": 1.0942961247200542,
        "target_B_field": 1.0,
        "optimization_time": 188.8164541721344,
        "walltime_sec": 188.8164541721344,
        "iterations_used": 500,
        "final_squared_flux": 0.00022293852470469083,
        "optimization_success": true,
        "optimization_message": "Completed",
        "optimization_nfev": 500,
        "optimization_njev": null,
        "_cached_thresholds": {
          "length_threshold": 15.74410851551512,
          "flux_threshold": 1e-08,
          "cc_threshold": 0.17583660372000284,
          "cs_threshold": 0.23910213850439574,
          "msc_threshold": 10.827506672226628,
          "curvature_threshold": 10.019483786239565,
          "force_threshold": 4477.456816975806,
          "torque_threshold": 0.0,
          "finite_build_width": 0.05,
          "major_radius": 1.0098736979848935,
          "minor_radius": 0.16831206437162433,
          "a0": 10.100286074838271,
          "arclength_variation_threshold": 0.0,
          "coil_width": 0.039602838675676315
        },
        "final_min_cs_separation": 0.23672655865460315,
        "final_min_cc_separation": 0.17384952265373713,
        "final_length_per_coil": [
          3.6023997431138106,
          3.3111222847091852,
          3.0973959582021178,
          2.9148818576673885,
          2.8262837998283494
        ],
        "final_current_per_coil": [
          271457.28367543675,
          270122.01680256304,
          244240.58345689517,
          234714.6654011449,
          229477.98910389363
        ],
        "total_current_before": 1250012.5384399334,
        "total_current_after": 1250012.5384399334,
        "final_total_length": 15.752083643520852,
        "final_max_curvature": 4.586780597906684,
        "final_average_curvature": 2.4783104602605106,
        "final_arclength_variation": 0.0015574696610640465,
        "final_mean_squared_curvature": 7.552781252430963,
        "final_max_torsion": 41.464928786293456,
        "final_linking_number": 0,
        "coils_linked_to_surface": true,
        "final_max_max_coil_force": 279132.46718737524,
        "final_avg_max_coil_force": 206293.1014556612,
        "final_max_force_per_coil": [
          200891.80321443445,
          279132.46718737524,
          244743.36756106818,
          174753.53053256054,
          131944.33878286768
        ],
        "final_max_torque_per_coil": [
          50267.75012074193,
          95823.98492840547,
          62491.00237691275,
          27957.386364820286,
          19178.513849615567
        ],
        "final_max_max_coil_torque": 95823.98492840547,
        "final_avg_max_coil_torque": 51143.727528099196,
        "avg_BdotN_over_B": 0.006444741070610263,
        "max_BdotN_over_B": 0.02517925365665135,
        "lagrange_multipliers": null,
        "output_directory": "/Users/akaptanoglu/actions-runner/_work/stellcoilbench/stellcoilbench/cases/done/2026-03-16_084242_74525/order_8",
        "flux_threshold": 1e-08,
        "cc_threshold": 0.17583660372000284,
        "cs_threshold": 0.23910213850439574,
        "msc_threshold": 10.827506672226628,
        "arclength_variation_threshold": 0.0,
        "curvature_threshold": 10.019483786239565,
        "force_threshold": 4477.456816975806,
        "torque_threshold": 0.0,
        "timing": {
          "coil_initialization": 6.25033862888813e-07,
          "biotsavart_setup": 0.003733291057869792,
          "objective_setup": 0.006087374989874661,
          "coil_optimization": 188.8165404999163,
          "save_and_metrics": 0.864759000018239
        },
        "fourier_order": 8,