{
  "metadata": {
    "contact": "auto",
    "hardware": "CPU: self-hosted runner",
    "run_date": "2026-03-26T12:43:58.525918",
    "iterations_used": 500,
    "walltime_sec": 145.60358881950378,
    "tags": [
      "explore"
    ],
    "parent_ids": []
  },
  "version_info": {
    "stellcoilbench_commit": "15000c59ca1a461f735b6e31dff4b9e778635f62",
    "stellcoilbench_branch": "main",
    "simsopt_version": "0.1.dev5668+ga79006b0b",
    "simsopt_commit": "a79006b0b"
  },
  "metrics": {
    "fourier_continuation": true,
    "fourier_orders": [
      4,
      8,
      16
    ],
    "final_order": 16,
    "continuation_results": [
      {
        "initial_B_field": 2.500000000019017,
        "final_B_field": 0.061693063139193566,
        "target_B_field": 2.5,
        "optimization_time": 1863.5367150306702,
        "walltime_sec": 1863.5367150306702,
        "iterations_used": 500,
        "final_squared_flux": 0.056369826130090554,
        "optimization_success": true,
        "optimization_message": "Completed",
        "optimization_nfev": 500,
        "optimization_njev": null,
        "_cached_thresholds": {
          "length_threshold": 53.357577366540525,
          "flux_threshold": 1e-08,
          "cc_threshold": 0.3187643575052167,
          "cs_threshold": 0.4195728148593809,
          "msc_threshold": 13.108096628813401,
          "curvature_threshold": 2.9356167901697914,
          "force_threshold": 647.1332040208546,
          "torque_threshold": 0.0,
          "finite_build_width": 0.10789896047081801,
          "major_radius": 5.483631261799852,
          "minor_radius": 0.5240806651439732,
          "a0": 3.2437754587511507,
          "arclength_variation_threshold": 0.0,
          "coil_width": 0.12331309768093489
        },
        "final_min_cs_separation": 0.051345065959172355,
        "final_min_cc_separation": 0.2802644419569655,
        "final_length_per_coil": [
          3.747422741020144,
          3.6801816230689703,
          2.8237248684227754,
          3.046923737366991,
          3.1602070383517384,
          4.717344659448689,
          5.750203647002707
        ],
        "final_current_per_coil": [
          213518.28768452242,
          1094.0656245575165,
          2724556.991754962,
          1833483.2868362253,
          2075320.051604205,
          72071.55844514638,
          99098.87504526414
        ],
        "total_current_before": 6875000.00010459,
        "total_current_after": 6875000.00010459,
        "final_total_length": 26.926008314682015,
        "final_max_curvature": 4.4016684392301775,
        "final_average_curvature": 1.9962938617009305,
        "final_arclength_variation": 0.16546769997634708,
        "final_mean_squared_curvature": 5.900280366818006,
        "final_max_torsion": 10.846078031290473,
        "final_linking_number": 0,
        "coils_linked_to_surface": false,
        "final_max_max_coil_force": 5714120.136179786,
        "final_avg_max_coil_force": 1840907.8679259585,
        "final_max_force_per_coil": [
          89179.96918637947,
          1052.66161953767,
          5714120.136179786,
          3319489.4418163607,
          3601692.1249518236,
          112269.92885565484,
          48550.81287216584
        ],
        "final_max_torque_per_coil": [
          15584.46219721272,
          201.02812786356355,
          506059.18510063936,
          561256.3639176929,
          690205.5678645661,
          28569.021835010804,
          14825.24178425388
        ],
        "final_max_max_coil_torque": 690205.5678645661,
        "final_avg_max_coil_torque": 259528.69583246275,
        "avg_BdotN_over_B": 0.3343424552453333,
        "max_BdotN_over_B": 0.9991790674428283,
        "lagrange_multipliers": null,
        "output_directory": "/Users/akaptanoglu/actions-runner/_work/stellcoilbench/stellcoilbench/cases/done/2026-03-26_114516_91796/order_4",
        "flux_threshold": 1e-08,
        "cc_threshold": 0.3187643575052167,
        "cs_threshold": 0.4195728148593809,
        "msc_threshold": 13.108096628813401,
        "arclength_variation_threshold": 0.0,
        "curvature_threshold": 2.9356167901697914,
        "force_threshold": 647.1332040208546,
        "torque_threshold": 0.0,
        "timing": {
          "coil_initialization": 3.9509997910354286,
          "biotsavart_setup": 3.6662342501804233,
          "objective_setup": 0.033762124832719564,
          "coil_optimization": 1863.5386114998255,
          "save_and_metrics": 2.596675207838416
        },
        "fourier_order": 4,
        "continuation_step": 1
      },
      {
        "initial_B_field": 0.061693063139193566,
        "final_B_field": 0.06066917913786149,
        "target_B_field": 2.5,
        "optimization_time": 1297.205943107605,
        "walltime_sec": 1297.205943107605,
        "iterations_used": 500,
        "final_squared_flux": 0.05806731295035437,
        "optimization_success": true,
        "optimization_message": "Completed",
        "optimization_nfev": 500,
        "optimization_njev": null,
        "_cached_thresholds": {
          "length_threshold": 53.357577366540525,
          "flux_threshold": 1e-08,
          "cc_threshold": 0.3187643575052167,
          "cs_threshold": 0.4195728148593809,
          "msc_threshold": 13.108096628813401,
          "curvature_threshold": 2.9356167901697914,
          "force_threshold": 647.1332040208546,
          "torque_threshold": 0.0,
          "finite_build_width": 0.10789896047081801,
          "major_radius": 5.483631261799852,
          "minor_radius": 0.5240806651439732,
          "a0": 3.2437754587511507,
          "arclength_variation_threshold": 0.0,
          "coil_width": 0.12331309768093489
        },
        "final_min_cs_separation": 0.04018465953819573,
        "final_min_cc_separation": 0.28011878134662427,
        "final_length_per_coil": [
          3.73639549228558,
          3.6650557841962867,
          2.820080750508048,
          3.042227640740238,
          3.1541091573772766,
          4.695661596206266,
          5.724939800459384
        ],
        "final_current_per_coil": [
          213518.26339210407,
          1094.0304828173082,
          2724557.16977053,
          1833483.4056179598,
          2075320.0456238997,
          72071.59273821676,
          99098.67795549706
        ],
        "total_current_before": 6875000.00010459,
        "total_current_after": 6875000.000104591,
        "final_total_length": 26.838470221773083,
        "final_max_curvature": 5.546648369149339,
        "final_average_curvature": 1.9285730878700516,
        "final_arclength_variation": 0.23518744651637277,
        "final_mean_squared_curvature": 6.531021460436154,
        "final_max_torsion": 5.996045721495798,
        "final_linking_number": 0,
        "coils_linked_to_surface": false,
        "final_max_max_coil_force": 3588434.7424710053,
        "final_avg_max_coil_force": 1300695.7663161133,
        "final_max_force_per_coil": [
          80197.13956414028,
          1044.0314085934706,
          3588434.7424710053,
          2638562.347825678,
          2635843.569280245,
          114850.98858978605,
          45937.54507334586
        ],
        "final_max_torque_per_coil": [
          14960.235147835823,
          238.26307050185147,
          497490.55620218033,
          460849.0760538252,
          481682.5892449562,
          33410.8930723306,
          16325.432225940192
        ],
        "final_max_max_coil_torque": 497490.55620218033,
        "final_avg_max_coil_torque": 214993.8635739386,
        "avg_BdotN_over_B": 0.33342795429754907,
        "max_BdotN_over_B": 0.9965466367138426,
        "lagrange_multipliers": null,
        "output_directory": "/Users/akaptanoglu/actions-runner/_work/stellcoilbench/stellcoilbench/cases/done/2026-03-26_114516_91796/order_8",
        "flux_threshold": 1e-08,
        "cc_threshold": 0.3187643575052167,
        "cs_threshold": 0.4195728148593809,