{
  "metadata": {
    "contact": "auto",
    "hardware": "CPU: self-hosted runner",
    "run_date": "2026-03-17T05:40:31.056598",
    "iterations_used": 500,
    "walltime_sec": 579.848130941391
  },
  "version_info": {
    "stellcoilbench_commit": "bef16a3d110a70ec3c736bf7fe297ef888b76b71",
    "stellcoilbench_branch": "main",
    "simsopt_version": "0.1.dev5668+ga79006b0b",
    "simsopt_commit": "a79006b0b"
  },
  "metrics": {
    "fourier_continuation": true,
    "fourier_orders": [
      4,
      8,
      16
    ],
    "final_order": 16,
    "continuation_results": [
      {
        "initial_B_field": 1.0000050243934888,
        "final_B_field": 1.098155542561471,
        "target_B_field": 1.0,
        "optimization_time": 651.3823029994965,
        "walltime_sec": 651.3823029994965,
        "iterations_used": 500,
        "final_squared_flux": 0.0005956105196775714,
        "optimization_success": true,
        "optimization_message": "Completed",
        "optimization_nfev": 500,
        "optimization_njev": null,
        "_cached_thresholds": {
          "length_threshold": 15.721336883276605,
          "flux_threshold": 1e-08,
          "cc_threshold": 0.1836581643584489,
          "cs_threshold": 0.11603631731973159,
          "msc_threshold": 17.76640320564052,
          "curvature_threshold": 5.221847900691387,
          "force_threshold": 3684.5843601010015,
          "torque_threshold": 0.0,
          "finite_build_width": 0.05,
          "major_radius": 1.0098736979848935,
          "minor_radius": 0.16831206437162433,
          "a0": 10.100286074838271,
          "arclength_variation_threshold": 0.0,
          "coil_width": 0.039602838675676315
        },
        "final_min_cs_separation": 0.02563729647994498,
        "final_min_cc_separation": 0.17953262913121215,
        "final_length_per_coil": [
          3.258896132248025,
          2.9609923565284997,
          2.906276654059551,
          4.199766930236743,
          2.417276397877742
        ],
        "final_current_per_coil": [
          299985.84755747166,
          234647.2508226096,
          193761.4022502211,
          556641.3695638545,
          35023.33175422344
        ],
        "total_current_before": 1250012.5384399334,
        "total_current_after": 1250012.5384399334,
        "final_total_length": 15.743208470950561,
        "final_max_curvature": 5.33300956260004,
        "final_average_curvature": 2.622477003319412,
        "final_arclength_variation": 0.008403189878880205,
        "final_mean_squared_curvature": 14.333925059638101,
        "final_max_torsion": 73.74826796287194,
        "final_linking_number": 0,
        "coils_linked_to_surface": false,
        "final_max_max_coil_force": 466100.1106675856,
        "final_avg_max_coil_force": 219408.0261922123,
        "final_max_force_per_coil": [
          222138.38132981575,
          184846.7608711543,
          184211.1504262472,
          466100.1106675856,
          39743.7276662585
        ],
        "final_max_torque_per_coil": [
          65896.10824509499,
          45244.83162487684,
          31995.95151043728,
          129165.25488893823,
          11615.494792367215
        ],
        "final_max_max_coil_torque": 129165.25488893823,
        "final_avg_max_coil_torque": 56783.52821234291,
        "avg_BdotN_over_B": 0.011140374308481828,
        "max_BdotN_over_B": 0.04289444119645446,
        "lagrange_multipliers": null,
        "output_directory": "/Users/akaptanoglu/actions-runner/_work/stellcoilbench/stellcoilbench/cases/done/2026-03-17_050711_55748/order_4",
        "flux_threshold": 1e-08,
        "cc_threshold": 0.1836581643584489,
        "cs_threshold": 0.11603631731973159,
        "msc_threshold": 17.76640320564052,
        "arclength_variation_threshold": 0.0,
        "curvature_threshold": 5.221847900691387,
        "force_threshold": 3684.5843601010015,
        "torque_threshold": 0.0,
        "timing": {
          "coil_initialization": 0.24984191707335413,
          "biotsavart_setup": 1.3786887499736622,
          "objective_setup": 0.028525832924060524,
          "coil_optimization": 651.3829999999143,
          "save_and_metrics": 0.9137462499784306
        },
        "fourier_order": 4,
        "continuation_step": 1
      },
      {
        "initial_B_field": 1.098155542561471,
        "final_B_field": 1.097315082500596,
        "target_B_field": 1.0,
        "optimization_time": 659.6240277290344,
        "walltime_sec": 659.6240277290344,
        "iterations_used": 500,
        "final_squared_flux": 0.000481789620359286,
        "optimization_success": true,
        "optimization_message": "Completed",
        "optimization_nfev": 500,
        "optimization_njev": null,
        "_cached_thresholds": {
          "length_threshold": 15.721336883276605,
          "flux_threshold": 1e-08,
          "cc_threshold": 0.1836581643584489,
          "cs_threshold": 0.11603631731973159,
          "msc_threshold": 17.76640320564052,
          "curvature_threshold": 5.221847900691387,
          "force_threshold": 3684.5843601010015,
          "torque_threshold": 0.0,
          "finite_build_width": 0.05,
          "major_radius": 1.0098736979848935,
          "minor_radius": 0.16831206437162433,
          "a0": 10.100286074838271,
          "arclength_variation_threshold": 0.0,
          "coil_width": 0.039602838675676315
        },
        "final_min_cs_separation": 0.02569747374177069,
        "final_min_cc_separation": 0.18013757389232207,
        "final_length_per_coil": [
          3.179553824813246,
          2.85102181598622,
          2.733206040932416,
          4.517621751841701,
          2.4519716276282986
        ],
        "final_current_per_coil": [
          277885.22169379855,
          203565.14329527383,
          144982.24758626078,
          670050.0440866667,
          46470.118222066434
        ],
        "total_current_before": 1250012.5384399334,
        "total_current_after": 1250012.5384399334,
        "final_total_length": 15.733375061201881,
        "final_max_curvature": 5.439901651538048,
        "final_average_curvature": 2.7442563000685443,
        "final_arclength_variation": 0.0046152776883807214,
        "final_mean_squared_curvature": 15.72946604520106,
        "final_max_torsion": 94.80342752275169,
        "final_linking_number": 0,
        "coils_linked_to_surface": false,
        "final_max_max_coil_force": 336802.2680917007,
        "final_avg_max_coil_force": 173957.31319498867,
        "final_max_force_per_coil": [
          193263.7544324797,
          154380.52102286392,
          127819.30561803997,
          336802.2680917007,
          57520.71680985902
        ],
        "final_max_torque_per_coil": [
          48766.058137835644,
          34659.154832229695,
          26187.609155093633,
          104279.02087885667,
          18025.833036274482
        ],
        "final_max_max_coil_torque": 104279.02087885667,
        "final_avg_max_coil_torque": 46383.53520805802,
        "avg_BdotN_over_B": 0.009941268185922003,
        "max_BdotN_over_B": 0.03834515748533409,
        "lagrange_multipliers": null,
        "output_directory": "/Users/akaptanoglu/actions-runner/_work/stellcoilbench/stellcoilbench/cases/done/2026-03-17_050711_55748/order_8",
        "flux_threshold": 1e-08,
        "cc_threshold": 0.1836581643584489,
        "cs_threshold": 0.11603631731973159,
        "msc_threshold": 17.76640320564052,
        "arclength_variation_threshold": 0.0,
        "curvature_threshold": 5.221847900691387,
        "force_threshold": 3684.5843601010015,
        "torque_threshold": 0.0,
        "timing": {
          "coil_initialization": 5.00003807246685e-07,
          "biotsavart_setup": 0.004225666052661836,
          "objective_setup": 0.008571416954509914,
          "coil_optimization": 659.6247134169098,
          "save_and_metrics": 0.9539375419262797
        },
        "fourier_order": 8,