{
  "metadata": {
    "contact": "auto",
    "hardware": "CPU: self-hosted runner",
    "run_date": "2026-03-18T03:42:54.995524",
    "iterations_used": 500,
    "walltime_sec": 399.7887969017029
  },
  "version_info": {
    "stellcoilbench_commit": "bb1ff486c9b7d57d1613d8e4aa66622310019382",
    "stellcoilbench_branch": "main",
    "simsopt_version": "0.1.dev5668+ga79006b0b",
    "simsopt_commit": "a79006b0b"
  },
  "metrics": {
    "fourier_continuation": true,
    "fourier_orders": [
      4,
      8,
      16
    ],
    "final_order": 16,
    "continuation_results": [
      {
        "initial_B_field": 1.0000050243934888,
        "final_B_field": 1.0446537207166768,
        "target_B_field": 1.0,
        "optimization_time": 358.1801989078522,
        "walltime_sec": 358.1801989078522,
        "iterations_used": 500,
        "final_squared_flux": 0.02375058653339752,
        "optimization_success": true,
        "optimization_message": "Completed",
        "optimization_nfev": 500,
        "optimization_njev": null,
        "_cached_thresholds": {
          "length_threshold": 12.3204431120029,
          "flux_threshold": 1e-08,
          "cc_threshold": 0.10950184893824502,
          "cs_threshold": 0.2130632720751386,
          "msc_threshold": 47.905656852957925,
          "curvature_threshold": 8.686246024360914,
          "force_threshold": 2145.300762295649,
          "torque_threshold": 0.0,
          "finite_build_width": 0.05,
          "major_radius": 1.0098736979848935,
          "minor_radius": 0.16831206437162433,
          "a0": 10.100286074838271,
          "arclength_variation_threshold": 0.0,
          "coil_width": 0.039602838675676315
        },
        "final_min_cs_separation": 0.19567270803886974,
        "final_min_cc_separation": 0.10127588036248013,
        "final_length_per_coil": [
          2.658488584538631,
          2.531181539675574,
          2.4484261642548604,
          2.4104068326955823,
          2.4148919385097365
        ],
        "final_current_per_coil": [
          308200.33543352864,
          362794.624657342,
          390302.8529339371,
          81191.57596316971,
          269906.3013782954
        ],
        "total_current_before": 1250012.5384399334,
        "total_current_after": 1250012.5384399334,
        "final_total_length": 12.463395059674383,
        "final_max_curvature": 4.403803463151414,
        "final_average_curvature": 2.6641346796752705,
        "final_arclength_variation": 0.010165742918498703,
        "final_mean_squared_curvature": 8.279841962958677,
        "final_max_torsion": 43.72879226403619,
        "final_linking_number": 0,
        "coils_linked_to_surface": true,
        "final_max_max_coil_force": 333667.6473097411,
        "final_avg_max_coil_force": 224146.34870612543,
        "final_max_force_per_coil": [
          195478.35563775108,
          281381.16287301126,
          333667.6473097411,
          61153.628642256655,
          249050.94906786704
        ],
        "final_max_torque_per_coil": [
          48005.13132225096,
          53655.874916904424,
          50422.15376791665,
          8566.356483580303,
          51022.449287614734
        ],
        "final_max_max_coil_torque": 53655.874916904424,
        "final_avg_max_coil_torque": 42334.393155653415,
        "avg_BdotN_over_B": 0.0567492357718014,
        "max_BdotN_over_B": 0.3973569081736675,
        "lagrange_multipliers": null,
        "output_directory": "/Users/akaptanoglu/actions-runner/_work/stellcoilbench/stellcoilbench/cases/done/2026-03-18_031759_17887/order_4",
        "flux_threshold": 1e-08,
        "cc_threshold": 0.10950184893824502,
        "cs_threshold": 0.2130632720751386,
        "msc_threshold": 47.905656852957925,
        "arclength_variation_threshold": 0.0,
        "curvature_threshold": 8.686246024360914,
        "force_threshold": 2145.300762295649,
        "torque_threshold": 0.0,
        "timing": {
          "coil_initialization": 0.2753894579363987,
          "biotsavart_setup": 1.3663938330719247,
          "objective_setup": 0.04479062499012798,
          "coil_optimization": 358.1804587909719,
          "save_and_metrics": 0.9815998330013826
        },
        "fourier_order": 4,
        "continuation_step": 1
      },
      {
        "initial_B_field": 1.0446537207166768,
        "final_B_field": 1.044687556550266,
        "target_B_field": 1.0,
        "optimization_time": 510.2513949871063,
        "walltime_sec": 510.2513949871063,
        "iterations_used": 500,
        "final_squared_flux": 0.023735248334130227,
        "optimization_success": true,
        "optimization_message": "Completed",
        "optimization_nfev": 500,
        "optimization_njev": null,
        "_cached_thresholds": {
          "length_threshold": 12.3204431120029,
          "flux_threshold": 1e-08,
          "cc_threshold": 0.10950184893824502,
          "cs_threshold": 0.2130632720751386,
          "msc_threshold": 47.905656852957925,
          "curvature_threshold": 8.686246024360914,
          "force_threshold": 2145.300762295649,
          "torque_threshold": 0.0,
          "finite_build_width": 0.05,
          "major_radius": 1.0098736979848935,
          "minor_radius": 0.16831206437162433,
          "a0": 10.100286074838271,
          "arclength_variation_threshold": 0.0,
          "coil_width": 0.039602838675676315
        },
        "final_min_cs_separation": 0.19544334738134095,
        "final_min_cc_separation": 0.10127157940036291,
        "final_length_per_coil": [
          2.658584341007024,
          2.5311628872448124,
          2.4483909013695366,
          2.4103252006594946,
          2.414934301559722
        ],
        "final_current_per_coil": [
          308202.9147651361,
          362933.25618173287,
          391039.1038844987,
          82389.65563246232,
          270226.91924102814
        ],
        "total_current_before": 1250012.5384399334,
        "total_current_after": 1250012.5384399334,
        "final_total_length": 12.46339763184059,
        "final_max_curvature": 4.36985528399584,
        "final_average_curvature": 2.643066797449728,
        "final_arclength_variation": 0.005436319944019664,
        "final_mean_squared_curvature": 8.193978811926215,
        "final_max_torsion": 66.16573379110251,
        "final_linking_number": 0,
        "coils_linked_to_surface": true,
        "final_max_max_coil_force": 247571.51795810406,
        "final_avg_max_coil_force": 182605.85364186743,
        "final_max_force_per_coil": [
          173596.5079347937,
          220570.54455755107,
          247571.51795810406,
          65902.2774853337,
          205388.42027355463
        ],
        "final_max_torque_per_coil": [
          38474.10346741328,
          40650.05854832788,
          35350.04806222298,
          9076.242970213087,
          45249.79824648718
        ],
        "final_max_max_coil_torque": 45249.79824648718,
        "final_avg_max_coil_torque": 33760.05025893288,
        "avg_BdotN_over_B": 0.056717160207281035,
        "max_BdotN_over_B": 0.3971081492364689,
        "lagrange_multipliers": null,
        "output_directory": "/Users/akaptanoglu/actions-runner/_work/stellcoilbench/stellcoilbench/cases/done/2026-03-18_031759_17887/order_8",
        "flux_threshold": 1e-08,
        "cc_threshold": 0.10950184893824502,
        "cs_threshold": 0.2130632720751386,
        "msc_threshold": 47.905656852957925,
        "arclength_variation_threshold": 0.0,
        "curvature_threshold": 8.686246024360914,
        "force_threshold": 2145.300762295649,
        "torque_threshold": 0.0,
        "timing": {
          "coil_initialization": 5.409820005297661e-07,
          "biotsavart_setup": 0.004550833022221923,
          "objective_setup": 0.0072644579922780395,
          "coil_optimization": 510.25177145795897,
          "save_and_metrics": 0.9001474999822676
        },
        "fourier_order": 8,