{
  "metadata": {
    "contact": "auto",
    "hardware": "CPU: self-hosted runner",
    "run_date": "2026-03-15T21:06:40.911880",
    "iterations_used": 500,
    "walltime_sec": 599.1253139972687
  },
  "version_info": {
    "stellcoilbench_commit": "470ad43e2d0c2a9f18bc07d23505c3ad85d6d3f5",
    "stellcoilbench_branch": "main",
    "simsopt_version": "0.1.dev5668+ga79006b0b",
    "simsopt_commit": "a79006b0b"
  },
  "metrics": {
    "fourier_continuation": true,
    "fourier_orders": [
      4,
      8,
      16
    ],
    "final_order": 16,
    "continuation_results": [
      {
        "initial_B_field": 1.0000008292436955,
        "final_B_field": 1.0298657097102624,
        "target_B_field": 1.0,
        "optimization_time": 640.1910719871521,
        "walltime_sec": 640.1910719871521,
        "iterations_used": 500,
        "final_squared_flux": 0.008406503817800136,
        "optimization_success": true,
        "optimization_message": "Completed",
        "optimization_nfev": 500,
        "optimization_njev": null,
        "_cached_thresholds": {
          "length_threshold": 15.373821973897545,
          "flux_threshold": 1e-08,
          "cc_threshold": 0.10500000000000001,
          "cs_threshold": 0.09930411797925835,
          "msc_threshold": 27.59398155645816,
          "curvature_threshold": 29.38173219170453,
          "force_threshold": 4996.611521222492,
          "torque_threshold": 0.0,
          "finite_build_width": 0.05,
          "major_radius": 1.0098736979848935,
          "minor_radius": 0.16831206437162433,
          "a0": 10.100286074838271,
          "arclength_variation_threshold": 0.0,
          "coil_width": 0.039602838675676315
        },
        "final_min_cs_separation": 0.025486773346169143,
        "final_min_cc_separation": 0.09985785434839703,
        "final_length_per_coil": [
          2.639077417490357,
          1.7390916961795544,
          2.1266194501648865,
          2.038138683281596,
          2.217142748977728,
          1.9924850847164737
        ],
        "final_current_per_coil": [
          82839.8974504721,
          200177.39113710204,
          302880.48209513555,
          104623.20275454197,
          199752.84083428507,
          359728.25818283577
        ],
        "total_current_before": 1250002.0724543727,
        "total_current_after": 1250002.0724543724,
        "final_total_length": 12.752555080810595,
        "final_max_curvature": 27.20508208414561,
        "final_average_curvature": 4.392225816239133,
        "final_arclength_variation": 0.03678471229637046,
        "final_mean_squared_curvature": 41.677996120017866,
        "final_max_torsion": 204.2904910585686,
        "final_linking_number": 0,
        "coils_linked_to_surface": false,
        "final_max_max_coil_force": 308496.06920322706,
        "final_avg_max_coil_force": 150979.07072832677,
        "final_max_force_per_coil": [
          48943.77184776596,
          120730.53564659049,
          213398.46872470484,
          65855.9212047223,
          148449.65774294984,
          308496.06920322706
        ],
        "final_max_torque_per_coil": [
          18726.69700547155,
          28571.530156550773,
          39985.10678932582,
          10827.839485863788,
          22331.364638631472,
          52959.01283718249
        ],
        "final_max_max_coil_torque": 52959.01283718249,
        "final_avg_max_coil_torque": 28900.25848550432,
        "avg_BdotN_over_B": 0.06527990113441536,
        "max_BdotN_over_B": 0.9868164264380325,
        "lagrange_multipliers": null,
        "output_directory": "/Users/akaptanoglu/actions-runner/_work/stellcoilbench/stellcoilbench/cases/done/2026-03-15_052558_90305/order_4",
        "flux_threshold": 1e-08,
        "cc_threshold": 0.10500000000000001,
        "cs_threshold": 0.09930411797925835,
        "msc_threshold": 27.59398155645816,
        "arclength_variation_threshold": 0.0,
        "curvature_threshold": 29.38173219170453,
        "force_threshold": 4996.611521222492,
        "torque_threshold": 0.0,
        "timing": {
          "coil_initialization": 0.4901847079163417,
          "biotsavart_setup": 1.6406748340232298,
          "objective_setup": 0.10440933296922594,
          "coil_optimization": 640.1915188330458,
          "save_and_metrics": 0.8827302090357989
        },
        "fourier_order": 4,
        "continuation_step": 1
      },
      {
        "initial_B_field": 1.0298657097102624,
        "final_B_field": 1.0731087560722277,
        "target_B_field": 1.0,
        "optimization_time": 824.505598783493,
        "walltime_sec": 824.505598783493,
        "iterations_used": 500,
        "final_squared_flux": 0.005840495711946676,
        "optimization_success": true,
        "optimization_message": "Completed",
        "optimization_nfev": 500,
        "optimization_njev": null,
        "_cached_thresholds": {
          "length_threshold": 15.373821973897545,
          "flux_threshold": 1e-08,
          "cc_threshold": 0.10500000000000001,
          "cs_threshold": 0.09930411797925835,
          "msc_threshold": 27.59398155645816,
          "curvature_threshold": 29.38173219170453,
          "force_threshold": 4996.611521222492,
          "torque_threshold": 0.0,
          "finite_build_width": 0.05,
          "major_radius": 1.0098736979848935,
          "minor_radius": 0.16831206437162433,
          "a0": 10.100286074838271,
          "arclength_variation_threshold": 0.0,
          "coil_width": 0.039602838675676315
        },
        "final_min_cs_separation": 0.025406650301449177,
        "final_min_cc_separation": 0.09030839506781181,
        "final_length_per_coil": [
          2.9204996380255306,
          1.800722000360485,
          2.1221746416757226,
          1.974499955222201,
          2.222743868598375,
          2.1403396015488387
        ],
        "final_current_per_coil": [
          219320.45987466467,
          177314.4698057471,
          263335.77333844197,
          95824.6903826064,
          181753.87553078448,
          312452.80352212815
        ],
        "total_current_before": 1250002.0724543724,
        "total_current_after": 1250002.0724543727,
        "final_total_length": 13.180979705431152,
        "final_max_curvature": 30.047698034032457,
        "final_average_curvature": 4.331666339789353,
        "final_arclength_variation": 0.02853761113784237,
        "final_mean_squared_curvature": 40.61669359018326,
        "final_max_torsion": 436.7238872052413,
        "final_linking_number": 0,
        "coils_linked_to_surface": false,
        "final_max_max_coil_force": 154566.08431824765,
        "final_avg_max_coil_force": 83503.69732816341,
        "final_max_force_per_coil": [
          69595.81961486815,
          69229.733982687,
          92106.79299093196,
          43647.3277725403,
          71876.42528970532,
          154566.08431824765
        ],
        "final_max_torque_per_coil": [
          38439.94030787176,
          13855.429733282792,
          17725.195118697997,
          6015.501950497669,
          15545.700545737247,
          24336.31305224516
        ],
        "final_max_max_coil_torque": 38439.94030787176,
        "final_avg_max_coil_torque": 19319.680118055436,
        "avg_BdotN_over_B": 0.05504530661082382,
        "max_BdotN_over_B": 0.9988803715953707,
        "lagrange_multipliers": null,
        "output_directory": "/Users/akaptanoglu/actions-runner/_work/stellcoilbench/stellcoilbench/cases/done/2026-03-15_052558_90305/order_8",
        "flux_threshold": 1e-08,
        "cc_threshold": 0.10500000000000001,
        "cs_threshold": 0.09930411797925835,
        "msc_threshold": 27.59398155645816,
        "arclength_variation_threshold": 0.0,
        "curvature_threshold": 29.38173219170453,
        "force_threshold": 4996.611521222492,
        "torque_threshold": 0.0,
        "timing": {
          "coil_initialization": 5.00003807246685e-07,
          "biotsavart_setup": 0.002983542042784393,