{
  "metadata": {
    "contact": "auto",
    "hardware": "CPU: self-hosted runner",
    "run_date": "2026-04-03T07:18:15.126588",
    "iterations_used": 500,
    "walltime_sec": 149.29404282569885,
    "tags": [
      "explore"
    ],
    "parent_ids": []
  },
  "version_info": {
    "stellcoilbench_commit": "5a789c93b33567fe88837f0d7779f8addf50d125",
    "stellcoilbench_branch": "main",
    "simsopt_version": "0.1.dev5668+ga79006b0b",
    "simsopt_commit": "a79006b0b"
  },
  "metrics": {
    "fourier_continuation": true,
    "fourier_orders": [
      4,
      8,
      16
    ],
    "final_order": 16,
    "continuation_results": [
      {
        "initial_B_field": 2.500000000019017,
        "final_B_field": 0.033232515637184545,
        "target_B_field": 2.5,
        "optimization_time": 1218.9370260238647,
        "walltime_sec": 1218.9370260238647,
        "iterations_used": 500,
        "final_squared_flux": 0.013366556733913333,
        "optimization_success": true,
        "optimization_message": "Completed",
        "optimization_nfev": 500,
        "optimization_njev": null,
        "_cached_thresholds": {
          "length_threshold": 38.68948439739332,
          "flux_threshold": 1e-08,
          "cc_threshold": 0.22658781698871783,
          "cs_threshold": 0.25988235336257026,
          "msc_threshold": 19.527528261681926,
          "curvature_threshold": 24.824613585822554,
          "force_threshold": 216.03544555282662,
          "torque_threshold": 0.0,
          "finite_build_width": 0.10789896047081801,
          "major_radius": 5.483631261799852,
          "minor_radius": 0.5240806651439732,
          "a0": 3.2437754587511507,
          "arclength_variation_threshold": 0.0,
          "coil_width": 0.12331309768093489
        },
        "final_min_cs_separation": 0.04929020685848875,
        "final_min_cc_separation": 0.08996365970470108,
        "final_length_per_coil": [
          5.442666850589374,
          3.1719572419980704,
          3.8169457419599433,
          4.087656574164994,
          4.080537866104223,
          5.2388164120553355,
          5.660242317874474
        ],
        "final_current_per_coil": [
          48321.032610119306,
          52258.92826105829,
          4678.202318388301,
          51550.255532693234,
          6644173.0912582,
          24799.600195828447,
          49218.88992830273
        ],
        "total_current_before": 6875000.00010459,
        "total_current_after": 6875000.00010459,
        "final_total_length": 31.498823004746413,
        "final_max_curvature": 10.227075041812558,
        "final_average_curvature": 2.1604241432480786,
        "final_arclength_variation": 0.1605287607422659,
        "final_mean_squared_curvature": 15.818423021533263,
        "final_max_torsion": 9.791412178182982,
        "final_linking_number": 5,
        "coils_linked_to_surface": false,
        "final_max_max_coil_force": 71696600.86713012,
        "final_avg_max_coil_force": 10251292.875252662,
        "final_max_force_per_coil": [
          3161.253235977193,
          5157.593729556868,
          506.23607670944,
          6725.848580996946,
          71696600.86713012,
          31940.330138365633,
          14957.997876916814
        ],
        "final_max_torque_per_coil": [
          1322.5737703448958,
          1135.6874355254542,
          210.8221680789964,
          2744.2397520833406,
          19414505.764011487,
          17504.660722036893,
          7096.401082018346
        ],
        "final_max_max_coil_torque": 19414505.764011487,
        "final_avg_max_coil_torque": 2777788.592705939,
        "avg_BdotN_over_B": 0.2689907169164908,
        "max_BdotN_over_B": 0.9972968908295464,
        "lagrange_multipliers": null,
        "output_directory": "/Users/akaptanoglu/actions-runner/_work/stellcoilbench/stellcoilbench/cases/done/2026-04-03_062705_69386/order_4",
        "flux_threshold": 1e-08,
        "cc_threshold": 0.22658781698871783,
        "cs_threshold": 0.25988235336257026,
        "msc_threshold": 19.527528261681926,
        "arclength_variation_threshold": 0.0,
        "curvature_threshold": 24.824613585822554,
        "force_threshold": 216.03544555282662,
        "torque_threshold": 0.0,
        "timing": {
          "coil_initialization": 3.699538457993185,
          "biotsavart_setup": 4.459865457989508,
          "objective_setup": 0.05130191700300202,
          "coil_optimization": 1218.9369685420243,
          "save_and_metrics": 2.6638942090212367
        },
        "fourier_order": 4,
        "continuation_step": 1
      },
      {
        "initial_B_field": 0.033232515637184545,
        "final_B_field": 0.03302361201212875,
        "target_B_field": 2.5,
        "optimization_time": 1349.8679249286652,
        "walltime_sec": 1349.8679249286652,
        "iterations_used": 500,
        "final_squared_flux": 0.013679765289407907,
        "optimization_success": true,
        "optimization_message": "Completed",
        "optimization_nfev": 500,
        "optimization_njev": null,
        "_cached_thresholds": {
          "length_threshold": 38.68948439739332,
          "flux_threshold": 1e-08,
          "cc_threshold": 0.22658781698871783,
          "cs_threshold": 0.25988235336257026,
          "msc_threshold": 19.527528261681926,
          "curvature_threshold": 24.824613585822554,
          "force_threshold": 216.03544555282662,
          "torque_threshold": 0.0,
          "finite_build_width": 0.10789896047081801,
          "major_radius": 5.483631261799852,
          "minor_radius": 0.5240806651439732,
          "a0": 3.2437754587511507,
          "arclength_variation_threshold": 0.0,
          "coil_width": 0.12331309768093489
        },
        "final_min_cs_separation": 0.039404104700828335,
        "final_min_cc_separation": 0.09924640336964584,
        "final_length_per_coil": [
          5.409326529943314,
          3.1298188361949264,
          3.7995930321095304,
          4.060706021443107,
          4.107328214836974,
          5.221964843011941,
          5.6481146520121595
        ],
        "final_current_per_coil": [
          48321.01203827202,
          52258.920959126524,
          4678.202707915706,
          51550.24514313093,
          6644173.103810748,
          24799.59983772497,
          49218.915607672185
        ],
        "total_current_before": 6875000.00010459,
        "total_current_after": 6875000.00010459,
        "final_total_length": 31.376852129551956,
        "final_max_curvature": 9.617486497658849,
        "final_average_curvature": 2.0753600211178846,
        "final_arclength_variation": 0.2572311310753375,
        "final_mean_squared_curvature": 15.865529264469998,
        "final_max_torsion": 7.044514651797073,
        "final_linking_number": 5,
        "coils_linked_to_surface": false,
        "final_max_max_coil_force": 14031416.187756915,
        "final_avg_max_coil_force": 2013469.7336840034,
        "final_max_force_per_coil": [
          2906.3115392739714,
          4579.5229738482285,
          461.93889098612357,
          6622.470317581011,
          14031416.187756915,
          33482.78548357333,
          14818.918825846149
        ],
        "final_max_torque_per_coil": [
          1001.9769167213525,
          882.4273347962068,
          198.09665991127653,
          2852.466302499821,
          6625805.971350504,
          18136.02287911866,
          7420.248104240786
        ],
        "final_max_max_coil_torque": 6625805.971350504,
        "final_avg_max_coil_torque": 950899.6013639703,
        "avg_BdotN_over_B": 0.27231794623959227,
        "max_BdotN_over_B": 0.9982409384972368,
        "lagrange_multipliers": null,
        "output_directory": "/Users/akaptanoglu/actions-runner/_work/stellcoilbench/stellcoilbench/cases/done/2026-04-03_062705_69386/order_8",
        "flux_threshold": 1e-08,
        "cc_threshold": 0.22658781698871783,
        "cs_threshold": 0.25988235336257026,