{
  "metadata": {
    "contact": "auto",
    "hardware": "CPU: self-hosted runner",
    "run_date": "2026-03-20T16:21:50.448997",
    "iterations_used": 500,
    "walltime_sec": 168.72596406936646,
    "tags": [
      "explore"
    ],
    "parent_ids": []
  },
  "version_info": {
    "stellcoilbench_commit": "863469c4dc13dc7d936bd010cb33a949ffd79b0e",
    "stellcoilbench_branch": "main",
    "simsopt_version": "0.1.dev5668+ga79006b0b",
    "simsopt_commit": "a79006b0b"
  },
  "metrics": {
    "fourier_continuation": true,
    "fourier_orders": [
      4,
      8,
      16
    ],
    "final_order": 16,
    "continuation_results": [
      {
        "initial_B_field": 1.0001867526877442,
        "final_B_field": 1.0968934525389942,
        "target_B_field": 1.0,
        "optimization_time": 108.01219010353088,
        "walltime_sec": 108.01219010353088,
        "iterations_used": 500,
        "final_squared_flux": 0.0002180554729144149,
        "optimization_success": true,
        "optimization_message": "Completed",
        "optimization_nfev": 500,
        "optimization_njev": null,
        "_cached_thresholds": {
          "length_threshold": 13.010522575926561,
          "flux_threshold": 1e-08,
          "cc_threshold": 0.1729653979160163,
          "cs_threshold": 0.28415036749797756,
          "msc_threshold": 23.44276397969963,
          "curvature_threshold": 16.917979175354105,
          "force_threshold": 1196.8838998683352,
          "torque_threshold": 0.0,
          "finite_build_width": 0.05,
          "major_radius": 1.0098736979848935,
          "minor_radius": 0.16831206437162433,
          "a0": 10.100286074838271,
          "arclength_variation_threshold": 0.0,
          "coil_width": 0.039602838675676315
        },
        "final_min_cs_separation": 0.2822359980065828,
        "final_min_cc_separation": 0.1763294314288549,
        "final_length_per_coil": [
          4.916002319520226,
          4.2906401715603355,
          3.8147277172889207
        ],
        "final_current_per_coil": [
          498006.7742416244,
          412371.73564011685,
          340064.66062539385
        ],
        "total_current_before": 1250443.170507135,
        "total_current_after": 1250443.170507135,
        "final_total_length": 13.021370208369483,
        "final_max_curvature": 3.186029312015226,
        "final_average_curvature": 1.8600349125226587,
        "final_arclength_variation": 0.003972303946003294,
        "final_mean_squared_curvature": 4.819406952153478,
        "final_max_torsion": 28.043440892156497,
        "final_linking_number": 0,
        "coils_linked_to_surface": true,
        "final_max_max_coil_force": 432487.87256795826,
        "final_avg_max_coil_force": 358023.7791662188,
        "final_max_force_per_coil": [
          432487.87256795826,
          369290.2423122181,
          272293.22261848
        ],
        "final_max_torque_per_coil": [
          188970.51298109445,
          129762.6675891801,
          69715.52250748767
        ],
        "final_max_max_coil_torque": 188970.51298109445,
        "final_avg_max_coil_torque": 129482.90102592074,
        "avg_BdotN_over_B": 0.006723962490105684,
        "max_BdotN_over_B": 0.023223683924751423,
        "lagrange_multipliers": null,
        "output_directory": "/Users/akaptanoglu/actions-runner/_work/stellcoilbench/stellcoilbench/cases/done/2026-03-20_161228_54238/order_4",
        "flux_threshold": 1e-08,
        "cc_threshold": 0.1729653979160163,
        "cs_threshold": 0.28415036749797756,
        "msc_threshold": 23.44276397969963,
        "arclength_variation_threshold": 0.0,
        "curvature_threshold": 16.917979175354105,
        "force_threshold": 1196.8838998683352,
        "torque_threshold": 0.0,
        "timing": {
          "coil_initialization": 0.14598812512122095,
          "biotsavart_setup": 1.2471684999763966,
          "objective_setup": 0.03066229121759534,
          "coil_optimization": 108.01227774983272,
          "save_and_metrics": 0.8027349580079317
        },
        "fourier_order": 4,
        "continuation_step": 1
      },
      {
        "initial_B_field": 1.0968934525389942,
        "final_B_field": 1.095683491732673,
        "target_B_field": 1.0,
        "optimization_time": 111.52478313446045,
        "walltime_sec": 111.52478313446045,
        "iterations_used": 500,
        "final_squared_flux": 0.0001889397995515799,
        "optimization_success": true,
        "optimization_message": "Completed",
        "optimization_nfev": 500,
        "optimization_njev": null,
        "_cached_thresholds": {
          "length_threshold": 13.010522575926561,
          "flux_threshold": 1e-08,
          "cc_threshold": 0.1729653979160163,
          "cs_threshold": 0.28415036749797756,
          "msc_threshold": 23.44276397969963,
          "curvature_threshold": 16.917979175354105,
          "force_threshold": 1196.8838998683352,
          "torque_threshold": 0.0,
          "finite_build_width": 0.05,
          "major_radius": 1.0098736979848935,
          "minor_radius": 0.16831206437162433,
          "a0": 10.100286074838271,
          "arclength_variation_threshold": 0.0,
          "coil_width": 0.039602838675676315
        },
        "final_min_cs_separation": 0.28188329469041334,
        "final_min_cc_separation": 0.18689825358100715,
        "final_length_per_coil": [
          4.912953907715822,
          4.311728646570473,
          3.7962657662244035
        ],
        "final_current_per_coil": [
          496834.55651760934,
          417050.64012948645,
          336557.9738600394
        ],
        "total_current_before": 1250443.170507135,
        "total_current_after": 1250443.170507135,
        "final_total_length": 13.0209483205107,
        "final_max_curvature": 4.332009902443069,
        "final_average_curvature": 1.9224379356763712,
        "final_arclength_variation": 0.0018178943185458922,
        "final_mean_squared_curvature": 5.551338783399654,
        "final_max_torsion": 58.102318257048346,
        "final_linking_number": 0,
        "coils_linked_to_surface": true,
        "final_max_max_coil_force": 443605.66848067386,
        "final_avg_max_coil_force": 322971.5460123798,
        "final_max_force_per_coil": [
          443605.66848067386,
          311766.9021140945,
          213542.06744237107
        ],
        "final_max_torque_per_coil": [
          152636.14944457912,
          109699.68058350473,
          51120.04000341545
        ],
        "final_max_max_coil_torque": 152636.14944457912,
        "final_avg_max_coil_torque": 104485.29001049977,
        "avg_BdotN_over_B": 0.006266317782565424,
        "max_BdotN_over_B": 0.022386045662260212,
        "lagrange_multipliers": null,
        "output_directory": "/Users/akaptanoglu/actions-runner/_work/stellcoilbench/stellcoilbench/cases/done/2026-03-20_161228_54238/order_8",
        "flux_threshold": 1e-08,
        "cc_threshold": 0.1729653979160163,
        "cs_threshold": 0.28415036749797756,
        "msc_threshold": 23.44276397969963,
        "arclength_variation_threshold": 0.0,
        "curvature_threshold": 16.917979175354105,
        "force_threshold": 1196.8838998683352,
        "torque_threshold": 0.0,
        "timing": {
          "coil_initialization": 5.00120222568512e-07,
          "biotsavart_setup": 0.0023966250009834766,
          "objective_setup": 0.004621665924787521,
          "coil_optimization": 111.52487429091707,
          "save_and_metrics": 0.8038442500401288
        },
        "fourier_order": 8,
        "continuation_step": 2
      },
      {
        "initial_B_field": 1.095683491732673,
        "final_B_field": 1.0953152240912392,
        "target_B_field": 1.0,
        "optimization_time": 168.72596406936646,
        "walltime_sec": 168.72596406936646,
        "iterations_used": 500,
        "final_squared_flux": 0.00018755529817301284,
        "optimization_success": true,
        "optimization_message": "Completed",