{
  "metadata": {
    "contact": "auto",
    "hardware": "CPU: self-hosted runner",
    "run_date": "2026-03-20T06:44:42.007826",
    "iterations_used": 500,
    "walltime_sec": 286.0911338329315,
    "tags": [
      "explore"
    ],
    "parent_ids": []
  },
  "version_info": {
    "stellcoilbench_commit": "16037c3925866fb2a7f12ba224cd015c216829dd",
    "stellcoilbench_branch": "main",
    "simsopt_version": "0.1.dev5668+ga79006b0b",
    "simsopt_commit": "a79006b0b"
  },
  "metrics": {
    "fourier_continuation": true,
    "fourier_orders": [
      4,
      8,
      16
    ],
    "final_order": 16,
    "continuation_results": [
      {
        "initial_B_field": 1.0000008292436955,
        "final_B_field": 0.0174304498496031,
        "target_B_field": 1.0,
        "optimization_time": 962.6237297058105,
        "walltime_sec": 962.6237297058105,
        "iterations_used": 500,
        "final_squared_flux": 4.75623366466231e-05,
        "optimization_success": true,
        "optimization_message": "Completed",
        "optimization_nfev": 500,
        "optimization_njev": null,
        "_cached_thresholds": {
          "length_threshold": 17.26584759162798,
          "flux_threshold": 1e-08,
          "cc_threshold": 0.10500000000000001,
          "cs_threshold": 0.11187801925878557,
          "msc_threshold": 33.79555720640886,
          "curvature_threshold": 35.03789239361396,
          "force_threshold": 1577.6646848897378,
          "torque_threshold": 0.0,
          "finite_build_width": 0.05,
          "major_radius": 1.0098736979848935,
          "minor_radius": 0.16831206437162433,
          "a0": 10.100286074838271,
          "arclength_variation_threshold": 0.0,
          "coil_width": 0.039602838675676315
        },
        "final_min_cs_separation": 0.021391881188805993,
        "final_min_cc_separation": 0.09430965157394063,
        "final_length_per_coil": [
          2.4976337622245417,
          3.0069975311107586,
          2.111220244231095,
          2.335322630454389,
          2.618969189280789,
          2.4216464010425525
        ],
        "final_current_per_coil": [
          1232500.270451842,
          8587.520058583239,
          610.6823746032646,
          6873.207229398791,
          2063.454808268841,
          633.0624683238566
        ],
        "total_current_before": 1250002.0724543727,
        "total_current_after": 1250002.0724543724,
        "final_total_length": 14.991789758344128,
        "final_max_curvature": 12.983074361849642,
        "final_average_curvature": 4.35751049227168,
        "final_arclength_variation": 0.023249163663119854,
        "final_mean_squared_curvature": 33.7960845899209,
        "final_max_torsion": 184.734229851532,
        "final_linking_number": 0,
        "coils_linked_to_surface": false,
        "final_max_max_coil_force": 6433387.1556255985,
        "final_avg_max_coil_force": 1072419.660599861,
        "final_max_force_per_coil": [
          6433387.1556255985,
          805.6574762448747,
          24.391272539644305,
          233.85455442068846,
          59.645134148135035,
          7.259536215011605
        ],
        "final_max_torque_per_coil": [
          963523.0553973462,
          301.67592013454595,
          4.596395464714211,
          81.45681150052665,
          23.5411676699383,
          3.1594587503025817
        ],
        "final_max_max_coil_torque": 963523.0553973462,
        "final_avg_max_coil_torque": 160656.24752514434,
        "avg_BdotN_over_B": 0.2691842015452684,
        "max_BdotN_over_B": 0.9986683312275446,
        "lagrange_multipliers": null,
        "output_directory": "/Users/akaptanoglu/actions-runner/_work/stellcoilbench/stellcoilbench/cases/done/2026-03-20_061052_83443/order_4",
        "flux_threshold": 1e-08,
        "cc_threshold": 0.10500000000000001,
        "cs_threshold": 0.11187801925878557,
        "msc_threshold": 33.79555720640886,
        "arclength_variation_threshold": 0.0,
        "curvature_threshold": 35.03789239361396,
        "force_threshold": 1577.6646848897378,
        "torque_threshold": 0.0,
        "timing": {
          "coil_initialization": 0.2999830830376595,
          "biotsavart_setup": 1.576588958967477,
          "objective_setup": 0.05339837493374944,
          "coil_optimization": 962.6248378749005,
          "save_and_metrics": 0.8470924580469728
        },
        "fourier_order": 4,
        "continuation_step": 1
      },
      {
        "initial_B_field": 0.0174304498496031,
        "final_B_field": 0.009493168230823683,
        "target_B_field": 1.0,
        "optimization_time": 560.3540327548981,
        "walltime_sec": 560.3540327548981,
        "iterations_used": 500,
        "final_squared_flux": 2.0641997266402438e-05,
        "optimization_success": true,
        "optimization_message": "Completed",
        "optimization_nfev": 500,
        "optimization_njev": null,
        "_cached_thresholds": {
          "length_threshold": 17.26584759162798,
          "flux_threshold": 1e-08,
          "cc_threshold": 0.10500000000000001,
          "cs_threshold": 0.11187801925878557,
          "msc_threshold": 33.79555720640886,
          "curvature_threshold": 35.03789239361396,
          "force_threshold": 1577.6646848897378,
          "torque_threshold": 0.0,
          "finite_build_width": 0.05,
          "major_radius": 1.0098736979848935,
          "minor_radius": 0.16831206437162433,
          "a0": 10.100286074838271,
          "arclength_variation_threshold": 0.0,
          "coil_width": 0.039602838675676315
        },
        "final_min_cs_separation": 0.022114034996071983,
        "final_min_cc_separation": 0.09496829004245953,
        "final_length_per_coil": [
          2.4619945241533623,
          2.997626924105322,
          2.253344279901406,
          2.2867200844122526,
          2.5216388484401606,
          2.3323056125949932
        ],
        "final_current_per_coil": [
          1242466.7550826308,
          7138.31847110002,
          2317.382724629197,
          50.295768673505954,
          1914.75421222352,
          44.66615690966137
        ],
        "total_current_before": 1250002.0724543724,
        "total_current_after": 1250002.0724543727,
        "final_total_length": 14.853630273607495,
        "final_max_curvature": 12.56418971373815,
        "final_average_curvature": 4.945078936650979,
        "final_arclength_variation": 0.021592262743674814,
        "final_mean_squared_curvature": 33.92750341803681,
        "final_max_torsion": 571.3431997017404,
        "final_linking_number": 0,
        "coils_linked_to_surface": false,
        "final_max_max_coil_force": 2166268.2432549787,
        "final_avg_max_coil_force": 361678.88214578404,
        "final_max_force_per_coil": [
          2166268.2432549787,
          3591.4229141336195,
          100.90031367946837,
          3.0124135831630605,
          108.7096795696674,
          1.0042987596089668
        ],
        "final_max_torque_per_coil": [
          512294.21468467976,
          1614.9632404042422,
          42.109552530410845,
          1.1955866884387962,
          52.65325889713787,
          0.40821347408173053
        ],
        "final_max_max_coil_torque": 512294.21468467976,
        "final_avg_max_coil_torque": 85667.59075611235,
        "avg_BdotN_over_B": 0.30623114812619895,
        "max_BdotN_over_B": 0.9993614456531074,
        "lagrange_multipliers": null,
        "output_directory": "/Users/akaptanoglu/actions-runner/_work/stellcoilbench/stellcoilbench/cases/done/2026-03-20_061052_83443/order_8",
        "flux_threshold": 1e-08,
        "cc_threshold": 0.10500000000000001,
        "cs_threshold": 0.11187801925878557,
        "msc_threshold": 33.79555720640886,
        "arclength_variation_threshold": 0.0,
        "curvature_threshold": 35.03789239361396,
        "force_threshold": 1577.6646848897378,
        "torque_threshold": 0.0,