{
  "metadata": {
    "contact": "auto",
    "hardware": "CPU: self-hosted runner",
    "run_date": "2026-03-20T17:33:33.952475",
    "iterations_used": 500,
    "walltime_sec": 442.5873520374298,
    "tags": [
      "explore"
    ],
    "parent_ids": []
  },
  "version_info": {
    "stellcoilbench_commit": "417f55e585d76c2960a8837224a285fc8b9bc544",
    "stellcoilbench_branch": "main",
    "simsopt_version": "0.1.dev5668+ga79006b0b",
    "simsopt_commit": "a79006b0b"
  },
  "metrics": {
    "fourier_continuation": true,
    "fourier_orders": [
      4,
      8,
      16
    ],
    "final_order": 16,
    "continuation_results": [
      {
        "initial_B_field": 1.0000050243934888,
        "final_B_field": 1.043507183399345,
        "target_B_field": 1.0,
        "optimization_time": 308.13551330566406,
        "walltime_sec": 308.13551330566406,
        "iterations_used": 500,
        "final_squared_flux": 0.06209256087980515,
        "optimization_success": true,
        "optimization_message": "Completed",
        "optimization_nfev": 500,
        "optimization_njev": null,
        "_cached_thresholds": {
          "length_threshold": 11.042261493745448,
          "flux_threshold": 1e-08,
          "cc_threshold": 0.163460716633854,
          "cs_threshold": 0.13118440311317778,
          "msc_threshold": 7.605515414353218,
          "curvature_threshold": 26.331445797103374,
          "force_threshold": 3377.535663425918,
          "torque_threshold": 0.0,
          "finite_build_width": 0.05,
          "major_radius": 1.0098736979848935,
          "minor_radius": 0.16831206437162433,
          "a0": 10.100286074838271,
          "arclength_variation_threshold": 0.0,
          "coil_width": 0.039602838675676315
        },
        "final_min_cs_separation": 0.07723606612618222,
        "final_min_cc_separation": 0.15395421661542222,
        "final_length_per_coil": [
          2.3004630819597796,
          2.2754368052751928,
          2.2671734197432736,
          2.264744294304064,
          2.2650446089888905
        ],
        "final_current_per_coil": [
          249408.8912696585,
          267892.0394434416,
          256923.6835879768,
          230331.44831976565,
          245456.47581909096
        ],
        "total_current_before": 1250012.5384399334,
        "total_current_after": 1250012.5384399334,
        "final_total_length": 11.372862210271201,
        "final_max_curvature": 3.500444702395521,
        "final_average_curvature": 2.7732377925855296,
        "final_arclength_variation": 0.007866424764198562,
        "final_mean_squared_curvature": 7.80786033801724,
        "final_max_torsion": 0.5092219047423858,
        "final_linking_number": 0,
        "coils_linked_to_surface": true,
        "final_max_max_coil_force": 208271.1613269149,
        "final_avg_max_coil_force": 201733.67290226492,
        "final_max_force_per_coil": [
          208271.1613269149,
          193897.4096840649,
          204488.56075099268,
          200549.24898726953,
          201461.98376208238
        ],
        "final_max_torque_per_coil": [
          22910.06181123748,
          16771.15694086488,
          11099.713659078978,
          7394.460367078217,
          2229.582004386002
        ],
        "final_max_max_coil_torque": 22910.06181123748,
        "final_avg_max_coil_torque": 12080.99495652911,
        "avg_BdotN_over_B": 0.10751515812300015,
        "max_BdotN_over_B": 0.579222862086789,
        "lagrange_multipliers": null,
        "output_directory": "/Users/akaptanoglu/actions-runner/_work/stellcoilbench/stellcoilbench/cases/done/2026-03-20_171014_60724/order_4",
        "flux_threshold": 1e-08,
        "cc_threshold": 0.163460716633854,
        "cs_threshold": 0.13118440311317778,
        "msc_threshold": 7.605515414353218,
        "arclength_variation_threshold": 0.0,
        "curvature_threshold": 26.331445797103374,
        "force_threshold": 3377.535663425918,
        "torque_threshold": 0.0,
        "timing": {
          "coil_initialization": 0.24944983306340873,
          "biotsavart_setup": 1.299390875035897,
          "objective_setup": 0.03725595818832517,
          "coil_optimization": 308.1357090829406,
          "save_and_metrics": 0.9475209158845246
        },
        "fourier_order": 4,
        "continuation_step": 1
      },
      {
        "initial_B_field": 1.043507183399345,
        "final_B_field": 1.0435086637426765,
        "target_B_field": 1.0,
        "optimization_time": 374.6705310344696,
        "walltime_sec": 374.6705310344696,
        "iterations_used": 500,
        "final_squared_flux": 0.0620891587838273,
        "optimization_success": true,
        "optimization_message": "Completed",
        "optimization_nfev": 500,
        "optimization_njev": null,
        "_cached_thresholds": {
          "length_threshold": 11.042261493745448,
          "flux_threshold": 1e-08,
          "cc_threshold": 0.163460716633854,
          "cs_threshold": 0.13118440311317778,
          "msc_threshold": 7.605515414353218,
          "curvature_threshold": 26.331445797103374,
          "force_threshold": 3377.535663425918,
          "torque_threshold": 0.0,
          "finite_build_width": 0.05,
          "major_radius": 1.0098736979848935,
          "minor_radius": 0.16831206437162433,
          "a0": 10.100286074838271,
          "arclength_variation_threshold": 0.0,
          "coil_width": 0.039602838675676315
        },
        "final_min_cs_separation": 0.07713646272217053,
        "final_min_cc_separation": 0.153939829557637,
        "final_length_per_coil": [
          2.300452802621231,
          2.2754327568418975,
          2.267171588512847,
          2.264739932524284,
          2.265042632388066
        ],
        "final_current_per_coil": [
          249361.19834857673,
          267865.49175340607,
          256926.4815558288,
          230321.63663784915,
          245537.73014427267
        ],
        "total_current_before": 1250012.5384399334,
        "total_current_after": 1250012.5384399334,
        "final_total_length": 11.372839712888327,
        "final_max_curvature": 3.51367494115766,
        "final_average_curvature": 2.769180278034225,
        "final_arclength_variation": 0.0030035515730102783,
        "final_mean_squared_curvature": 7.72958906332157,
        "final_max_torsion": 0.5639636897284394,
        "final_linking_number": 0,
        "coils_linked_to_surface": true,
        "final_max_max_coil_force": 175933.43943218686,
        "final_avg_max_coil_force": 163892.72633940823,
        "final_max_force_per_coil": [
          175933.43943218686,
          151744.44598079062,
          162560.00765011035,
          166771.86450845716,
          162453.8741254961
        ],
        "final_max_torque_per_coil": [
          21761.463764204927,
          15865.167596934121,
          10501.544891111284,
          7047.038002873148,
          1712.229979105488
        ],
        "final_max_max_coil_torque": 21761.463764204927,
        "final_avg_max_coil_torque": 11377.488846845794,
        "avg_BdotN_over_B": 0.10751150102974655,
        "max_BdotN_over_B": 0.5792415863214101,
        "lagrange_multipliers": null,
        "output_directory": "/Users/akaptanoglu/actions-runner/_work/stellcoilbench/stellcoilbench/cases/done/2026-03-20_171014_60724/order_8",
        "flux_threshold": 1e-08,
        "cc_threshold": 0.163460716633854,
        "cs_threshold": 0.13118440311317778,
        "msc_threshold": 7.605515414353218,
        "arclength_variation_threshold": 0.0,
        "curvature_threshold": 26.331445797103374,
        "force_threshold": 3377.535663425918,
        "torque_threshold": 0.0,
        "timing": {
          "coil_initialization": 7.499475032091141e-07,
          "biotsavart_setup": 0.003152374876663089,
          "objective_setup": 0.007659916998818517,
          "coil_optimization": 374.6707467499655,
          "save_and_metrics": 0.8937530419789255
        },