{
  "metadata": {
    "contact": "auto",
    "hardware": "CPU: self-hosted runner",
    "run_date": "2026-03-20T19:15:47.076738",
    "iterations_used": 500,
    "walltime_sec": 290.9770748615265,
    "tags": [
      "explore"
    ],
    "parent_ids": []
  },
  "version_info": {
    "stellcoilbench_commit": "c952fb0c724bed04575c0bc70e1d68b47720439f",
    "stellcoilbench_branch": "main",
    "simsopt_version": "0.1.dev5668+ga79006b0b",
    "simsopt_commit": "a79006b0b"
  },
  "metrics": {
    "fourier_continuation": true,
    "fourier_orders": [
      4,
      8,
      16
    ],
    "final_order": 16,
    "continuation_results": [
      {
        "initial_B_field": 1.0000305513510055,
        "final_B_field": 0.007170081779699541,
        "target_B_field": 1.0,
        "optimization_time": 476.2006061077118,
        "walltime_sec": 476.2006061077118,
        "iterations_used": 500,
        "final_squared_flux": 5.534412549304677e-05,
        "optimization_success": true,
        "optimization_message": "Completed",
        "optimization_nfev": 500,
        "optimization_njev": null,
        "_cached_thresholds": {
          "length_threshold": 10.820485597161662,
          "flux_threshold": 1e-08,
          "cc_threshold": 0.12167972183101548,
          "cs_threshold": 0.13237248827344808,
          "msc_threshold": 26.05873807308274,
          "curvature_threshold": 11.241618401294996,
          "force_threshold": 2727.077240206333,
          "torque_threshold": 0.0,
          "finite_build_width": 0.05,
          "major_radius": 1.0098736979848935,
          "minor_radius": 0.16831206437162433,
          "a0": 10.100286074838271,
          "arclength_variation_threshold": 0.0,
          "coil_width": 0.039602838675676315
        },
        "final_min_cs_separation": 0.02421360496768417,
        "final_min_cc_separation": 0.08689190505487321,
        "final_length_per_coil": [
          1.3823811810878,
          2.020586571846983,
          1.9140639579085241,
          2.2571960735206544
        ],
        "final_current_per_coil": [
          1253606.6679372718,
          3898.3366961335128,
          882.9897132429705,
          1250.2831075687427
        ],
        "total_current_before": 1250075.624635464,
        "total_current_after": 1250075.624635464,
        "final_total_length": 7.574227784363961,
        "final_max_curvature": 12.05155552933052,
        "final_average_curvature": 4.55055402125472,
        "final_arclength_variation": 0.04449583737356191,
        "final_mean_squared_curvature": 31.364782097599672,
        "final_max_torsion": 217.93965245175607,
        "final_linking_number": 0,
        "coils_linked_to_surface": false,
        "final_max_max_coil_force": 2834333.3456728593,
        "final_avg_max_coil_force": 708686.1624195345,
        "final_max_force_per_coil": [
          2834333.3456728593,
          382.37946552701067,
          15.317036164461664,
          13.607503587492772
        ],
        "final_max_torque_per_coil": [
          476297.30563235644,
          68.18302253286134,
          5.288585110899224,
          3.9515640719337646
        ],
        "final_max_max_coil_torque": 476297.30563235644,
        "final_avg_max_coil_torque": 119093.68220101803,
        "avg_BdotN_over_B": 0.44674385933388755,
        "max_BdotN_over_B": 0.9995680702526354,
        "lagrange_multipliers": null,
        "output_directory": "/Users/akaptanoglu/actions-runner/_work/stellcoilbench/stellcoilbench/cases/done/2026-03-20_184834_42738/order_4",
        "flux_threshold": 1e-08,
        "cc_threshold": 0.12167972183101548,
        "cs_threshold": 0.13237248827344808,
        "msc_threshold": 26.05873807308274,
        "arclength_variation_threshold": 0.0,
        "curvature_threshold": 11.241618401294996,
        "force_threshold": 2727.077240206333,
        "torque_threshold": 0.0,
        "timing": {
          "coil_initialization": 0.1981972921639681,
          "biotsavart_setup": 1.309770500054583,
          "objective_setup": 0.03652075002901256,
          "coil_optimization": 476.20107791689225,
          "save_and_metrics": 0.859623417025432
        },
        "fourier_order": 4,
        "continuation_step": 1
      },
      {
        "initial_B_field": 0.007170081779699541,
        "final_B_field": 0.00919068949016317,
        "target_B_field": 1.0,
        "optimization_time": 540.3971700668335,
        "walltime_sec": 540.3971700668335,
        "iterations_used": 500,
        "final_squared_flux": 4.6499711623817155e-05,
        "optimization_success": true,
        "optimization_message": "Completed",
        "optimization_nfev": 500,
        "optimization_njev": null,
        "_cached_thresholds": {
          "length_threshold": 10.820485597161662,
          "flux_threshold": 1e-08,
          "cc_threshold": 0.12167972183101548,
          "cs_threshold": 0.13237248827344808,
          "msc_threshold": 26.05873807308274,
          "curvature_threshold": 11.241618401294996,
          "force_threshold": 2727.077240206333,
          "torque_threshold": 0.0,
          "finite_build_width": 0.05,
          "major_radius": 1.0098736979848935,
          "minor_radius": 0.16831206437162433,
          "a0": 10.100286074838271,
          "arclength_variation_threshold": 0.0,
          "coil_width": 0.039602838675676315
        },
        "final_min_cs_separation": 0.023845326236473223,
        "final_min_cc_separation": 0.0969486451699695,
        "final_length_per_coil": [
          1.3843575593614768,
          2.0139022482535727,
          1.749360708358024,
          2.1801996278185514
        ],
        "final_current_per_coil": [
          1250456.5044773908,
          3784.2521378313513,
          3939.6808084290237,
          7343.0531043335795
        ],
        "total_current_before": 1250075.624635464,
        "total_current_after": 1250075.624635464,
        "final_total_length": 7.327820143791625,
        "final_max_curvature": 11.610910549724393,
        "final_average_curvature": 4.371840038291107,
        "final_arclength_variation": 0.036611199740478204,
        "final_mean_squared_curvature": 28.8578531863066,
        "final_max_torsion": 551.3948423835953,
        "final_linking_number": 0,
        "coils_linked_to_surface": false,
        "final_max_max_coil_force": 3133000.749753896,
        "final_avg_max_coil_force": 783398.5345930523,
        "final_max_force_per_coil": [
          3133000.749753896,
          460.3074696575067,
          49.80877470828697,
          83.272373947123
        ],
        "final_max_torque_per_coil": [
          416890.39388869196,
          116.96726408707922,
          15.6468387010618,
          23.96814752083426
        ],
        "final_max_max_coil_torque": 416890.39388869196,
        "final_avg_max_coil_torque": 104261.74403475023,
        "avg_BdotN_over_B": 0.3366644967502174,
        "max_BdotN_over_B": 0.9978391326509145,
        "lagrange_multipliers": null,
        "output_directory": "/Users/akaptanoglu/actions-runner/_work/stellcoilbench/stellcoilbench/cases/done/2026-03-20_184834_42738/order_8",
        "flux_threshold": 1e-08,
        "cc_threshold": 0.12167972183101548,
        "cs_threshold": 0.13237248827344808,
        "msc_threshold": 26.05873807308274,
        "arclength_variation_threshold": 0.0,
        "curvature_threshold": 11.241618401294996,
        "force_threshold": 2727.077240206333,
        "torque_threshold": 0.0,
        "timing": {
          "coil_initialization": 5.420297384262085e-07,
          "biotsavart_setup": 0.0026976249646395445,
          "objective_setup": 0.006656582932919264,
          "coil_optimization": 540.3976794579066,
          "save_and_metrics": 0.8464832089375705
        },
        "fourier_order": 8,
        "continuation_step": 2
      },
      {
        "initial_B_field": 0.00919068949016317,
        "final_B_field": 0.009086063706234064,
        "target_B_field": 1.0,