{
  "metadata": {
    "contact": "auto",
    "hardware": "CPU: self-hosted runner",
    "run_date": "2026-03-21T07:47:02.459020",
    "iterations_used": 500,
    "walltime_sec": 329.41952204704285,
    "tags": [
      "explore"
    ],
    "parent_ids": []
  },
  "version_info": {
    "stellcoilbench_commit": "8316fc901eaddcd26edc2acd981cecbca5308021",
    "stellcoilbench_branch": "main",
    "simsopt_version": "0.1.dev5668+ga79006b0b",
    "simsopt_commit": "a79006b0b"
  },
  "metrics": {
    "fourier_continuation": true,
    "fourier_orders": [
      4,
      8,
      16
    ],
    "final_order": 16,
    "continuation_results": [
      {
        "initial_B_field": 1.0000305513510055,
        "final_B_field": 1.0964308588446778,
        "target_B_field": 1.0,
        "optimization_time": 208.4345898628235,
        "walltime_sec": 208.4345898628235,
        "iterations_used": 500,
        "final_squared_flux": 0.00019957291894503678,
        "optimization_success": true,
        "optimization_message": "Completed",
        "optimization_nfev": 500,
        "optimization_njev": null,
        "_cached_thresholds": {
          "length_threshold": 15.130264516042136,
          "flux_threshold": 1e-08,
          "cc_threshold": 0.18534128500216515,
          "cs_threshold": 0.1483126308404078,
          "msc_threshold": 37.51246248194934,
          "curvature_threshold": 12.716260168221382,
          "force_threshold": 2004.906785855397,
          "torque_threshold": 0.0,
          "finite_build_width": 0.05,
          "major_radius": 1.0098736979848935,
          "minor_radius": 0.16831206437162433,
          "a0": 10.100286074838271,
          "arclength_variation_threshold": 0.0,
          "coil_width": 0.039602838675676315
        },
        "final_min_cs_separation": 0.23033794428041252,
        "final_min_cc_separation": 0.18339757948910812,
        "final_length_per_coil": [
          4.079646650229718,
          3.695342379218754,
          3.5102368970710804,
          3.8513106987809835
        ],
        "final_current_per_coil": [
          310563.29629145097,
          297740.86665207264,
          259501.57347189137,
          382269.8882200491
        ],
        "total_current_before": 1250075.624635464,
        "total_current_after": 1250075.624635464,
        "final_total_length": 15.136536625300534,
        "final_max_curvature": 3.563758088526255,
        "final_average_curvature": 2.16152327428156,
        "final_arclength_variation": 0.004388855506326669,
        "final_mean_squared_curvature": 6.194168257015535,
        "final_max_torsion": 11.693714242668623,
        "final_linking_number": 0,
        "coils_linked_to_surface": true,
        "final_max_max_coil_force": 329212.2018094182,
        "final_avg_max_coil_force": 294828.57716582745,
        "final_max_force_per_coil": [
          280744.06157759414,
          296545.82831065374,
          272812.21696564375,
          329212.2018094182
        ],
        "final_max_torque_per_coil": [
          70760.42675104231,
          116261.5381751747,
          83366.3872346231,
          77117.29820996082
        ],
        "final_max_max_coil_torque": 116261.5381751747,
        "final_avg_max_coil_torque": 86876.41259270023,
        "avg_BdotN_over_B": 0.006350370762264914,
        "max_BdotN_over_B": 0.026040298340355043,
        "lagrange_multipliers": null,
        "output_directory": "/Users/akaptanoglu/actions-runner/_work/stellcoilbench/stellcoilbench/cases/done/2026-03-21_072911_67100/order_4",
        "flux_threshold": 1e-08,
        "cc_threshold": 0.18534128500216515,
        "cs_threshold": 0.1483126308404078,
        "msc_threshold": 37.51246248194934,
        "arclength_variation_threshold": 0.0,
        "curvature_threshold": 12.716260168221382,
        "force_threshold": 2004.906785855397,
        "torque_threshold": 0.0,
        "timing": {
          "coil_initialization": 0.1976856249384582,
          "biotsavart_setup": 1.2531057500746101,
          "objective_setup": 0.032558292150497437,
          "coil_optimization": 208.43476608302444,
          "save_and_metrics": 0.8642576660495251
        },
        "fourier_order": 4,
        "continuation_step": 1
      },
      {
        "initial_B_field": 1.0964308588446778,
        "final_B_field": 1.0967084962184082,
        "target_B_field": 1.0,
        "optimization_time": 297.9642722606659,
        "walltime_sec": 297.9642722606659,
        "iterations_used": 500,
        "final_squared_flux": 0.00013407568031842173,
        "optimization_success": true,
        "optimization_message": "Completed",
        "optimization_nfev": 500,
        "optimization_njev": null,
        "_cached_thresholds": {
          "length_threshold": 15.130264516042136,
          "flux_threshold": 1e-08,
          "cc_threshold": 0.18534128500216515,
          "cs_threshold": 0.1483126308404078,
          "msc_threshold": 37.51246248194934,
          "curvature_threshold": 12.716260168221382,
          "force_threshold": 2004.906785855397,
          "torque_threshold": 0.0,
          "finite_build_width": 0.05,
          "major_radius": 1.0098736979848935,
          "minor_radius": 0.16831206437162433,
          "a0": 10.100286074838271,
          "arclength_variation_threshold": 0.0,
          "coil_width": 0.039602838675676315
        },
        "final_min_cs_separation": 0.21991098306304133,
        "final_min_cc_separation": 0.1835313306960322,
        "final_length_per_coil": [
          4.511715936827945,
          3.6142737376339187,
          3.319203780541285,
          3.6902319416443663
        ],
        "final_current_per_coil": [
          421517.5756045804,
          252632.1586190384,
          219791.40055406795,
          356134.48985777725
        ],
        "total_current_before": 1250075.624635464,
        "total_current_after": 1250075.624635464,
        "final_total_length": 15.135425396647515,
        "final_max_curvature": 6.874787986389896,
        "final_average_curvature": 2.2988631528301227,
        "final_arclength_variation": 0.0017328731316240994,
        "final_mean_squared_curvature": 8.725190325524373,
        "final_max_torsion": 63.72989551980682,
        "final_linking_number": 0,
        "coils_linked_to_surface": true,
        "final_max_max_coil_force": 377369.352876759,
        "final_avg_max_coil_force": 290808.4379224798,
        "final_max_force_per_coil": [
          377369.352876759,
          304149.7155074988,
          253241.6007836211,
          228473.08252204044
        ],
        "final_max_torque_per_coil": [
          113121.44168644598,
          141054.69146587988,
          82690.07545733334,
          41860.95583245764
        ],
        "final_max_max_coil_torque": 141054.69146587988,
        "final_avg_max_coil_torque": 94681.79111052922,
        "avg_BdotN_over_B": 0.005276934121638482,
        "max_BdotN_over_B": 0.019348289051430732,
        "lagrange_multipliers": null,
        "output_directory": "/Users/akaptanoglu/actions-runner/_work/stellcoilbench/stellcoilbench/cases/done/2026-03-21_072911_67100/order_8",
        "flux_threshold": 1e-08,
        "cc_threshold": 0.18534128500216515,
        "cs_threshold": 0.1483126308404078,
        "msc_threshold": 37.51246248194934,
        "arclength_variation_threshold": 0.0,
        "curvature_threshold": 12.716260168221382,
        "force_threshold": 2004.906785855397,
        "torque_threshold": 0.0,
        "timing": {
          "coil_initialization": 5.830079317092896e-07,
          "biotsavart_setup": 0.0026995830703526735,
          "objective_setup": 0.007404417032375932,
          "coil_optimization": 297.9645400410518,
          "save_and_metrics": 0.8061900001484901
        },
        "fourier_order": 8,
        "continuation_step": 2
      },
      {
        "initial_B_field": 1.0967084962184082,
        "final_B_field": 1.0948213254402637,
        "target_B_field": 1.0,