{
  "metadata": {
    "contact": "auto",
    "hardware": "CPU: self-hosted runner",
    "run_date": "2026-04-06T06:12:44.818646",
    "iterations_used": 500,
    "walltime_sec": 632.7660322189331,
    "tags": [
      "explore"
    ],
    "parent_ids": []
  },
  "version_info": {
    "stellcoilbench_commit": "683d90b8fd1183154cef92b29163ccd61a2bba75",
    "stellcoilbench_branch": "main",
    "simsopt_version": "0.1.dev5668+ga79006b0b",
    "simsopt_commit": "a79006b0b"
  },
  "metrics": {
    "fourier_continuation": true,
    "fourier_orders": [
      4,
      8,
      16
    ],
    "final_order": 16,
    "continuation_results": [
      {
        "initial_B_field": 5.7000000000021025,
        "final_B_field": 4.996562869662012,
        "target_B_field": 5.7,
        "optimization_time": 566.0195610523224,
        "walltime_sec": 566.0195610523224,
        "iterations_used": 500,
        "final_squared_flux": 0.5625799793412697,
        "optimization_success": true,
        "optimization_message": "Completed",
        "optimization_nfev": 500,
        "optimization_njev": null,
        "_cached_thresholds": {
          "length_threshold": 143.93378192140017,
          "flux_threshold": 1e-08,
          "cc_threshold": 0.9203901630248353,
          "cs_threshold": 0.9103641263905778,
          "msc_threshold": 7.462569979482348,
          "curvature_threshold": 3.8070876251916763,
          "force_threshold": 137.6416275285437,
          "torque_threshold": 0.0,
          "finite_build_width": 0.35091128219901124,
          "major_radius": 13.635429024906689,
          "minor_radius": 1.7044262278237692,
          "a0": 0.9974030980329254,
          "arclength_variation_threshold": 0.0,
          "coil_width": 0.40104146537029867
        },
        "final_min_cs_separation": 0.8218302468462864,
        "final_min_cc_separation": 0.8118857190671666,
        "final_length_per_coil": [
          27.385764375361788,
          26.9313772458403,
          25.74189138873164,
          24.112269052058405,
          20.545051720299067,
          19.61747493998061
        ],
        "final_current_per_coil": [
          10407810.999276703,
          10596326.684183437,
          10112284.565538509,
          9456319.931016954,
          4863459.777872558,
          3276537.681311533
        ],
        "total_current_before": 48712739.63919969,
        "total_current_after": 48712739.6391997,
        "final_total_length": 144.33382872227182,
        "final_max_curvature": 0.6582195072717903,
        "final_average_curvature": 0.30960996744543023,
        "final_arclength_variation": 0.18887605837970942,
        "final_mean_squared_curvature": 0.1668953154571286,
        "final_max_torsion": 22.615621922249403,
        "final_linking_number": 8,
        "coils_linked_to_surface": true,
        "final_max_max_coil_force": 42095109.62870181,
        "final_avg_max_coil_force": 28557095.528794322,
        "final_max_force_per_coil": [
          42095109.62870181,
          39970500.478773296,
          33338046.489620447,
          27924421.67860015,
          16120416.961091995,
          11894077.935978228
        ],
        "final_max_torque_per_coil": [
          91153461.73328759,
          85909244.8399435,
          67836791.78383146,
          51259757.40976304,
          24989196.941462576,
          12680504.546692753
        ],
        "final_max_max_coil_torque": 91153461.73328759,
        "final_avg_max_coil_torque": 55638159.54249682,
        "avg_BdotN_over_B": 0.006007777832237271,
        "max_BdotN_over_B": 0.02394171396277167,
        "lagrange_multipliers": null,
        "output_directory": "/Users/akaptanoglu/actions-runner/_work/stellcoilbench/stellcoilbench/cases/done/2026-04-06_053405_28393/order_4",
        "flux_threshold": 1e-08,
        "cc_threshold": 0.9203901630248353,
        "cs_threshold": 0.9103641263905778,
        "msc_threshold": 7.462569979482348,
        "arclength_variation_threshold": 0.0,
        "curvature_threshold": 3.8070876251916763,
        "force_threshold": 137.6416275285437,
        "torque_threshold": 0.0,
        "timing": {
          "coil_initialization": 2.017818125023041,
          "biotsavart_setup": 2.9558563330210745,
          "objective_setup": 0.04766916704829782,
          "coil_optimization": 566.0195224170457,
          "save_and_metrics": 1.7025695000193082
        },
        "fourier_order": 4,
        "continuation_step": 1
      },
      {
        "initial_B_field": 4.996562869662012,
        "final_B_field": 5.019920574102235,
        "target_B_field": 5.7,
        "optimization_time": 749.180985212326,
        "walltime_sec": 749.180985212326,
        "iterations_used": 500,
        "final_squared_flux": 0.4220111920912835,
        "optimization_success": true,
        "optimization_message": "Completed",
        "optimization_nfev": 500,
        "optimization_njev": null,
        "_cached_thresholds": {
          "length_threshold": 143.93378192140017,
          "flux_threshold": 1e-08,
          "cc_threshold": 0.9203901630248353,
          "cs_threshold": 0.9103641263905778,
          "msc_threshold": 7.462569979482348,
          "curvature_threshold": 3.8070876251916763,
          "force_threshold": 137.6416275285437,
          "torque_threshold": 0.0,
          "finite_build_width": 0.35091128219901124,
          "major_radius": 13.635429024906689,
          "minor_radius": 1.7044262278237692,
          "a0": 0.9974030980329254,
          "arclength_variation_threshold": 0.0,
          "coil_width": 0.40104146537029867
        },
        "final_min_cs_separation": 0.8437069259131692,
        "final_min_cc_separation": 0.8380982493305789,
        "final_length_per_coil": [
          27.984297616069494,
          27.36436999980416,
          25.765616185065902,
          23.510065249862517,
          19.881977035473938,
          19.77700690836834
        ],
        "final_current_per_coil": [
          10706077.294054685,
          10858096.710124431,
          10110698.242679883,
          8999635.063006496,
          3828484.549693376,
          4209747.779640816
        ],
        "total_current_before": 48712739.6391997,
        "total_current_after": 48712739.63919969,
        "final_total_length": 144.28333299464435,
        "final_max_curvature": 1.043440083927681,
        "final_average_curvature": 0.340812088646923,
        "final_arclength_variation": 0.05701880163698211,
        "final_mean_squared_curvature": 0.28501566150637125,
        "final_max_torsion": 24.13406666835609,
        "final_linking_number": 8,
        "coils_linked_to_surface": true,
        "final_max_max_coil_force": 44357241.06866186,
        "final_avg_max_coil_force": 28881843.752874676,
        "final_max_force_per_coil": [
          44357241.06866186,
          41396730.38666957,
          33447448.015908405,
          26395726.624555904,
          13641659.953419361,
          14052256.468032964
        ],
        "final_max_torque_per_coil": [
          98575713.03463128,
          97082294.60275601,
          73364331.4937067,
          48965722.63003356,
          18343505.453655615,
          20251613.513764832
        ],
        "final_max_max_coil_torque": 98575713.03463128,
        "final_avg_max_coil_torque": 59430530.12142467,
        "avg_BdotN_over_B": 0.005231978152361065,
        "max_BdotN_over_B": 0.017000878804160104,
        "lagrange_multipliers": null,
        "output_directory": "/Users/akaptanoglu/actions-runner/_work/stellcoilbench/stellcoilbench/cases/done/2026-04-06_053405_28393/order_8",
        "flux_threshold": 1e-08,
        "cc_threshold": 0.9203901630248353,
        "cs_threshold": 0.9103641263905778,
        "msc_threshold": 7.462569979482348,
        "arclength_variation_threshold": 0.0,
        "curvature_threshold": 3.8070876251916763,
        "force_threshold": 137.6416275285437,
        "torque_threshold": 0.0,