{
  "metadata": {
    "contact": "auto",
    "hardware": "CPU: self-hosted runner",
    "run_date": "2026-03-30T14:16:25.780854",
    "iterations_used": 500,
    "walltime_sec": 104.73221707344055,
    "tags": [
      "explore"
    ],
    "parent_ids": []
  },
  "version_info": {
    "stellcoilbench_commit": "8984eae16aa8e613865aa800e356f08987ce4abd",
    "stellcoilbench_branch": "main",
    "simsopt_version": "0.1.dev5668+ga79006b0b",
    "simsopt_commit": "a79006b0b"
  },
  "metrics": {
    "fourier_continuation": true,
    "fourier_orders": [
      4,
      8,
      16
    ],
    "final_order": 16,
    "continuation_results": [
      {
        "initial_B_field": 2.50000000044544,
        "final_B_field": 2.7890633019672415,
        "target_B_field": 2.5,
        "optimization_time": 2018.9495780467987,
        "walltime_sec": 2018.9495780467987,
        "iterations_used": 500,
        "final_squared_flux": 0.9454078358713534,
        "optimization_success": true,
        "optimization_message": "Completed",
        "optimization_nfev": 500,
        "optimization_njev": null,
        "_cached_thresholds": {
          "length_threshold": 38.32262793179254,
          "flux_threshold": 1e-08,
          "cc_threshold": 0.34096071508778497,
          "cs_threshold": 0.4127905944869295,
          "msc_threshold": 29.96275391248438,
          "curvature_threshold": 18.99879286190549,
          "force_threshold": 170.94696667618564,
          "torque_threshold": 0.0,
          "finite_build_width": 0.10789896047081801,
          "major_radius": 5.483631261799852,
          "minor_radius": 0.5240806651439732,
          "a0": 3.2437754587511507,
          "arclength_variation_threshold": 0.0,
          "coil_width": 0.12331309768093489
        },
        "final_min_cs_separation": 0.03900577601516174,
        "final_min_cc_separation": 0.19137563758418877,
        "final_length_per_coil": [
          6.1378651137642315,
          5.588818865355921,
          5.00715221600922,
          4.193197013073427,
          8.761745948268052,
          3.438662567848242
        ],
        "final_current_per_coil": [
          699594.9864161598,
          552088.957819159,
          1435630.4342307241,
          1812294.5516105513,
          602608.690768829,
          2977999.763142157
        ],
        "total_current_before": 6875000.002449921,
        "total_current_after": 6875000.002449922,
        "final_total_length": 33.12744172431909,
        "final_max_curvature": 14.994819724627549,
        "final_average_curvature": 1.7996617984597658,
        "final_arclength_variation": 0.436526057635828,
        "final_mean_squared_curvature": 17.018802238404525,
        "final_max_torsion": 16.87956783724744,
        "final_linking_number": 5,
        "coils_linked_to_surface": false,
        "final_max_max_coil_force": 6547561.456070739,
        "final_avg_max_coil_force": 2266757.168595266,
        "final_max_force_per_coil": [
          650617.2444754369,
          580149.2597750212,
          1760339.6731192663,
          3166785.27241337,
          895090.1057177632,
          6547561.456070739
        ],
        "final_max_torque_per_coil": [
          514597.5924636608,
          396212.0985664417,
          957176.990753628,
          1341796.23516866,
          1041712.9351858501,
          2378553.068793164
        ],
        "final_max_max_coil_torque": 2378553.068793164,
        "final_avg_max_coil_torque": 1105008.1534885673,
        "avg_BdotN_over_B": 0.07533429624002166,
        "max_BdotN_over_B": 0.9993248130312936,
        "lagrange_multipliers": null,
        "output_directory": "/Users/akaptanoglu/actions-runner/_work/stellcoilbench/stellcoilbench/cases/done/2026-03-30_132631_35363/order_4",
        "flux_threshold": 1e-08,
        "cc_threshold": 0.34096071508778497,
        "cs_threshold": 0.4127905944869295,
        "msc_threshold": 29.96275391248438,
        "arclength_variation_threshold": 0.0,
        "curvature_threshold": 18.99879286190549,
        "force_threshold": 170.94696667618564,
        "torque_threshold": 0.0,
        "timing": {
          "coil_initialization": 2.7426092918030918,
          "biotsavart_setup": 3.0256467091385275,
          "objective_setup": 0.03246562508866191,
          "coil_optimization": 2018.9496947079897,
          "save_and_metrics": 2.0860275418963283
        },
        "fourier_order": 4,
        "continuation_step": 1
      },
      {
        "initial_B_field": 2.7890633019672415,
        "final_B_field": 5.033196812037656,
        "target_B_field": 2.5,
        "optimization_time": 537.1135549545288,
        "walltime_sec": 537.1135549545288,
        "iterations_used": 500,
        "final_squared_flux": 1.7464983049199103,
        "optimization_success": true,
        "optimization_message": "Completed",
        "optimization_nfev": 500,
        "optimization_njev": null,
        "_cached_thresholds": {
          "length_threshold": 38.32262793179254,
          "flux_threshold": 1e-08,
          "cc_threshold": 0.34096071508778497,
          "cs_threshold": 0.4127905944869295,
          "msc_threshold": 29.96275391248438,
          "curvature_threshold": 18.99879286190549,
          "force_threshold": 170.94696667618564,
          "torque_threshold": 0.0,
          "finite_build_width": 0.10789896047081801,
          "major_radius": 5.483631261799852,
          "minor_radius": 0.5240806651439732,
          "a0": 3.2437754587511507,
          "arclength_variation_threshold": 0.0,
          "coil_width": 0.12331309768093489
        },
        "final_min_cs_separation": 0.0424043021005896,
        "final_min_cc_separation": 0.1724157480190315,
        "final_length_per_coil": [
          6.05468092629873,
          5.548070573565504,
          5.019420761944726,
          4.1488072732615375,
          8.729011624430477,
          3.5372854276069585
        ],
        "final_current_per_coil": [
          699597.6638010915,
          552094.971362387,
          1435635.6305892793,
          1812305.1760319974,
          602598.2873004694,
          2977964.8479656354
        ],
        "total_current_before": 6875000.002449922,
        "total_current_after": 6875000.002449921,
        "final_total_length": 33.03727658710793,
        "final_max_curvature": 20.45173248153607,
        "final_average_curvature": 1.899274094529875,
        "final_arclength_variation": 0.8595375170385129,
        "final_mean_squared_curvature": 20.51399321669878,
        "final_max_torsion": 8.039989938470907,
        "final_linking_number": 5,
        "coils_linked_to_surface": false,
        "final_max_max_coil_force": 4155014.6713841693,
        "final_avg_max_coil_force": 1671292.1916229564,
        "final_max_force_per_coil": [
          673368.5172068332,
          599766.6810910575,
          1599245.2757993666,
          2194236.401019416,
          806121.6032368949,
          4155014.6713841693
        ],
        "final_max_torque_per_coil": [
          518964.4369141385,
          348823.8858079558,
          802129.3626350125,
          795110.497446646,
          951490.4420663422,
          1338547.975941238
        ],
        "final_max_max_coil_torque": 1338547.975941238,
        "final_avg_max_coil_torque": 792511.1001352221,
        "avg_BdotN_over_B": 0.08552995582491003,
        "max_BdotN_over_B": 0.9990149062850342,
        "lagrange_multipliers": null,
        "output_directory": "/Users/akaptanoglu/actions-runner/_work/stellcoilbench/stellcoilbench/cases/done/2026-03-30_132631_35363/order_8",
        "flux_threshold": 1e-08,
        "cc_threshold": 0.34096071508778497,
        "cs_threshold": 0.4127905944869295,
        "msc_threshold": 29.96275391248438,
        "arclength_variation_threshold": 0.0,
        "curvature_threshold": 18.99879286190549,
        "force_threshold": 170.94696667618564,
        "torque_threshold": 0.0,
        "timing": {
          "coil_initialization": 5.420297384262085e-07,