{
  "metadata": {
    "contact": "auto",
    "hardware": "CPU: self-hosted runner",
    "run_date": "2026-04-09T01:55:36.323446",
    "iterations_used": 500,
    "walltime_sec": 108.78853678703308,
    "tags": [
      "explore",
      "llm"
    ],
    "parent_ids": []
  },
  "version_info": {
    "stellcoilbench_commit": "17926006294c9b0341ac389238af76270fb1e9ae",
    "stellcoilbench_branch": "main",
    "simsopt_version": "0.1.dev5668+ga79006b0b",
    "simsopt_commit": "a79006b0b"
  },
  "metrics": {
    "fourier_continuation": true,
    "fourier_orders": [
      4,
      8,
      16
    ],
    "final_order": 16,
    "continuation_results": [
      {
        "initial_B_field": 5.700002679910652,
        "final_B_field": 7.040559999836532,
        "target_B_field": 5.7,
        "optimization_time": 225.03982210159302,
        "walltime_sec": 225.03982210159302,
        "iterations_used": 500,
        "final_squared_flux": 39.79561742262653,
        "optimization_success": true,
        "optimization_message": "Completed",
        "optimization_nfev": 500,
        "optimization_njev": null,
        "_cached_thresholds": {
          "length_threshold": 180.46865941663438,
          "flux_threshold": 1e-08,
          "cc_threshold": 0.8020829307405973,
          "cs_threshold": 1.3033847624534705,
          "msc_threshold": 0.9974030980329254,
          "curvature_threshold": 0.9974030980329254,
          "force_threshold": 0.0,
          "torque_threshold": 500.0,
          "finite_build_width": 0.35091128219901124,
          "major_radius": 13.635429024906689,
          "minor_radius": 1.7044262278237692,
          "a0": 0.9974030980329254,
          "arclength_variation_threshold": 0.0,
          "coil_width": 0.40104146537029867
        },
        "final_min_cs_separation": 1.1808591379993596,
        "final_min_cc_separation": 0.07041590544741588,
        "final_length_per_coil": [
          41.49520341331754,
          39.02990887338187,
          43.262870548628825,
          50.542581006477086
        ],
        "final_current_per_coil": [
          3204958.5124326455,
          248499.63503184207,
          13708979.282565832,
          32047347.277035315
        ],
        "total_current_before": 48712785.43700195,
        "total_current_after": 48712785.43700195,
        "final_total_length": 174.33056384180531,
        "final_max_curvature": 0.39930983121756697,
        "final_average_curvature": 0.21209519787208447,
        "final_arclength_variation": 2.345225785293841,
        "final_mean_squared_curvature": 0.06550461574589087,
        "final_max_torsion": 3.1252608762416823,
        "final_linking_number": 16,
        "coils_linked_to_surface": true,
        "final_max_max_coil_force": 193898270.03633597,
        "final_avg_max_coil_force": 114846654.53448948,
        "final_max_force_per_coil": [
          121289003.68437886,
          12548084.705862675,
          131651259.71138042,
          193898270.03633597
        ],
        "final_max_torque_per_coil": [
          375571349.679779,
          12906960.538457094,
          502166576.55338,
          663742877.101592
        ],
        "final_max_max_coil_torque": 663742877.101592,
        "final_avg_max_coil_torque": 388596940.968302,
        "avg_BdotN_over_B": 0.041698190999119984,
        "max_BdotN_over_B": 0.15479387731922503,
        "lagrange_multipliers": null,
        "output_directory": "/Users/akaptanoglu/actions-runner/_work/stellcoilbench/stellcoilbench/cases/done/2026-04-09_014125_37579/order_4",
        "flux_threshold": 1e-08,
        "cc_threshold": 0.8020829307405973,
        "cs_threshold": 1.3033847624534705,
        "msc_threshold": 0.9974030980329254,
        "arclength_variation_threshold": 0.0,
        "curvature_threshold": 0.9974030980329254,
        "force_threshold": 0.0,
        "torque_threshold": 500.0,
        "timing": {
          "coil_initialization": 0.5901924589416012,
          "biotsavart_setup": 1.6911192500265315,
          "objective_setup": 0.0376646249787882,
          "coil_optimization": 225.04988016700372,
          "save_and_metrics": 1.6328017079504207
        },
        "fourier_order": 4,
        "continuation_step": 1
      },
      {
        "initial_B_field": 7.040559999836532,
        "final_B_field": 7.0405590489532965,
        "target_B_field": 5.7,
        "optimization_time": 105.51627802848816,
        "walltime_sec": 105.51627802848816,
        "iterations_used": 500,
        "final_squared_flux": 39.79549620923924,
        "optimization_success": true,
        "optimization_message": "Completed",
        "optimization_nfev": 500,
        "optimization_njev": null,
        "_cached_thresholds": {
          "length_threshold": 180.46865941663438,
          "flux_threshold": 1e-08,
          "cc_threshold": 0.8020829307405973,
          "cs_threshold": 1.3033847624534705,
          "msc_threshold": 0.9974030980329254,
          "curvature_threshold": 0.9974030980329254,
          "force_threshold": 0.0,
          "torque_threshold": 500.0,
          "finite_build_width": 0.35091128219901124,
          "major_radius": 13.635429024906689,
          "minor_radius": 1.7044262278237692,
          "a0": 0.9974030980329254,
          "arclength_variation_threshold": 0.0,
          "coil_width": 0.40104146537029867
        },
        "final_min_cs_separation": 1.1808605540808945,
        "final_min_cc_separation": 0.0704206459889218,
        "final_length_per_coil": [
          41.49520634339211,
          39.0299088460486,
          43.262874480526655,
          50.54258285156144
        ],
        "final_current_per_coil": [
          3204963.8758252426,
          248494.53354001496,
          13708984.979452485,
          32047331.115264237
        ],
        "total_current_before": 48712785.43700195,
        "total_current_after": 48712785.43700195,
        "final_total_length": 174.3305725215288,
        "final_max_curvature": 0.39930371196813563,
        "final_average_curvature": 0.21209518109244954,
        "final_arclength_variation": 2.3448504545430957,
        "final_mean_squared_curvature": 0.06550444107092063,
        "final_max_torsion": 3.1254098806529154,
        "final_linking_number": 16,
        "coils_linked_to_surface": true,
        "final_max_max_coil_force": 193893762.5392851,
        "final_avg_max_coil_force": 114842109.64216796,
        "final_max_force_per_coil": [
          121273878.89301927,
          12546529.908116098,
          131654267.22825135,
          193893762.5392851
        ],
        "final_max_torque_per_coil": [
          375566429.5804651,
          12905487.430629283,
          502098673.93850857,
          664007803.0558935
        ],
        "final_max_max_coil_torque": 664007803.0558935,
        "final_avg_max_coil_torque": 388644598.5013741,
        "avg_BdotN_over_B": 0.041698128938224166,
        "max_BdotN_over_B": 0.15479406346245572,
        "lagrange_multipliers": null,
        "output_directory": "/Users/akaptanoglu/actions-runner/_work/stellcoilbench/stellcoilbench/cases/done/2026-04-09_014125_37579/order_8",
        "flux_threshold": 1e-08,
        "cc_threshold": 0.8020829307405973,
        "cs_threshold": 1.3033847624534705,
        "msc_threshold": 0.9974030980329254,
        "arclength_variation_threshold": 0.0,
        "curvature_threshold": 0.9974030980329254,
        "force_threshold": 0.0,
        "torque_threshold": 500.0,
        "timing": {
          "coil_initialization": 5.83939254283905e-07,
          "biotsavart_setup": 0.0034250420285388827,
          "objective_setup": 0.005818334058858454,
          "coil_optimization": 105.52099479106255,
          "save_and_metrics": 1.5660181660205126
        },
        "fourier_order": 8,
        "continuation_step": 2
      },
      {
        "initial_B_field": 7.0405590489532965,
        "final_B_field": 7.04055904948099,
        "target_B_field": 5.7,
        "optimization_time": 108.78853678703308,