{
  "metadata": {
    "contact": "auto",
    "hardware": "CPU: self-hosted runner",
    "run_date": "2026-03-16T12:09:40.765081",
    "iterations_used": 500,
    "walltime_sec": 379.673122882843
  },
  "version_info": {
    "stellcoilbench_commit": "bd2a15b837d040edbcd787b07e2ead723b804870",
    "stellcoilbench_branch": "main",
    "simsopt_version": "0.1.dev5668+ga79006b0b",
    "simsopt_commit": "a79006b0b"
  },
  "metrics": {
    "fourier_continuation": true,
    "fourier_orders": [
      4,
      8,
      16
    ],
    "final_order": 16,
    "continuation_results": [
      {
        "initial_B_field": 1.0000008292436955,
        "final_B_field": 1.0644058243237402,
        "target_B_field": 1.0,
        "optimization_time": 842.9846892356873,
        "walltime_sec": 842.9846892356873,
        "iterations_used": 500,
        "final_squared_flux": 0.15323794646622368,
        "optimization_success": true,
        "optimization_message": "Completed",
        "optimization_nfev": 500,
        "optimization_njev": null,
        "_cached_thresholds": {
          "length_threshold": 11.353143777349507,
          "flux_threshold": 1e-08,
          "cc_threshold": 0.11346213280581263,
          "cs_threshold": 0.23514185463682813,
          "msc_threshold": 5.383452477888799,
          "curvature_threshold": 7.88832342444869,
          "force_threshold": 1771.590177526633,
          "torque_threshold": 0.0,
          "finite_build_width": 0.05,
          "major_radius": 1.0098736979848935,
          "minor_radius": 0.16831206437162433,
          "a0": 10.100286074838271,
          "arclength_variation_threshold": 0.0,
          "coil_width": 0.039602838675676315
        },
        "final_min_cs_separation": 0.1372791233712354,
        "final_min_cc_separation": 0.07365298518688691,
        "final_length_per_coil": [
          2.479899490441685,
          2.476207402676892,
          2.4737352552600376,
          2.471563075655979,
          2.47121363534287,
          2.472293960485705
        ],
        "final_current_per_coil": [
          437021.8721479596,
          235738.45448876088,
          551738.2029376948,
          1428021.4611357045,
          941268.2468475844,
          642226.7344672268
        ],
        "total_current_before": 1250002.0724543727,
        "total_current_after": 1250002.0724543727,
        "final_total_length": 14.844912819863168,
        "final_max_curvature": 2.7192194609729325,
        "final_average_curvature": 2.541882224974216,
        "final_arclength_variation": 0.021652846735868064,
        "final_mean_squared_curvature": 6.490291127935942,
        "final_max_torsion": 0.04297951723850075,
        "final_linking_number": 0,
        "coils_linked_to_surface": true,
        "final_max_max_coil_force": 2230821.18891178,
        "final_avg_max_coil_force": 1222997.225617311,
        "final_max_force_per_coil": [
          462026.4283749645,
          293683.2577905972,
          1221926.3693021983,
          2230821.18891178,
          1629682.3828124045,
          1499843.7265119217
        ],
        "final_max_torque_per_coil": [
          116338.6876280327,
          75952.9288487777,
          451366.2730634506,
          243769.34734947802,
          380277.1117251726,
          541349.5595206391
        ],
        "final_max_max_coil_torque": 541349.5595206391,
        "final_avg_max_coil_torque": 301508.98468925845,
        "avg_BdotN_over_B": 0.13841540391961818,
        "max_BdotN_over_B": 0.5471555838138983,
        "lagrange_multipliers": null,
        "output_directory": "/Users/akaptanoglu/actions-runner/_work/stellcoilbench/stellcoilbench/cases/done/2026-03-16_113503_71571/order_4",
        "flux_threshold": 1e-08,
        "cc_threshold": 0.11346213280581263,
        "cs_threshold": 0.23514185463682813,
        "msc_threshold": 5.383452477888799,
        "arclength_variation_threshold": 0.0,
        "curvature_threshold": 7.88832342444869,
        "force_threshold": 1771.590177526633,
        "torque_threshold": 0.0,
        "timing": {
          "coil_initialization": 0.3052864579949528,
          "biotsavart_setup": 1.5749287919607013,
          "objective_setup": 0.03656050004065037,
          "coil_optimization": 842.985143500031,
          "save_and_metrics": 0.9060345829930156
        },
        "fourier_order": 4,
        "continuation_step": 1
      },
      {
        "initial_B_field": 1.0644058243237402,
        "final_B_field": 1.0643847639123285,
        "target_B_field": 1.0,
        "optimization_time": 559.4567108154297,
        "walltime_sec": 559.4567108154297,
        "iterations_used": 500,
        "final_squared_flux": 0.15317532447287874,
        "optimization_success": true,
        "optimization_message": "Completed",
        "optimization_nfev": 500,
        "optimization_njev": null,
        "_cached_thresholds": {
          "length_threshold": 11.353143777349507,
          "flux_threshold": 1e-08,
          "cc_threshold": 0.11346213280581263,
          "cs_threshold": 0.23514185463682813,
          "msc_threshold": 5.383452477888799,
          "curvature_threshold": 7.88832342444869,
          "force_threshold": 1771.590177526633,
          "torque_threshold": 0.0,
          "finite_build_width": 0.05,
          "major_radius": 1.0098736979848935,
          "minor_radius": 0.16831206437162433,
          "a0": 10.100286074838271,
          "arclength_variation_threshold": 0.0,
          "coil_width": 0.039602838675676315
        },
        "final_min_cs_separation": 0.1372867078092218,
        "final_min_cc_separation": 0.07382391806362924,
        "final_length_per_coil": [
          2.479906755097718,
          2.476208522725136,
          2.473735120662248,
          2.47156129558384,
          2.4712049811515993,
          2.4722959077053486
        ],
        "final_current_per_coil": [
          434640.58407732553,
          245781.41715727467,
          564090.9533679155,
          1434535.7997310576,
          941754.2465823989,
          640889.4714390291
        ],
        "total_current_before": 1250002.0724543727,
        "total_current_after": 1250002.0724543724,
        "final_total_length": 14.844912582925888,
        "final_max_curvature": 2.719183376339597,
        "final_average_curvature": 2.5418234809574374,
        "final_arclength_variation": 0.02198371133342382,
        "final_mean_squared_curvature": 6.490202591399098,
        "final_max_torsion": 0.04317732013862825,
        "final_linking_number": 0,
        "coils_linked_to_surface": true,
        "final_max_max_coil_force": 2089151.493588869,
        "final_avg_max_coil_force": 1099793.659781621,
        "final_max_force_per_coil": [
          374712.150088771,
          282579.8943316301,
          1342284.01450371,
          1105067.5826876422,
          2089151.493588869,
          1404966.8234891053
        ],
        "final_max_torque_per_coil": [
          117613.74866863812,
          80835.0650845721,
          459979.8351837397,
          235739.28865747256,
          385267.7342178729,
          539370.6602243705
        ],
        "final_max_max_coil_torque": 539370.6602243705,
        "final_avg_max_coil_torque": 303134.3886727777,
        "avg_BdotN_over_B": 0.13841259269503792,
        "max_BdotN_over_B": 0.5471585858991057,
        "lagrange_multipliers": null,
        "output_directory": "/Users/akaptanoglu/actions-runner/_work/stellcoilbench/stellcoilbench/cases/done/2026-03-16_113503_71571/order_8",
        "flux_threshold": 1e-08,
        "cc_threshold": 0.11346213280581263,
        "cs_threshold": 0.23514185463682813,
        "msc_threshold": 5.383452477888799,
        "arclength_variation_threshold": 0.0,
        "curvature_threshold": 7.88832342444869,
        "force_threshold": 1771.590177526633,
        "torque_threshold": 0.0,
        "timing": {
          "coil_initialization": 7.50063918530941e-07,
          "biotsavart_setup": 0.002906500012613833,