{
  "metadata": {
    "contact": "auto",
    "hardware": "CPU: self-hosted runner",
    "run_date": "2026-03-22T06:38:33.329514",
    "iterations_used": 500,
    "walltime_sec": 100.60274600982666,
    "tags": [
      "explore"
    ],
    "parent_ids": []
  },
  "version_info": {
    "stellcoilbench_commit": "44c09a424621a7faf6a880a6bdbe91b4c34d4fe5",
    "stellcoilbench_branch": "main",
    "simsopt_version": "0.1.dev5668+ga79006b0b",
    "simsopt_commit": "a79006b0b"
  },
  "metrics": {
    "fourier_continuation": true,
    "fourier_orders": [
      4,
      8,
      16
    ],
    "final_order": 16,
    "continuation_results": [
      {
        "initial_B_field": 2.500000766903552,
        "final_B_field": 2.7393067981590304,
        "target_B_field": 2.5,
        "optimization_time": 456.28023409843445,
        "walltime_sec": 456.28023409843445,
        "iterations_used": 500,
        "final_squared_flux": 0.13077766166713517,
        "optimization_success": true,
        "optimization_message": "Completed",
        "optimization_nfev": 500,
        "optimization_njev": null,
        "_cached_thresholds": {
          "length_threshold": 39.26597312905169,
          "flux_threshold": 1e-08,
          "cc_threshold": 0.22658781698871783,
          "cs_threshold": 0.4969517836541676,
          "msc_threshold": 21.992797610332804,
          "curvature_threshold": 2.669627202552197,
          "force_threshold": 642.916295924478,
          "torque_threshold": 0.0,
          "finite_build_width": 0.10789896047081801,
          "major_radius": 5.483631261799852,
          "minor_radius": 0.5240806651439732,
          "a0": 3.2437754587511507,
          "arclength_variation_threshold": 0.0,
          "coil_width": 0.12331309768093489
        },
        "final_min_cs_separation": 0.45659297532788995,
        "final_min_cc_separation": 0.13798359551603814,
        "final_length_per_coil": [
          7.838731385264707,
          7.805345790648718,
          7.947877516011713,
          8.092205369685741,
          7.7611433257964295
        ],
        "final_current_per_coil": [
          1525389.799251381,
          1451447.8882561813,
          1447958.2999912207,
          1360207.5842438382,
          1090000.6458744956
        ],
        "total_current_before": 6875004.217617116,
        "total_current_after": 6875004.217617117,
        "final_total_length": 39.445303387407314,
        "final_max_curvature": 2.409013083403456,
        "final_average_curvature": 1.20357320259073,
        "final_arclength_variation": 0.1365322329353967,
        "final_mean_squared_curvature": 1.8487727068903639,
        "final_max_torsion": 23.43744161619784,
        "final_linking_number": 0,
        "coils_linked_to_surface": true,
        "final_max_max_coil_force": 3898241.356020669,
        "final_avg_max_coil_force": 3241900.8389291475,
        "final_max_force_per_coil": [
          3494391.759234267,
          3790889.0767881637,
          3898241.356020669,
          3274298.51911011,
          1751683.4834925297
        ],
        "final_max_torque_per_coil": [
          2374268.288605384,
          2349863.7011127416,
          2640742.316424153,
          2016046.5567042243,
          1121572.3136703821
        ],
        "final_max_max_coil_torque": 2640742.316424153,
        "final_avg_max_coil_torque": 2100498.635303377,
        "avg_BdotN_over_B": 0.015846108285174403,
        "max_BdotN_over_B": 0.08314620724002895,
        "lagrange_multipliers": null,
        "output_directory": "/Users/akaptanoglu/actions-runner/_work/stellcoilbench/stellcoilbench/cases/done/2026-03-22_060314_38234/order_4",
        "flux_threshold": 1e-08,
        "cc_threshold": 0.22658781698871783,
        "cs_threshold": 0.4969517836541676,
        "msc_threshold": 21.992797610332804,
        "arclength_variation_threshold": 0.0,
        "curvature_threshold": 2.669627202552197,
        "force_threshold": 642.916295924478,
        "torque_threshold": 0.0,
        "timing": {
          "coil_initialization": 0.5637100839521736,
          "biotsavart_setup": 2.544367166934535,
          "objective_setup": 0.04172200011089444,
          "coil_optimization": 456.279363125097,
          "save_and_metrics": 1.8467783329542726
        },
        "fourier_order": 4,
        "continuation_step": 1
      },
      {
        "initial_B_field": 2.7393067981590304,
        "final_B_field": 2.776186158073591,
        "target_B_field": 2.5,
        "optimization_time": 1482.0515072345734,
        "walltime_sec": 1482.0515072345734,
        "iterations_used": 500,
        "final_squared_flux": 0.14045766589109235,
        "optimization_success": true,
        "optimization_message": "Completed",
        "optimization_nfev": 500,
        "optimization_njev": null,
        "_cached_thresholds": {
          "length_threshold": 39.26597312905169,
          "flux_threshold": 1e-08,
          "cc_threshold": 0.22658781698871783,
          "cs_threshold": 0.4969517836541676,
          "msc_threshold": 21.992797610332804,
          "curvature_threshold": 2.669627202552197,
          "force_threshold": 642.916295924478,
          "torque_threshold": 0.0,
          "finite_build_width": 0.10789896047081801,
          "major_radius": 5.483631261799852,
          "minor_radius": 0.5240806651439732,
          "a0": 3.2437754587511507,
          "arclength_variation_threshold": 0.0,
          "coil_width": 0.12331309768093489
        },
        "final_min_cs_separation": 0.3951718334993702,
        "final_min_cc_separation": 0.17102409770204666,
        "final_length_per_coil": [
          7.922127401761113,
          7.89976485935778,
          8.069228330605643,
          8.096525074126344,
          7.739493203456325
        ],
        "final_current_per_coil": [
          1525378.1788332227,
          1451438.328508767,
          1447964.0565589466,
          1360209.5875534515,
          1090014.0661627278
        ],
        "total_current_before": 6875004.217617117,
        "total_current_after": 6875004.217617116,
        "final_total_length": 39.727138869307204,
        "final_max_curvature": 3.7033618957162133,
        "final_average_curvature": 1.1951265566807752,
        "final_arclength_variation": 0.6918020032517062,
        "final_mean_squared_curvature": 2.5400114118162573,
        "final_max_torsion": 3.557027825924596,
        "final_linking_number": 0,
        "coils_linked_to_surface": true,
        "final_max_max_coil_force": 3490510.693933579,
        "final_avg_max_coil_force": 2733225.084627371,
        "final_max_force_per_coil": [
          3490510.693933579,
          3402862.1363589684,
          3253593.670692802,
          2052248.8045585547,
          1466910.117592952
        ],
        "final_max_torque_per_coil": [
          2131814.769580463,
          2029457.5260292112,
          2529915.41173515,
          1581716.2672116847,
          991944.3245193317
        ],
        "final_max_max_coil_torque": 2529915.41173515,
        "final_avg_max_coil_torque": 1852969.6598151685,
        "avg_BdotN_over_B": 0.01606925152204521,
        "max_BdotN_over_B": 0.07847865200154405,
        "lagrange_multipliers": null,
        "output_directory": "/Users/akaptanoglu/actions-runner/_work/stellcoilbench/stellcoilbench/cases/done/2026-03-22_060314_38234/order_8",
        "flux_threshold": 1e-08,
        "cc_threshold": 0.22658781698871783,
        "cs_threshold": 0.4969517836541676,
        "msc_threshold": 21.992797610332804,
        "arclength_variation_threshold": 0.0,
        "curvature_threshold": 2.669627202552197,
        "force_threshold": 642.916295924478,
        "torque_threshold": 0.0,
        "timing": {
          "coil_initialization": 5.00120222568512e-07,
          "biotsavart_setup": 0.004353458993136883,
          "objective_setup": 0.007713458966463804,
          "coil_optimization": 1482.052448665956,
          "save_and_metrics": 1.6112053748220205
        },