{
  "metadata": {
    "method_name": "",
    "contact": "akaptano",
    "hardware": "CPU: Apple M2 Max | RAM: 64.0GB",
    "notes": "",
    "run_date": "2026-02-19T15:52:01.006962"
  },
  "version_info": {
    "stellcoilbench_commit": "90ad448ba58de1094004237a2ee4fbcb3edc51df",
    "stellcoilbench_branch": "advanced_ci",
    "simsopt_version": "0.1.dev5615+g50ec27637",
    "simsopt_commit": "50ec27637"
  },
  "metrics": {
    "initial_B_field": 0.9999694505156507,
    "final_B_field": 1.095200381843269,
    "target_B_field": 1.0,
    "optimization_time": 203.60529804229736,
    "walltime_sec": 203.60529804229736,
    "iterations_used": 2000,
    "final_squared_flux": 1.24794528072908e-06,
    "_cached_thresholds": {
      "length_threshold": 24.0,
      "flux_threshold": 1e-08,
      "cc_threshold": 0.07920567735135266,
      "cs_threshold": 0.12870922569594806,
      "msc_threshold": 10.100286074838268,
      "arclength_variation_threshold": 0.0,
      "curvature_threshold": 10.100286074838268,
      "force_threshold": 6.155740227762386,
      "torque_threshold": 6.155740227762386,
      "coil_width": 0.03960283867567633,
      "a0": 10.100286074838268,
      "major_radius": 1.009873697984893,
      "minor_radius": 0.16831206437162438
    },
    "final_min_cs_separation": 0.3000233927930898,
    "final_min_cc_separation": 0.07919252636808964,
    "final_length_per_coil": [
      5.49402854853598,
      5.8523346199036705,
      5.731969765470599,
      6.06119741337213
    ],
    "final_current_per_coil": [
      272660.8951532418,
      322875.6980320597,
      283351.7514835381,
      371110.90163516416
    ],
    "final_total_length": 23.13953034728238,
    "final_max_curvature": 4.656255816694707,
    "final_average_curvature": 2.033830653720727,
    "final_arclength_variation": 0.00021870905903953767,
    "final_mean_squared_curvature": 5.778685894282354,
    "final_linking_number": 0,
    "coils_linked_to_surface": true,
    "final_max_max_coil_force": 592581.3175365371,
    "final_avg_max_coil_force": 485955.30347708653,
    "final_max_force_per_coil": [
      358408.0771390481,
      514837.8448067409,
      477993.9744260202,
      592581.3175365371
    ],
    "final_max_torque_per_coil": [
      220355.62311662183,
      378211.0906064454,
      285749.0672264598,
      463030.15258944576
    ],
    "final_max_max_coil_torque": 463030.15258944576,
    "final_avg_max_coil_torque": 336836.48338474316,
    "avg_BdotN_over_B": 0.00046455868999424583,
    "max_BdotN_over_B": 0.0018275450538017828,
    "lagrange_multipliers": null,
    "output_directory": "/Users/akaptanoglu/stellcoilbench/submissions/LandremanPaul2021_QA/akaptano/basic_LandremanPaulQA/02-19-2026_15-52",
    "flux_threshold": 1e-08,
    "cc_threshold": 0.07920567735135266,
    "cs_threshold": 0.12870922569594806,
    "msc_threshold": 10.100286074838268,
    "arclength_variation_threshold": 0.0,
    "curvature_threshold": 10.100286074838268,
    "force_threshold": 6.155740227762386,
    "torque_threshold": 6.155740227762386,
    "BdotN": 0.00044056905820090355,
    "BdotN_over_B": 0.0004656836795255793,
    "timing": {
      "load_coils_and_surface": 0.012407874688506126,
      "compute_BdotN": 0.2837465419434011,
      "finite_build_vtk": 5.762380791828036
    }
  },
  "reactor_scale_metrics": {
    "reference": {
      "major_radius": 7.5,
      "B_field": 5.7,
      "description": "ARIES-CS reactor-scale reference"
    },
    "scaling_factors": {
      "length_scale": 10.100286074838268,
      "B_field_scale": 5.7,
      "device_major_radius": 1.009873697984893,
      "device_target_B": 1.0
    },
    "reactor_scale_min_cs_separation": 3.030322096353777,
    "reactor_scale_min_cc_separation": 0.7998671713068781,
    "reactor_scale_total_length": 233.71587614495374,
    "reactor_scale_max_curvature": 0.46100236985310006,
    "reactor_scale_average_curvature": 0.20136366818236817,
    "reactor_scale_mean_squared_curvature": 0.05664502062936247,
    "reactor_scale_max_max_coil_force": 194.46047455771975,
    "reactor_scale_avg_max_coil_force": 159.47026362701416,
    "reactor_scale_max_max_coil_torque": 1534.7100388766448,
    "reactor_scale_avg_max_coil_torque": 1116.4420494421483,
    "reactor_scale_force_per_coil_MN_per_m": [
      117.61458335459896,
      168.94830913264425,
      156.85768746309375,
      194.46047455771975
    ],
    "N_turns_per_coil": [
      314,
      372,
      327,
      428
    ],
    "N_turns_force": [
      236,
      338,
      314,
      389
    ],
    "N_turns_jc": [
      314,
      372,
      327,
      428
    ],
    "force_limit_MN_per_m": 0.5,
    "jc_model": {
      "NI_reactor": [
        15697532.342074584,
        18588480.42540032,
        16313022.373804215,
        21365459.75043604
      ],
      "I_turn": [
        50000.0,
        50000.0,
        50000.0,
        50000.0
      ],
      "B_peak_estimate": [
        9.740318097715194,
        11.81553289166764,
        12.500135721598271,
        11.832116878265463
      ],
      "jc_tape_stack_A_per_m2": [
        3183309330.480815,
        2977429837.899114,
        2915955052.4369235,
        2975905907.6310596
      ],
      "Ic_cable_A": [
        114599.13589730934,
        107187.4741643681,
        104974.38188772925,
        107132.61267471816
      ],
      "params": {
        "T_op_K": 20.0,
        "eta": 0.8,
        "I_lead_max_A": 50000.0,
        "A_HTS_m2": 3.6e-05,
        "wp_enhancement": 1.3
      }
    },
    "winding_pack_width_per_coil": [
      0.354400902933387,
      0.3857460304397182,
      0.3616628264005025,
      0.4137632173115441
    ],
    "max_winding_pack_width": 0.4137632173115441,
    "finite_build_cc_clearance": 0.38610395399533404,
    "per_turn_max_force": 0.4796871176241399,
    "per_turn_max_torque": 3.5857711188706656,
    "total_superconductor_length_km": 84.5468691537796,
    "reactor_scale_arclength_variation": 0.022311774987127716,
    "reactor_scale_squared_flux": 0.0041363054643264886
  }
}