{
  "metadata": {
    "contact": "auto",
    "hardware": "CPU: self-hosted runner",
    "run_date": "2026-03-23T19:47:10.286937",
    "iterations_used": 500,
    "walltime_sec": 228.97350788116455,
    "tags": [
      "explore"
    ],
    "parent_ids": []
  },
  "version_info": {
    "stellcoilbench_commit": "666111d0b121febb211c3d30f29c8245a4dd0911",
    "stellcoilbench_branch": "main",
    "simsopt_version": "0.1.dev5668+ga79006b0b",
    "simsopt_commit": "a79006b0b"
  },
  "metrics": {
    "fourier_continuation": true,
    "fourier_orders": [
      4,
      8,
      16
    ],
    "final_order": 16,
    "continuation_results": [
      {
        "initial_B_field": 2.500000000019017,
        "final_B_field": 1.4117342307707403,
        "target_B_field": 2.5,
        "optimization_time": 1959.185754776001,
        "walltime_sec": 1959.185754776001,
        "iterations_used": 500,
        "final_squared_flux": 0.7662360789034965,
        "optimization_success": true,
        "optimization_message": "Completed",
        "optimization_nfev": 500,
        "optimization_njev": null,
        "_cached_thresholds": {
          "length_threshold": 36.30029312982521,
          "flux_threshold": 1e-08,
          "cc_threshold": 0.22658781698871783,
          "cs_threshold": 0.3258548606218704,
          "msc_threshold": 17.00062717931478,
          "curvature_threshold": 4.956488900971759,
          "force_threshold": 1204.7382053801773,
          "torque_threshold": 0.0,
          "finite_build_width": 0.10789896047081801,
          "major_radius": 5.483631261799852,
          "minor_radius": 0.5240806651439732,
          "a0": 3.2437754587511507,
          "arclength_variation_threshold": 0.0,
          "coil_width": 0.12331309768093489
        },
        "final_min_cs_separation": 0.05143045067992203,
        "final_min_cc_separation": 0.15059696722209107,
        "final_length_per_coil": [
          3.863884991193255,
          3.4657006639894603,
          4.062999665621679,
          4.1852443429432675,
          6.008673268566423,
          5.329203502976658,
          4.56012987779551
        ],
        "final_current_per_coil": [
          1422072.6363700118,
          738630.6380922657,
          611545.1819111247,
          850211.9165473877,
          1724026.9351115378,
          442899.9129215083,
          1085612.7791507533
        ],
        "total_current_before": 6875000.00010459,
        "total_current_after": 6875000.000104589,
        "final_total_length": 31.47583631308625,
        "final_max_curvature": 6.42741193476507,
        "final_average_curvature": 1.7878052015008552,
        "final_arclength_variation": 0.29195561660568686,
        "final_mean_squared_curvature": 7.172948398294181,
        "final_max_torsion": 5.638652409245717,
        "final_linking_number": 0,
        "coils_linked_to_surface": false,
        "final_max_max_coil_force": 3030916.630961125,
        "final_avg_max_coil_force": 1498680.4373029228,
        "final_max_force_per_coil": [
          3030916.630961125,
          979386.066432279,
          733721.9252803068,
          1004256.6080744531,
          2583092.6618672665,
          647120.9267670916,
          1512268.2417379376
        ],
        "final_max_torque_per_coil": [
          1046306.5807177555,
          199431.10336582334,
          153460.0870398549,
          275720.0786807377,
          775220.7812367929,
          295548.2707132221,
          547708.9179672753
        ],
        "final_max_max_coil_torque": 1046306.5807177555,
        "final_avg_max_coil_torque": 470485.11710306595,
        "avg_BdotN_over_B": 0.09805633349938045,
        "max_BdotN_over_B": 0.9992817199740683,
        "lagrange_multipliers": null,
        "output_directory": "/Users/akaptanoglu/actions-runner/_work/stellcoilbench/stellcoilbench/cases/done/2026-03-23_185758_45664/order_4",
        "flux_threshold": 1e-08,
        "cc_threshold": 0.22658781698871783,
        "cs_threshold": 0.3258548606218704,
        "msc_threshold": 17.00062717931478,
        "arclength_variation_threshold": 0.0,
        "curvature_threshold": 4.956488900971759,
        "force_threshold": 1204.7382053801773,
        "torque_threshold": 0.0,
        "timing": {
          "coil_initialization": 3.777774624992162,
          "biotsavart_setup": 4.0078086669091135,
          "objective_setup": 0.04039983404800296,
          "coil_optimization": 1959.1863880411256,
          "save_and_metrics": 2.5684422079939395
        },
        "fourier_order": 4,
        "continuation_step": 1
      },
      {
        "initial_B_field": 1.4117342307707403,
        "final_B_field": 1.4118146233898472,
        "target_B_field": 2.5,
        "optimization_time": 423.77846479415894,
        "walltime_sec": 423.77846479415894,
        "iterations_used": 500,
        "final_squared_flux": 0.7662349857986819,
        "optimization_success": true,
        "optimization_message": "Completed",
        "optimization_nfev": 500,
        "optimization_njev": null,
        "_cached_thresholds": {
          "length_threshold": 36.30029312982521,
          "flux_threshold": 1e-08,
          "cc_threshold": 0.22658781698871783,
          "cs_threshold": 0.3258548606218704,
          "msc_threshold": 17.00062717931478,
          "curvature_threshold": 4.956488900971759,
          "force_threshold": 1204.7382053801773,
          "torque_threshold": 0.0,
          "finite_build_width": 0.10789896047081801,
          "major_radius": 5.483631261799852,
          "minor_radius": 0.5240806651439732,
          "a0": 3.2437754587511507,
          "arclength_variation_threshold": 0.0,
          "coil_width": 0.12331309768093489
        },
        "final_min_cs_separation": 0.05144370787773332,
        "final_min_cc_separation": 0.1506008253760136,
        "final_length_per_coil": [
          3.8638777046312254,
          3.465697375751016,
          4.063000648628604,
          4.185227146854352,
          6.008675026158845,
          5.329206599775034,
          4.560127238478889
        ],
        "final_current_per_coil": [
          1422072.6363700118,
          738630.6380922657,
          611545.1819111247,
          850211.9165473877,
          1724026.9351115378,
          442899.9129215083,
          1085612.7791507533
        ],
        "total_current_before": 6875000.000104589,
        "total_current_after": 6875000.000104589,
        "final_total_length": 31.475811740277965,
        "final_max_curvature": 6.427262168274756,
        "final_average_curvature": 1.787802782668909,
        "final_arclength_variation": 0.2919527855157442,
        "final_mean_squared_curvature": 7.172815242056043,
        "final_max_torsion": 5.638351206916559,
        "final_linking_number": 0,
        "coils_linked_to_surface": false,
        "final_max_max_coil_force": 2608347.1310633435,
        "final_avg_max_coil_force": 1311433.0776124601,
        "final_max_force_per_coil": [
          2608347.1310633435,
          870074.191903937,
          669073.9608682132,
          876167.6104670322,
          2163933.5662728213,
          608007.2165623242,
          1384427.866149549
        ],
        "final_max_torque_per_coil": [
          865183.5511728977,
          170872.17409791143,
          145469.85427329977,
          215297.22071045305,
          600919.2444922816,
          273828.48665399605,
          460156.9427158073
        ],
        "final_max_max_coil_torque": 865183.5511728977,
        "final_avg_max_coil_torque": 390246.78201666387,
        "avg_BdotN_over_B": 0.0980560871497912,
        "max_BdotN_over_B": 0.9992815831280375,
        "lagrange_multipliers": null,
        "output_directory": "/Users/akaptanoglu/actions-runner/_work/stellcoilbench/stellcoilbench/cases/done/2026-03-23_185758_45664/order_8",
        "flux_threshold": 1e-08,
        "cc_threshold": 0.22658781698871783,
        "cs_threshold": 0.3258548606218704,
        "msc_threshold": 17.00062717931478,