{
  "metadata": {
    "contact": "auto",
    "hardware": "CPU: self-hosted runner",
    "run_date": "2026-03-26T03:03:29.072230",
    "iterations_used": 500,
    "walltime_sec": 83.82771611213684,
    "tags": [
      "explore"
    ],
    "parent_ids": []
  },
  "version_info": {
    "stellcoilbench_commit": "7ab613eaa4123754a0f331cbe003a5b3f145b04d",
    "stellcoilbench_branch": "main",
    "simsopt_version": "0.1.dev5668+ga79006b0b",
    "simsopt_commit": "a79006b0b"
  },
  "metrics": {
    "fourier_continuation": true,
    "fourier_orders": [
      4,
      8,
      16
    ],
    "final_order": 16,
    "continuation_results": [
      {
        "initial_B_field": 2.500000000019017,
        "final_B_field": 2.4252951223149664,
        "target_B_field": 2.5,
        "optimization_time": 1541.4526150226593,
        "walltime_sec": 1541.4526150226593,
        "iterations_used": 500,
        "final_squared_flux": 0.398922656652671,
        "optimization_success": true,
        "optimization_message": "Completed",
        "optimization_nfev": 500,
        "optimization_njev": null,
        "_cached_thresholds": {
          "length_threshold": 54.205354913096954,
          "flux_threshold": 1e-08,
          "cc_threshold": 0.32246375043564474,
          "cs_threshold": 0.30458335127190916,
          "msc_threshold": 2.5269010823671465,
          "curvature_threshold": 13.915796718042436,
          "force_threshold": 637.7262551904762,
          "torque_threshold": 0.0,
          "finite_build_width": 0.10789896047081801,
          "major_radius": 5.483631261799852,
          "minor_radius": 0.5240806651439732,
          "a0": 3.2437754587511507,
          "arclength_variation_threshold": 0.0,
          "coil_width": 0.12331309768093489
        },
        "final_min_cs_separation": 0.053417459131734533,
        "final_min_cc_separation": 0.19576113080929702,
        "final_length_per_coil": [
          6.561185408626182,
          5.8492773175513495,
          13.36117845331899,
          6.132654911384257,
          7.931767817563914,
          7.704557031182381,
          6.822166255767652
        ],
        "final_current_per_coil": [
          336253.20271757635,
          629402.081088995,
          1266876.3694540134,
          1267493.4076661046,
          170968.15569914656,
          1093351.935156832,
          2110654.848321922
        ],
        "total_current_before": 6875000.00010459,
        "total_current_after": 6875000.00010459,
        "final_total_length": 54.36278719539473,
        "final_max_curvature": 5.160767097158506,
        "final_average_curvature": 1.2190821686054254,
        "final_arclength_variation": 0.1933285016905671,
        "final_mean_squared_curvature": 3.2223946830617387,
        "final_max_torsion": 4.074019035491214,
        "final_linking_number": 0,
        "coils_linked_to_surface": false,
        "final_max_max_coil_force": 7348668.754546379,
        "final_avg_max_coil_force": 2353740.253040173,
        "final_max_force_per_coil": [
          478247.7062210253,
          1110441.3455862775,
          1651995.4228777399,
          4025525.012549332,
          335862.8141971564,
          1525440.7153033046,
          7348668.754546379
        ],
        "final_max_torque_per_coil": [
          293069.189489805,
          449650.9096840452,
          2008840.4160141833,
          1290670.2851649898,
          202043.34666974784,
          1141471.7872820257,
          4272043.395646647
        ],
        "final_max_max_coil_torque": 4272043.395646647,
        "final_avg_max_coil_torque": 1379684.1899930632,
        "avg_BdotN_over_B": 0.04162046633422788,
        "max_BdotN_over_B": 0.8547568655177544,
        "lagrange_multipliers": null,
        "output_directory": "/Users/akaptanoglu/actions-runner/_work/stellcoilbench/stellcoilbench/cases/done/2026-03-26_021205_55821/order_4",
        "flux_threshold": 1e-08,
        "cc_threshold": 0.32246375043564474,
        "cs_threshold": 0.30458335127190916,
        "msc_threshold": 2.5269010823671465,
        "arclength_variation_threshold": 0.0,
        "curvature_threshold": 13.915796718042436,
        "force_threshold": 637.7262551904762,
        "torque_threshold": 0.0,
        "timing": {
          "coil_initialization": 3.7853799171280116,
          "biotsavart_setup": 3.275457083946094,
          "objective_setup": 0.04104466689750552,
          "coil_optimization": 1541.453295624815,
          "save_and_metrics": 2.5928310838062316
        },
        "fourier_order": 4,
        "continuation_step": 1
      },
      {
        "initial_B_field": 2.4252951223149664,
        "final_B_field": 2.4392178102235693,
        "target_B_field": 2.5,
        "optimization_time": 1100.7943601608276,
        "walltime_sec": 1100.7943601608276,
        "iterations_used": 500,
        "final_squared_flux": 0.6332528021171957,
        "optimization_success": true,
        "optimization_message": "Completed",
        "optimization_nfev": 500,
        "optimization_njev": null,
        "_cached_thresholds": {
          "length_threshold": 54.205354913096954,
          "flux_threshold": 1e-08,
          "cc_threshold": 0.32246375043564474,
          "cs_threshold": 0.30458335127190916,
          "msc_threshold": 2.5269010823671465,
          "curvature_threshold": 13.915796718042436,
          "force_threshold": 637.7262551904762,
          "torque_threshold": 0.0,
          "finite_build_width": 0.10789896047081801,
          "major_radius": 5.483631261799852,
          "minor_radius": 0.5240806651439732,
          "a0": 3.2437754587511507,
          "arclength_variation_threshold": 0.0,
          "coil_width": 0.12331309768093489
        },
        "final_min_cs_separation": 0.0392958131323948,
        "final_min_cc_separation": 0.1767758917212478,
        "final_length_per_coil": [
          6.5400509849619946,
          5.820545067063056,
          13.345433758948989,
          6.100356057914935,
          7.941791286841935,
          7.692047813106734,
          6.83717990825925
        ],
        "final_current_per_coil": [
          336243.94323306624,
          629377.0608562215,
          1266879.4019113996,
          1267426.731936756,
          170985.27346642752,
          1093358.695748382,
          2110728.892952338
        ],
        "total_current_before": 6875000.00010459,
        "total_current_after": 6875000.00010459,
        "final_total_length": 54.27740487709689,
        "final_max_curvature": 4.99483265827258,
        "final_average_curvature": 1.175412071619449,
        "final_arclength_variation": 0.38909976859173784,
        "final_mean_squared_curvature": 3.1413888171409696,
        "final_max_torsion": 2.9180140232044796,
        "final_linking_number": 0,
        "coils_linked_to_surface": false,
        "final_max_max_coil_force": 7118766.068889128,
        "final_avg_max_coil_force": 2274410.159278557,
        "final_max_force_per_coil": [
          463444.9767115811,
          1078225.2554167341,
          1595685.335615062,
          3733198.3541584737,
          349328.7675352927,
          1582222.3566236286,
          7118766.068889128
        ],
        "final_max_torque_per_coil": [
          297342.10536615236,
          476258.57923613413,
          1791850.9819225732,
          1439328.2715755585,
          221708.81672703422,
          1201969.604376676,
          4443546.926279021
        ],
        "final_max_max_coil_torque": 4443546.926279021,
        "final_avg_max_coil_torque": 1410286.4693547357,
        "avg_BdotN_over_B": 0.04786365989077553,
        "max_BdotN_over_B": 0.9760706483799563,
        "lagrange_multipliers": null,
        "output_directory": "/Users/akaptanoglu/actions-runner/_work/stellcoilbench/stellcoilbench/cases/done/2026-03-26_021205_55821/order_8",
        "flux_threshold": 1e-08,
        "cc_threshold": 0.32246375043564474,
        "cs_threshold": 0.30458335127190916,