{
  "metadata": {
    "contact": "auto",
    "hardware": "CPU: self-hosted runner",
    "run_date": "2026-03-28T06:02:45.120688",
    "iterations_used": 500,
    "walltime_sec": 76.81888675689697,
    "tags": [
      "explore"
    ],
    "parent_ids": []
  },
  "version_info": {
    "stellcoilbench_commit": "fe23782f37b5db13cc102937d7ee8db70d53fce2",
    "stellcoilbench_branch": "main",
    "simsopt_version": "0.1.dev5668+ga79006b0b",
    "simsopt_commit": "a79006b0b"
  },
  "metrics": {
    "fourier_continuation": true,
    "fourier_orders": [
      4,
      8,
      16
    ],
    "final_order": 16,
    "continuation_results": [
      {
        "initial_B_field": 2.5000086086152167,
        "final_B_field": 2.7823775703560845,
        "target_B_field": 2.5,
        "optimization_time": 773.6156620979309,
        "walltime_sec": 773.6156620979309,
        "iterations_used": 500,
        "final_squared_flux": 0.05019064808753405,
        "optimization_success": true,
        "optimization_message": "Completed",
        "optimization_nfev": 500,
        "optimization_njev": null,
        "_cached_thresholds": {
          "length_threshold": 44.9260443126066,
          "flux_threshold": 1e-08,
          "cc_threshold": 0.22658781698871783,
          "cs_threshold": 0.2863946693639713,
          "msc_threshold": 5.5922688908869835,
          "curvature_threshold": 2.4587817977333724,
          "force_threshold": 495.0001350054256,
          "torque_threshold": 0.0,
          "finite_build_width": 0.10789896047081801,
          "major_radius": 5.483631261799852,
          "minor_radius": 0.5240806651439732,
          "a0": 3.2437754587511507,
          "arclength_variation_threshold": 0.0,
          "coil_width": 0.12331309768093489
        },
        "final_min_cs_separation": 0.35713660936489716,
        "final_min_cc_separation": 0.13754365532402985,
        "final_length_per_coil": [
          9.607663819393482,
          11.74620394876554,
          12.478962790746776,
          11.144260557518601
        ],
        "final_current_per_coil": [
          1293259.480778386,
          2394674.8436278594,
          2069158.2938230834,
          1117954.6926300358
        ],
        "total_current_before": 6875047.310859364,
        "total_current_after": 6875047.310859364,
        "final_total_length": 44.9770911164244,
        "final_max_curvature": 1.5673956330632233,
        "final_average_curvature": 0.8915323072168073,
        "final_arclength_variation": 0.0851082755924497,
        "final_mean_squared_curvature": 1.0817633088870755,
        "final_max_torsion": 14.06936169256335,
        "final_linking_number": 0,
        "coils_linked_to_surface": true,
        "final_max_max_coil_force": 6664029.527555008,
        "final_avg_max_coil_force": 4653355.698402034,
        "final_max_force_per_coil": [
          2728525.122716582,
          6664029.527555008,
          6284556.641252601,
          2936311.502083946
        ],
        "final_max_torque_per_coil": [
          3336995.7382180747,
          6621562.484251979,
          5278596.31221853,
          1751337.752289852
        ],
        "final_max_max_coil_torque": 6621562.484251979,
        "final_avg_max_coil_torque": 4247123.071744609,
        "avg_BdotN_over_B": 0.009677053610043465,
        "max_BdotN_over_B": 0.05906302196174549,
        "lagrange_multipliers": null,
        "output_directory": "/Users/akaptanoglu/actions-runner/_work/stellcoilbench/stellcoilbench/cases/done/2026-03-28_053109_88412/order_4",
        "flux_threshold": 1e-08,
        "cc_threshold": 0.22658781698871783,
        "cs_threshold": 0.2863946693639713,
        "msc_threshold": 5.5922688908869835,
        "arclength_variation_threshold": 0.0,
        "curvature_threshold": 2.4587817977333724,
        "force_threshold": 495.0001350054256,
        "torque_threshold": 0.0,
        "timing": {
          "coil_initialization": 0.40025154082104564,
          "biotsavart_setup": 2.1290079159662127,
          "objective_setup": 0.06331754196435213,
          "coil_optimization": 773.6163143329322,
          "save_and_metrics": 1.4623793337959796
        },
        "fourier_order": 4,
        "continuation_step": 1
      },
      {
        "initial_B_field": 2.7823775703560845,
        "final_B_field": 2.8315787289543755,
        "target_B_field": 2.5,
        "optimization_time": 690.8087430000305,
        "walltime_sec": 690.8087430000305,
        "iterations_used": 500,
        "final_squared_flux": 0.14188957140609612,
        "optimization_success": true,
        "optimization_message": "Completed",
        "optimization_nfev": 500,
        "optimization_njev": null,
        "_cached_thresholds": {
          "length_threshold": 44.9260443126066,
          "flux_threshold": 1e-08,
          "cc_threshold": 0.22658781698871783,
          "cs_threshold": 0.2863946693639713,
          "msc_threshold": 5.5922688908869835,
          "curvature_threshold": 2.4587817977333724,
          "force_threshold": 495.0001350054256,
          "torque_threshold": 0.0,
          "finite_build_width": 0.10789896047081801,
          "major_radius": 5.483631261799852,
          "minor_radius": 0.5240806651439732,
          "a0": 3.2437754587511507,
          "arclength_variation_threshold": 0.0,
          "coil_width": 0.12331309768093489
        },
        "final_min_cs_separation": 0.3696659218522492,
        "final_min_cc_separation": 0.1311723226565035,
        "final_length_per_coil": [
          9.42212118638971,
          11.857496428718099,
          12.478046126049747,
          11.159666120189035
        ],
        "final_current_per_coil": [
          1293056.558983525,
          2394417.590949445,
          2069042.5914327998,
          1118530.5694935946
        ],
        "total_current_before": 6875047.310859364,
        "total_current_after": 6875047.310859364,
        "final_total_length": 44.917329861346595,
        "final_max_curvature": 2.7752601908011045,
        "final_average_curvature": 0.8411607142448579,
        "final_arclength_variation": 0.6965045897364894,
        "final_mean_squared_curvature": 1.3068343473430417,
        "final_max_torsion": 1.669467590223124,
        "final_linking_number": 0,
        "coils_linked_to_surface": true,
        "final_max_max_coil_force": 6446104.621075097,
        "final_avg_max_coil_force": 4515703.436800286,
        "final_max_force_per_coil": [
          3544101.728377063,
          6446104.621075097,
          5501655.176654665,
          2570952.221094321
        ],
        "final_max_torque_per_coil": [
          2863286.4582227822,
          8835497.519152543,
          4829028.357163808,
          1891575.948325643
        ],
        "final_max_max_coil_torque": 8835497.519152543,
        "final_avg_max_coil_torque": 4604847.070716194,
        "avg_BdotN_over_B": 0.015305368320438857,
        "max_BdotN_over_B": 0.06774215893314219,
        "lagrange_multipliers": null,
        "output_directory": "/Users/akaptanoglu/actions-runner/_work/stellcoilbench/stellcoilbench/cases/done/2026-03-28_053109_88412/order_8",
        "flux_threshold": 1e-08,
        "cc_threshold": 0.22658781698871783,
        "cs_threshold": 0.2863946693639713,
        "msc_threshold": 5.5922688908869835,
        "arclength_variation_threshold": 0.0,
        "curvature_threshold": 2.4587817977333724,
        "force_threshold": 495.0001350054256,
        "torque_threshold": 0.0,
        "timing": {
          "coil_initialization": 5.420297384262085e-07,
          "biotsavart_setup": 0.004797083092853427,
          "objective_setup": 0.006943500135093927,
          "coil_optimization": 690.8092964170501,
          "save_and_metrics": 1.4099191669374704
        },
        "fourier_order": 8,
        "continuation_step": 2
      },
      {
        "initial_B_field": 2.8315787289543755,
        "final_B_field": 2.8315787289543755,
        "target_B_field": 2.5,