{
  "metadata": {
    "contact": "auto",
    "hardware": "CPU: self-hosted runner",
    "run_date": "2026-03-17T19:23:19.275114",
    "iterations_used": 500,
    "walltime_sec": 372.6423718929291
  },
  "version_info": {
    "stellcoilbench_commit": "819fc15e658849fbc4ec6670c59261f21fbd9dbf",
    "stellcoilbench_branch": "main",
    "simsopt_version": "0.1.dev5668+ga79006b0b",
    "simsopt_commit": "a79006b0b"
  },
  "metrics": {
    "fourier_continuation": true,
    "fourier_orders": [
      4,
      8,
      16
    ],
    "final_order": 16,
    "continuation_results": [
      {
        "initial_B_field": 1.0000050243934888,
        "final_B_field": 1.0391068702265795,
        "target_B_field": 1.0,
        "optimization_time": 394.9753978252411,
        "walltime_sec": 394.9753978252411,
        "iterations_used": 500,
        "final_squared_flux": 0.06375762391794225,
        "optimization_success": true,
        "optimization_message": "Completed",
        "optimization_nfev": 500,
        "optimization_njev": null,
        "_cached_thresholds": {
          "length_threshold": 12.36202609261236,
          "flux_threshold": 1e-08,
          "cc_threshold": 0.10500000000000001,
          "cs_threshold": 0.2397951881812201,
          "msc_threshold": 47.855155422583735,
          "curvature_threshold": 12.45365273027559,
          "force_threshold": 661.5687379019067,
          "torque_threshold": 0.0,
          "finite_build_width": 0.05,
          "major_radius": 1.0098736979848935,
          "minor_radius": 0.16831206437162433,
          "a0": 10.100286074838271,
          "arclength_variation_threshold": 0.0,
          "coil_width": 0.039602838675676315
        },
        "final_min_cs_separation": 0.2127963880507197,
        "final_min_cc_separation": 0.08946893887765511,
        "final_length_per_coil": [
          2.617104918195802,
          2.5579627344267664,
          2.536595211981195,
          2.5252425049137175,
          2.5247981476826187
        ],
        "final_current_per_coil": [
          464577.1528175854,
          580495.9789602648,
          747892.7718104405,
          1213324.001583894,
          260491.82311137044
        ],
        "total_current_before": 1250012.5384399334,
        "total_current_after": 1250012.5384399332,
        "final_total_length": 12.761703517200099,
        "final_max_curvature": 3.8075018475902223,
        "final_average_curvature": 2.503719748897456,
        "final_arclength_variation": 0.013217123520372789,
        "final_mean_squared_curvature": 6.997469934944214,
        "final_max_torsion": 6.2263442292835975,
        "final_linking_number": 0,
        "coils_linked_to_surface": true,
        "final_max_max_coil_force": 1688164.164073999,
        "final_avg_max_coil_force": 956360.8265079862,
        "final_max_force_per_coil": [
          567987.5246817541,
          851659.688693469,
          1119671.7274094124,
          1688164.164073999,
          554321.0276812959
        ],
        "final_max_torque_per_coil": [
          150580.12713663906,
          260868.35113516563,
          411586.2299291692,
          373540.31947139744,
          209511.67508479382
        ],
        "final_max_max_coil_torque": 411586.2299291692,
        "final_avg_max_coil_torque": 281217.34055143304,
        "avg_BdotN_over_B": 0.09059780499034809,
        "max_BdotN_over_B": 0.4667752843752679,
        "lagrange_multipliers": null,
        "output_directory": "/Users/akaptanoglu/actions-runner/_work/stellcoilbench/stellcoilbench/cases/done/2026-03-17_190205_66319/order_4",
        "flux_threshold": 1e-08,
        "cc_threshold": 0.10500000000000001,
        "cs_threshold": 0.2397951881812201,
        "msc_threshold": 47.855155422583735,
        "arclength_variation_threshold": 0.0,
        "curvature_threshold": 12.45365273027559,
        "force_threshold": 661.5687379019067,
        "torque_threshold": 0.0,
        "timing": {
          "coil_initialization": 0.2481257920153439,
          "biotsavart_setup": 1.2836239580065012,
          "objective_setup": 0.033967999974265695,
          "coil_optimization": 394.9756550829625,
          "save_and_metrics": 0.9499531670007855
        },
        "fourier_order": 4,
        "continuation_step": 1
      },
      {
        "initial_B_field": 1.0391068702265795,
        "final_B_field": 1.0391057530800203,
        "target_B_field": 1.0,
        "optimization_time": 437.58782505989075,
        "walltime_sec": 437.58782505989075,
        "iterations_used": 500,
        "final_squared_flux": 0.06380180620838084,
        "optimization_success": true,
        "optimization_message": "Completed",
        "optimization_nfev": 500,
        "optimization_njev": null,
        "_cached_thresholds": {
          "length_threshold": 12.36202609261236,
          "flux_threshold": 1e-08,
          "cc_threshold": 0.10500000000000001,
          "cs_threshold": 0.2397951881812201,
          "msc_threshold": 47.855155422583735,
          "curvature_threshold": 12.45365273027559,
          "force_threshold": 661.5687379019067,
          "torque_threshold": 0.0,
          "finite_build_width": 0.05,
          "major_radius": 1.0098736979848935,
          "minor_radius": 0.16831206437162433,
          "a0": 10.100286074838271,
          "arclength_variation_threshold": 0.0,
          "coil_width": 0.039602838675676315
        },
        "final_min_cs_separation": 0.21279140150358025,
        "final_min_cc_separation": 0.08920094053902071,
        "final_length_per_coil": [
          2.6169574999055016,
          2.557946510473203,
          2.5366224586351613,
          2.525279206396205,
          2.524814965875569
        ],
        "final_current_per_coil": [
          464664.09395986027,
          580298.0028256795,
          749050.5736314193,
          1215140.903658414,
          261039.888372601
        ],
        "total_current_before": 1250012.5384399332,
        "total_current_after": 1250012.5384399334,
        "final_total_length": 12.76162064128564,
        "final_max_curvature": 3.8141234758477247,
        "final_average_curvature": 2.488578426982469,
        "final_arclength_variation": 0.010781111084920931,
        "final_mean_squared_curvature": 6.943381284133789,
        "final_max_torsion": 5.017947405664644,
        "final_linking_number": 0,
        "coils_linked_to_surface": true,
        "final_max_max_coil_force": 1284132.9643275135,
        "final_avg_max_coil_force": 824956.4934034024,
        "final_max_force_per_coil": [
          504033.21248759975,
          700838.69394921,
          1284132.9643275135,
          1061222.2021624376,
          574555.3940902507
        ],
        "final_max_torque_per_coil": [
          147251.8364922781,
          250316.92410013132,
          414651.0053314154,
          376391.29173183243,
          209757.41011397293
        ],
        "final_max_max_coil_torque": 414651.0053314154,
        "final_avg_max_coil_torque": 279673.693553926,
        "avg_BdotN_over_B": 0.09060686896293164,
        "max_BdotN_over_B": 0.4668003040715088,
        "lagrange_multipliers": null,
        "output_directory": "/Users/akaptanoglu/actions-runner/_work/stellcoilbench/stellcoilbench/cases/done/2026-03-17_190205_66319/order_8",
        "flux_threshold": 1e-08,
        "cc_threshold": 0.10500000000000001,
        "cs_threshold": 0.2397951881812201,
        "msc_threshold": 47.855155422583735,
        "arclength_variation_threshold": 0.0,
        "curvature_threshold": 12.45365273027559,
        "force_threshold": 661.5687379019067,
        "torque_threshold": 0.0,
        "timing": {
          "coil_initialization": 5.419133231043816e-07,
          "biotsavart_setup": 0.003027666942216456,
          "objective_setup": 0.006638500024564564,
          "coil_optimization": 437.58816070796456,
          "save_and_metrics": 0.9059147089719772
        },
        "fourier_order": 8,