{
  "metadata": {
    "contact": "auto",
    "hardware": "CPU: self-hosted runner",
    "run_date": "2026-03-14T01:17:24.539298",
    "iterations_used": 500,
    "walltime_sec": 6.128885984420776
  },
  "version_info": {
    "stellcoilbench_commit": "d9cdd618020006e92aeee9bbc9b8c17533ea1b8f",
    "stellcoilbench_branch": "main",
    "simsopt_version": "0.1.dev5668+ga79006b0b",
    "simsopt_commit": "a79006b0b"
  },
  "metrics": {
    "fourier_continuation": true,
    "fourier_orders": [
      4,
      8,
      16
    ],
    "final_order": 16,
    "continuation_results": [
      {
        "initial_B_field": 1.0001867526877442,
        "final_B_field": 1.0970951514820837,
        "target_B_field": 1.0,
        "optimization_time": 182.34054899215698,
        "walltime_sec": 182.34054899215698,
        "iterations_used": 500,
        "final_squared_flux": 7.387195372412843e-06,
        "optimization_success": true,
        "optimization_message": "Completed",
        "optimization_nfev": 500,
        "optimization_njev": null,
        "_cached_thresholds": {
          "length_threshold": 19.80141933783816,
          "flux_threshold": 1e-06,
          "cc_threshold": 0.10500000000000001,
          "cs_threshold": 0.007562063038023703,
          "msc_threshold": 63.363195263606855,
          "curvature_threshold": 82.87508950755662,
          "force_threshold": 0.0,
          "torque_threshold": 0.0,
          "finite_build_width": 0.05,
          "major_radius": 1.0098736979848935,
          "minor_radius": 0.16831206437162433,
          "a0": 10.100286074838271,
          "arclength_variation_threshold": 0.0,
          "coil_width": 0.039602838675676315
        },
        "final_min_cs_separation": 0.329166394161215,
        "final_min_cc_separation": 0.10459271568027005,
        "final_length_per_coil": [
          7.471647965074084,
          6.5999840784328665,
          5.7311303886289595
        ],
        "final_current_per_coil": [
          465193.68180838,
          421228.64512865926,
          364020.84357009584
        ],
        "total_current_before": 1250443.170507135,
        "total_current_after": 1250443.170507135,
        "final_total_length": 19.80276243213591,
        "final_max_curvature": 2.1589432704335607,
        "final_average_curvature": 1.3561678456758666,
        "final_arclength_variation": 0.0012926420421277985,
        "final_mean_squared_curvature": 2.4909112182307442,
        "final_max_torsion": 11.026245957170895,
        "final_linking_number": 0,
        "coils_linked_to_surface": true,
        "final_max_max_coil_force": 780243.4050375929,
        "final_avg_max_coil_force": 722241.8944336716,
        "final_max_force_per_coil": [
          726457.4071495188,
          780243.4050375929,
          660024.8711139034
        ],
        "final_max_torque_per_coil": [
          498966.2863211204,
          573498.2873869145,
          341461.48755416257
        ],
        "final_max_max_coil_torque": 573498.2873869145,
        "final_avg_max_coil_torque": 471308.6870873991,
        "avg_BdotN_over_B": 0.0011920433457345482,
        "max_BdotN_over_B": 0.005006357564768765,
        "lagrange_multipliers": null,
        "output_directory": "/Users/akaptanoglu/actions-runner/_work/stellcoilbench/stellcoilbench/cases/done/2026-03-14_010827_29110/order_4",
        "flux_threshold": 1e-06,
        "cc_threshold": 0.10500000000000001,
        "cs_threshold": 0.007562063038023703,
        "msc_threshold": 63.363195263606855,
        "arclength_variation_threshold": 0.0,
        "curvature_threshold": 82.87508950755662,
        "force_threshold": 0.0,
        "torque_threshold": 0.0,
        "timing": {
          "coil_initialization": 0.13994095800444484,
          "biotsavart_setup": 1.2417324170237407,
          "objective_setup": 0.03260983305517584,
          "coil_optimization": 182.34071300004143,
          "save_and_metrics": 0.8971413749968633
        },
        "fourier_order": 4,
        "continuation_step": 1
      },
      {
        "initial_B_field": 1.0970951514820837,
        "final_B_field": 1.0965477508478916,
        "target_B_field": 1.0,
        "optimization_time": 276.3861839771271,
        "walltime_sec": 276.3861839771271,
        "iterations_used": 500,
        "final_squared_flux": 1.1450159773432392e-06,
        "optimization_success": true,
        "optimization_message": "Completed",
        "optimization_nfev": 500,
        "optimization_njev": null,
        "_cached_thresholds": {
          "length_threshold": 19.80141933783816,
          "flux_threshold": 1e-06,
          "cc_threshold": 0.10500000000000001,
          "cs_threshold": 0.007562063038023703,
          "msc_threshold": 63.363195263606855,
          "curvature_threshold": 82.87508950755662,
          "force_threshold": 0.0,
          "torque_threshold": 0.0,
          "finite_build_width": 0.05,
          "major_radius": 1.0098736979848935,
          "minor_radius": 0.16831206437162433,
          "a0": 10.100286074838271,
          "arclength_variation_threshold": 0.0,
          "coil_width": 0.039602838675676315
        },
        "final_min_cs_separation": 0.3356313117521942,
        "final_min_cc_separation": 0.10499791796098146,
        "final_length_per_coil": [
          6.983310406243491,
          6.83673746483573,
          5.981370854510207
        ],
        "final_current_per_coil": [
          438529.55329091457,
          421054.1933767304,
          390859.42383949016
        ],
        "total_current_before": 1250443.170507135,
        "total_current_after": 1250443.170507135,
        "final_total_length": 19.80141872558943,
        "final_max_curvature": 3.1484567876848084,
        "final_average_curvature": 1.4823694085265418,
        "final_arclength_variation": 0.0003962316000446062,
        "final_mean_squared_curvature": 3.260565925781732,
        "final_max_torsion": 57.63542170483136,
        "final_linking_number": 0,
        "coils_linked_to_surface": true,
        "final_max_max_coil_force": 731499.5575894302,
        "final_avg_max_coil_force": 592927.1400030685,
        "final_max_force_per_coil": [
          560239.2808336623,
          731499.5575894302,
          487042.5815861129
        ],
        "final_max_torque_per_coil": [
          502937.9670123009,
          680805.2988880428,
          334657.5411463789
        ],
        "final_max_max_coil_torque": 680805.2988880428,
        "final_avg_max_coil_torque": 506133.60234890756,
        "avg_BdotN_over_B": 0.00046338555942942625,
        "max_BdotN_over_B": 0.002132018002267348,
        "lagrange_multipliers": null,
        "output_directory": "/Users/akaptanoglu/actions-runner/_work/stellcoilbench/stellcoilbench/cases/done/2026-03-14_010827_29110/order_8",
        "flux_threshold": 1e-06,
        "cc_threshold": 0.10500000000000001,
        "cs_threshold": 0.007562063038023703,
        "msc_threshold": 63.363195263606855,
        "arclength_variation_threshold": 0.0,
        "curvature_threshold": 82.87508950755662,
        "force_threshold": 0.0,
        "torque_threshold": 0.0,
        "timing": {
          "coil_initialization": 7.50063918530941e-07,
          "biotsavart_setup": 0.002339791040867567,
          "objective_setup": 0.005083083058707416,
          "coil_optimization": 276.3864193329355,
          "save_and_metrics": 0.874329958925955
        },
        "fourier_order": 8,
        "continuation_step": 2
      },
      {
        "initial_B_field": 1.0965477508478916,
        "final_B_field": 1.0965477508478916,
        "target_B_field": 1.0,
        "optimization_time": 6.128885984420776,
        "walltime_sec": 6.128885984420776,
        "iterations_used": 500,
        "final_squared_flux": 1.1450159773432392e-06,
        "optimization_success": true,
        "optimization_message": "Completed",
        "optimization_nfev": 500,
        "optimization_njev": null,