{
  "metadata": {
    "contact": "auto",
    "hardware": "CPU: self-hosted runner",
    "run_date": "2026-03-13T21:07:37.234712",
    "iterations_used": 500,
    "walltime_sec": 6.920938014984131
  },
  "version_info": {
    "stellcoilbench_commit": "30a6564fcdb17c27d3ab6c1ccaafa50d86042d84",
    "stellcoilbench_branch": "main",
    "simsopt_version": "0.1.dev5668+ga79006b0b",
    "simsopt_commit": "a79006b0b"
  },
  "metrics": {
    "fourier_continuation": true,
    "fourier_orders": [
      4,
      8,
      16
    ],
    "final_order": 16,
    "continuation_results": [
      {
        "initial_B_field": 1.0000305513510055,
        "final_B_field": 1.0960954148722375,
        "target_B_field": 1.0,
        "optimization_time": 303.76970386505127,
        "walltime_sec": 303.76970386505127,
        "iterations_used": 500,
        "final_squared_flux": 3.857475937912209e-06,
        "optimization_success": true,
        "optimization_message": "Completed",
        "optimization_nfev": 500,
        "optimization_njev": null,
        "_cached_thresholds": {
          "length_threshold": 19.80141933783816,
          "flux_threshold": 1e-06,
          "cc_threshold": 0.10500000000000001,
          "cs_threshold": 0.008651834151281627,
          "msc_threshold": 129.10181620743847,
          "curvature_threshold": 29.82763962133649,
          "force_threshold": 0.0,
          "torque_threshold": 0.0,
          "finite_build_width": 0.05,
          "major_radius": 1.0098736979848935,
          "minor_radius": 0.16831206437162433,
          "a0": 10.100286074838271,
          "arclength_variation_threshold": 0.0,
          "coil_width": 0.039602838675676315
        },
        "final_min_cs_separation": 0.24192367088567718,
        "final_min_cc_separation": 0.10478132973874774,
        "final_length_per_coil": [
          6.281196118700475,
          3.6964040308841835,
          5.232743004163764,
          4.592111148257174
        ],
        "final_current_per_coil": [
          514775.7134708768,
          61902.98440580624,
          408887.0423518817,
          264509.88440689933
        ],
        "total_current_before": 1250075.624635464,
        "total_current_after": 1250075.624635464,
        "final_total_length": 19.802454302005597,
        "final_max_curvature": 3.121586685563907,
        "final_average_curvature": 1.8001978753183705,
        "final_arclength_variation": 0.0007225178083443667,
        "final_mean_squared_curvature": 5.8833342701272775,
        "final_max_torsion": 24.180762618697248,
        "final_linking_number": 0,
        "coils_linked_to_surface": true,
        "final_max_max_coil_force": 680754.4126132244,
        "final_avg_max_coil_force": 412815.80984096637,
        "final_max_force_per_coil": [
          680754.4126132244,
          118076.42582629411,
          590252.9093161533,
          262179.49160819355
        ],
        "final_max_torque_per_coil": [
          433180.2595517529,
          48460.103757874866,
          230589.91891904955,
          82732.33285623405
        ],
        "final_max_max_coil_torque": 433180.2595517529,
        "final_avg_max_coil_torque": 198740.65377122784,
        "avg_BdotN_over_B": 0.0008872607747820779,
        "max_BdotN_over_B": 0.0035605030830364857,
        "lagrange_multipliers": null,
        "output_directory": "/Users/akaptanoglu/actions-runner/_work/stellcoilbench/stellcoilbench/cases/done/2026-03-13_205700_84900/order_4",
        "flux_threshold": 1e-06,
        "cc_threshold": 0.10500000000000001,
        "cs_threshold": 0.008651834151281627,
        "msc_threshold": 129.10181620743847,
        "arclength_variation_threshold": 0.0,
        "curvature_threshold": 29.82763962133649,
        "force_threshold": 0.0,
        "torque_threshold": 0.0,
        "timing": {
          "coil_initialization": 0.19202754204161465,
          "biotsavart_setup": 1.2909842499066144,
          "objective_setup": 0.03430679196026176,
          "coil_optimization": 303.7697694579838,
          "save_and_metrics": 0.9196019999217242
        },
        "fourier_order": 4,
        "continuation_step": 1
      },
      {
        "initial_B_field": 1.0960954148722375,
        "final_B_field": 1.0964867398148948,
        "target_B_field": 1.0,
        "optimization_time": 254.3223340511322,
        "walltime_sec": 254.3223340511322,
        "iterations_used": 500,
        "final_squared_flux": 1.2521529820648073e-06,
        "optimization_success": true,
        "optimization_message": "Completed",
        "optimization_nfev": 500,
        "optimization_njev": null,
        "_cached_thresholds": {
          "length_threshold": 19.80141933783816,
          "flux_threshold": 1e-06,
          "cc_threshold": 0.10500000000000001,
          "cs_threshold": 0.008651834151281627,
          "msc_threshold": 129.10181620743847,
          "curvature_threshold": 29.82763962133649,
          "force_threshold": 0.0,
          "torque_threshold": 0.0,
          "finite_build_width": 0.05,
          "major_radius": 1.0098736979848935,
          "minor_radius": 0.16831206437162433,
          "a0": 10.100286074838271,
          "arclength_variation_threshold": 0.0,
          "coil_width": 0.039602838675676315
        },
        "final_min_cs_separation": 0.25692159426929906,
        "final_min_cc_separation": 0.1049861874160775,
        "final_length_per_coil": [
          5.98429710827417,
          4.164174059502273,
          5.06640694143293,
          4.586539924201605
        ],
        "final_current_per_coil": [
          473279.68073577515,
          107706.90169956043,
          387109.46983632655,
          281979.5723638019
        ],
        "total_current_before": 1250075.624635464,
        "total_current_after": 1250075.624635464,
        "final_total_length": 19.80141803341098,
        "final_max_curvature": 4.6425631773933755,
        "final_average_curvature": 1.9357962111889138,
        "final_arclength_variation": 0.00028406370014802276,
        "final_mean_squared_curvature": 6.871748041701915,
        "final_max_torsion": 49.46951653303038,
        "final_linking_number": 0,
        "coils_linked_to_surface": true,
        "final_max_max_coil_force": 530079.9314851051,
        "final_avg_max_coil_force": 331576.83242408594,
        "final_max_force_per_coil": [
          530079.9314851051,
          206438.7119229738,
          373964.2960229,
          215824.39026536501
        ],
        "final_max_torque_per_coil": [
          243107.1442877951,
          98780.80975945537,
          173362.09719410722,
          75951.17382156166
        ],
        "final_max_max_coil_torque": 243107.1442877951,
        "final_avg_max_coil_torque": 147800.30626572983,
        "avg_BdotN_over_B": 0.0004928383357021135,
        "max_BdotN_over_B": 0.002168518549769403,
        "lagrange_multipliers": null,
        "output_directory": "/Users/akaptanoglu/actions-runner/_work/stellcoilbench/stellcoilbench/cases/done/2026-03-13_205700_84900/order_8",
        "flux_threshold": 1e-06,
        "cc_threshold": 0.10500000000000001,
        "cs_threshold": 0.008651834151281627,
        "msc_threshold": 129.10181620743847,
        "arclength_variation_threshold": 0.0,
        "curvature_threshold": 29.82763962133649,
        "force_threshold": 0.0,
        "torque_threshold": 0.0,
        "timing": {
          "coil_initialization": 1.249951310455799e-06,
          "biotsavart_setup": 0.002896249992772937,
          "objective_setup": 0.006252166000194848,
          "coil_optimization": 254.3224049580749,
          "save_and_metrics": 0.9977955420035869
        },
        "fourier_order": 8,
        "continuation_step": 2
      },
      {
        "initial_B_field": 1.0964867398148948,
        "final_B_field": 1.0964867398148948,
        "target_B_field": 1.0,
        "optimization_time": 6.920938014984131,
        "walltime_sec": 6.920938014984131,
        "iterations_used": 500,