{
  "metadata": {
    "contact": "auto",
    "hardware": "CPU: self-hosted runner",
    "run_date": "2026-03-28T10:53:35.331298",
    "iterations_used": 500,
    "walltime_sec": 1935.464369058609,
    "tags": [
      "explore"
    ],
    "parent_ids": []
  },
  "version_info": {
    "stellcoilbench_commit": "3b78fce4bd973e31ca97661bbf71bb917bffac42",
    "stellcoilbench_branch": "main",
    "simsopt_version": "0.1.dev5668+ga79006b0b",
    "simsopt_commit": "a79006b0b"
  },
  "metrics": {
    "fourier_continuation": true,
    "fourier_orders": [
      4,
      8,
      16
    ],
    "final_order": 16,
    "continuation_results": [
      {
        "initial_B_field": 2.5000086086152167,
        "final_B_field": 2.7678925456526513,
        "target_B_field": 2.5,
        "optimization_time": 1171.949110031128,
        "walltime_sec": 1171.949110031128,
        "iterations_used": 500,
        "final_squared_flux": 0.028433419521255752,
        "optimization_success": true,
        "optimization_message": "Completed",
        "optimization_nfev": 500,
        "optimization_njev": null,
        "_cached_thresholds": {
          "length_threshold": 60.33093304039739,
          "flux_threshold": 1e-08,
          "cc_threshold": 0.22658781698871783,
          "cs_threshold": 0.450709372023817,
          "msc_threshold": 2.3582247585120863,
          "curvature_threshold": 5.994497047772127,
          "force_threshold": 619.5611126214698,
          "torque_threshold": 0.0,
          "finite_build_width": 0.10789896047081801,
          "major_radius": 5.483631261799852,
          "minor_radius": 0.5240806651439732,
          "a0": 3.2437754587511507,
          "arclength_variation_threshold": 0.0,
          "coil_width": 0.12331309768093489
        },
        "final_min_cs_separation": 0.41879451776968263,
        "final_min_cc_separation": 0.1647430411809028,
        "final_length_per_coil": [
          14.166438788739471,
          13.14577216715647,
          19.406393836134676,
          13.648216160148825
        ],
        "final_current_per_coil": [
          2125499.4765014206,
          1828552.065950511,
          2032504.19352405,
          888491.5748833828
        ],
        "total_current_before": 6875047.310859364,
        "total_current_after": 6875047.310859364,
        "final_total_length": 60.366820952179445,
        "final_max_curvature": 1.3145524174837497,
        "final_average_curvature": 0.7321746120226555,
        "final_arclength_variation": 0.06045729933840308,
        "final_mean_squared_curvature": 0.7790569238494294,
        "final_max_torsion": 5.456164343679127,
        "final_linking_number": 0,
        "coils_linked_to_surface": true,
        "final_max_max_coil_force": 5619312.917945781,
        "final_avg_max_coil_force": 4190131.818663423,
        "final_max_force_per_coil": [
          4478124.157402557,
          4584041.0477806125,
          5619312.917945781,
          2079049.1515247414
        ],
        "final_max_torque_per_coil": [
          5875747.24283364,
          6801076.2796802865,
          9969218.754462566,
          1998676.62013975
        ],
        "final_max_max_coil_torque": 9969218.754462566,
        "final_avg_max_coil_torque": 6161179.724279061,
        "avg_BdotN_over_B": 0.007135841048225809,
        "max_BdotN_over_B": 0.04786251936530301,
        "lagrange_multipliers": null,
        "output_directory": "/Users/akaptanoglu/actions-runner/_work/stellcoilbench/stellcoilbench/cases/done/2026-03-28_094807_41956/order_4",
        "flux_threshold": 1e-08,
        "cc_threshold": 0.22658781698871783,
        "cs_threshold": 0.450709372023817,
        "msc_threshold": 2.3582247585120863,
        "arclength_variation_threshold": 0.0,
        "curvature_threshold": 5.994497047772127,
        "force_threshold": 619.5611126214698,
        "torque_threshold": 0.0,
        "timing": {
          "coil_initialization": 0.5896219999995083,
          "biotsavart_setup": 2.199008208932355,
          "objective_setup": 0.03478787490166724,
          "coil_optimization": 1171.9502714169212,
          "save_and_metrics": 1.3605659999884665
        },
        "fourier_order": 4,
        "continuation_step": 1
      },
      {
        "initial_B_field": 2.7678925456526513,
        "final_B_field": 2.832004609742226,
        "target_B_field": 2.5,
        "optimization_time": 529.0822360515594,
        "walltime_sec": 529.0822360515594,
        "iterations_used": 500,
        "final_squared_flux": 0.17217682129999076,
        "optimization_success": true,
        "optimization_message": "Completed",
        "optimization_nfev": 500,
        "optimization_njev": null,
        "_cached_thresholds": {
          "length_threshold": 60.33093304039739,
          "flux_threshold": 1e-08,
          "cc_threshold": 0.22658781698871783,
          "cs_threshold": 0.450709372023817,
          "msc_threshold": 2.3582247585120863,
          "curvature_threshold": 5.994497047772127,
          "force_threshold": 619.5611126214698,
          "torque_threshold": 0.0,
          "finite_build_width": 0.10789896047081801,
          "major_radius": 5.483631261799852,
          "minor_radius": 0.5240806651439732,
          "a0": 3.2437754587511507,
          "arclength_variation_threshold": 0.0,
          "coil_width": 0.12331309768093489
        },
        "final_min_cs_separation": 0.36710399781191816,
        "final_min_cc_separation": 0.06932186580326209,
        "final_length_per_coil": [
          14.943824957142605,
          13.392355467135483,
          19.39341687016335,
          14.250217913821656
        ],
        "final_current_per_coil": [
          2124396.7843452087,
          1826696.2437897415,
          2031162.9085049108,
          892791.3742195033
        ],
        "total_current_before": 6875047.310859364,
        "total_current_after": 6875047.310859364,
        "final_total_length": 61.97981520826309,
        "final_max_curvature": 1.5685745413782464,
        "final_average_curvature": 0.7133625246588748,
        "final_arclength_variation": 0.8083019795590092,
        "final_mean_squared_curvature": 0.811372587230569,
        "final_max_torsion": 1.7412804834594005,
        "final_linking_number": 0,
        "coils_linked_to_surface": true,
        "final_max_max_coil_force": 7733392.266580654,
        "final_avg_max_coil_force": 6534933.23257824,
        "final_max_force_per_coil": [
          7381591.910875798,
          7013170.00149496,
          7733392.266580654,
          4011578.751361549
        ],
        "final_max_torque_per_coil": [
          10276216.512400681,
          11392408.770447655,
          10253125.475636551,
          5789583.763583978
        ],
        "final_max_max_coil_torque": 11392408.770447655,
        "final_avg_max_coil_torque": 9427833.630517216,
        "avg_BdotN_over_B": 0.016954986290088046,
        "max_BdotN_over_B": 0.07143444733250814,
        "lagrange_multipliers": null,
        "output_directory": "/Users/akaptanoglu/actions-runner/_work/stellcoilbench/stellcoilbench/cases/done/2026-03-28_094807_41956/order_8",
        "flux_threshold": 1e-08,
        "cc_threshold": 0.22658781698871783,
        "cs_threshold": 0.450709372023817,
        "msc_threshold": 2.3582247585120863,
        "arclength_variation_threshold": 0.0,
        "curvature_threshold": 5.994497047772127,
        "force_threshold": 619.5611126214698,
        "torque_threshold": 0.0,
        "timing": {
          "coil_initialization": 5.830079317092896e-07,
          "biotsavart_setup": 0.003746416885405779,
          "objective_setup": 0.007098000030964613,
          "coil_optimization": 529.0827614997979,
          "save_and_metrics": 1.3929775420110673
        },
        "fourier_order": 8,
        "continuation_step": 2
      },
      {
        "initial_B_field": 2.832004609742226,
        "final_B_field": 2.8735395247194226,
        "target_B_field": 2.5,