{
  "metadata": {
    "contact": "auto",
    "hardware": "CPU: self-hosted runner",
    "run_date": "2026-03-16T10:56:56.686765",
    "iterations_used": 500,
    "walltime_sec": 10.316331148147583
  },
  "version_info": {
    "stellcoilbench_commit": "5fba7d607e0a67e82969c3b8ec24a15dbabd4627",
    "stellcoilbench_branch": "main",
    "simsopt_version": "0.1.dev5668+ga79006b0b",
    "simsopt_commit": "a79006b0b"
  },
  "metrics": {
    "fourier_continuation": true,
    "fourier_orders": [
      4,
      8,
      16
    ],
    "final_order": 16,
    "continuation_results": [
      {
        "initial_B_field": 1.0000008292436955,
        "final_B_field": 1.100210655508191,
        "target_B_field": 1.0,
        "optimization_time": 111.879319190979,
        "walltime_sec": 111.879319190979,
        "iterations_used": 500,
        "final_squared_flux": 0.0,
        "optimization_success": true,
        "optimization_message": "Completed",
        "optimization_nfev": 500,
        "optimization_njev": null,
        "_cached_thresholds": {
          "length_threshold": 19.80141933783816,
          "flux_threshold": 8.1e-05,
          "cc_threshold": 0.10500000000000001,
          "cs_threshold": 0.01857026609050807,
          "msc_threshold": 75.07813327094092,
          "curvature_threshold": 72.80997262883095,
          "force_threshold": 0.0,
          "torque_threshold": 0.0,
          "finite_build_width": 0.05,
          "major_radius": 1.0098736979848935,
          "minor_radius": 0.16831206437162433,
          "a0": 10.100286074838271,
          "arclength_variation_threshold": 0.0,
          "coil_width": 0.039602838675676315
        },
        "final_min_cs_separation": 0.19281069300731712,
        "final_min_cc_separation": 0.10463430806624635,
        "final_length_per_coil": [
          3.130753610423467,
          3.2427952349029994,
          3.2125859963302084,
          3.435752375256324,
          3.293619472196421,
          3.485769017835736
        ],
        "final_current_per_coil": [
          175704.13113222842,
          217876.22989900745,
          169489.32383794547,
          244482.7016791907,
          185525.33234939678,
          256924.35355660378
        ],
        "total_current_before": 1250002.0724543727,
        "total_current_after": 1250002.0724543727,
        "final_total_length": 19.801275706945155,
        "final_max_curvature": 3.8915010865751616,
        "final_average_curvature": 2.3363992834353384,
        "final_arclength_variation": 0.0003934036183077495,
        "final_mean_squared_curvature": 7.036419773045784,
        "final_max_torsion": 115.27881669871044,
        "final_linking_number": 0,
        "coils_linked_to_surface": true,
        "final_max_max_coil_force": 281510.00796095264,
        "final_avg_max_coil_force": 192301.5077002536,
        "final_max_force_per_coil": [
          138373.07389564294,
          263142.5823414342,
          107894.2163699007,
          281510.00796095264,
          179777.1870832134,
          183111.97855037777
        ],
        "final_max_torque_per_coil": [
          30952.08155877783,
          82142.2073434435,
          48017.18793155886,
          84070.44769807391,
          39074.49637150423,
          43969.5947498324
        ],
        "final_max_max_coil_torque": 84070.44769807391,
        "final_avg_max_coil_torque": 54704.33594219846,
        "avg_BdotN_over_B": 0.003686907602121998,
        "max_BdotN_over_B": 0.02023187358302658,
        "lagrange_multipliers": null,
        "output_directory": "/Users/akaptanoglu/actions-runner/_work/stellcoilbench/stellcoilbench/cases/done/2026-03-16_105050_37392/order_4",
        "flux_threshold": 8.1e-05,
        "cc_threshold": 0.10500000000000001,
        "cs_threshold": 0.01857026609050807,
        "msc_threshold": 75.07813327094092,
        "arclength_variation_threshold": 0.0,
        "curvature_threshold": 72.80997262883095,
        "force_threshold": 0.0,
        "torque_threshold": 0.0,
        "timing": {
          "coil_initialization": 0.2975944579811767,
          "biotsavart_setup": 1.5267563340021297,
          "objective_setup": 0.031079042004421353,
          "coil_optimization": 111.87944041704759,
          "save_and_metrics": 1.027761165983975
        },
        "fourier_order": 4,
        "continuation_step": 1
      },
      {
        "initial_B_field": 1.100210655508191,
        "final_B_field": 1.1002642211390212,
        "target_B_field": 1.0,
        "optimization_time": 35.68285584449768,
        "walltime_sec": 35.68285584449768,
        "iterations_used": 500,
        "final_squared_flux": 0.0,
        "optimization_success": true,
        "optimization_message": "Completed",
        "optimization_nfev": 500,
        "optimization_njev": null,
        "_cached_thresholds": {
          "length_threshold": 19.80141933783816,
          "flux_threshold": 8.1e-05,
          "cc_threshold": 0.10500000000000001,
          "cs_threshold": 0.01857026609050807,
          "msc_threshold": 75.07813327094092,
          "curvature_threshold": 72.80997262883095,
          "force_threshold": 0.0,
          "torque_threshold": 0.0,
          "finite_build_width": 0.05,
          "major_radius": 1.0098736979848935,
          "minor_radius": 0.16831206437162433,
          "a0": 10.100286074838271,
          "arclength_variation_threshold": 0.0,
          "coil_width": 0.039602838675676315
        },
        "final_min_cs_separation": 0.19256140367465358,
        "final_min_cc_separation": 0.10527420980093416,
        "final_length_per_coil": [
          3.1312540424871287,
          3.2425248164803513,
          3.2135624373617437,
          3.434834807038119,
          3.2934701225672125,
          3.4853754564772106
        ],
        "final_current_per_coil": [
          175916.80377039645,
          217300.6798302571,
          169684.04514145528,
          244684.90926432156,
          185235.90296588754,
          257179.7314820547
        ],
        "total_current_before": 1250002.0724543727,
        "total_current_after": 1250002.0724543727,
        "final_total_length": 19.80102168241177,
        "final_max_curvature": 3.8935971135857277,
        "final_average_curvature": 2.3354205189259787,
        "final_arclength_variation": 1.84993238866758e-05,
        "final_mean_squared_curvature": 7.037058462787993,
        "final_max_torsion": 82.38027317209064,
        "final_linking_number": 0,
        "coils_linked_to_surface": true,
        "final_max_max_coil_force": 268886.69889219856,
        "final_avg_max_coil_force": 178478.9026132624,
        "final_max_force_per_coil": [
          122092.6928036019,
          252175.1335636641,
          98714.65753062989,
          268886.69889219856,
          170078.44696110513,
          158925.78592837497
        ],
        "final_max_torque_per_coil": [
          28544.98210729222,
          82702.1413679214,
          45028.54944246995,
          89286.47636692249,
          39505.621004820416,
          37006.449153973124
        ],
        "final_max_max_coil_torque": 89286.47636692249,
        "final_avg_max_coil_torque": 53679.03657389994,
        "avg_BdotN_over_B": 0.0036961962581163557,
        "max_BdotN_over_B": 0.020564385314278823,
        "lagrange_multipliers": null,
        "output_directory": "/Users/akaptanoglu/actions-runner/_work/stellcoilbench/stellcoilbench/cases/done/2026-03-16_105050_37392/order_8",
        "flux_threshold": 8.1e-05,
        "cc_threshold": 0.10500000000000001,
        "cs_threshold": 0.01857026609050807,
        "msc_threshold": 75.07813327094092,
        "arclength_variation_threshold": 0.0,
        "curvature_threshold": 72.80997262883095,
        "force_threshold": 0.0,
        "torque_threshold": 0.0,
        "timing": {
          "coil_initialization": 5.830079317092896e-07,
          "biotsavart_setup": 0.0033997080754488707,
          "objective_setup": 0.09597333299461752,