{
  "metadata": {
    "contact": "auto",
    "hardware": "CPU: self-hosted runner",
    "run_date": "2026-03-18T23:35:41.083666",
    "iterations_used": 500,
    "walltime_sec": 183.99492025375366,
    "tags": [
      "explore"
    ],
    "parent_ids": []
  },
  "version_info": {
    "stellcoilbench_commit": "ac9f80b55325196e670b227fb1fba6dc13f59add",
    "stellcoilbench_branch": "main",
    "simsopt_version": "0.1.dev5668+ga79006b0b",
    "simsopt_commit": "a79006b0b"
  },
  "metrics": {
    "fourier_continuation": true,
    "fourier_orders": [
      4,
      8,
      16
    ],
    "final_order": 16,
    "continuation_results": [
      {
        "initial_B_field": 1.0000305513510055,
        "final_B_field": 1.096970635821882,
        "target_B_field": 1.0,
        "optimization_time": 113.8600127696991,
        "walltime_sec": 113.8600127696991,
        "iterations_used": 500,
        "final_squared_flux": 0.001222185710164238,
        "optimization_success": true,
        "optimization_message": "Completed",
        "optimization_nfev": 500,
        "optimization_njev": null,
        "_cached_thresholds": {
          "length_threshold": 11.96203742198803,
          "flux_threshold": 1e-08,
          "cc_threshold": 0.12059064376743438,
          "cs_threshold": 0.1321744740800697,
          "msc_threshold": 9.989182928015051,
          "curvature_threshold": 14.473709945243243,
          "force_threshold": 801.9627143421588,
          "torque_threshold": 0.0,
          "finite_build_width": 0.05,
          "major_radius": 1.0098736979848935,
          "minor_radius": 0.16831206437162433,
          "a0": 10.100286074838271,
          "arclength_variation_threshold": 0.0,
          "coil_width": 0.039602838675676315
        },
        "final_min_cs_separation": 0.15321760985548896,
        "final_min_cc_separation": 0.22035756221407224,
        "final_length_per_coil": [
          3.693269406989397,
          3.2318550410326474,
          2.6724734052071906,
          2.386546856416701
        ],
        "final_current_per_coil": [
          429311.37207302375,
          359460.9479576205,
          256209.69194830154,
          205093.61265651823
        ],
        "total_current_before": 1250075.624635464,
        "total_current_after": 1250075.624635464,
        "final_total_length": 11.984144709645935,
        "final_max_curvature": 4.713988328415585,
        "final_average_curvature": 2.5018806780166294,
        "final_arclength_variation": 0.005290933901314015,
        "final_mean_squared_curvature": 10.065529492234464,
        "final_max_torsion": 93.91139505649043,
        "final_linking_number": 0,
        "coils_linked_to_surface": true,
        "final_max_max_coil_force": 308595.50299769815,
        "final_avg_max_coil_force": 227557.3321002391,
        "final_max_force_per_coil": [
          308595.50299769815,
          272281.2145311497,
          189256.52854623503,
          140096.08232587346
        ],
        "final_max_torque_per_coil": [
          101005.0470216767,
          68696.15343774226,
          32098.84163056958,
          17863.28509464632
        ],
        "final_max_max_coil_torque": 101005.0470216767,
        "final_avg_max_coil_torque": 54915.831796158716,
        "avg_BdotN_over_B": 0.016554170795795128,
        "max_BdotN_over_B": 0.05780862231530119,
        "lagrange_multipliers": null,
        "output_directory": "/Users/akaptanoglu/actions-runner/_work/stellcoilbench/stellcoilbench/cases/done/2026-03-18_232549_94705/order_4",
        "flux_threshold": 1e-08,
        "cc_threshold": 0.12059064376743438,
        "cs_threshold": 0.1321744740800697,
        "msc_threshold": 9.989182928015051,
        "arclength_variation_threshold": 0.0,
        "curvature_threshold": 14.473709945243243,
        "force_threshold": 801.9627143421588,
        "torque_threshold": 0.0,
        "timing": {
          "coil_initialization": 0.18196483398787677,
          "biotsavart_setup": 1.3088235829491168,
          "objective_setup": 0.03267491585575044,
          "coil_optimization": 113.8600572089199,
          "save_and_metrics": 0.986366790952161
        },
        "fourier_order": 4,
        "continuation_step": 1
      },
      {
        "initial_B_field": 1.096970635821882,
        "final_B_field": 1.096104585481004,
        "target_B_field": 1.0,
        "optimization_time": 177.48453497886658,
        "walltime_sec": 177.48453497886658,
        "iterations_used": 500,
        "final_squared_flux": 0.0012174832150485292,
        "optimization_success": true,
        "optimization_message": "Completed",
        "optimization_nfev": 500,
        "optimization_njev": null,
        "_cached_thresholds": {
          "length_threshold": 11.96203742198803,
          "flux_threshold": 1e-08,
          "cc_threshold": 0.12059064376743438,
          "cs_threshold": 0.1321744740800697,
          "msc_threshold": 9.989182928015051,
          "curvature_threshold": 14.473709945243243,
          "force_threshold": 801.9627143421588,
          "torque_threshold": 0.0,
          "finite_build_width": 0.05,
          "major_radius": 1.0098736979848935,
          "minor_radius": 0.16831206437162433,
          "a0": 10.100286074838271,
          "arclength_variation_threshold": 0.0,
          "coil_width": 0.039602838675676315
        },
        "final_min_cs_separation": 0.1520198815393648,
        "final_min_cc_separation": 0.2317013106752858,
        "final_length_per_coil": [
          3.7219472178274096,
          3.2281604013678344,
          2.639807671570315,
          2.3860271635475168
        ],
        "final_current_per_coil": [
          436449.58584493876,
          359325.706903782,
          248108.3895337102,
          206191.9423530331
        ],
        "total_current_before": 1250075.624635464,
        "total_current_after": 1250075.624635464,
        "final_total_length": 11.975942454313076,
        "final_max_curvature": 4.787833198615353,
        "final_average_curvature": 2.5002385041929402,
        "final_arclength_variation": 0.0013597823341806746,
        "final_mean_squared_curvature": 10.009597982856945,
        "final_max_torsion": 49.43401543809455,
        "final_linking_number": 0,
        "coils_linked_to_surface": true,
        "final_max_max_coil_force": 284005.0720477855,
        "final_avg_max_coil_force": 188231.21292225042,
        "final_max_force_per_coil": [
          284005.0720477855,
          214805.42121525807,
          144344.7550976569,
          109769.6033283012
        ],
        "final_max_torque_per_coil": [
          74570.08072414181,
          50598.977269573006,
          23202.216441570632,
          13270.159112059946
        ],
        "final_max_max_coil_torque": 74570.08072414181,
        "final_avg_max_coil_torque": 40410.35838683635,
        "avg_BdotN_over_B": 0.016544926210757663,
        "max_BdotN_over_B": 0.05780274239086364,
        "lagrange_multipliers": null,
        "output_directory": "/Users/akaptanoglu/actions-runner/_work/stellcoilbench/stellcoilbench/cases/done/2026-03-18_232549_94705/order_8",
        "flux_threshold": 1e-08,
        "cc_threshold": 0.12059064376743438,
        "cs_threshold": 0.1321744740800697,
        "msc_threshold": 9.989182928015051,
        "arclength_variation_threshold": 0.0,
        "curvature_threshold": 14.473709945243243,
        "force_threshold": 801.9627143421588,
        "torque_threshold": 0.0,
        "timing": {
          "coil_initialization": 5.830079317092896e-07,
          "biotsavart_setup": 0.002590708900243044,
          "objective_setup": 0.005351708037778735,
          "coil_optimization": 177.48463495797478,
          "save_and_metrics": 0.8123153338674456
        },
        "fourier_order": 8,
        "continuation_step": 2
      },
      {
        "initial_B_field": 1.096104585481004,
        "final_B_field": 1.0959036491777843,
        "target_B_field": 1.0,
        "optimization_time": 183.99492025375366,