{
  "metadata": {
    "contact": "auto",
    "hardware": "CPU: self-hosted runner",
    "run_date": "2026-03-13T19:40:31.475844",
    "iterations_used": 500,
    "walltime_sec": 193.5979242324829
  },
  "version_info": {
    "stellcoilbench_commit": "e5ee8cf115466ed7ed1f5a722d0742153474e6c2",
    "stellcoilbench_branch": "main",
    "simsopt_version": "0.1.dev5668+ga79006b0b",
    "simsopt_commit": "a79006b0b"
  },
  "metrics": {
    "fourier_continuation": true,
    "fourier_orders": [
      4,
      8,
      16
    ],
    "final_order": 16,
    "continuation_results": [
      {
        "initial_B_field": 1.0000008292436955,
        "final_B_field": 1.2769983995255854,
        "target_B_field": 1.0,
        "optimization_time": 562.6224007606506,
        "walltime_sec": 562.6224007606506,
        "iterations_used": 500,
        "final_squared_flux": 0.010669737002861371,
        "optimization_success": true,
        "optimization_message": "Completed",
        "optimization_nfev": 500,
        "optimization_njev": null,
        "_cached_thresholds": {
          "length_threshold": 13.360017627239404,
          "flux_threshold": 1e-08,
          "cc_threshold": 0.10500000000000001,
          "cs_threshold": 0.14009504181520496,
          "msc_threshold": 16.332162583013485,
          "curvature_threshold": 17.443194051245694,
          "force_threshold": 969.627463184474,
          "torque_threshold": 0.0,
          "finite_build_width": 0.05,
          "major_radius": 1.0098736979848935,
          "minor_radius": 0.16831206437162433,
          "a0": 10.100286074838271,
          "arclength_variation_threshold": 0.0,
          "coil_width": 0.039602838675676315
        },
        "final_min_cs_separation": 0.02340933511736379,
        "final_min_cc_separation": 0.09089236495286267,
        "final_length_per_coil": [
          2.163350546822654,
          2.4301579559629753,
          2.2004291584342996,
          2.1534911951242366,
          2.2051866346467257,
          2.2773634231962503
        ],
        "final_current_per_coil": [
          218102.6240366232,
          573977.9419917064,
          216917.93142344995,
          297836.9949022721,
          186110.52589374056,
          193261.30227982695
        ],
        "total_current_before": 1250002.0724543727,
        "total_current_after": 1250002.072454373,
        "final_total_length": 13.429978914187144,
        "final_max_curvature": 10.60571058177621,
        "final_average_curvature": 3.5473203332599934,
        "final_arclength_variation": 0.0386708213481175,
        "final_mean_squared_curvature": 17.680845946890603,
        "final_max_torsion": 145.8311429124907,
        "final_linking_number": 0,
        "coils_linked_to_surface": false,
        "final_max_max_coil_force": 630980.2762611291,
        "final_avg_max_coil_force": 283317.27759097784,
        "final_max_force_per_coil": [
          283281.6881876088,
          630980.2762611291,
          217503.4518782505,
          312082.56297054625,
          122065.0307044352,
          133990.65554389713
        ],
        "final_max_torque_per_coil": [
          48306.54911358653,
          132694.22263772553,
          80854.1018545869,
          80958.76556983963,
          34534.445422128585,
          45635.9858396913
        ],
        "final_max_max_coil_torque": 132694.22263772553,
        "final_avg_max_coil_torque": 70497.34507292642,
        "avg_BdotN_over_B": 0.05736283752328023,
        "max_BdotN_over_B": 0.9909168314831017,
        "lagrange_multipliers": null,
        "output_directory": "/Users/akaptanoglu/actions-runner/_work/stellcoilbench/stellcoilbench/cases/done/2026-03-13_192014_60978/order_4",
        "flux_threshold": 1e-08,
        "cc_threshold": 0.10500000000000001,
        "cs_threshold": 0.14009504181520496,
        "msc_threshold": 16.332162583013485,
        "arclength_variation_threshold": 0.0,
        "curvature_threshold": 17.443194051245694,
        "force_threshold": 969.627463184474,
        "torque_threshold": 0.0,
        "timing": {
          "coil_initialization": 0.48351262498181313,
          "biotsavart_setup": 1.5591128329979256,
          "objective_setup": 0.03806216607335955,
          "coil_optimization": 562.622750749928,
          "save_and_metrics": 1.0197280830470845
        },
        "fourier_order": 4,
        "continuation_step": 1
      },
      {
        "initial_B_field": 1.2769983995255854,
        "final_B_field": 1.2540062992000438,
        "target_B_field": 1.0,
        "optimization_time": 408.61522698402405,
        "walltime_sec": 408.61522698402405,
        "iterations_used": 500,
        "final_squared_flux": 0.00989274362529903,
        "optimization_success": true,
        "optimization_message": "Completed",
        "optimization_nfev": 500,
        "optimization_njev": null,
        "_cached_thresholds": {
          "length_threshold": 13.360017627239404,
          "flux_threshold": 1e-08,
          "cc_threshold": 0.10500000000000001,
          "cs_threshold": 0.14009504181520496,
          "msc_threshold": 16.332162583013485,
          "curvature_threshold": 17.443194051245694,
          "force_threshold": 969.627463184474,
          "torque_threshold": 0.0,
          "finite_build_width": 0.05,
          "major_radius": 1.0098736979848935,
          "minor_radius": 0.16831206437162433,
          "a0": 10.100286074838271,
          "arclength_variation_threshold": 0.0,
          "coil_width": 0.039602838675676315
        },
        "final_min_cs_separation": 0.023455499062161756,
        "final_min_cc_separation": 0.08537737324666661,
        "final_length_per_coil": [
          2.1915705657096294,
          2.4035431986142175,
          2.2244277479995525,
          2.1286418555135,
          2.20041941280215,
          2.2557154396454013
        ],
        "final_current_per_coil": [
          172743.04808156606,
          604784.6707556942,
          213051.4264927073,
          264781.9993110077,
          175384.51268436507,
          164742.51129216445
        ],
        "total_current_before": 1250002.072454373,
        "total_current_after": 1250002.0724543727,
        "final_total_length": 13.40431822028445,
        "final_max_curvature": 15.212231057950103,
        "final_average_curvature": 3.4005109006945062,
        "final_arclength_variation": 0.0387962396010875,
        "final_mean_squared_curvature": 17.91670932183085,
        "final_max_torsion": 146.00722478866086,
        "final_linking_number": 0,
        "coils_linked_to_surface": false,
        "final_max_max_coil_force": 475457.95419321116,
        "final_avg_max_coil_force": 205940.18513672616,
        "final_max_force_per_coil": [
          240995.8202274953,
          475457.95419321116,
          190899.08804983678,
          169607.40604999627,
          84133.88536235335,
          74546.95693746385
        ],
        "final_max_torque_per_coil": [
          50864.57614033107,
          95679.69159791838,
          75781.66783099229,
          49120.56255979456,
          21401.52263797229,
          25280.045793478796
        ],
        "final_max_max_coil_torque": 95679.69159791838,
        "final_avg_max_coil_torque": 53021.3444267479,
        "avg_BdotN_over_B": 0.05775337012813855,
        "max_BdotN_over_B": 0.999170443673602,
        "lagrange_multipliers": null,
        "output_directory": "/Users/akaptanoglu/actions-runner/_work/stellcoilbench/stellcoilbench/cases/done/2026-03-13_192014_60978/order_8",
        "flux_threshold": 1e-08,
        "cc_threshold": 0.10500000000000001,
        "cs_threshold": 0.14009504181520496,
        "msc_threshold": 16.332162583013485,
        "arclength_variation_threshold": 0.0,
        "curvature_threshold": 17.443194051245694,
        "force_threshold": 969.627463184474,
        "torque_threshold": 0.0,
        "timing": {
          "coil_initialization": 4.159519448876381e-07,