{
  "metadata": {
    "contact": "auto",
    "hardware": "CPU: self-hosted runner",
    "run_date": "2026-03-29T01:39:44.127933",
    "iterations_used": 500,
    "walltime_sec": 323.61642599105835,
    "tags": [
      "explore"
    ],
    "parent_ids": []
  },
  "version_info": {
    "stellcoilbench_commit": "f039a90ef645d870b50a4bc6324e5953a1b3eab7",
    "stellcoilbench_branch": "main",
    "simsopt_version": "0.1.dev5668+ga79006b0b",
    "simsopt_commit": "a79006b0b"
  },
  "metrics": {
    "fourier_continuation": true,
    "fourier_orders": [
      4,
      8,
      16
    ],
    "final_order": 16,
    "continuation_results": [
      {
        "initial_B_field": 2.5000971540886527,
        "final_B_field": 2.7673577436325028,
        "target_B_field": 2.5,
        "optimization_time": 340.5327670574188,
        "walltime_sec": 340.5327670574188,
        "iterations_used": 500,
        "final_squared_flux": 0.09504414884991065,
        "optimization_success": true,
        "optimization_message": "Completed",
        "optimization_nfev": 500,
        "optimization_njev": null,
        "_cached_thresholds": {
          "length_threshold": 38.95152472996531,
          "flux_threshold": 1e-08,
          "cc_threshold": 0.31013244066755125,
          "cs_threshold": 0.3878196922065402,
          "msc_threshold": 26.118879993864265,
          "curvature_threshold": 2.1635982309870174,
          "force_threshold": 311.4024440401105,
          "torque_threshold": 0.0,
          "finite_build_width": 0.10789896047081801,
          "major_radius": 5.483631261799852,
          "minor_radius": 0.5240806651439732,
          "a0": 3.2437754587511507,
          "arclength_variation_threshold": 0.0,
          "coil_width": 0.12331309768093489
        },
        "final_min_cs_separation": 0.36112902388659585,
        "final_min_cc_separation": 0.23196054336658214,
        "final_length_per_coil": [
          12.574146767405256,
          12.01095150076308,
          14.414339800687031
        ],
        "final_current_per_coil": [
          3183836.8034717552,
          1320550.5180301403,
          2371143.6233250424
        ],
        "total_current_before": 6875530.944826938,
        "total_current_after": 6875530.944826938,
        "final_total_length": 38.99943806885537,
        "final_max_curvature": 1.5020420884343237,
        "final_average_curvature": 0.8775619469582159,
        "final_arclength_variation": 0.1712826883385976,
        "final_mean_squared_curvature": 1.018622707718778,
        "final_max_torsion": 8.947461786139387,
        "final_linking_number": 0,
        "coils_linked_to_surface": true,
        "final_max_max_coil_force": 7687339.499941248,
        "final_avg_max_coil_force": 5194515.714726931,
        "final_max_force_per_coil": [
          7687339.499941248,
          3760809.1038980223,
          4135398.5403415235
        ],
        "final_max_torque_per_coil": [
          9111685.303263132,
          3077137.4090164565,
          3722106.178179465
        ],
        "final_max_max_coil_torque": 9111685.303263132,
        "final_avg_max_coil_torque": 5303642.963486351,
        "avg_BdotN_over_B": 0.013315758964463076,
        "max_BdotN_over_B": 0.08369104704326803,
        "lagrange_multipliers": null,
        "output_directory": "/Users/akaptanoglu/actions-runner/_work/stellcoilbench/stellcoilbench/cases/done/2026-03-29_010227_75813/order_4",
        "flux_threshold": 1e-08,
        "cc_threshold": 0.31013244066755125,
        "cs_threshold": 0.3878196922065402,
        "msc_threshold": 26.118879993864265,
        "arclength_variation_threshold": 0.0,
        "curvature_threshold": 2.1635982309870174,
        "force_threshold": 311.4024440401105,
        "torque_threshold": 0.0,
        "timing": {
          "coil_initialization": 0.4527539999689907,
          "biotsavart_setup": 1.634042208082974,
          "objective_setup": 0.029339540982618928,
          "coil_optimization": 340.53320820908993,
          "save_and_metrics": 1.319978249957785
        },
        "fourier_order": 4,
        "continuation_step": 1
      },
      {
        "initial_B_field": 2.7673577436325028,
        "final_B_field": 2.8610283522184528,
        "target_B_field": 2.5,
        "optimization_time": 1259.8829820156097,
        "walltime_sec": 1259.8829820156097,
        "iterations_used": 500,
        "final_squared_flux": 0.4028187143483868,
        "optimization_success": true,
        "optimization_message": "Completed",
        "optimization_nfev": 500,
        "optimization_njev": null,
        "_cached_thresholds": {
          "length_threshold": 38.95152472996531,
          "flux_threshold": 1e-08,
          "cc_threshold": 0.31013244066755125,
          "cs_threshold": 0.3878196922065402,
          "msc_threshold": 26.118879993864265,
          "curvature_threshold": 2.1635982309870174,
          "force_threshold": 311.4024440401105,
          "torque_threshold": 0.0,
          "finite_build_width": 0.10789896047081801,
          "major_radius": 5.483631261799852,
          "minor_radius": 0.5240806651439732,
          "a0": 3.2437754587511507,
          "arclength_variation_threshold": 0.0,
          "coil_width": 0.12331309768093489
        },
        "final_min_cs_separation": 0.32176789389703386,
        "final_min_cc_separation": 0.09367064900791007,
        "final_length_per_coil": [
          12.797610442093026,
          12.081866384234598,
          14.450771588955057
        ],
        "final_current_per_coil": [
          3181367.250160234,
          1318407.5830639594,
          2375756.111602745
        ],
        "total_current_before": 6875530.944826938,
        "total_current_after": 6875530.944826938,
        "final_total_length": 39.33024841528268,
        "final_max_curvature": 2.0665212703264197,
        "final_average_curvature": 0.8305797611256287,
        "final_arclength_variation": 0.6437888143744599,
        "final_mean_squared_curvature": 1.0640971038552933,
        "final_max_torsion": 1.3698884716474526,
        "final_linking_number": 0,
        "coils_linked_to_surface": true,
        "final_max_max_coil_force": 11554814.500369411,
        "final_avg_max_coil_force": 7473063.354551635,
        "final_max_force_per_coil": [
          11554814.500369411,
          6450723.727097575,
          4413651.836187918
        ],
        "final_max_torque_per_coil": [
          9111049.438874632,
          4913851.84674179,
          4321912.959621973
        ],
        "final_max_max_coil_torque": 9111049.438874632,
        "final_avg_max_coil_torque": 6115604.748412798,
        "avg_BdotN_over_B": 0.024831481381886258,
        "max_BdotN_over_B": 0.10230618676102714,
        "lagrange_multipliers": null,
        "output_directory": "/Users/akaptanoglu/actions-runner/_work/stellcoilbench/stellcoilbench/cases/done/2026-03-29_010227_75813/order_8",
        "flux_threshold": 1e-08,
        "cc_threshold": 0.31013244066755125,
        "cs_threshold": 0.3878196922065402,
        "msc_threshold": 26.118879993864265,
        "arclength_variation_threshold": 0.0,
        "curvature_threshold": 2.1635982309870174,
        "force_threshold": 311.4024440401105,
        "torque_threshold": 0.0,
        "timing": {
          "coil_initialization": 7.909256964921951e-07,
          "biotsavart_setup": 0.0032853749580681324,
          "objective_setup": 0.006422624923288822,
          "coil_optimization": 1259.8796648748685,
          "save_and_metrics": 1.3151108750607818
        },
        "fourier_order": 8,
        "continuation_step": 2
      },
      {
        "initial_B_field": 2.8610283522184528,
        "final_B_field": 2.8610415993574527,
        "target_B_field": 2.5,
        "optimization_time": 323.61642599105835,
        "walltime_sec": 323.61642599105835,
        "iterations_used": 500,
        "final_squared_flux": 0.4029572585626998,
        "optimization_success": true,
        "optimization_message": "Completed",