{
  "metadata": {
    "contact": "auto",
    "hardware": "CPU: self-hosted runner",
    "run_date": "2026-04-06T07:46:15.578862",
    "iterations_used": 500,
    "walltime_sec": 1264.4163279533386,
    "tags": [
      "explore",
      "llm"
    ],
    "parent_ids": []
  },
  "version_info": {
    "stellcoilbench_commit": "037f8950627504dda0f3c1b42cf2a2ae046d7355",
    "stellcoilbench_branch": "main",
    "simsopt_version": "0.1.dev5668+ga79006b0b",
    "simsopt_commit": "a79006b0b"
  },
  "metrics": {
    "fourier_continuation": true,
    "fourier_orders": [
      4,
      8,
      16
    ],
    "final_order": 16,
    "continuation_results": [
      {
        "initial_B_field": 5.700046898707296,
        "final_B_field": 6.3260514619966886,
        "target_B_field": 5.7,
        "optimization_time": 675.9801349639893,
        "walltime_sec": 675.9801349639893,
        "iterations_used": 500,
        "final_squared_flux": 0.16870648996604598,
        "optimization_success": true,
        "optimization_message": "Completed",
        "optimization_nfev": 500,
        "optimization_njev": null,
        "_cached_thresholds": {
          "length_threshold": 200.5207326851493,
          "flux_threshold": 1e-08,
          "cc_threshold": 1.0026036634257465,
          "cs_threshold": 1.50390549513862,
          "msc_threshold": 0.9974030980329254,
          "curvature_threshold": 0.9974030980329254,
          "force_threshold": 0.0,
          "torque_threshold": 400.0,
          "finite_build_width": 0.35091128219901124,
          "major_radius": 13.635429024906689,
          "minor_radius": 1.7044262278237692,
          "a0": 0.9974030980329254,
          "arclength_variation_threshold": 0.0,
          "coil_width": 0.40104146537029867
        },
        "final_min_cs_separation": 1.7539315139201124,
        "final_min_cc_separation": 0.9265939986569841,
        "final_length_per_coil": [
          60.4738297628968,
          53.577947953130824,
          56.49534799502244
        ],
        "final_current_per_coil": [
          16862962.535097737,
          9257838.894384187,
          22592737.76580596
        ],
        "total_current_before": 48713539.19528788,
        "total_current_after": 48713539.19528788,
        "final_total_length": 170.54712571105006,
        "final_max_curvature": 0.27800385131282307,
        "final_average_curvature": 0.1520372706284947,
        "final_arclength_variation": 0.19215471559139216,
        "final_mean_squared_curvature": 0.03350604270628222,
        "final_max_torsion": 5.325407307068578,
        "final_linking_number": 8,
        "coils_linked_to_surface": true,
        "final_max_max_coil_force": 110971438.62497441,
        "final_avg_max_coil_force": 84544214.92695509,
        "final_max_force_per_coil": [
          70044007.82181837,
          72617198.33407246,
          110971438.62497441
        ],
        "final_max_torque_per_coil": [
          412551545.96238947,
          402737911.7330207,
          405432236.6022063
        ],
        "final_max_max_coil_torque": 412551545.96238947,
        "final_avg_max_coil_torque": 406907231.4325388,
        "avg_BdotN_over_B": 0.003212490878264611,
        "max_BdotN_over_B": 0.012234235420363396,
        "lagrange_multipliers": null,
        "output_directory": "/Users/akaptanoglu/actions-runner/_work/stellcoilbench/stellcoilbench/cases/done/2026-04-06_065120_96565/order_4",
        "flux_threshold": 1e-08,
        "cc_threshold": 1.0026036634257465,
        "cs_threshold": 1.50390549513862,
        "msc_threshold": 0.9974030980329254,
        "arclength_variation_threshold": 0.0,
        "curvature_threshold": 0.9974030980329254,
        "force_threshold": 0.0,
        "torque_threshold": 400.0,
        "timing": {
          "coil_initialization": 0.4226852079737,
          "biotsavart_setup": 1.6416465839720331,
          "objective_setup": 0.039021416974719614,
          "coil_optimization": 675.9786980839563,
          "save_and_metrics": 1.1002892500255257
        },
        "fourier_order": 4,
        "continuation_step": 1
      },
      {
        "initial_B_field": 6.3260514619966886,
        "final_B_field": 6.284019374398419,
        "target_B_field": 5.7,
        "optimization_time": 1178.8872661590576,
        "walltime_sec": 1178.8872661590576,
        "iterations_used": 500,
        "final_squared_flux": 0.02413343244464568,
        "optimization_success": true,
        "optimization_message": "Completed",
        "optimization_nfev": 500,
        "optimization_njev": null,
        "_cached_thresholds": {
          "length_threshold": 200.5207326851493,
          "flux_threshold": 1e-08,
          "cc_threshold": 1.0026036634257465,
          "cs_threshold": 1.50390549513862,
          "msc_threshold": 0.9974030980329254,
          "curvature_threshold": 0.9974030980329254,
          "force_threshold": 0.0,
          "torque_threshold": 400.0,
          "finite_build_width": 0.35091128219901124,
          "major_radius": 13.635429024906689,
          "minor_radius": 1.7044262278237692,
          "a0": 0.9974030980329254,
          "arclength_variation_threshold": 0.0,
          "coil_width": 0.40104146537029867
        },
        "final_min_cs_separation": 1.8470991347941677,
        "final_min_cc_separation": 0.9506623350046425,
        "final_length_per_coil": [
          68.08663361687493,
          51.88540554081804,
          59.14413763346042
        ],
        "final_current_per_coil": [
          17248340.399387706,
          10929597.425582187,
          20535601.370317988
        ],
        "total_current_before": 48713539.19528788,
        "total_current_after": 48713539.19528788,
        "final_total_length": 179.1161767911534,
        "final_max_curvature": 0.4597081480871598,
        "final_average_curvature": 0.2425221427126748,
        "final_arclength_variation": 0.05381635327581153,
        "final_mean_squared_curvature": 0.08180602448516644,
        "final_max_torsion": 5.493922291544343,
        "final_linking_number": 8,
        "coils_linked_to_surface": true,
        "final_max_max_coil_force": 104680188.3862244,
        "final_avg_max_coil_force": 87774977.2060806,
        "final_max_force_per_coil": [
          82337144.55400288,
          76307598.67801449,
          104680188.3862244
        ],
        "final_max_torque_per_coil": [
          319528087.7150512,
          405290225.93615973,
          404359889.2632759
        ],
        "final_max_max_coil_torque": 405290225.93615973,
        "final_avg_max_coil_torque": 376392734.30482894,
        "avg_BdotN_over_B": 0.0011750010399691052,
        "max_BdotN_over_B": 0.006041407521991127,
        "lagrange_multipliers": null,
        "output_directory": "/Users/akaptanoglu/actions-runner/_work/stellcoilbench/stellcoilbench/cases/done/2026-04-06_065120_96565/order_8",
        "flux_threshold": 1e-08,
        "cc_threshold": 1.0026036634257465,
        "cs_threshold": 1.50390549513862,
        "msc_threshold": 0.9974030980329254,
        "arclength_variation_threshold": 0.0,
        "curvature_threshold": 0.9974030980329254,
        "force_threshold": 0.0,
        "torque_threshold": 400.0,
        "timing": {
          "coil_initialization": 6.25033862888813e-07,
          "biotsavart_setup": 0.0032610840280540287,
          "objective_setup": 0.005035708018112928,
          "coil_optimization": 1178.8847229580279,
          "save_and_metrics": 1.2018842909601517
        },
        "fourier_order": 8,
        "continuation_step": 2
      },
      {
        "initial_B_field": 6.284019374398419,
        "final_B_field": 6.488797415574371,
        "target_B_field": 5.7,
        "optimization_time": 1264.4163279533386,
        "walltime_sec": 1264.4163279533386,
        "iterations_used": 500,
        "final_squared_flux": 0.0038164372927658495,
        "optimization_success": true,
        "optimization_message": "Completed",
        "optimization_nfev": 500,