{
  "metadata": {
    "contact": "auto",
    "hardware": "CPU: self-hosted runner",
    "run_date": "2026-03-15T21:27:08.993093",
    "iterations_used": 500,
    "walltime_sec": 373.10651206970215
  },
  "version_info": {
    "stellcoilbench_commit": "84b21b26ff641cdab46748c6bae25fec02697d94",
    "stellcoilbench_branch": "main",
    "simsopt_version": "0.1.dev5668+ga79006b0b",
    "simsopt_commit": "a79006b0b"
  },
  "metrics": {
    "fourier_continuation": true,
    "fourier_orders": [
      4,
      8,
      16
    ],
    "final_order": 16,
    "continuation_results": [
      {
        "initial_B_field": 1.0000050243934888,
        "final_B_field": 1.096026083322239,
        "target_B_field": 1.0,
        "optimization_time": 154.02555918693542,
        "walltime_sec": 154.02555918693542,
        "iterations_used": 500,
        "final_squared_flux": 1.1152347631095968e-05,
        "optimization_success": true,
        "optimization_message": "Completed",
        "optimization_nfev": 500,
        "optimization_njev": null,
        "_cached_thresholds": {
          "length_threshold": 19.136091648086794,
          "flux_threshold": 1e-08,
          "cc_threshold": 0.11593731022304242,
          "cs_threshold": 0.2355378830235849,
          "msc_threshold": 34.07836521650433,
          "curvature_threshold": 7.191403685284849,
          "force_threshold": 2735.157469066204,
          "torque_threshold": 0.0,
          "finite_build_width": 0.05,
          "major_radius": 1.0098736979848935,
          "minor_radius": 0.16831206437162433,
          "a0": 10.100286074838271,
          "arclength_variation_threshold": 0.0,
          "coil_width": 0.039602838675676315
        },
        "final_min_cs_separation": 0.23330875704133627,
        "final_min_cc_separation": 0.11529637790429063,
        "final_length_per_coil": [
          4.31206451469801,
          3.579695476864697,
          3.703000055751486,
          3.8677276306162938,
          3.6757196920110267
        ],
        "final_current_per_coil": [
          292378.04329378245,
          177195.7543264817,
          232191.53423049327,
          294737.2786477364,
          253509.92794143967
        ],
        "total_current_before": 1250012.5384399334,
        "total_current_after": 1250012.5384399334,
        "final_total_length": 19.13820736994151,
        "final_max_curvature": 3.2458171349977296,
        "final_average_curvature": 2.106192558273319,
        "final_arclength_variation": 0.0007782546543890937,
        "final_mean_squared_curvature": 5.270712084575467,
        "final_max_torsion": 16.706434451827043,
        "final_linking_number": 0,
        "coils_linked_to_surface": true,
        "final_max_max_coil_force": 287868.2890116885,
        "final_avg_max_coil_force": 250564.81258360358,
        "final_max_force_per_coil": [
          259325.99150429905,
          231565.71612338917,
          287868.2890116885,
          277053.2894066634,
          197010.77687197755
        ],
        "final_max_torque_per_coil": [
          85723.7669642189,
          75091.16501379386,
          61426.4425468873,
          60378.67871181892,
          40290.18749455969
        ],
        "final_max_max_coil_torque": 85723.7669642189,
        "final_avg_max_coil_torque": 64582.048146255736,
        "avg_BdotN_over_B": 0.0014770315359270536,
        "max_BdotN_over_B": 0.0066088719888443455,
        "lagrange_multipliers": null,
        "output_directory": "/Users/akaptanoglu/actions-runner/_work/stellcoilbench/stellcoilbench/cases/done/2026-03-15_211035_21338/order_4",
        "flux_threshold": 1e-08,
        "cc_threshold": 0.11593731022304242,
        "cs_threshold": 0.2355378830235849,
        "msc_threshold": 34.07836521650433,
        "arclength_variation_threshold": 0.0,
        "curvature_threshold": 7.191403685284849,
        "force_threshold": 2735.157469066204,
        "torque_threshold": 0.0,
        "timing": {
          "coil_initialization": 0.22789829201065004,
          "biotsavart_setup": 1.355965583003126,
          "objective_setup": 0.03335491707548499,
          "coil_optimization": 154.02565979096107,
          "save_and_metrics": 1.0091059589758515
        },
        "fourier_order": 4,
        "continuation_step": 1
      },
      {
        "initial_B_field": 1.096026083322239,
        "final_B_field": 1.0964577768993964,
        "target_B_field": 1.0,
        "optimization_time": 362.5075089931488,
        "walltime_sec": 362.5075089931488,
        "iterations_used": 500,
        "final_squared_flux": 5.113465248852249e-06,
        "optimization_success": true,
        "optimization_message": "Completed",
        "optimization_nfev": 500,
        "optimization_njev": null,
        "_cached_thresholds": {
          "length_threshold": 19.136091648086794,
          "flux_threshold": 1e-08,
          "cc_threshold": 0.11593731022304242,
          "cs_threshold": 0.2355378830235849,
          "msc_threshold": 34.07836521650433,
          "curvature_threshold": 7.191403685284849,
          "force_threshold": 2735.157469066204,
          "torque_threshold": 0.0,
          "finite_build_width": 0.05,
          "major_radius": 1.0098736979848935,
          "minor_radius": 0.16831206437162433,
          "a0": 10.100286074838271,
          "arclength_variation_threshold": 0.0,
          "coil_width": 0.039602838675676315
        },
        "final_min_cs_separation": 0.250928960205591,
        "final_min_cc_separation": 0.11586215962129912,
        "final_length_per_coil": [
          4.253689562049179,
          3.7273483062642514,
          3.745396657470073,
          3.737950915088551,
          3.6718295235038387
        ],
        "final_current_per_coil": [
          298195.745002483,
          198508.80601724886,
          238081.22754373017,
          260133.23246116535,
          255093.52741530607
        ],
        "total_current_before": 1250012.5384399334,
        "total_current_after": 1250012.5384399334,
        "final_total_length": 19.136214964375892,
        "final_max_curvature": 4.26176728072512,
        "final_average_curvature": 2.1737587785120143,
        "final_arclength_variation": 0.0002892319140619265,
        "final_mean_squared_curvature": 5.791560981167274,
        "final_max_torsion": 111.31348907913946,
        "final_linking_number": 0,
        "coils_linked_to_surface": true,
        "final_max_max_coil_force": 309260.515345783,
        "final_avg_max_coil_force": 245565.0710849637,
        "final_max_force_per_coil": [
          309260.515345783,
          284144.46255619545,
          286272.34775103617,
          194940.61384728036,
          153207.4159245236
        ],
        "final_max_torque_per_coil": [
          81321.79942301418,
          97352.63651778837,
          62449.331420117145,
          40370.24225102091,
          31330.971106787874
        ],
        "final_max_max_coil_torque": 97352.63651778837,
        "final_avg_max_coil_torque": 62564.99614374569,
        "avg_BdotN_over_B": 0.0010387316466636935,
        "max_BdotN_over_B": 0.0043615733877426805,
        "lagrange_multipliers": null,
        "output_directory": "/Users/akaptanoglu/actions-runner/_work/stellcoilbench/stellcoilbench/cases/done/2026-03-15_211035_21338/order_8",
        "flux_threshold": 1e-08,
        "cc_threshold": 0.11593731022304242,
        "cs_threshold": 0.2355378830235849,
        "msc_threshold": 34.07836521650433,
        "arclength_variation_threshold": 0.0,
        "curvature_threshold": 7.191403685284849,
        "force_threshold": 2735.157469066204,
        "torque_threshold": 0.0,
        "timing": {
          "coil_initialization": 5.830079317092896e-07,
          "biotsavart_setup": 0.00346929207444191,
          "objective_setup": 0.007920457981526852,
          "coil_optimization": 362.5077510830015,
          "save_and_metrics": 0.932150958920829
        },
        "fourier_order": 8,