{
  "metadata": {
    "contact": "auto",
    "hardware": "CPU: self-hosted runner",
    "run_date": "2026-03-19T13:57:49.643372",
    "iterations_used": 500,
    "walltime_sec": 172.65257811546326,
    "tags": [
      "explore"
    ],
    "parent_ids": []
  },
  "version_info": {
    "stellcoilbench_commit": "554b30cb68b5518917176bdf4accbc301f9eb378",
    "stellcoilbench_branch": "main",
    "simsopt_version": "0.1.dev5668+ga79006b0b",
    "simsopt_commit": "a79006b0b"
  },
  "metrics": {
    "fourier_continuation": true,
    "fourier_orders": [
      4,
      8,
      16
    ],
    "final_order": 16,
    "continuation_results": [
      {
        "initial_B_field": 1.0000305513510055,
        "final_B_field": 1.0971841275768603,
        "target_B_field": 1.0,
        "optimization_time": 124.08789300918579,
        "walltime_sec": 124.08789300918579,
        "iterations_used": 500,
        "final_squared_flux": 0.0017330442840638254,
        "optimization_success": true,
        "optimization_message": "Completed",
        "optimization_nfev": 500,
        "optimization_njev": null,
        "_cached_thresholds": {
          "length_threshold": 11.568979248131942,
          "flux_threshold": 1e-08,
          "cc_threshold": 0.17326241920608387,
          "cs_threshold": 0.10078922442959622,
          "msc_threshold": 30.391760799188358,
          "curvature_threshold": 6.817693100515833,
          "force_threshold": 2624.054322242983,
          "torque_threshold": 0.0,
          "finite_build_width": 0.05,
          "major_radius": 1.0098736979848935,
          "minor_radius": 0.16831206437162433,
          "a0": 10.100286074838271,
          "arclength_variation_threshold": 0.0,
          "coil_width": 0.039602838675676315
        },
        "final_min_cs_separation": 0.12768359166538953,
        "final_min_cc_separation": 0.2263782391440866,
        "final_length_per_coil": [
          3.695921609516528,
          3.17137736483204,
          2.5459377358796638,
          2.183602790083859
        ],
        "final_current_per_coil": [
          455215.3915296114,
          370380.191905674,
          248697.48043291867,
          175782.5607672599
        ],
        "total_current_before": 1250075.624635464,
        "total_current_after": 1250075.624635464,
        "final_total_length": 11.59683950031209,
        "final_max_curvature": 5.069918689032322,
        "final_average_curvature": 2.594012705828139,
        "final_arclength_variation": 0.0056585626856511355,
        "final_mean_squared_curvature": 11.77740770697957,
        "final_max_torsion": 112.86393820089772,
        "final_linking_number": 0,
        "coils_linked_to_surface": true,
        "final_max_max_coil_force": 327368.5969896676,
        "final_avg_max_coil_force": 227797.74500062378,
        "final_max_force_per_coil": [
          327368.5969896676,
          280701.3545152234,
          182468.70574046957,
          120652.32275713455
        ],
        "final_max_torque_per_coil": [
          107008.2708224751,
          68560.45435768722,
          28909.54706404027,
          14092.23412763287
        ],
        "final_max_max_coil_torque": 107008.2708224751,
        "final_avg_max_coil_torque": 54642.62659295886,
        "avg_BdotN_over_B": 0.019680555123874757,
        "max_BdotN_over_B": 0.06970155605456238,
        "lagrange_multipliers": null,
        "output_directory": "/Users/akaptanoglu/actions-runner/_work/stellcoilbench/stellcoilbench/cases/done/2026-03-19_134633_62112/order_4",
        "flux_threshold": 1e-08,
        "cc_threshold": 0.17326241920608387,
        "cs_threshold": 0.10078922442959622,
        "msc_threshold": 30.391760799188358,
        "arclength_variation_threshold": 0.0,
        "curvature_threshold": 6.817693100515833,
        "force_threshold": 2624.054322242983,
        "torque_threshold": 0.0,
        "timing": {
          "coil_initialization": 0.17734629195183516,
          "biotsavart_setup": 1.2963253748603165,
          "objective_setup": 0.034390333108603954,
          "coil_optimization": 124.08782079187222,
          "save_and_metrics": 0.8686603750102222
        },
        "fourier_order": 4,
        "continuation_step": 1
      },
      {
        "initial_B_field": 1.0971841275768603,
        "final_B_field": 1.0964942785953684,
        "target_B_field": 1.0,
        "optimization_time": 165.49720692634583,
        "walltime_sec": 165.49720692634583,
        "iterations_used": 500,
        "final_squared_flux": 0.001734679789874912,
        "optimization_success": true,
        "optimization_message": "Completed",
        "optimization_nfev": 500,
        "optimization_njev": null,
        "_cached_thresholds": {
          "length_threshold": 11.568979248131942,
          "flux_threshold": 1e-08,
          "cc_threshold": 0.17326241920608387,
          "cs_threshold": 0.10078922442959622,
          "msc_threshold": 30.391760799188358,
          "curvature_threshold": 6.817693100515833,
          "force_threshold": 2624.054322242983,
          "torque_threshold": 0.0,
          "finite_build_width": 0.05,
          "major_radius": 1.0098736979848935,
          "minor_radius": 0.16831206437162433,
          "a0": 10.100286074838271,
          "arclength_variation_threshold": 0.0,
          "coil_width": 0.039602838675676315
        },
        "final_min_cs_separation": 0.12121459296181401,
        "final_min_cc_separation": 0.2166062005818223,
        "final_length_per_coil": [
          3.7526696071284613,
          3.18211937923655,
          2.5134483692442875,
          2.1383514347400574
        ],
        "final_current_per_coil": [
          468133.89484096185,
          373670.0756642136,
          241853.01321599056,
          166418.64091429813
        ],
        "total_current_before": 1250075.624635464,
        "total_current_after": 1250075.624635464,
        "final_total_length": 11.586588790349357,
        "final_max_curvature": 5.474847136724236,
        "final_average_curvature": 2.606445434443247,
        "final_arclength_variation": 0.001396308041417173,
        "final_mean_squared_curvature": 12.23685231941431,
        "final_max_torsion": 140.95328201734318,
        "final_linking_number": 0,
        "coils_linked_to_surface": true,
        "final_max_max_coil_force": 297723.15775975154,
        "final_avg_max_coil_force": 186768.63394286938,
        "final_max_force_per_coil": [
          297723.15775975154,
          217291.04695288284,
          138800.57163613994,
          93259.75942270317
        ],
        "final_max_torque_per_coil": [
          78835.59058465238,
          49999.728142061984,
          20834.487375161803,
          10623.572868429901
        ],
        "final_max_max_coil_torque": 78835.59058465238,
        "final_avg_max_coil_torque": 40073.34474257652,
        "avg_BdotN_over_B": 0.019701687861305966,
        "max_BdotN_over_B": 0.06991769565041403,
        "lagrange_multipliers": null,
        "output_directory": "/Users/akaptanoglu/actions-runner/_work/stellcoilbench/stellcoilbench/cases/done/2026-03-19_134633_62112/order_8",
        "flux_threshold": 1e-08,
        "cc_threshold": 0.17326241920608387,
        "cs_threshold": 0.10078922442959622,
        "msc_threshold": 30.391760799188358,
        "arclength_variation_threshold": 0.0,
        "curvature_threshold": 6.817693100515833,
        "force_threshold": 2624.054322242983,
        "torque_threshold": 0.0,
        "timing": {
          "coil_initialization": 5.830079317092896e-07,
          "biotsavart_setup": 0.0027734169270843267,
          "objective_setup": 0.006779541959986091,
          "coil_optimization": 165.49712595785968,
          "save_and_metrics": 0.7862207910511643
        },
        "fourier_order": 8,
        "continuation_step": 2
      },
      {
        "initial_B_field": 1.0964942785953684,
        "final_B_field": 1.0963014094354921,
        "target_B_field": 1.0,