{
  "metadata": {
    "contact": "auto",
    "hardware": "CPU: self-hosted runner",
    "run_date": "2026-03-17T17:27:54.178234",
    "iterations_used": 500,
    "walltime_sec": 5.42240834236145
  },
  "version_info": {
    "stellcoilbench_commit": "eba79c1af4014aaf723d05e410a6ab16183d4808",
    "stellcoilbench_branch": "main",
    "simsopt_version": "0.1.dev5668+ga79006b0b",
    "simsopt_commit": "a79006b0b"
  },
  "metrics": {
    "fourier_continuation": true,
    "fourier_orders": [
      4,
      8,
      16
    ],
    "final_order": 16,
    "continuation_results": [
      {
        "initial_B_field": 1.0001867526877442,
        "final_B_field": 1.0970471328282225,
        "target_B_field": 1.0,
        "optimization_time": 164.93496322631836,
        "walltime_sec": 164.93496322631836,
        "iterations_used": 500,
        "final_squared_flux": 7.426347621876776e-06,
        "optimization_success": true,
        "optimization_message": "Completed",
        "optimization_nfev": 500,
        "optimization_njev": null,
        "_cached_thresholds": {
          "length_threshold": 19.80141933783816,
          "flux_threshold": 5e-06,
          "cc_threshold": 0.10500000000000001,
          "cs_threshold": 0.13958228406145165,
          "msc_threshold": 68.65137174295171,
          "curvature_threshold": 40.8594750808571,
          "force_threshold": 0.0,
          "torque_threshold": 0.0,
          "finite_build_width": 0.05,
          "major_radius": 1.0098736979848935,
          "minor_radius": 0.16831206437162433,
          "a0": 10.100286074838271,
          "arclength_variation_threshold": 0.0,
          "coil_width": 0.039602838675676315
        },
        "final_min_cs_separation": 0.33312481363668384,
        "final_min_cc_separation": 0.1045072979177649,
        "final_length_per_coil": [
          7.288418563787963,
          6.758774910139773,
          5.7554651473223215
        ],
        "final_current_per_coil": [
          434299.7823163358,
          452904.85650281626,
          363238.5316879831
        ],
        "total_current_before": 1250443.170507135,
        "total_current_after": 1250443.170507135,
        "final_total_length": 19.802658621250057,
        "final_max_curvature": 2.1549725555366193,
        "final_average_curvature": 1.3544275993627206,
        "final_arclength_variation": 0.001306410225488265,
        "final_mean_squared_curvature": 2.4784635858592674,
        "final_max_torsion": 11.650659644802731,
        "final_linking_number": 0,
        "coils_linked_to_surface": true,
        "final_max_max_coil_force": 815242.3418127833,
        "final_avg_max_coil_force": 716312.6150100286,
        "final_max_force_per_coil": [
          680470.6953408071,
          815242.3418127833,
          653224.8078764953
        ],
        "final_max_torque_per_coil": [
          479629.29379879404,
          599437.6203217065,
          337258.062559217
        ],
        "final_max_max_coil_torque": 599437.6203217065,
        "final_avg_max_coil_torque": 472108.3255599058,
        "avg_BdotN_over_B": 0.0011933390703205578,
        "max_BdotN_over_B": 0.004963818056134419,
        "lagrange_multipliers": null,
        "output_directory": "/Users/akaptanoglu/actions-runner/_work/stellcoilbench/stellcoilbench/cases/done/2026-03-17_172005_58466/order_4",
        "flux_threshold": 5e-06,
        "cc_threshold": 0.10500000000000001,
        "cs_threshold": 0.13958228406145165,
        "msc_threshold": 68.65137174295171,
        "arclength_variation_threshold": 0.0,
        "curvature_threshold": 40.8594750808571,
        "force_threshold": 0.0,
        "torque_threshold": 0.0,
        "timing": {
          "coil_initialization": 0.14322299999184906,
          "biotsavart_setup": 1.1547943329205737,
          "objective_setup": 0.027690417016856372,
          "coil_optimization": 164.9351162079256,
          "save_and_metrics": 0.7591427500592545
        },
        "fourier_order": 4,
        "continuation_step": 1
      },
      {
        "initial_B_field": 1.0970471328282225,
        "final_B_field": 1.0969610872436903,
        "target_B_field": 1.0,
        "optimization_time": 29.685447216033936,
        "walltime_sec": 29.685447216033936,
        "iterations_used": 500,
        "final_squared_flux": 0.0,
        "optimization_success": true,
        "optimization_message": "Completed",
        "optimization_nfev": 500,
        "optimization_njev": null,
        "_cached_thresholds": {
          "length_threshold": 19.80141933783816,
          "flux_threshold": 5e-06,
          "cc_threshold": 0.10500000000000001,
          "cs_threshold": 0.13958228406145165,
          "msc_threshold": 68.65137174295171,
          "curvature_threshold": 40.8594750808571,
          "force_threshold": 0.0,
          "torque_threshold": 0.0,
          "finite_build_width": 0.05,
          "major_radius": 1.0098736979848935,
          "minor_radius": 0.16831206437162433,
          "a0": 10.100286074838271,
          "arclength_variation_threshold": 0.0,
          "coil_width": 0.039602838675676315
        },
        "final_min_cs_separation": 0.33694045234717435,
        "final_min_cc_separation": 0.1050080678389275,
        "final_length_per_coil": [
          7.273914698122288,
          6.765030557062864,
          5.762344072119972
        ],
        "final_current_per_coil": [
          432608.55783524393,
          455096.2207099823,
          362738.3919619089
        ],
        "total_current_before": 1250443.170507135,
        "total_current_after": 1250443.170507135,
        "final_total_length": 19.801289327305124,
        "final_max_curvature": 2.305593634151851,
        "final_average_curvature": 1.3801680746480531,
        "final_arclength_variation": 0.00020350140279825076,
        "final_mean_squared_curvature": 2.787315210137818,
        "final_max_torsion": 41.26457951457525,
        "final_linking_number": 0,
        "coils_linked_to_surface": true,
        "final_max_max_coil_force": 793395.2012013653,
        "final_avg_max_coil_force": 688155.1557450154,
        "final_max_force_per_coil": [
          673225.2059333848,
          793395.2012013653,
          597845.060100296
        ],
        "final_max_torque_per_coil": [
          500471.4825898645,
          636392.9319787956,
          291343.72699217533
        ],
        "final_max_max_coil_torque": 636392.9319787956,
        "final_avg_max_coil_torque": 476069.3805202784,
        "avg_BdotN_over_B": 0.0009572817754884429,
        "max_BdotN_over_B": 0.005008345114193417,
        "lagrange_multipliers": null,
        "output_directory": "/Users/akaptanoglu/actions-runner/_work/stellcoilbench/stellcoilbench/cases/done/2026-03-17_172005_58466/order_8",
        "flux_threshold": 5e-06,
        "cc_threshold": 0.10500000000000001,
        "cs_threshold": 0.13958228406145165,
        "msc_threshold": 68.65137174295171,
        "arclength_variation_threshold": 0.0,
        "curvature_threshold": 40.8594750808571,
        "force_threshold": 0.0,
        "torque_threshold": 0.0,
        "timing": {
          "coil_initialization": 5.83939254283905e-07,
          "biotsavart_setup": 0.002602083026431501,
          "objective_setup": 0.06540358299389482,
          "coil_optimization": 29.685476917074993,
          "save_and_metrics": 0.8182052089832723
        },
        "fourier_order": 8,
        "continuation_step": 2
      },
      {
        "initial_B_field": 1.0969610872436903,
        "final_B_field": 1.096956813963276,
        "target_B_field": 1.0,
        "optimization_time": 5.42240834236145,
        "walltime_sec": 5.42240834236145,
        "iterations_used": 500,
        "final_squared_flux": 5.0003243677637995e-06,
        "optimization_success": true,
        "optimization_message": "Completed",
        "optimization_nfev": 500,
        "optimization_njev": null,
        "_cached_thresholds": {
          "length_threshold": 19.80141933783816,