{
  "metadata": {
    "contact": "auto",
    "hardware": "CPU: self-hosted runner",
    "run_date": "2026-03-16T17:56:14.214191",
    "iterations_used": 500,
    "walltime_sec": 6.958203077316284
  },
  "version_info": {
    "stellcoilbench_commit": "6ce62ef6f558d7b09c4688c1ed35ad8848d2c38f",
    "stellcoilbench_branch": "main",
    "simsopt_version": "0.1.dev5668+ga79006b0b",
    "simsopt_commit": "a79006b0b"
  },
  "metrics": {
    "fourier_continuation": true,
    "fourier_orders": [
      4,
      8,
      16
    ],
    "final_order": 16,
    "continuation_results": [
      {
        "initial_B_field": 1.0000050243934888,
        "final_B_field": 1.0972568766084465,
        "target_B_field": 1.0,
        "optimization_time": 81.74535512924194,
        "walltime_sec": 81.74535512924194,
        "iterations_used": 500,
        "final_squared_flux": 0.0,
        "optimization_success": true,
        "optimization_message": "Completed",
        "optimization_nfev": 500,
        "optimization_njev": null,
        "_cached_thresholds": {
          "length_threshold": 19.80141933783816,
          "flux_threshold": 2.2e-05,
          "cc_threshold": 0.10500000000000001,
          "cs_threshold": 0.028643248107666337,
          "msc_threshold": 194.34299806208432,
          "curvature_threshold": 230.6356691953476,
          "force_threshold": 0.0,
          "torque_threshold": 0.0,
          "finite_build_width": 0.05,
          "major_radius": 1.0098736979848935,
          "minor_radius": 0.16831206437162433,
          "a0": 10.100286074838271,
          "arclength_variation_threshold": 0.0,
          "coil_width": 0.039602838675676315
        },
        "final_min_cs_separation": 0.24964633817882176,
        "final_min_cc_separation": 0.1045495199071621,
        "final_length_per_coil": [
          3.918963444141854,
          3.7154925577477553,
          3.9339695534219925,
          4.01548748729052,
          4.2181900232572485
        ],
        "final_current_per_coil": [
          248273.7717798882,
          168248.37571612655,
          235728.14672375494,
          263019.82147405273,
          334742.42274611106
        ],
        "total_current_before": 1250012.5384399334,
        "total_current_after": 1250012.5384399334,
        "final_total_length": 19.80210306585937,
        "final_max_curvature": 3.0969787359222227,
        "final_average_curvature": 2.0448291866222608,
        "final_arclength_variation": 0.001632615115894264,
        "final_mean_squared_curvature": 5.121242383206322,
        "final_max_torsion": 34.39001868223644,
        "final_linking_number": 0,
        "coils_linked_to_surface": true,
        "final_max_max_coil_force": 328954.4355109283,
        "final_avg_max_coil_force": 271572.1853329955,
        "final_max_force_per_coil": [
          286532.7839838149,
          115348.49597525073,
          328954.4355109283,
          327311.88349462283,
          299713.32770036074
        ],
        "final_max_torque_per_coil": [
          80273.34181082631,
          61415.15372176635,
          156598.64726258937,
          102917.3387731816,
          67598.50170054247
        ],
        "final_max_max_coil_torque": 156598.64726258937,
        "final_avg_max_coil_torque": 93760.59665378122,
        "avg_BdotN_over_B": 0.0020070780765465224,
        "max_BdotN_over_B": 0.008695687165570853,
        "lagrange_multipliers": null,
        "output_directory": "/Users/akaptanoglu/actions-runner/_work/stellcoilbench/stellcoilbench/cases/done/2026-03-16_175130_67283/order_4",
        "flux_threshold": 2.2e-05,
        "cc_threshold": 0.10500000000000001,
        "cs_threshold": 0.028643248107666337,
        "msc_threshold": 194.34299806208432,
        "arclength_variation_threshold": 0.0,
        "curvature_threshold": 230.6356691953476,
        "force_threshold": 0.0,
        "torque_threshold": 0.0,
        "timing": {
          "coil_initialization": 0.22192716703284532,
          "biotsavart_setup": 1.447793792001903,
          "objective_setup": 0.0382366250269115,
          "coil_optimization": 81.74542920803651,
          "save_and_metrics": 1.1278132499428466
        },
        "fourier_order": 4,
        "continuation_step": 1
      },
      {
        "initial_B_field": 1.0972568766084465,
        "final_B_field": 1.0973129568045614,
        "target_B_field": 1.0,
        "optimization_time": 35.120856046676636,
        "walltime_sec": 35.120856046676636,
        "iterations_used": 500,
        "final_squared_flux": 0.0,
        "optimization_success": true,
        "optimization_message": "Completed",
        "optimization_nfev": 500,
        "optimization_njev": null,
        "_cached_thresholds": {
          "length_threshold": 19.80141933783816,
          "flux_threshold": 2.2e-05,
          "cc_threshold": 0.10500000000000001,
          "cs_threshold": 0.028643248107666337,
          "msc_threshold": 194.34299806208432,
          "curvature_threshold": 230.6356691953476,
          "force_threshold": 0.0,
          "torque_threshold": 0.0,
          "finite_build_width": 0.05,
          "major_radius": 1.0098736979848935,
          "minor_radius": 0.16831206437162433,
          "a0": 10.100286074838271,
          "arclength_variation_threshold": 0.0,
          "coil_width": 0.039602838675676315
        },
        "final_min_cs_separation": 0.24992479373746607,
        "final_min_cc_separation": 0.10503232232450231,
        "final_length_per_coil": [
          3.916233055635444,
          3.712121623192155,
          3.9307658585065846,
          4.010943848351283,
          4.213937615716697
        ],
        "final_current_per_coil": [
          248922.20319382168,
          167747.18856066084,
          236536.78160276767,
          261442.67272757692,
          335363.69235510635
        ],
        "total_current_before": 1250012.5384399334,
        "total_current_after": 1250012.5384399334,
        "final_total_length": 19.784002001402165,
        "final_max_curvature": 3.060418334535878,
        "final_average_curvature": 2.0457198212153247,
        "final_arclength_variation": 0.00011450296110240173,
        "final_mean_squared_curvature": 5.124003920267366,
        "final_max_torsion": 55.759292231078575,
        "final_linking_number": 0,
        "coils_linked_to_surface": true,
        "final_max_max_coil_force": 334789.2677189259,
        "final_avg_max_coil_force": 254600.5250955433,
        "final_max_force_per_coil": [
          263097.66479532904,
          102164.97461132282,
          334789.2677189259,
          317221.0692360087,
          255729.64911613005
        ],
        "final_max_torque_per_coil": [
          69991.23004632737,
          56493.08785676895,
          165987.77507254685,
          109556.21215568704,
          53984.771200077565
        ],
        "final_max_max_coil_torque": 165987.77507254685,
        "final_avg_max_coil_torque": 91202.61526628156,
        "avg_BdotN_over_B": 0.0019917406941871592,
        "max_BdotN_over_B": 0.008794769794384025,
        "lagrange_multipliers": null,
        "output_directory": "/Users/akaptanoglu/actions-runner/_work/stellcoilbench/stellcoilbench/cases/done/2026-03-16_175130_67283/order_8",
        "flux_threshold": 2.2e-05,
        "cc_threshold": 0.10500000000000001,
        "cs_threshold": 0.028643248107666337,
        "msc_threshold": 194.34299806208432,
        "arclength_variation_threshold": 0.0,
        "curvature_threshold": 230.6356691953476,
        "force_threshold": 0.0,
        "torque_threshold": 0.0,
        "timing": {
          "coil_initialization": 5.830079317092896e-07,
          "biotsavart_setup": 0.0030201670015230775,
          "objective_setup": 0.10147804208099842,
          "coil_optimization": 35.12088808300905,
          "save_and_metrics": 1.03866991691757
        },
        "fourier_order": 8,
        "continuation_step": 2
      },
      {
        "initial_B_field": 1.0973129568045614,