{
  "metadata": {
    "contact": "auto",
    "hardware": "CPU: self-hosted runner",
    "run_date": "2026-04-03T22:13:43.311314",
    "iterations_used": 500,
    "walltime_sec": 61.96313405036926,
    "tags": [
      "explore"
    ],
    "parent_ids": []
  },
  "version_info": {
    "stellcoilbench_commit": "248ae7b18211c50a644b7ebaf9bec60ecbfcf21d",
    "stellcoilbench_branch": "main",
    "simsopt_version": "0.1.dev5668+ga79006b0b",
    "simsopt_commit": "a79006b0b"
  },
  "metrics": {
    "fourier_continuation": true,
    "fourier_orders": [
      4,
      8,
      16
    ],
    "final_order": 16,
    "continuation_results": [
      {
        "initial_B_field": 2.5000971540886527,
        "final_B_field": 2.680014555722707,
        "target_B_field": 2.5,
        "optimization_time": 543.3814029693604,
        "walltime_sec": 543.3814029693604,
        "iterations_used": 500,
        "final_squared_flux": 0.30584401091173075,
        "optimization_success": true,
        "optimization_message": "Completed",
        "optimization_nfev": 500,
        "optimization_njev": null,
        "_cached_thresholds": {
          "length_threshold": 46.95146194201596,
          "flux_threshold": 1e-08,
          "cc_threshold": 0.456258461419459,
          "cs_threshold": 0.5623077254250631,
          "msc_threshold": 6.558913977594826,
          "curvature_threshold": 9.115009039090733,
          "force_threshold": 1579.3942708659351,
          "torque_threshold": 0.0,
          "finite_build_width": 0.10789896047081801,
          "major_radius": 5.483631261799852,
          "minor_radius": 0.5240806651439732,
          "a0": 3.2437754587511507,
          "arclength_variation_threshold": 0.0,
          "coil_width": 0.12331309768093489
        },
        "final_min_cs_separation": 0.5011976370588292,
        "final_min_cc_separation": 0.3201499523622299,
        "final_length_per_coil": [
          13.796637142483288,
          18.684872697164927,
          11.762654065268405
        ],
        "final_current_per_coil": [
          2049793.0201047277,
          3288379.9658290157,
          1537357.9588931948
        ],
        "total_current_before": 6875530.944826938,
        "total_current_after": 6875530.944826938,
        "final_total_length": 44.24416390491662,
        "final_max_curvature": 1.381110052088662,
        "final_average_curvature": 0.7886448778086579,
        "final_arclength_variation": 0.24211496707264576,
        "final_mean_squared_curvature": 0.9384480678950646,
        "final_max_torsion": 12.085048847649821,
        "final_linking_number": 0,
        "coils_linked_to_surface": true,
        "final_max_max_coil_force": 6798814.91224862,
        "final_avg_max_coil_force": 5008433.881419077,
        "final_max_force_per_coil": [
          5243671.173788642,
          6798814.91224862,
          2982815.558219967
        ],
        "final_max_torque_per_coil": [
          7299407.397609306,
          7970768.2322567655,
          2533677.5851813816
        ],
        "final_max_max_coil_torque": 7970768.2322567655,
        "final_avg_max_coil_torque": 5934617.738349151,
        "avg_BdotN_over_B": 0.023421017475632803,
        "max_BdotN_over_B": 0.1117209416507403,
        "lagrange_multipliers": null,
        "output_directory": "/Users/akaptanoglu/actions-runner/_work/stellcoilbench/stellcoilbench/cases/done/2026-04-03_215736_33316/order_4",
        "flux_threshold": 1e-08,
        "cc_threshold": 0.456258461419459,
        "cs_threshold": 0.5623077254250631,
        "msc_threshold": 6.558913977594826,
        "arclength_variation_threshold": 0.0,
        "curvature_threshold": 9.115009039090733,
        "force_threshold": 1579.3942708659351,
        "torque_threshold": 0.0,
        "timing": {
          "coil_initialization": 0.42322091601090506,
          "biotsavart_setup": 1.615426916978322,
          "objective_setup": 0.024849000037647784,
          "coil_optimization": 543.3829093330423,
          "save_and_metrics": 1.217893083987292
        },
        "fourier_order": 4,
        "continuation_step": 1
      },
      {
        "initial_B_field": 2.680014555722707,
        "final_B_field": 2.6905648502114077,
        "target_B_field": 2.5,
        "optimization_time": 198.23456001281738,
        "walltime_sec": 198.23456001281738,
        "iterations_used": 500,
        "final_squared_flux": 0.512171753780707,
        "optimization_success": true,
        "optimization_message": "Completed",
        "optimization_nfev": 500,
        "optimization_njev": null,
        "_cached_thresholds": {
          "length_threshold": 46.95146194201596,
          "flux_threshold": 1e-08,
          "cc_threshold": 0.456258461419459,
          "cs_threshold": 0.5623077254250631,
          "msc_threshold": 6.558913977594826,
          "curvature_threshold": 9.115009039090733,
          "force_threshold": 1579.3942708659351,
          "torque_threshold": 0.0,
          "finite_build_width": 0.10789896047081801,
          "major_radius": 5.483631261799852,
          "minor_radius": 0.5240806651439732,
          "a0": 3.2437754587511507,
          "arclength_variation_threshold": 0.0,
          "coil_width": 0.12331309768093489
        },
        "final_min_cs_separation": 0.40558858763952027,
        "final_min_cc_separation": 0.12989311983945348,
        "final_length_per_coil": [
          13.953374957142023,
          18.757144653981705,
          12.031424683111968
        ],
        "final_current_per_coil": [
          2049211.824008558,
          3289635.6569504854,
          1536683.4638678953
        ],
        "total_current_before": 6875530.944826938,
        "total_current_after": 6875530.944826938,
        "final_total_length": 44.741944294235694,
        "final_max_curvature": 3.385656127425205,
        "final_average_curvature": 0.7276206532372202,
        "final_arclength_variation": 1.0892830317977484,
        "final_mean_squared_curvature": 0.9529950940395,
        "final_max_torsion": 2.0883284576068584,
        "final_linking_number": 0,
        "coils_linked_to_surface": true,
        "final_max_max_coil_force": 7778832.551001877,
        "final_avg_max_coil_force": 5601901.9063946,
        "final_max_force_per_coil": [
          7778832.551001877,
          6425936.884179665,
          2600936.284002259
        ],
        "final_max_torque_per_coil": [
          7457281.412434444,
          6513278.318031772,
          2284705.021314043
        ],
        "final_max_max_coil_torque": 7457281.412434444,
        "final_avg_max_coil_torque": 5418421.583926753,
        "avg_BdotN_over_B": 0.030789813752314304,
        "max_BdotN_over_B": 0.15114131001490308,
        "lagrange_multipliers": null,
        "output_directory": "/Users/akaptanoglu/actions-runner/_work/stellcoilbench/stellcoilbench/cases/done/2026-04-03_215736_33316/order_8",
        "flux_threshold": 1e-08,
        "cc_threshold": 0.456258461419459,
        "cs_threshold": 0.5623077254250631,
        "msc_threshold": 6.558913977594826,
        "arclength_variation_threshold": 0.0,
        "curvature_threshold": 9.115009039090733,
        "force_threshold": 1579.3942708659351,
        "torque_threshold": 0.0,
        "timing": {
          "coil_initialization": 5.420297384262085e-07,
          "biotsavart_setup": 0.0031147499685175717,
          "objective_setup": 0.005180667038075626,
          "coil_optimization": 198.23481237504166,
          "save_and_metrics": 1.2223462910042144
        },
        "fourier_order": 8,
        "continuation_step": 2
      },
      {
        "initial_B_field": 2.6905648502114077,
        "final_B_field": 2.6905648502114077,
        "target_B_field": 2.5,
        "optimization_time": 61.96313405036926,
        "walltime_sec": 61.96313405036926,
        "iterations_used": 500,
        "final_squared_flux": 0.512171753780707,
        "optimization_success": true,
        "optimization_message": "Completed",