{
  "metadata": {
    "contact": "auto",
    "hardware": "CPU: self-hosted runner",
    "run_date": "2026-03-16T00:38:16.178609",
    "iterations_used": 500,
    "walltime_sec": 9.672616958618164
  },
  "version_info": {
    "stellcoilbench_commit": "1cee8e8441eedce7f214cbc6c4e49ef225b3a40d",
    "stellcoilbench_branch": "main",
    "simsopt_version": "0.1.dev5668+ga79006b0b",
    "simsopt_commit": "a79006b0b"
  },
  "metrics": {
    "fourier_continuation": true,
    "fourier_orders": [
      4,
      8,
      16
    ],
    "final_order": 16,
    "continuation_results": [
      {
        "initial_B_field": 1.0000305513510055,
        "final_B_field": 1.0974861756437764,
        "target_B_field": 1.0,
        "optimization_time": 60.627853870391846,
        "walltime_sec": 60.627853870391846,
        "iterations_used": 500,
        "final_squared_flux": 0.0,
        "optimization_success": true,
        "optimization_message": "Completed",
        "optimization_nfev": 500,
        "optimization_njev": null,
        "_cached_thresholds": {
          "length_threshold": 19.80141933783816,
          "flux_threshold": 1.2e-05,
          "cc_threshold": 0.10500000000000001,
          "cs_threshold": 0.028895716204223775,
          "msc_threshold": 69.87272863597937,
          "curvature_threshold": 131.95993455917977,
          "force_threshold": 0.0,
          "torque_threshold": 0.0,
          "finite_build_width": 0.05,
          "major_radius": 1.0098736979848935,
          "minor_radius": 0.16831206437162433,
          "a0": 10.100286074838271,
          "arclength_variation_threshold": 0.0,
          "coil_width": 0.039602838675676315
        },
        "final_min_cs_separation": 0.28296691212001157,
        "final_min_cc_separation": 0.10462623164434105,
        "final_length_per_coil": [
          4.5570530939007545,
          4.713186448267213,
          4.7900594725446615,
          5.155049509307114
        ],
        "final_current_per_coil": [
          243615.72861247318,
          309097.9533560188,
          293902.8322231846,
          403459.1104437874
        ],
        "total_current_before": 1250075.624635464,
        "total_current_after": 1250075.624635464,
        "final_total_length": 19.215348524019745,
        "final_max_curvature": 2.692088814540257,
        "final_average_curvature": 1.8231146555076858,
        "final_arclength_variation": 0.0014665616218676799,
        "final_mean_squared_curvature": 3.9912690525431755,
        "final_max_torsion": 23.915650721310357,
        "final_linking_number": 0,
        "coils_linked_to_surface": true,
        "final_max_max_coil_force": 465197.7790570833,
        "final_avg_max_coil_force": 370536.60363536316,
        "final_max_force_per_coil": [
          244322.39407419978,
          417208.1636510527,
          355418.0777591168,
          465197.7790570833
        ],
        "final_max_torque_per_coil": [
          94823.79026898905,
          192327.01475866392,
          136393.96015998005,
          131631.57219914178
        ],
        "final_max_max_coil_torque": 192327.01475866392,
        "final_avg_max_coil_torque": 138794.0843466937,
        "avg_BdotN_over_B": 0.0014822980555781323,
        "max_BdotN_over_B": 0.007260027750775543,
        "lagrange_multipliers": null,
        "output_directory": "/Users/akaptanoglu/actions-runner/_work/stellcoilbench/stellcoilbench/cases/done/2026-03-16_003415_38067/order_4",
        "flux_threshold": 1.2e-05,
        "cc_threshold": 0.10500000000000001,
        "cs_threshold": 0.028895716204223775,
        "msc_threshold": 69.87272863597937,
        "arclength_variation_threshold": 0.0,
        "curvature_threshold": 131.95993455917977,
        "force_threshold": 0.0,
        "torque_threshold": 0.0,
        "timing": {
          "coil_initialization": 0.18862995808012784,
          "biotsavart_setup": 1.2788001250009984,
          "objective_setup": 0.029463125043548644,
          "coil_optimization": 60.627888082992285,
          "save_and_metrics": 1.0058182090288028
        },
        "fourier_order": 4,
        "continuation_step": 1
      },
      {
        "initial_B_field": 1.0974861756437764,
        "final_B_field": 1.0973996410323261,
        "target_B_field": 1.0,
        "optimization_time": 20.79229187965393,
        "walltime_sec": 20.79229187965393,
        "iterations_used": 500,
        "final_squared_flux": 0.0,
        "optimization_success": true,
        "optimization_message": "Completed",
        "optimization_nfev": 500,
        "optimization_njev": null,
        "_cached_thresholds": {
          "length_threshold": 19.80141933783816,
          "flux_threshold": 1.2e-05,
          "cc_threshold": 0.10500000000000001,
          "cs_threshold": 0.028895716204223775,
          "msc_threshold": 69.87272863597937,
          "curvature_threshold": 131.95993455917977,
          "force_threshold": 0.0,
          "torque_threshold": 0.0,
          "finite_build_width": 0.05,
          "major_radius": 1.0098736979848935,
          "minor_radius": 0.16831206437162433,
          "a0": 10.100286074838271,
          "arclength_variation_threshold": 0.0,
          "coil_width": 0.039602838675676315
        },
        "final_min_cs_separation": 0.28331464032626197,
        "final_min_cc_separation": 0.1057983683645858,
        "final_length_per_coil": [
          4.558297683384878,
          4.712690185653719,
          4.790156146884661,
          5.156043012853216
        ],
        "final_current_per_coil": [
          243464.52238592034,
          309164.7298793281,
          293958.7266219915,
          403487.6457482241
        ],
        "total_current_before": 1250075.624635464,
        "total_current_after": 1250075.624635464,
        "final_total_length": 19.217187028776472,
        "final_max_curvature": 2.7027497334105806,
        "final_average_curvature": 1.8232020218057885,
        "final_arclength_variation": 1.1535885246685018e-05,
        "final_mean_squared_curvature": 3.9892497338080672,
        "final_max_torsion": 21.375129271194535,
        "final_linking_number": 0,
        "coils_linked_to_surface": true,
        "final_max_max_coil_force": 414912.60203789175,
        "final_avg_max_coil_force": 348322.72775914165,
        "final_max_force_per_coil": [
          218827.19600589553,
          399132.3605755258,
          360418.7524172536,
          414912.60203789175
        ],
        "final_max_torque_per_coil": [
          86433.3861787197,
          196229.3412203584,
          148126.68734274775,
          101723.86816889961
        ],
        "final_max_max_coil_torque": 196229.3412203584,
        "final_avg_max_coil_torque": 133128.32072768136,
        "avg_BdotN_over_B": 0.0014786639389971594,
        "max_BdotN_over_B": 0.007258753791456506,
        "lagrange_multipliers": null,
        "output_directory": "/Users/akaptanoglu/actions-runner/_work/stellcoilbench/stellcoilbench/cases/done/2026-03-16_003415_38067/order_8",
        "flux_threshold": 1.2e-05,
        "cc_threshold": 0.10500000000000001,
        "cs_threshold": 0.028895716204223775,
        "msc_threshold": 69.87272863597937,
        "arclength_variation_threshold": 0.0,
        "curvature_threshold": 131.95993455917977,
        "force_threshold": 0.0,
        "torque_threshold": 0.0,
        "timing": {
          "coil_initialization": 7.910421118140221e-07,
          "biotsavart_setup": 0.0027015829691663384,
          "objective_setup": 0.0055593750439584255,
          "coil_optimization": 20.792303624912165,
          "save_and_metrics": 0.8509274169337004
        },
        "fourier_order": 8,
        "continuation_step": 2
      },
      {
        "initial_B_field": 1.0973996410323261,
        "final_B_field": 1.0973996410323261,
        "target_B_field": 1.0,
        "optimization_time": 9.672616958618164,
        "walltime_sec": 9.672616958618164,
        "iterations_used": 500,
        "final_squared_flux": 0.0,