{
  "metadata": {
    "contact": "auto",
    "hardware": "CPU: self-hosted runner",
    "run_date": "2026-03-20T20:30:52.293897",
    "iterations_used": 500,
    "walltime_sec": 275.5418212413788,
    "tags": [
      "explore"
    ],
    "parent_ids": []
  },
  "version_info": {
    "stellcoilbench_commit": "a8e1583f87c91f1e3eca621be366209ce57cf91d",
    "stellcoilbench_branch": "main",
    "simsopt_version": "0.1.dev5668+ga79006b0b",
    "simsopt_commit": "a79006b0b"
  },
  "metrics": {
    "fourier_continuation": true,
    "fourier_orders": [
      4,
      8,
      16
    ],
    "final_order": 16,
    "continuation_results": [
      {
        "initial_B_field": 1.0000050243934888,
        "final_B_field": 1.0983711632703397,
        "target_B_field": 1.0,
        "optimization_time": 259.47462821006775,
        "walltime_sec": 259.47462821006775,
        "iterations_used": 500,
        "final_squared_flux": 7.696128119407685e-05,
        "optimization_success": true,
        "optimization_message": "Completed",
        "optimization_nfev": 500,
        "optimization_njev": null,
        "_cached_thresholds": {
          "length_threshold": 16.62032132121446,
          "flux_threshold": 1e-08,
          "cc_threshold": 0.11643234570648836,
          "cs_threshold": 0.2473197275295986,
          "msc_threshold": 32.51282087490439,
          "curvature_threshold": 13.746489347854887,
          "force_threshold": 1501.9125393284507,
          "torque_threshold": 0.0,
          "finite_build_width": 0.05,
          "major_radius": 1.0098736979848935,
          "minor_radius": 0.16831206437162433,
          "a0": 10.100286074838271,
          "arclength_variation_threshold": 0.0,
          "coil_width": 0.039602838675676315
        },
        "final_min_cs_separation": 0.2454773970267822,
        "final_min_cc_separation": 0.11437748837332076,
        "final_length_per_coil": [
          3.5266887706624925,
          3.5641756160371383,
          3.3476761983972336,
          3.1313744238024452,
          3.0581009802677084
        ],
        "final_current_per_coil": [
          244141.6483572516,
          271990.30498814257,
          258607.51880327173,
          237927.60442294544,
          237345.4618683221
        ],
        "total_current_before": 1250012.5384399334,
        "total_current_after": 1250012.5384399334,
        "final_total_length": 16.628015989167018,
        "final_max_curvature": 3.6674419116217787,
        "final_average_curvature": 2.3134306469585204,
        "final_arclength_variation": 0.0021725584930660747,
        "final_mean_squared_curvature": 6.701012661731901,
        "final_max_torsion": 55.07995749976005,
        "final_linking_number": 0,
        "coils_linked_to_surface": true,
        "final_max_max_coil_force": 330933.6352581778,
        "final_avg_max_coil_force": 227853.48786245054,
        "final_max_force_per_coil": [
          183402.00373869072,
          330933.6352581778,
          263230.19081509265,
          194024.19567753474,
          167677.41382275682
        ],
        "final_max_torque_per_coil": [
          66389.16652687843,
          108921.8001382175,
          59298.8434606164,
          35447.10790480684,
          28399.31796191048
        ],
        "final_max_max_coil_torque": 108921.8001382175,
        "final_avg_max_coil_torque": 59691.24719848593,
        "avg_BdotN_over_B": 0.003955285519658005,
        "max_BdotN_over_B": 0.01603336957937433,
        "lagrange_multipliers": null,
        "output_directory": "/Users/akaptanoglu/actions-runner/_work/stellcoilbench/stellcoilbench/cases/done/2026-03-20_201302_62627/order_4",
        "flux_threshold": 1e-08,
        "cc_threshold": 0.11643234570648836,
        "cs_threshold": 0.2473197275295986,
        "msc_threshold": 32.51282087490439,
        "arclength_variation_threshold": 0.0,
        "curvature_threshold": 13.746489347854887,
        "force_threshold": 1501.9125393284507,
        "torque_threshold": 0.0,
        "timing": {
          "coil_initialization": 0.25633129104971886,
          "biotsavart_setup": 1.407467250013724,
          "objective_setup": 0.04503491707146168,
          "coil_optimization": 259.47483870899305,
          "save_and_metrics": 0.9457378340885043
        },
        "fourier_order": 4,
        "continuation_step": 1
      },
      {
        "initial_B_field": 1.0983711632703397,
        "final_B_field": 1.0958741594007337,
        "target_B_field": 1.0,
        "optimization_time": 303.80288004875183,
        "walltime_sec": 303.80288004875183,
        "iterations_used": 500,
        "final_squared_flux": 6.140603074875699e-05,
        "optimization_success": true,
        "optimization_message": "Completed",
        "optimization_nfev": 500,
        "optimization_njev": null,
        "_cached_thresholds": {
          "length_threshold": 16.62032132121446,
          "flux_threshold": 1e-08,
          "cc_threshold": 0.11643234570648836,
          "cs_threshold": 0.2473197275295986,
          "msc_threshold": 32.51282087490439,
          "curvature_threshold": 13.746489347854887,
          "force_threshold": 1501.9125393284507,
          "torque_threshold": 0.0,
          "finite_build_width": 0.05,
          "major_radius": 1.0098736979848935,
          "minor_radius": 0.16831206437162433,
          "a0": 10.100286074838271,
          "arclength_variation_threshold": 0.0,
          "coil_width": 0.039602838675676315
        },
        "final_min_cs_separation": 0.24596654632720696,
        "final_min_cc_separation": 0.11397596278332968,
        "final_length_per_coil": [
          3.6279613781359155,
          3.4928676693507255,
          3.306425092345791,
          3.1476146111351095,
          3.0499910643744563
        ],
        "final_current_per_coil": [
          268114.6873489429,
          254466.42820549905,
          252566.44679781282,
          242758.559792306,
          232106.41629537265
        ],
        "total_current_before": 1250012.5384399334,
        "total_current_after": 1250012.5384399334,
        "final_total_length": 16.624859815342,
        "final_max_curvature": 5.400933324042333,
        "final_average_curvature": 2.413415729664979,
        "final_arclength_variation": 0.0009666320177746353,
        "final_mean_squared_curvature": 7.869161502770237,
        "final_max_torsion": 40.715632426465625,
        "final_linking_number": 0,
        "coils_linked_to_surface": true,
        "final_max_max_coil_force": 337882.6980774062,
        "final_avg_max_coil_force": 219244.851654664,
        "final_max_force_per_coil": [
          249706.134002471,
          337882.6980774062,
          215164.93269747237,
          161458.34519089365,
          132012.1483050768
        ],
        "final_max_torque_per_coil": [
          62305.8765145088,
          120541.54324449404,
          44755.5226385061,
          27276.817190333448,
          20600.70877214847
        ],
        "final_max_max_coil_torque": 120541.54324449404,
        "final_avg_max_coil_torque": 55096.09367199817,
        "avg_BdotN_over_B": 0.0035347209955049886,
        "max_BdotN_over_B": 0.013689486870817112,
        "lagrange_multipliers": null,
        "output_directory": "/Users/akaptanoglu/actions-runner/_work/stellcoilbench/stellcoilbench/cases/done/2026-03-20_201302_62627/order_8",
        "flux_threshold": 1e-08,
        "cc_threshold": 0.11643234570648836,
        "cs_threshold": 0.2473197275295986,
        "msc_threshold": 32.51282087490439,
        "arclength_variation_threshold": 0.0,
        "curvature_threshold": 13.746489347854887,
        "force_threshold": 1501.9125393284507,
        "torque_threshold": 0.0,
        "timing": {
          "coil_initialization": 5.83939254283905e-07,
          "biotsavart_setup": 0.0031274580396711826,
          "objective_setup": 0.007042208919301629,
          "coil_optimization": 303.80312608298846,
          "save_and_metrics": 0.9410866661928594
        },