{
  "metadata": {
    "contact": "auto",
    "hardware": "CPU: self-hosted runner",
    "run_date": "2026-03-17T15:07:50.019628",
    "iterations_used": 500,
    "walltime_sec": 4.886446237564087
  },
  "version_info": {
    "stellcoilbench_commit": "bbaf0f3067c0df93cc7216cf464b54a171f0a0fb",
    "stellcoilbench_branch": "main",
    "simsopt_version": "0.1.dev5668+ga79006b0b",
    "simsopt_commit": "a79006b0b"
  },
  "metrics": {
    "fourier_continuation": true,
    "fourier_orders": [
      4,
      8,
      16
    ],
    "final_order": 16,
    "continuation_results": [
      {
        "initial_B_field": 1.0001867526877442,
        "final_B_field": 1.0970807242499194,
        "target_B_field": 1.0,
        "optimization_time": 195.5486879348755,
        "walltime_sec": 195.5486879348755,
        "iterations_used": 500,
        "final_squared_flux": 7.392808960177152e-06,
        "optimization_success": true,
        "optimization_message": "Completed",
        "optimization_nfev": 500,
        "optimization_njev": null,
        "_cached_thresholds": {
          "length_threshold": 19.80141933783816,
          "flux_threshold": 4e-06,
          "cc_threshold": 0.10500000000000001,
          "cs_threshold": 0.13403263927073245,
          "msc_threshold": 65.76750776200566,
          "curvature_threshold": 99.88521359277149,
          "force_threshold": 0.0,
          "torque_threshold": 0.0,
          "finite_build_width": 0.05,
          "major_radius": 1.0098736979848935,
          "minor_radius": 0.16831206437162433,
          "a0": 10.100286074838271,
          "arclength_variation_threshold": 0.0,
          "coil_width": 0.039602838675676315
        },
        "final_min_cs_separation": 0.3284046377986041,
        "final_min_cc_separation": 0.10462756026759126,
        "final_length_per_coil": [
          7.480005860479269,
          6.588269125553419,
          5.734392523207821
        ],
        "final_current_per_coil": [
          466809.5185835261,
          418531.56713768304,
          365102.0847859259
        ],
        "total_current_before": 1250443.170507135,
        "total_current_after": 1250443.170507135,
        "final_total_length": 19.802667509240507,
        "final_max_curvature": 2.163842404850903,
        "final_average_curvature": 1.3564020880024374,
        "final_arclength_variation": 0.001288470904087878,
        "final_mean_squared_curvature": 2.488663555518804,
        "final_max_torsion": 10.949893715281158,
        "final_linking_number": 0,
        "coils_linked_to_surface": true,
        "final_max_max_coil_force": 776965.8319250094,
        "final_avg_max_coil_force": 721426.8274906186,
        "final_max_force_per_coil": [
          728558.1156039523,
          776965.8319250094,
          658756.5349428942
        ],
        "final_max_torque_per_coil": [
          489353.6084108576,
          569264.8478573265,
          340615.9009788284
        ],
        "final_max_max_coil_torque": 569264.8478573265,
        "final_avg_max_coil_torque": 466411.4524156708,
        "avg_BdotN_over_B": 0.001192433602931835,
        "max_BdotN_over_B": 0.004934053167039905,
        "lagrange_multipliers": null,
        "output_directory": "/Users/akaptanoglu/actions-runner/_work/stellcoilbench/stellcoilbench/cases/done/2026-03-17_145923_85865/order_4",
        "flux_threshold": 4e-06,
        "cc_threshold": 0.10500000000000001,
        "cs_threshold": 0.13403263927073245,
        "msc_threshold": 65.76750776200566,
        "arclength_variation_threshold": 0.0,
        "curvature_threshold": 99.88521359277149,
        "force_threshold": 0.0,
        "torque_threshold": 0.0,
        "timing": {
          "coil_initialization": 0.1308999169850722,
          "biotsavart_setup": 1.2448702920228243,
          "objective_setup": 0.03031258296687156,
          "coil_optimization": 195.54879949998576,
          "save_and_metrics": 0.7749242080608383
        },
        "fourier_order": 4,
        "continuation_step": 1
      },
      {
        "initial_B_field": 1.0970807242499194,
        "final_B_field": 1.0969681008935717,
        "target_B_field": 1.0,
        "optimization_time": 43.04906105995178,
        "walltime_sec": 43.04906105995178,
        "iterations_used": 500,
        "final_squared_flux": 0.0,
        "optimization_success": true,
        "optimization_message": "Completed",
        "optimization_nfev": 500,
        "optimization_njev": null,
        "_cached_thresholds": {
          "length_threshold": 19.80141933783816,
          "flux_threshold": 4e-06,
          "cc_threshold": 0.10500000000000001,
          "cs_threshold": 0.13403263927073245,
          "msc_threshold": 65.76750776200566,
          "curvature_threshold": 99.88521359277149,
          "force_threshold": 0.0,
          "torque_threshold": 0.0,
          "finite_build_width": 0.05,
          "major_radius": 1.0098736979848935,
          "minor_radius": 0.16831206437162433,
          "a0": 10.100286074838271,
          "arclength_variation_threshold": 0.0,
          "coil_width": 0.039602838675676315
        },
        "final_min_cs_separation": 0.33279543396503725,
        "final_min_cc_separation": 0.10501150313891887,
        "final_length_per_coil": [
          7.458760996572928,
          6.59651012646648,
          5.746124597129612
        ],
        "final_current_per_coil": [
          462400.50861507456,
          422909.1204358721,
          365133.5414561884
        ],
        "total_current_before": 1250443.170507135,
        "total_current_after": 1250443.170507135,
        "final_total_length": 19.80139572016902,
        "final_max_curvature": 2.428269449426603,
        "final_average_curvature": 1.3913740841506153,
        "final_arclength_variation": 0.0003032848814367671,
        "final_mean_squared_curvature": 2.7939176115751594,
        "final_max_torsion": 128.7540789660406,
        "final_linking_number": 0,
        "coils_linked_to_surface": true,
        "final_max_max_coil_force": 746773.9943568117,
        "final_avg_max_coil_force": 671112.1998574962,
        "final_max_force_per_coil": [
          693850.4221398884,
          746773.9943568117,
          572712.1830757883
        ],
        "final_max_torque_per_coil": [
          534746.3804898629,
          619482.3436803437,
          298347.37239653117
        ],
        "final_max_max_coil_torque": 619482.3436803437,
        "final_avg_max_coil_torque": 484192.03218891256,
        "avg_BdotN_over_B": 0.0008417322349049552,
        "max_BdotN_over_B": 0.004579272995130433,
        "lagrange_multipliers": null,
        "output_directory": "/Users/akaptanoglu/actions-runner/_work/stellcoilbench/stellcoilbench/cases/done/2026-03-17_145923_85865/order_8",
        "flux_threshold": 4e-06,
        "cc_threshold": 0.10500000000000001,
        "cs_threshold": 0.13403263927073245,
        "msc_threshold": 65.76750776200566,
        "arclength_variation_threshold": 0.0,
        "curvature_threshold": 99.88521359277149,
        "force_threshold": 0.0,
        "torque_threshold": 0.0,
        "timing": {
          "coil_initialization": 5.409820005297661e-07,
          "biotsavart_setup": 0.002862249966710806,
          "objective_setup": 0.005213625030592084,
          "coil_optimization": 43.049087499966845,
          "save_and_metrics": 0.8504359999205917
        },
        "fourier_order": 8,
        "continuation_step": 2
      },
      {
        "initial_B_field": 1.0969681008935717,
        "final_B_field": 1.0969681008935717,
        "target_B_field": 1.0,
        "optimization_time": 4.886446237564087,
        "walltime_sec": 4.886446237564087,
        "iterations_used": 500,
        "final_squared_flux": 0.0,
        "optimization_success": true,
        "optimization_message": "Completed",
        "optimization_nfev": 500,
        "optimization_njev": null,
        "_cached_thresholds": {
          "length_threshold": 19.80141933783816,