{
  "metadata": {
    "contact": "auto",
    "hardware": "CPU: self-hosted runner",
    "run_date": "2026-03-21T11:42:33.046170",
    "iterations_used": 500,
    "walltime_sec": 132.96686697006226,
    "tags": [
      "explore"
    ],
    "parent_ids": []
  },
  "version_info": {
    "stellcoilbench_commit": "e3bbb477d0c154b753c4ee6128e1957a91272b5d",
    "stellcoilbench_branch": "main",
    "simsopt_version": "0.1.dev5668+ga79006b0b",
    "simsopt_commit": "a79006b0b"
  },
  "metrics": {
    "fourier_continuation": true,
    "fourier_orders": [
      4,
      8,
      16
    ],
    "final_order": 16,
    "continuation_results": [
      {
        "initial_B_field": 2.50000000044544,
        "final_B_field": 2.828534645978352,
        "target_B_field": 2.5,
        "optimization_time": 551.2066419124603,
        "walltime_sec": 551.2066419124603,
        "iterations_used": 500,
        "final_squared_flux": 1.0117905978696804,
        "optimization_success": true,
        "optimization_message": "Completed",
        "optimization_nfev": 500,
        "optimization_njev": null,
        "_cached_thresholds": {
          "length_threshold": 46.325647971285214,
          "flux_threshold": 1e-08,
          "cc_threshold": 0.22658781698871783,
          "cs_threshold": 0.4001510019746337,
          "msc_threshold": 2.3355183303008284,
          "curvature_threshold": 3.3313573961374314,
          "force_threshold": 1446.399477057138,
          "torque_threshold": 0.0,
          "finite_build_width": 0.10789896047081801,
          "major_radius": 5.483631261799852,
          "minor_radius": 0.5240806651439732,
          "a0": 3.2437754587511507,
          "arclength_variation_threshold": 0.0,
          "coil_width": 0.12331309768093489
        },
        "final_min_cs_separation": 0.04445631603498761,
        "final_min_cc_separation": 0.010331213438462017,
        "final_length_per_coil": [
          8.19876029006659,
          8.622418275692437,
          6.874221951349372,
          9.262636908045197,
          7.758697347481496,
          5.5897657130494744
        ],
        "final_current_per_coil": [
          1498354.8094968307,
          1089567.803710199,
          1242393.4531732097,
          1711133.2865638644,
          1767394.5318077037,
          1745291.7251185114
        ],
        "total_current_before": 6875000.002449921,
        "total_current_after": 6875000.00244992,
        "final_total_length": 46.306500485684566,
        "final_max_curvature": 4.431202182984089,
        "final_average_curvature": 1.2032259267269023,
        "final_arclength_variation": 0.36472087813886267,
        "final_mean_squared_curvature": 4.143723744144446,
        "final_max_torsion": 20.366433698793244,
        "final_linking_number": 10,
        "coils_linked_to_surface": false,
        "final_max_max_coil_force": 91544106.56620437,
        "final_avg_max_coil_force": 23285732.616745602,
        "final_max_force_per_coil": [
          1560838.5216214338,
          1323269.1190852528,
          6794421.566862425,
          9542043.296973577,
          28949716.629726563,
          91544106.56620437
        ],
        "final_max_torque_per_coil": [
          1440487.0952145956,
          1264477.2112282787,
          7333540.459210203,
          9485199.242468094,
          21151714.908621315,
          38933873.53074135
        ],
        "final_max_max_coil_torque": 38933873.53074135,
        "final_avg_max_coil_torque": 13268215.407913974,
        "avg_BdotN_over_B": 0.06460551423131193,
        "max_BdotN_over_B": 0.9971655345192421,
        "lagrange_multipliers": null,
        "output_directory": "/Users/akaptanoglu/actions-runner/_work/stellcoilbench/stellcoilbench/cases/done/2026-03-21_111413_94520/order_4",
        "flux_threshold": 1e-08,
        "cc_threshold": 0.22658781698871783,
        "cs_threshold": 0.4001510019746337,
        "msc_threshold": 2.3355183303008284,
        "arclength_variation_threshold": 0.0,
        "curvature_threshold": 3.3313573961374314,
        "force_threshold": 1446.399477057138,
        "torque_threshold": 0.0,
        "timing": {
          "coil_initialization": 2.669728541979566,
          "biotsavart_setup": 3.6640883749350905,
          "objective_setup": 0.06049795798026025,
          "coil_optimization": 551.2074888329953,
          "save_and_metrics": 2.256321874912828
        },
        "fourier_order": 4,
        "continuation_step": 1
      },
      {
        "initial_B_field": 2.828534645978352,
        "final_B_field": 2.840017402232158,
        "target_B_field": 2.5,
        "optimization_time": 712.5875630378723,
        "walltime_sec": 712.5875630378723,
        "iterations_used": 500,
        "final_squared_flux": 1.1508697373655727,
        "optimization_success": true,
        "optimization_message": "Completed",
        "optimization_nfev": 500,
        "optimization_njev": null,
        "_cached_thresholds": {
          "length_threshold": 46.325647971285214,
          "flux_threshold": 1e-08,
          "cc_threshold": 0.22658781698871783,
          "cs_threshold": 0.4001510019746337,
          "msc_threshold": 2.3355183303008284,
          "curvature_threshold": 3.3313573961374314,
          "force_threshold": 1446.399477057138,
          "torque_threshold": 0.0,
          "finite_build_width": 0.10789896047081801,
          "major_radius": 5.483631261799852,
          "minor_radius": 0.5240806651439732,
          "a0": 3.2437754587511507,
          "arclength_variation_threshold": 0.0,
          "coil_width": 0.12331309768093489
        },
        "final_min_cs_separation": 0.03632459261346079,
        "final_min_cc_separation": 0.012718300690414935,
        "final_length_per_coil": [
          8.21134978545294,
          8.58741962799249,
          6.844131495347017,
          9.262936920759083,
          7.737864870845635,
          5.530552950765638
        ],
        "final_current_per_coil": [
          1498354.1509341889,
          1089565.5987231203,
          1242384.1603805036,
          1711130.8648287219,
          1767398.1641009946,
          1745298.2609286327
        ],
        "total_current_before": 6875000.00244992,
        "total_current_after": 6875000.002449921,
        "final_total_length": 46.1742556511628,
        "final_max_curvature": 5.413421579776684,
        "final_average_curvature": 1.1826587019574972,
        "final_arclength_variation": 0.613387230897979,
        "final_mean_squared_curvature": 4.351795829910517,
        "final_max_torsion": 4.774723401970815,
        "final_linking_number": 20,
        "coils_linked_to_surface": false,
        "final_max_max_coil_force": 72189298.56987704,
        "final_avg_max_coil_force": 22840595.351758555,
        "final_max_force_per_coil": [
          1378384.6713351025,
          1228070.38502563,
          5013667.298068915,
          6856708.49434091,
          50377442.691903725,
          72189298.56987704
        ],
        "final_max_torque_per_coil": [
          1511597.4399337424,
          1419608.721217889,
          5669853.601099286,
          7700636.730932845,
          25655826.201447345,
          15171150.82794465
        ],
        "final_max_max_coil_torque": 25655826.201447345,
        "final_avg_max_coil_torque": 9521445.58709596,
        "avg_BdotN_over_B": 0.06670803382237542,
        "max_BdotN_over_B": 0.9969302738835751,
        "lagrange_multipliers": null,
        "output_directory": "/Users/akaptanoglu/actions-runner/_work/stellcoilbench/stellcoilbench/cases/done/2026-03-21_111413_94520/order_8",
        "flux_threshold": 1e-08,
        "cc_threshold": 0.22658781698871783,
        "cs_threshold": 0.4001510019746337,
        "msc_threshold": 2.3355183303008284,
        "arclength_variation_threshold": 0.0,
        "curvature_threshold": 3.3313573961374314,
        "force_threshold": 1446.399477057138,
        "torque_threshold": 0.0,