{
  "metadata": {
    "contact": "auto",
    "hardware": "CPU: self-hosted runner",
    "run_date": "2026-03-16T04:45:04.249542",
    "iterations_used": 500,
    "walltime_sec": 154.52110481262207
  },
  "version_info": {
    "stellcoilbench_commit": "a05f31dd7224282867f180e6cc1691f03bed85ad",
    "stellcoilbench_branch": "main",
    "simsopt_version": "0.1.dev5668+ga79006b0b",
    "simsopt_commit": "a79006b0b"
  },
  "metrics": {
    "fourier_continuation": true,
    "fourier_orders": [
      4,
      8,
      16
    ],
    "final_order": 16,
    "continuation_results": [
      {
        "initial_B_field": 1.0001867526877442,
        "final_B_field": 1.0970559537349929,
        "target_B_field": 1.0,
        "optimization_time": 75.47345113754272,
        "walltime_sec": 75.47345113754272,
        "iterations_used": 500,
        "final_squared_flux": 0.0007465252746515711,
        "optimization_success": true,
        "optimization_message": "Completed",
        "optimization_nfev": 500,
        "optimization_njev": null,
        "_cached_thresholds": {
          "length_threshold": 11.523435983654915,
          "flux_threshold": 1e-08,
          "cc_threshold": 0.10500000000000001,
          "cs_threshold": 0.16296568115040802,
          "msc_threshold": 15.291833117305142,
          "curvature_threshold": 40.057734572808585,
          "force_threshold": 706.0099966311952,
          "torque_threshold": 0.0,
          "finite_build_width": 0.05,
          "major_radius": 1.0098736979848935,
          "minor_radius": 0.16831206437162433,
          "a0": 10.100286074838271,
          "arclength_variation_threshold": 0.0,
          "coil_width": 0.039602838675676315
        },
        "final_min_cs_separation": 0.25277798318627503,
        "final_min_cc_separation": 0.21341624525249858,
        "final_length_per_coil": [
          4.291633036047572,
          3.845410187470017,
          3.4019751596396572
        ],
        "final_current_per_coil": [
          483312.2154166247,
          423388.2945008546,
          343742.66058965586
        ],
        "total_current_before": 1250443.170507135,
        "total_current_after": 1250443.170507135,
        "final_total_length": 11.539018383157245,
        "final_max_curvature": 3.6238431204522232,
        "final_average_curvature": 2.0213355514093125,
        "final_arclength_variation": 0.006744371698867342,
        "final_mean_squared_curvature": 5.724385430120682,
        "final_max_torsion": 42.20972996060596,
        "final_linking_number": 0,
        "coils_linked_to_surface": true,
        "final_max_max_coil_force": 382737.5198580779,
        "final_avg_max_coil_force": 330484.6147701493,
        "final_max_force_per_coil": [
          382737.5198580779,
          345688.7024851347,
          263027.6219672352
        ],
        "final_max_torque_per_coil": [
          148106.50775268127,
          105662.01825290169,
          56619.28128328279
        ],
        "final_max_max_coil_torque": 148106.50775268127,
        "final_avg_max_coil_torque": 103462.60242962191,
        "avg_BdotN_over_B": 0.012682960609217565,
        "max_BdotN_over_B": 0.042548172557131496,
        "lagrange_multipliers": null,
        "output_directory": "/Users/akaptanoglu/actions-runner/_work/stellcoilbench/stellcoilbench/cases/done/2026-03-16_043640_62997/order_4",
        "flux_threshold": 1e-08,
        "cc_threshold": 0.10500000000000001,
        "cs_threshold": 0.16296568115040802,
        "msc_threshold": 15.291833117305142,
        "arclength_variation_threshold": 0.0,
        "curvature_threshold": 40.057734572808585,
        "force_threshold": 706.0099966311952,
        "torque_threshold": 0.0,
        "timing": {
          "coil_initialization": 0.13480629096738994,
          "biotsavart_setup": 1.2561353750061244,
          "objective_setup": 0.0326069169677794,
          "coil_optimization": 75.47347916697618,
          "save_and_metrics": 0.8931666250573471
        },
        "fourier_order": 4,
        "continuation_step": 1
      },
      {
        "initial_B_field": 1.0970559537349929,
        "final_B_field": 1.096303332190851,
        "target_B_field": 1.0,
        "optimization_time": 86.14320802688599,
        "walltime_sec": 86.14320802688599,
        "iterations_used": 500,
        "final_squared_flux": 0.0007120324474536679,
        "optimization_success": true,
        "optimization_message": "Completed",
        "optimization_nfev": 500,
        "optimization_njev": null,
        "_cached_thresholds": {
          "length_threshold": 11.523435983654915,
          "flux_threshold": 1e-08,
          "cc_threshold": 0.10500000000000001,
          "cs_threshold": 0.16296568115040802,
          "msc_threshold": 15.291833117305142,
          "curvature_threshold": 40.057734572808585,
          "force_threshold": 706.0099966311952,
          "torque_threshold": 0.0,
          "finite_build_width": 0.05,
          "major_radius": 1.0098736979848935,
          "minor_radius": 0.16831206437162433,
          "a0": 10.100286074838271,
          "arclength_variation_threshold": 0.0,
          "coil_width": 0.039602838675676315
        },
        "final_min_cs_separation": 0.24894988168037258,
        "final_min_cc_separation": 0.22696078977028317,
        "final_length_per_coil": [
          4.311090977851901,
          3.8431998838563666,
          3.378784846957128
        ],
        "final_current_per_coil": [
          488117.56629808113,
          423263.4879482369,
          339062.11626081704
        ],
        "total_current_before": 1250443.170507135,
        "total_current_after": 1250443.170507135,
        "final_total_length": 11.533075708665395,
        "final_max_curvature": 4.3636952311713495,
        "final_average_curvature": 2.056212296504902,
        "final_arclength_variation": 0.00226056762737731,
        "final_mean_squared_curvature": 6.204891516882167,
        "final_max_torsion": 77.47212422124207,
        "final_linking_number": 0,
        "coils_linked_to_surface": true,
        "final_max_max_coil_force": 370407.03578460106,
        "final_avg_max_coil_force": 279841.1468312801,
        "final_max_force_per_coil": [
          370407.03578460106,
          275996.2017838895,
          193120.20292534976
        ],
        "final_max_torque_per_coil": [
          111952.20021710779,
          79290.12700150456,
          38544.63800220306
        ],
        "final_max_max_coil_torque": 111952.20021710779,
        "final_avg_max_coil_torque": 76595.65507360514,
        "avg_BdotN_over_B": 0.012400286690577243,
        "max_BdotN_over_B": 0.04320443845532198,
        "lagrange_multipliers": null,
        "output_directory": "/Users/akaptanoglu/actions-runner/_work/stellcoilbench/stellcoilbench/cases/done/2026-03-16_043640_62997/order_8",
        "flux_threshold": 1e-08,
        "cc_threshold": 0.10500000000000001,
        "cs_threshold": 0.16296568115040802,
        "msc_threshold": 15.291833117305142,
        "arclength_variation_threshold": 0.0,
        "curvature_threshold": 40.057734572808585,
        "force_threshold": 706.0099966311952,
        "torque_threshold": 0.0,
        "timing": {
          "coil_initialization": 6.670597940683365e-07,
          "biotsavart_setup": 0.0023710839450359344,
          "objective_setup": 0.005443417001515627,
          "coil_optimization": 86.14326274988707,
          "save_and_metrics": 0.8171727500157431
        },
        "fourier_order": 8,
        "continuation_step": 2
      },
      {
        "initial_B_field": 1.096303332190851,
        "final_B_field": 1.0959637960066675,
        "target_B_field": 1.0,
        "optimization_time": 154.52110481262207,
        "walltime_sec": 154.52110481262207,
        "iterations_used": 500,
        "final_squared_flux": 0.0007116184455998376,
        "optimization_success": true,
        "optimization_message": "Completed",
        "optimization_nfev": 500,
        "optimization_njev": null,