{
  "metadata": {
    "contact": "auto",
    "hardware": "CPU: self-hosted runner",
    "run_date": "2026-04-06T19:54:21.095113",
    "iterations_used": 500,
    "walltime_sec": 830.7831389904022,
    "tags": [
      "explore"
    ],
    "parent_ids": []
  },
  "version_info": {
    "stellcoilbench_commit": "799f975e5c2c21df14ff178c8dbaf972156740e9",
    "stellcoilbench_branch": "main",
    "simsopt_version": "0.1.dev5668+ga79006b0b",
    "simsopt_commit": "a79006b0b"
  },
  "metrics": {
    "fourier_continuation": true,
    "fourier_orders": [
      4,
      8,
      16
    ],
    "final_order": 16,
    "continuation_results": [
      {
        "initial_B_field": 5.700002679910652,
        "final_B_field": 6.980368602491298,
        "target_B_field": 5.7,
        "optimization_time": 545.217600107193,
        "walltime_sec": 545.217600107193,
        "iterations_used": 500,
        "final_squared_flux": 0.035228308213469936,
        "optimization_success": true,
        "optimization_message": "Completed",
        "optimization_nfev": 500,
        "optimization_njev": null,
        "_cached_thresholds": {
          "length_threshold": 191.38701331134075,
          "flux_threshold": 1e-08,
          "cc_threshold": 0.7369136926179236,
          "cs_threshold": 1.2131504327451532,
          "msc_threshold": 3.622568052055585,
          "curvature_threshold": 0.9784524391702998,
          "force_threshold": 88.76887572493035,
          "torque_threshold": 0.0,
          "finite_build_width": 0.35091128219901124,
          "major_radius": 13.635429024906689,
          "minor_radius": 1.7044262278237692,
          "a0": 0.9974030980329254,
          "arclength_variation_threshold": 0.0,
          "coil_width": 0.40104146537029867
        },
        "final_min_cs_separation": 2.0749884541935115,
        "final_min_cc_separation": 0.6944198859872573,
        "final_length_per_coil": [
          46.159952273205235,
          44.87201032560158,
          48.22092776522016,
          52.17034024288306
        ],
        "final_current_per_coil": [
          11848514.336472973,
          11782887.452143615,
          15290762.000082336,
          9790621.648303024
        ],
        "total_current_before": 48712785.43700195,
        "total_current_after": 48712785.43700195,
        "final_total_length": 191.42323060691,
        "final_max_curvature": 0.30527956732463907,
        "final_average_curvature": 0.17185168119972302,
        "final_arclength_variation": 0.07425030668133956,
        "final_mean_squared_curvature": 0.03876075218059296,
        "final_max_torsion": 5.743375155952147,
        "final_linking_number": 16,
        "coils_linked_to_surface": true,
        "final_max_max_coil_force": 88800461.40636462,
        "final_avg_max_coil_force": 73355437.38563165,
        "final_max_force_per_coil": [
          54152388.28815962,
          88800461.40636462,
          84676038.4385672,
          65792861.40943513
        ],
        "final_max_torque_per_coil": [
          333467493.2421499,
          388791081.8618702,
          381716448.913823,
          388520363.575027
        ],
        "final_max_max_coil_torque": 388791081.8618702,
        "final_avg_max_coil_torque": 373123846.89821756,
        "avg_BdotN_over_B": 0.0014167452474607664,
        "max_BdotN_over_B": 0.006122022767609369,
        "lagrange_multipliers": null,
        "output_directory": "/Users/akaptanoglu/actions-runner/_work/stellcoilbench/stellcoilbench/cases/done/2026-04-06_191109_76016/order_4",
        "flux_threshold": 1e-08,
        "cc_threshold": 0.7369136926179236,
        "cs_threshold": 1.2131504327451532,
        "msc_threshold": 3.622568052055585,
        "arclength_variation_threshold": 0.0,
        "curvature_threshold": 0.9784524391702998,
        "force_threshold": 88.76887572493035,
        "torque_threshold": 0.0,
        "timing": {
          "coil_initialization": 0.5772245830157772,
          "biotsavart_setup": 1.7592533330898732,
          "objective_setup": 0.043157708016224205,
          "coil_optimization": 545.2197168339044,
          "save_and_metrics": 1.2876447080634534
        },
        "fourier_order": 4,
        "continuation_step": 1
      },
      {
        "initial_B_field": 6.980368602491298,
        "final_B_field": 7.4324624903580645,
        "target_B_field": 5.7,
        "optimization_time": 688.9521670341492,
        "walltime_sec": 688.9521670341492,
        "iterations_used": 500,
        "final_squared_flux": 0.0019396042038476457,
        "optimization_success": true,
        "optimization_message": "Completed",
        "optimization_nfev": 500,
        "optimization_njev": null,
        "_cached_thresholds": {
          "length_threshold": 191.38701331134075,
          "flux_threshold": 1e-08,
          "cc_threshold": 0.7369136926179236,
          "cs_threshold": 1.2131504327451532,
          "msc_threshold": 3.622568052055585,
          "curvature_threshold": 0.9784524391702998,
          "force_threshold": 88.76887572493035,
          "torque_threshold": 0.0,
          "finite_build_width": 0.35091128219901124,
          "major_radius": 13.635429024906689,
          "minor_radius": 1.7044262278237692,
          "a0": 0.9974030980329254,
          "arclength_variation_threshold": 0.0,
          "coil_width": 0.40104146537029867
        },
        "final_min_cs_separation": 2.0141236067272787,
        "final_min_cc_separation": 0.7283621412088971,
        "final_length_per_coil": [
          46.134714994196074,
          46.981822003744135,
          46.09164810259189,
          52.188972555529155
        ],
        "final_current_per_coil": [
          11640634.52324843,
          12805855.019453796,
          10462261.271791868,
          13804034.622507855
        ],
        "total_current_before": 48712785.43700195,
        "total_current_after": 48712785.43700195,
        "final_total_length": 191.39715765606124,
        "final_max_curvature": 0.5355305950566439,
        "final_average_curvature": 0.22299761775956134,
        "final_arclength_variation": 0.012289278924809674,
        "final_mean_squared_curvature": 0.07830616676250879,
        "final_max_torsion": 11.434292277910691,
        "final_linking_number": 16,
        "coils_linked_to_surface": true,
        "final_max_max_coil_force": 88799902.74054413,
        "final_avg_max_coil_force": 73609035.33727805,
        "final_max_force_per_coil": [
          59108498.757248536,
          88799902.74054413,
          72291432.81759632,
          74236307.03372324
        ],
        "final_max_torque_per_coil": [
          310333043.72663647,
          411733324.7160818,
          325028521.2966337,
          472255948.8928298
        ],
        "final_max_max_coil_torque": 472255948.8928298,
        "final_avg_max_coil_torque": 379837709.6580454,
        "avg_BdotN_over_B": 0.0003379059203846995,
        "max_BdotN_over_B": 0.0015902761798985174,
        "lagrange_multipliers": null,
        "output_directory": "/Users/akaptanoglu/actions-runner/_work/stellcoilbench/stellcoilbench/cases/done/2026-04-06_191109_76016/order_8",
        "flux_threshold": 1e-08,
        "cc_threshold": 0.7369136926179236,
        "cs_threshold": 1.2131504327451532,
        "msc_threshold": 3.622568052055585,
        "arclength_variation_threshold": 0.0,
        "curvature_threshold": 0.9784524391702998,
        "force_threshold": 88.76887572493035,
        "torque_threshold": 0.0,
        "timing": {
          "coil_initialization": 5.00003807246685e-07,
          "biotsavart_setup": 0.0034872499527409673,
          "objective_setup": 0.007257041987031698,
          "coil_optimization": 688.9400232089683,
          "save_and_metrics": 1.3211640829686075
        },
        "fourier_order": 8,
        "continuation_step": 2
      },
      {
        "initial_B_field": 7.4324624903580645,
        "final_B_field": 5.943857592875667,
        "target_B_field": 5.7,