{
  "metadata": {
    "contact": "auto",
    "hardware": "CPU: self-hosted runner",
    "run_date": "2026-03-20T11:35:44.199481",
    "iterations_used": 500,
    "walltime_sec": 93.29858827590942,
    "tags": [
      "explore"
    ],
    "parent_ids": []
  },
  "version_info": {
    "stellcoilbench_commit": "83b121e83b823d0472d9ed8f421f747d0b539ad2",
    "stellcoilbench_branch": "main",
    "simsopt_version": "0.1.dev5668+ga79006b0b",
    "simsopt_commit": "a79006b0b"
  },
  "metrics": {
    "fourier_continuation": true,
    "fourier_orders": [
      4,
      8,
      16
    ],
    "final_order": 16,
    "continuation_results": [
      {
        "initial_B_field": 1.0000050243934888,
        "final_B_field": 0.03896720416264361,
        "target_B_field": 1.0,
        "optimization_time": 583.188720703125,
        "walltime_sec": 583.188720703125,
        "iterations_used": 500,
        "final_squared_flux": 0.00019769696239434542,
        "optimization_success": true,
        "optimization_message": "Completed",
        "optimization_nfev": 500,
        "optimization_njev": null,
        "_cached_thresholds": {
          "length_threshold": 12.487765105407634,
          "flux_threshold": 1e-08,
          "cc_threshold": 0.14801560955034024,
          "cs_threshold": 0.16039149663648908,
          "msc_threshold": 21.84691877987518,
          "curvature_threshold": 9.373065477449916,
          "force_threshold": 608.037221705264,
          "torque_threshold": 0.0,
          "finite_build_width": 0.05,
          "major_radius": 1.0098736979848935,
          "minor_radius": 0.16831206437162433,
          "a0": 10.100286074838271,
          "arclength_variation_threshold": 0.0,
          "coil_width": 0.039602838675676315
        },
        "final_min_cs_separation": 0.02242881176903795,
        "final_min_cc_separation": 0.14050629203995446,
        "final_length_per_coil": [
          1.643054565043969,
          1.3458124769274193,
          2.2689261060500177,
          2.6259424586937223,
          2.7635333351293685
        ],
        "final_current_per_coil": [
          133462.98215002098,
          1110055.936298655,
          6018.842513333034,
          1590.47884632506,
          10921.983658265322
        ],
        "total_current_before": 1250012.5384399334,
        "total_current_after": 1250012.5384399334,
        "final_total_length": 10.647268941844498,
        "final_max_curvature": 9.393623645068761,
        "final_average_curvature": 3.8753787616712776,
        "final_arclength_variation": 0.04018118767147346,
        "final_mean_squared_curvature": 21.84992302652221,
        "final_max_torsion": 311.47629464542877,
        "final_linking_number": 0,
        "coils_linked_to_surface": false,
        "final_max_max_coil_force": 1799033.6196846338,
        "final_avg_max_coil_force": 374729.91548592236,
        "final_max_force_per_coil": [
          71857.80968662887,
          1799033.6196846338,
          1528.1194630542639,
          303.8357859068161,
          926.1928093879782
        ],
        "final_max_torque_per_coil": [
          5603.228577294215,
          12518.573272514424,
          649.0397631066514,
          139.49797429400886,
          319.04347782933195
        ],
        "final_max_max_coil_torque": 12518.573272514424,
        "final_avg_max_coil_torque": 3845.876613007726,
        "avg_BdotN_over_B": 0.3620724607070325,
        "max_BdotN_over_B": 0.9992635761089734,
        "lagrange_multipliers": null,
        "output_directory": "/Users/akaptanoglu/actions-runner/_work/stellcoilbench/stellcoilbench/cases/done/2026-03-20_111734_13943/order_4",
        "flux_threshold": 1e-08,
        "cc_threshold": 0.14801560955034024,
        "cs_threshold": 0.16039149663648908,
        "msc_threshold": 21.84691877987518,
        "arclength_variation_threshold": 0.0,
        "curvature_threshold": 9.373065477449916,
        "force_threshold": 608.037221705264,
        "torque_threshold": 0.0,
        "timing": {
          "coil_initialization": 0.23525633290410042,
          "biotsavart_setup": 1.4429293752182275,
          "objective_setup": 0.11333074979484081,
          "coil_optimization": 583.1888550829608,
          "save_and_metrics": 0.9037093750666827
        },
        "fourier_order": 4,
        "continuation_step": 1
      },
      {
        "initial_B_field": 0.03896720416264361,
        "final_B_field": 0.038691134144747216,
        "target_B_field": 1.0,
        "optimization_time": 188.87235808372498,
        "walltime_sec": 188.87235808372498,
        "iterations_used": 500,
        "final_squared_flux": 0.0001965721794861834,
        "optimization_success": true,
        "optimization_message": "Completed",
        "optimization_nfev": 500,
        "optimization_njev": null,
        "_cached_thresholds": {
          "length_threshold": 12.487765105407634,
          "flux_threshold": 1e-08,
          "cc_threshold": 0.14801560955034024,
          "cs_threshold": 0.16039149663648908,
          "msc_threshold": 21.84691877987518,
          "curvature_threshold": 9.373065477449916,
          "force_threshold": 608.037221705264,
          "torque_threshold": 0.0,
          "finite_build_width": 0.05,
          "major_radius": 1.0098736979848935,
          "minor_radius": 0.16831206437162433,
          "a0": 10.100286074838271,
          "arclength_variation_threshold": 0.0,
          "coil_width": 0.039602838675676315
        },
        "final_min_cs_separation": 0.02278293651679695,
        "final_min_cc_separation": 0.14662913335578473,
        "final_length_per_coil": [
          1.6403584069491763,
          1.3484278225912407,
          2.171781539771209,
          2.554616434894351,
          2.8075804932473636
        ],
        "final_current_per_coil": [
          136927.84082466736,
          1106515.5463741187,
          4634.234584918735,
          219.20720951466032,
          10984.17861655145
        ],
        "total_current_before": 1250012.5384399334,
        "total_current_after": 1250012.5384399334,
        "final_total_length": 10.52276469745334,
        "final_max_curvature": 9.466693885338389,
        "final_average_curvature": 4.097187090339563,
        "final_arclength_variation": 0.027116722469620456,
        "final_mean_squared_curvature": 22.019169067323137,
        "final_max_torsion": 348.3132219998698,
        "final_linking_number": 0,
        "coils_linked_to_surface": false,
        "final_max_max_coil_force": 454486.0144420684,
        "final_avg_max_coil_force": 103632.48651622124,
        "final_max_force_per_coil": [
          60315.77012183751,
          454486.0144420684,
          1431.0095786372824,
          52.7642047406118,
          1876.8742338223788
        ],
        "final_max_torque_per_coil": [
          5628.965540949042,
          6111.854948809481,
          635.9792532277473,
          25.722119793545055,
          810.9841895205666
        ],
        "final_max_max_coil_torque": 6111.854948809481,
        "final_avg_max_coil_torque": 2642.7012104600767,
        "avg_BdotN_over_B": 0.37243665473353643,
        "max_BdotN_over_B": 0.9988647322425259,
        "lagrange_multipliers": null,
        "output_directory": "/Users/akaptanoglu/actions-runner/_work/stellcoilbench/stellcoilbench/cases/done/2026-03-20_111734_13943/order_8",
        "flux_threshold": 1e-08,
        "cc_threshold": 0.14801560955034024,
        "cs_threshold": 0.16039149663648908,
        "msc_threshold": 21.84691877987518,
        "arclength_variation_threshold": 0.0,
        "curvature_threshold": 9.373065477449916,
        "force_threshold": 608.037221705264,
        "torque_threshold": 0.0,
        "timing": {
          "coil_initialization": 7.499475032091141e-07,
          "biotsavart_setup": 0.0030759579967707396,
          "objective_setup": 0.007463833084329963,
          "coil_optimization": 188.87239479087293,
          "save_and_metrics": 0.804251957917586
        },