{
  "metadata": {
    "contact": "auto",
    "hardware": "CPU: self-hosted runner",
    "run_date": "2026-03-19T07:06:53.404079",
    "iterations_used": 500,
    "walltime_sec": 158.24973797798157,
    "tags": [
      "explore"
    ],
    "parent_ids": []
  },
  "version_info": {
    "stellcoilbench_commit": "8f0854aa5131c339e50a4d0a4282939682f36eda",
    "stellcoilbench_branch": "main",
    "simsopt_version": "0.1.dev5668+ga79006b0b",
    "simsopt_commit": "a79006b0b"
  },
  "metrics": {
    "fourier_continuation": true,
    "fourier_orders": [
      4,
      8,
      16
    ],
    "final_order": 16,
    "continuation_results": [
      {
        "initial_B_field": 1.0000050243934888,
        "final_B_field": 1.0965549836142001,
        "target_B_field": 1.0,
        "optimization_time": 197.77471590042114,
        "walltime_sec": 197.77471590042114,
        "iterations_used": 500,
        "final_squared_flux": 7.705071319749031e-05,
        "optimization_success": true,
        "optimization_message": "Completed",
        "optimization_nfev": 500,
        "optimization_njev": null,
        "_cached_thresholds": {
          "length_threshold": 16.064891508788097,
          "flux_threshold": 1e-08,
          "cc_threshold": 0.10500000000000001,
          "cs_threshold": 0.21662752755594947,
          "msc_threshold": 29.49283533852775,
          "curvature_threshold": 30.72507023965802,
          "force_threshold": 1903.9039251070142,
          "torque_threshold": 0.0,
          "finite_build_width": 0.05,
          "major_radius": 1.0098736979848935,
          "minor_radius": 0.16831206437162433,
          "a0": 10.100286074838271,
          "arclength_variation_threshold": 0.0,
          "coil_width": 0.039602838675676315
        },
        "final_min_cs_separation": 0.21388128310923596,
        "final_min_cc_separation": 0.15045963993241637,
        "final_length_per_coil": [
          3.7487128803129104,
          3.491106964395761,
          3.12540927594599,
          2.881241765929565,
          2.821914192075313
        ],
        "final_current_per_coil": [
          310375.7237538685,
          284023.7124986127,
          236602.2328093099,
          208477.4333825477,
          210533.4359955946
        ],
        "total_current_before": 1250012.5384399334,
        "total_current_after": 1250012.5384399334,
        "final_total_length": 16.06838507865954,
        "final_max_curvature": 3.930794892576592,
        "final_average_curvature": 2.3626117751817954,
        "final_arclength_variation": 0.0016392882320188523,
        "final_mean_squared_curvature": 7.540682122900812,
        "final_max_torsion": 54.91810826048702,
        "final_linking_number": 0,
        "coils_linked_to_surface": true,
        "final_max_max_coil_force": 232475.6540968616,
        "final_avg_max_coil_force": 185379.61541338483,
        "final_max_force_per_coil": [
          232475.6540968616,
          220983.3674031206,
          182908.48788926646,
          151310.26297339675,
          139220.30470427874
        ],
        "final_max_torque_per_coil": [
          73363.02637601552,
          61989.65933874036,
          40752.23919656582,
          27000.455326579806,
          22303.9251022241
        ],
        "final_max_max_coil_torque": 73363.02637601552,
        "final_avg_max_coil_torque": 45081.86106802512,
        "avg_BdotN_over_B": 0.0040876157748901834,
        "max_BdotN_over_B": 0.0168091482467345,
        "lagrange_multipliers": null,
        "output_directory": "/Users/akaptanoglu/actions-runner/_work/stellcoilbench/stellcoilbench/cases/done/2026-03-19_065216_76328/order_4",
        "flux_threshold": 1e-08,
        "cc_threshold": 0.10500000000000001,
        "cs_threshold": 0.21662752755594947,
        "msc_threshold": 29.49283533852775,
        "arclength_variation_threshold": 0.0,
        "curvature_threshold": 30.72507023965802,
        "force_threshold": 1903.9039251070142,
        "torque_threshold": 0.0,
        "timing": {
          "coil_initialization": 0.2430787079501897,
          "biotsavart_setup": 1.4692036670167,
          "objective_setup": 0.06738508399575949,
          "coil_optimization": 197.77486204216257,
          "save_and_metrics": 0.9463533340021968
        },
        "fourier_order": 4,
        "continuation_step": 1
      },
      {
        "initial_B_field": 1.0965549836142001,
        "final_B_field": 1.0953002542268109,
        "target_B_field": 1.0,
        "optimization_time": 212.00132703781128,
        "walltime_sec": 212.00132703781128,
        "iterations_used": 500,
        "final_squared_flux": 7.121912398271834e-05,
        "optimization_success": true,
        "optimization_message": "Completed",
        "optimization_nfev": 500,
        "optimization_njev": null,
        "_cached_thresholds": {
          "length_threshold": 16.064891508788097,
          "flux_threshold": 1e-08,
          "cc_threshold": 0.10500000000000001,
          "cs_threshold": 0.21662752755594947,
          "msc_threshold": 29.49283533852775,
          "curvature_threshold": 30.72507023965802,
          "force_threshold": 1903.9039251070142,
          "torque_threshold": 0.0,
          "finite_build_width": 0.05,
          "major_radius": 1.0098736979848935,
          "minor_radius": 0.16831206437162433,
          "a0": 10.100286074838271,
          "arclength_variation_threshold": 0.0,
          "coil_width": 0.039602838675676315
        },
        "final_min_cs_separation": 0.21505712873965746,
        "final_min_cc_separation": 0.1654764306260978,
        "final_length_per_coil": [
          3.6986294202800503,
          3.4528942256634996,
          3.113094940717519,
          2.9344683271508205,
          2.867977007266625
        ],
        "final_current_per_coil": [
          304128.7988910321,
          277912.49053717917,
          232284.55495034484,
          218861.31597743643,
          216825.37808394083
        ],
        "total_current_before": 1250012.5384399334,
        "total_current_after": 1250012.5384399334,
        "final_total_length": 16.067063921078514,
        "final_max_curvature": 4.355668618289452,
        "final_average_curvature": 2.3431858840926543,
        "final_arclength_variation": 0.0006118730896622134,
        "final_mean_squared_curvature": 7.5026533378047295,
        "final_max_torsion": 277.15120876989806,
        "final_linking_number": 0,
        "coils_linked_to_surface": true,
        "final_max_max_coil_force": 220558.1228016682,
        "final_avg_max_coil_force": 161101.6865868264,
        "final_max_force_per_coil": [
          220558.1228016682,
          191682.1169979813,
          150787.14180599712,
          128520.29920210152,
          113960.75212638377
        ],
        "final_max_torque_per_coil": [
          57200.95934873889,
          49031.03844253684,
          32604.272162796522,
          22034.70471281955,
          16709.697655520493
        ],
        "final_max_max_coil_torque": 57200.95934873889,
        "final_avg_max_coil_torque": 35516.13446448246,
        "avg_BdotN_over_B": 0.003961713750931463,
        "max_BdotN_over_B": 0.015232212331871527,
        "lagrange_multipliers": null,
        "output_directory": "/Users/akaptanoglu/actions-runner/_work/stellcoilbench/stellcoilbench/cases/done/2026-03-19_065216_76328/order_8",
        "flux_threshold": 1e-08,
        "cc_threshold": 0.10500000000000001,
        "cs_threshold": 0.21662752755594947,
        "msc_threshold": 29.49283533852775,
        "arclength_variation_threshold": 0.0,
        "curvature_threshold": 30.72507023965802,
        "force_threshold": 1903.9039251070142,
        "torque_threshold": 0.0,
        "timing": {
          "coil_initialization": 5.408655852079391e-07,
          "biotsavart_setup": 0.003336082911118865,
          "objective_setup": 0.007295458810403943,
          "coil_optimization": 212.0014832499437,
          "save_and_metrics": 0.8893692498095334
        },