{
  "metadata": {
    "contact": "auto",
    "hardware": "CPU: self-hosted runner",
    "run_date": "2026-03-18T00:15:11.465008",
    "iterations_used": 500,
    "walltime_sec": 65.51695990562439
  },
  "version_info": {
    "stellcoilbench_commit": "dadd9b0f1f2e5eb4d16378b305934dfe5e6885f4",
    "stellcoilbench_branch": "main",
    "simsopt_version": "0.1.dev5668+ga79006b0b",
    "simsopt_commit": "a79006b0b"
  },
  "metrics": {
    "fourier_continuation": true,
    "fourier_orders": [
      4,
      8,
      16
    ],
    "final_order": 16,
    "continuation_results": [
      {
        "initial_B_field": 1.0001867526877442,
        "final_B_field": 1.0970676914121915,
        "target_B_field": 1.0,
        "optimization_time": 89.44119095802307,
        "walltime_sec": 89.44119095802307,
        "iterations_used": 500,
        "final_squared_flux": 0.0002069266702746735,
        "optimization_success": true,
        "optimization_message": "Completed",
        "optimization_nfev": 500,
        "optimization_njev": null,
        "_cached_thresholds": {
          "length_threshold": 13.072897046840751,
          "flux_threshold": 1e-08,
          "cc_threshold": 0.10500000000000001,
          "cs_threshold": 0.10326440184682598,
          "msc_threshold": 17.160386041150222,
          "curvature_threshold": 47.09763396697086,
          "force_threshold": 529.2549903215254,
          "torque_threshold": 0.0,
          "finite_build_width": 0.05,
          "major_radius": 1.0098736979848935,
          "minor_radius": 0.16831206437162433,
          "a0": 10.100286074838271,
          "arclength_variation_threshold": 0.0,
          "coil_width": 0.039602838675676315
        },
        "final_min_cs_separation": 0.27185796504536036,
        "final_min_cc_separation": 0.1798249195494831,
        "final_length_per_coil": [
          4.728556778493521,
          4.393324360880467,
          3.957595726030898
        ],
        "final_current_per_coil": [
          458903.5140392677,
          430380.9785951635,
          361158.6778727039
        ],
        "total_current_before": 1250443.170507135,
        "total_current_after": 1250443.170507135,
        "final_total_length": 13.079476865404885,
        "final_max_curvature": 3.090095088660142,
        "final_average_curvature": 1.8482997444693634,
        "final_arclength_variation": 0.003891059135937293,
        "final_mean_squared_curvature": 4.530282262279569,
        "final_max_torsion": 32.53587506300095,
        "final_linking_number": 0,
        "coils_linked_to_surface": true,
        "final_max_max_coil_force": 394566.8715755066,
        "final_avg_max_coil_force": 350170.01816778985,
        "final_max_force_per_coil": [
          394566.8715755066,
          369796.5518382343,
          286146.6310896287
        ],
        "final_max_torque_per_coil": [
          165858.7821657751,
          134973.02342177965,
          78350.12669862236
        ],
        "final_max_max_coil_torque": 165858.7821657751,
        "final_avg_max_coil_torque": 126393.9774287257,
        "avg_BdotN_over_B": 0.0065525696157804885,
        "max_BdotN_over_B": 0.02277514551330006,
        "lagrange_multipliers": null,
        "output_directory": "/Users/akaptanoglu/actions-runner/_work/stellcoilbench/stellcoilbench/cases/done/2026-03-18_000737_34981/order_4",
        "flux_threshold": 1e-08,
        "cc_threshold": 0.10500000000000001,
        "cs_threshold": 0.10326440184682598,
        "msc_threshold": 17.160386041150222,
        "arclength_variation_threshold": 0.0,
        "curvature_threshold": 47.09763396697086,
        "force_threshold": 529.2549903215254,
        "torque_threshold": 0.0,
        "timing": {
          "coil_initialization": 0.14791637496091425,
          "biotsavart_setup": 1.2181708751013502,
          "objective_setup": 0.036613459000363946,
          "coil_optimization": 89.44123754196335,
          "save_and_metrics": 0.802465874934569
        },
        "fourier_order": 4,
        "continuation_step": 1
      },
      {
        "initial_B_field": 1.0970676914121915,
        "final_B_field": 1.0961552097161533,
        "target_B_field": 1.0,
        "optimization_time": 75.5490369796753,
        "walltime_sec": 75.5490369796753,
        "iterations_used": 500,
        "final_squared_flux": 0.00017726281065328416,
        "optimization_success": true,
        "optimization_message": "Completed",
        "optimization_nfev": 500,
        "optimization_njev": null,
        "_cached_thresholds": {
          "length_threshold": 13.072897046840751,
          "flux_threshold": 1e-08,
          "cc_threshold": 0.10500000000000001,
          "cs_threshold": 0.10326440184682598,
          "msc_threshold": 17.160386041150222,
          "curvature_threshold": 47.09763396697086,
          "force_threshold": 529.2549903215254,
          "torque_threshold": 0.0,
          "finite_build_width": 0.05,
          "major_radius": 1.0098736979848935,
          "minor_radius": 0.16831206437162433,
          "a0": 10.100286074838271,
          "arclength_variation_threshold": 0.0,
          "coil_width": 0.039602838675676315
        },
        "final_min_cs_separation": 0.264934023381888,
        "final_min_cc_separation": 0.19370372541861897,
        "final_length_per_coil": [
          4.663200342902754,
          4.383552094392905,
          4.032307600322089
        ],
        "final_current_per_coil": [
          447204.1384032781,
          426223.3070457526,
          377015.7250581044
        ],
        "total_current_before": 1250443.170507135,
        "total_current_after": 1250443.170507135,
        "final_total_length": 13.079060037617747,
        "final_max_curvature": 4.200031473423863,
        "final_average_curvature": 1.9262309475413477,
        "final_arclength_variation": 0.0017728024019408601,
        "final_mean_squared_curvature": 5.081876011166863,
        "final_max_torsion": 67.53999118241285,
        "final_linking_number": 0,
        "coils_linked_to_surface": true,
        "final_max_max_coil_force": 398587.37186151784,
        "final_avg_max_coil_force": 313418.310909346,
        "final_max_force_per_coil": [
          398587.37186151784,
          314269.2403673521,
          227398.320499168
        ],
        "final_max_torque_per_coil": [
          123934.56762155223,
          102625.9998375876,
          59351.472112984695
        ],
        "final_max_max_coil_torque": 123934.56762155223,
        "final_avg_max_coil_torque": 95304.01319070818,
        "avg_BdotN_over_B": 0.006097316660777205,
        "max_BdotN_over_B": 0.02178967539793918,
        "lagrange_multipliers": null,
        "output_directory": "/Users/akaptanoglu/actions-runner/_work/stellcoilbench/stellcoilbench/cases/done/2026-03-18_000737_34981/order_8",
        "flux_threshold": 1e-08,
        "cc_threshold": 0.10500000000000001,
        "cs_threshold": 0.10326440184682598,
        "msc_threshold": 17.160386041150222,
        "arclength_variation_threshold": 0.0,
        "curvature_threshold": 47.09763396697086,
        "force_threshold": 529.2549903215254,
        "torque_threshold": 0.0,
        "timing": {
          "coil_initialization": 5.00003807246685e-07,
          "biotsavart_setup": 0.002654625102877617,
          "objective_setup": 0.00459058303385973,
          "coil_optimization": 75.54907545796596,
          "save_and_metrics": 0.8516318328911439
        },
        "fourier_order": 8,
        "continuation_step": 2
      },
      {
        "initial_B_field": 1.0961552097161533,
        "final_B_field": 1.0959336068706866,
        "target_B_field": 1.0,
        "optimization_time": 65.51695990562439,
        "walltime_sec": 65.51695990562439,
        "iterations_used": 500,
        "final_squared_flux": 0.00017699651869438132,
        "optimization_success": true,
        "optimization_message": "Completed",
        "optimization_nfev": 500,
        "optimization_njev": null,