{
  "metadata": {
    "contact": "auto",
    "hardware": "CPU: self-hosted runner",
    "run_date": "2026-03-27T01:26:06.104831",
    "iterations_used": 500,
    "walltime_sec": 853.917867898941,
    "tags": [
      "explore"
    ],
    "parent_ids": []
  },
  "version_info": {
    "stellcoilbench_commit": "9fd211f2564f61015cb39496da58860747a7c183",
    "stellcoilbench_branch": "main",
    "simsopt_version": "0.1.dev5668+ga79006b0b",
    "simsopt_commit": "a79006b0b"
  },
  "metrics": {
    "fourier_continuation": true,
    "fourier_orders": [
      4,
      8,
      16
    ],
    "final_order": 16,
    "continuation_results": [
      {
        "initial_B_field": 2.5000086086152167,
        "final_B_field": 2.7828096067093626,
        "target_B_field": 2.5,
        "optimization_time": 281.4328179359436,
        "walltime_sec": 281.4328179359436,
        "iterations_used": 500,
        "final_squared_flux": 0.07661990083628474,
        "optimization_success": true,
        "optimization_message": "Completed",
        "optimization_nfev": 500,
        "optimization_njev": null,
        "_cached_thresholds": {
          "length_threshold": 35.43710144605866,
          "flux_threshold": 1e-08,
          "cc_threshold": 0.22658781698871783,
          "cs_threshold": 0.32153890220303766,
          "msc_threshold": 24.033132373887273,
          "curvature_threshold": 3.671953819306302,
          "force_threshold": 1322.8116320787192,
          "torque_threshold": 0.0,
          "finite_build_width": 0.10789896047081801,
          "major_radius": 5.483631261799852,
          "minor_radius": 0.5240806651439732,
          "a0": 3.2437754587511507,
          "arclength_variation_threshold": 0.0,
          "coil_width": 0.12331309768093489
        },
        "final_min_cs_separation": 0.34097002786951225,
        "final_min_cc_separation": 0.17925695175915046,
        "final_length_per_coil": [
          8.680426048134704,
          9.272850683727018,
          9.42225671532927,
          8.194363596303853
        ],
        "final_current_per_coil": [
          1863544.8267321563,
          2038023.6894260605,
          1838881.704362918,
          1134597.0903382301
        ],
        "total_current_before": 6875047.310859364,
        "total_current_after": 6875047.310859365,
        "final_total_length": 35.56989704349484,
        "final_max_curvature": 2.290595489350699,
        "final_average_curvature": 1.1126052311178516,
        "final_arclength_variation": 0.10298103842636479,
        "final_mean_squared_curvature": 1.7582288877465304,
        "final_max_torsion": 24.413043610367914,
        "final_linking_number": 0,
        "coils_linked_to_surface": true,
        "final_max_max_coil_force": 4241881.211114875,
        "final_avg_max_coil_force": 3551238.0738353026,
        "final_max_force_per_coil": [
          3874697.444022586,
          4241881.211114875,
          4121278.806931866,
          1967094.8332718827
        ],
        "final_max_torque_per_coil": [
          3040397.519412995,
          3671034.9823936173,
          2762792.964750799,
          1265959.374652218
        ],
        "final_max_max_coil_torque": 3671034.9823936173,
        "final_avg_max_coil_torque": 2685046.2103024074,
        "avg_BdotN_over_B": 0.012007821870880016,
        "max_BdotN_over_B": 0.07687719483794898,
        "lagrange_multipliers": null,
        "output_directory": "/Users/akaptanoglu/actions-runner/_work/stellcoilbench/stellcoilbench/cases/done/2026-03-27_005427_28477/order_4",
        "flux_threshold": 1e-08,
        "cc_threshold": 0.22658781698871783,
        "cs_threshold": 0.32153890220303766,
        "msc_threshold": 24.033132373887273,
        "arclength_variation_threshold": 0.0,
        "curvature_threshold": 3.671953819306302,
        "force_threshold": 1322.8116320787192,
        "torque_threshold": 0.0,
        "timing": {
          "coil_initialization": 0.5914929159916937,
          "biotsavart_setup": 2.043888167012483,
          "objective_setup": 0.035437958082184196,
          "coil_optimization": 281.43310341704637,
          "save_and_metrics": 1.4688630420714617
        },
        "fourier_order": 4,
        "continuation_step": 1
      },
      {
        "initial_B_field": 2.7828096067093626,
        "final_B_field": 2.873584629967561,
        "target_B_field": 2.5,
        "optimization_time": 394.9557161331177,
        "walltime_sec": 394.9557161331177,
        "iterations_used": 500,
        "final_squared_flux": 0.21024646404020714,
        "optimization_success": true,
        "optimization_message": "Completed",
        "optimization_nfev": 500,
        "optimization_njev": null,
        "_cached_thresholds": {
          "length_threshold": 35.43710144605866,
          "flux_threshold": 1e-08,
          "cc_threshold": 0.22658781698871783,
          "cs_threshold": 0.32153890220303766,
          "msc_threshold": 24.033132373887273,
          "curvature_threshold": 3.671953819306302,
          "force_threshold": 1322.8116320787192,
          "torque_threshold": 0.0,
          "finite_build_width": 0.10789896047081801,
          "major_radius": 5.483631261799852,
          "minor_radius": 0.5240806651439732,
          "a0": 3.2437754587511507,
          "arclength_variation_threshold": 0.0,
          "coil_width": 0.12331309768093489
        },
        "final_min_cs_separation": 0.2724240464020367,
        "final_min_cc_separation": 0.18468744208704785,
        "final_length_per_coil": [
          8.815191270981888,
          9.391817722694816,
          9.521457084720181,
          8.332156330903874
        ],
        "final_current_per_coil": [
          1863517.2794130095,
          2038000.0895203433,
          1838880.124990169,
          1134649.8169358429
        ],
        "total_current_before": 6875047.310859365,
        "total_current_after": 6875047.310859364,
        "final_total_length": 36.06062240930076,
        "final_max_curvature": 3.208784102308037,
        "final_average_curvature": 1.1013086662006168,
        "final_arclength_variation": 0.5172829045892542,
        "final_mean_squared_curvature": 2.069488625325956,
        "final_max_torsion": 2.767965207687653,
        "final_linking_number": 0,
        "coils_linked_to_surface": true,
        "final_max_max_coil_force": 4194724.61634287,
        "final_avg_max_coil_force": 3447824.037983853,
        "final_max_force_per_coil": [
          4189129.3254081924,
          4194724.61634287,
          3656248.033445532,
          1751194.1767388177
        ],
        "final_max_torque_per_coil": [
          2633527.747261688,
          3401375.6857345067,
          2381090.607934088,
          1430240.0731069774
        ],
        "final_max_max_coil_torque": 3401375.6857345067,
        "final_avg_max_coil_torque": 2461558.528509315,
        "avg_BdotN_over_B": 0.018584621708107672,
        "max_BdotN_over_B": 0.08505456483606556,
        "lagrange_multipliers": null,
        "output_directory": "/Users/akaptanoglu/actions-runner/_work/stellcoilbench/stellcoilbench/cases/done/2026-03-27_005427_28477/order_8",
        "flux_threshold": 1e-08,
        "cc_threshold": 0.22658781698871783,
        "cs_threshold": 0.32153890220303766,
        "msc_threshold": 24.033132373887273,
        "arclength_variation_threshold": 0.0,
        "curvature_threshold": 3.671953819306302,
        "force_threshold": 1322.8116320787192,
        "torque_threshold": 0.0,
        "timing": {
          "coil_initialization": 1.00000761449337e-06,
          "biotsavart_setup": 0.004336084006354213,
          "objective_setup": 0.006667291047051549,
          "coil_optimization": 394.95609929109924,
          "save_and_metrics": 1.5538306250236928
        },
        "fourier_order": 8,
        "continuation_step": 2
      },
      {
        "initial_B_field": 2.873584629967561,
        "final_B_field": 2.8768603568587787,
        "target_B_field": 2.5,