{
  "metadata": {
    "contact": "auto",
    "hardware": "CPU: self-hosted runner",
    "run_date": "2026-03-28T08:38:23.235076",
    "iterations_used": 500,
    "walltime_sec": 127.50280928611755,
    "tags": [
      "explore"
    ],
    "parent_ids": []
  },
  "version_info": {
    "stellcoilbench_commit": "e008bcd232ce603e69b0b631c239a62110c378df",
    "stellcoilbench_branch": "main",
    "simsopt_version": "0.1.dev5668+ga79006b0b",
    "simsopt_commit": "a79006b0b"
  },
  "metrics": {
    "fourier_continuation": true,
    "fourier_orders": [
      4,
      8,
      16
    ],
    "final_order": 16,
    "continuation_results": [
      {
        "initial_B_field": 2.50000000044544,
        "final_B_field": 2.0663284576150813,
        "target_B_field": 2.5,
        "optimization_time": 2419.569923877716,
        "walltime_sec": 2419.569923877716,
        "iterations_used": 500,
        "final_squared_flux": 0.7122360799989339,
        "optimization_success": true,
        "optimization_message": "Completed",
        "optimization_nfev": 500,
        "optimization_njev": null,
        "_cached_thresholds": {
          "length_threshold": 39.500268014645464,
          "flux_threshold": 1e-08,
          "cc_threshold": 0.22658781698871783,
          "cs_threshold": 0.25063387103650014,
          "msc_threshold": 2.4620255731921232,
          "curvature_threshold": 31.97065092145134,
          "force_threshold": 1301.7270915968368,
          "torque_threshold": 0.0,
          "finite_build_width": 0.10789896047081801,
          "major_radius": 5.483631261799852,
          "minor_radius": 0.5240806651439732,
          "a0": 3.2437754587511507,
          "arclength_variation_threshold": 0.0,
          "coil_width": 0.12331309768093489
        },
        "final_min_cs_separation": 0.020606788030040353,
        "final_min_cc_separation": 0.07070801692280522,
        "final_length_per_coil": [
          6.907216279373164,
          6.705551908727886,
          6.744009743653513,
          5.558694093141059,
          8.158818207459044,
          5.58628005048174
        ],
        "final_current_per_coil": [
          523351.68550531927,
          1236972.7661123856,
          2307158.2531214277,
          411779.7633336543,
          429996.4054682918,
          1965741.1289088428
        ],
        "total_current_before": 6875000.002449921,
        "total_current_after": 6875000.002449921,
        "final_total_length": 39.66057028283641,
        "final_max_curvature": 4.812701349447567,
        "final_average_curvature": 1.3147074421397709,
        "final_arclength_variation": 0.24476684122946082,
        "final_mean_squared_curvature": 3.1106048242664714,
        "final_max_torsion": 25.898455873162344,
        "final_linking_number": 5,
        "coils_linked_to_surface": false,
        "final_max_max_coil_force": 4486536.869570987,
        "final_avg_max_coil_force": 2141439.0676504252,
        "final_max_force_per_coil": [
          668683.7561895103,
          1775116.4029550145,
          3834668.7652763748,
          699295.5716580495,
          1384333.040252615,
          4486536.869570987
        ],
        "final_max_torque_per_coil": [
          304430.86221919925,
          1485988.8636850968,
          2471649.6053200173,
          430510.776607762,
          1688088.789373936,
          2713665.5215447783
        ],
        "final_max_max_coil_torque": 2713665.5215447783,
        "final_avg_max_coil_torque": 1515722.4031251315,
        "avg_BdotN_over_B": 0.07107535364539791,
        "max_BdotN_over_B": 0.993093116576085,
        "lagrange_multipliers": null,
        "output_directory": "/Users/akaptanoglu/actions-runner/_work/stellcoilbench/stellcoilbench/cases/done/2026-03-28_074610_96495/order_4",
        "flux_threshold": 1e-08,
        "cc_threshold": 0.22658781698871783,
        "cs_threshold": 0.25063387103650014,
        "msc_threshold": 2.4620255731921232,
        "arclength_variation_threshold": 0.0,
        "curvature_threshold": 31.97065092145134,
        "force_threshold": 1301.7270915968368,
        "torque_threshold": 0.0,
        "timing": {
          "coil_initialization": 2.850627916865051,
          "biotsavart_setup": 2.8708733338862658,
          "objective_setup": 0.039973583770915866,
          "coil_optimization": 2419.5715823750943,
          "save_and_metrics": 2.16271312488243
        },
        "fourier_order": 4,
        "continuation_step": 1
      },
      {
        "initial_B_field": 2.0663284576150813,
        "final_B_field": 2.0663586279798425,
        "target_B_field": 2.5,
        "optimization_time": 232.3423900604248,
        "walltime_sec": 232.3423900604248,
        "iterations_used": 500,
        "final_squared_flux": 0.7122086292870865,
        "optimization_success": true,
        "optimization_message": "Completed",
        "optimization_nfev": 500,
        "optimization_njev": null,
        "_cached_thresholds": {
          "length_threshold": 39.500268014645464,
          "flux_threshold": 1e-08,
          "cc_threshold": 0.22658781698871783,
          "cs_threshold": 0.25063387103650014,
          "msc_threshold": 2.4620255731921232,
          "curvature_threshold": 31.97065092145134,
          "force_threshold": 1301.7270915968368,
          "torque_threshold": 0.0,
          "finite_build_width": 0.10789896047081801,
          "major_radius": 5.483631261799852,
          "minor_radius": 0.5240806651439732,
          "a0": 3.2437754587511507,
          "arclength_variation_threshold": 0.0,
          "coil_width": 0.12331309768093489
        },
        "final_min_cs_separation": 0.02060141898946262,
        "final_min_cc_separation": 0.07073125720776971,
        "final_length_per_coil": [
          6.9072634367342935,
          6.705541454134223,
          6.74400670283118,
          5.558691047580379,
          8.158814776698332,
          5.58627110016617
        ],
        "final_current_per_coil": [
          523351.6849900507,
          1236972.7661123853,
          2307158.2531214277,
          411779.76333365426,
          429996.4054682917,
          1965741.129424112
        ],
        "total_current_before": 6875000.002449921,
        "total_current_after": 6875000.002449921,
        "final_total_length": 39.66058851814458,
        "final_max_curvature": 4.812851503767542,
        "final_average_curvature": 1.3147463597699869,
        "final_arclength_variation": 0.2447746166152199,
        "final_mean_squared_curvature": 3.1105895596555406,
        "final_max_torsion": 25.042609611461447,
        "final_linking_number": 5,
        "coils_linked_to_surface": false,
        "final_max_max_coil_force": 3760133.3837150135,
        "final_avg_max_coil_force": 1853822.337750442,
        "final_max_force_per_coil": [
          643098.3149565113,
          1741461.0777230368,
          2907459.0858939304,
          681464.6856730861,
          1389317.4785410743,
          3760133.3837150135
        ],
        "final_max_torque_per_coil": [
          307449.8126887551,
          1299912.4910398242,
          1730849.3507366152,
          400718.8136006086,
          1690217.728385952,
          2099821.917772022
        ],
        "final_max_max_coil_torque": 2099821.917772022,
        "final_avg_max_coil_torque": 1254828.3523706296,
        "avg_BdotN_over_B": 0.07107488638105548,
        "max_BdotN_over_B": 0.9930935421574025,
        "lagrange_multipliers": null,
        "output_directory": "/Users/akaptanoglu/actions-runner/_work/stellcoilbench/stellcoilbench/cases/done/2026-03-28_074610_96495/order_8",
        "flux_threshold": 1e-08,
        "cc_threshold": 0.22658781698871783,
        "cs_threshold": 0.25063387103650014,
        "msc_threshold": 2.4620255731921232,
        "arclength_variation_threshold": 0.0,
        "curvature_threshold": 31.97065092145134,
        "force_threshold": 1301.7270915968368,
        "torque_threshold": 0.0,