{
  "metadata": {
    "contact": "auto",
    "hardware": "CPU: self-hosted runner",
    "run_date": "2026-04-08T15:51:10.817329",
    "iterations_used": 500,
    "walltime_sec": 1117.190430879593,
    "tags": [
      "explore",
      "llm"
    ],
    "parent_ids": []
  },
  "version_info": {
    "stellcoilbench_commit": "9102bfa87d3329a5cf4ed91440a6321cab0f3372",
    "stellcoilbench_branch": "main",
    "simsopt_version": "0.1.dev5668+ga79006b0b",
    "simsopt_commit": "a79006b0b"
  },
  "metrics": {
    "fourier_continuation": true,
    "fourier_orders": [
      4,
      8,
      16
    ],
    "final_order": 16,
    "continuation_results": [
      {
        "initial_B_field": 5.700046898707296,
        "final_B_field": 6.785642882728148,
        "target_B_field": 5.7,
        "optimization_time": 989.3908033370972,
        "walltime_sec": 989.3908033370972,
        "iterations_used": 500,
        "final_squared_flux": 0.672834742851644,
        "optimization_success": true,
        "optimization_message": "Completed",
        "optimization_nfev": 500,
        "optimization_njev": null,
        "_cached_thresholds": {
          "length_threshold": 150.39054951386197,
          "flux_threshold": 1e-08,
          "cc_threshold": 1.2031243961108957,
          "cs_threshold": 1.804686594166344,
          "msc_threshold": 2.9922092940987763,
          "curvature_threshold": 2.9922092940987763,
          "force_threshold": 0.0,
          "torque_threshold": 200.0,
          "finite_build_width": 0.35091128219901124,
          "major_radius": 13.635429024906689,
          "minor_radius": 1.7044262278237692,
          "a0": 0.9974030980329254,
          "arclength_variation_threshold": 0.0,
          "coil_width": 0.40104146537029867
        },
        "final_min_cs_separation": 1.9253023787919525,
        "final_min_cc_separation": 1.0658928768747773,
        "final_length_per_coil": [
          49.2140989086207,
          47.10814447034776,
          41.302731088451345
        ],
        "final_current_per_coil": [
          17949008.017064705,
          18263823.226212516,
          12500707.952010661
        ],
        "total_current_before": 48713539.19528788,
        "total_current_after": 48713539.19528788,
        "final_total_length": 137.6249744674198,
        "final_max_curvature": 0.40443548041255395,
        "final_average_curvature": 0.20156635579832516,
        "final_arclength_variation": 0.4061021643488247,
        "final_mean_squared_curvature": 0.06890094599839656,
        "final_max_torsion": 5.702865874768595,
        "final_linking_number": 0,
        "coils_linked_to_surface": true,
        "final_max_max_coil_force": 86463108.0799179,
        "final_avg_max_coil_force": 72657949.71007608,
        "final_max_force_per_coil": [
          86463108.0799179,
          75134044.91045915,
          56376696.13985122
        ],
        "final_max_torque_per_coil": [
          201322944.91661754,
          166443551.76098648,
          202771554.35952297
        ],
        "final_max_max_coil_torque": 202771554.35952297,
        "final_avg_max_coil_torque": 190179350.345709,
        "avg_BdotN_over_B": 0.006278409370646535,
        "max_BdotN_over_B": 0.028399871810063777,
        "lagrange_multipliers": null,
        "output_directory": "/Users/akaptanoglu/actions-runner/_work/stellcoilbench/stellcoilbench/cases/done/2026-04-08_145206_77092/order_4",
        "flux_threshold": 1e-08,
        "cc_threshold": 1.2031243961108957,
        "cs_threshold": 1.804686594166344,
        "msc_threshold": 2.9922092940987763,
        "arclength_variation_threshold": 0.0,
        "curvature_threshold": 2.9922092940987763,
        "force_threshold": 0.0,
        "torque_threshold": 200.0,
        "timing": {
          "coil_initialization": 0.4360206659184769,
          "biotsavart_setup": 1.5303242090158165,
          "objective_setup": 0.04205545806325972,
          "coil_optimization": 989.3921763749095,
          "save_and_metrics": 1.3530294579686597
        },
        "fourier_order": 4,
        "continuation_step": 1
      },
      {
        "initial_B_field": 6.785642882728148,
        "final_B_field": 6.049743394360613,
        "target_B_field": 5.7,
        "optimization_time": 1342.0529007911682,
        "walltime_sec": 1342.0529007911682,
        "iterations_used": 500,
        "final_squared_flux": 0.10769696078809782,
        "optimization_success": true,
        "optimization_message": "Completed",
        "optimization_nfev": 500,
        "optimization_njev": null,
        "_cached_thresholds": {
          "length_threshold": 150.39054951386197,
          "flux_threshold": 1e-08,
          "cc_threshold": 1.2031243961108957,
          "cs_threshold": 1.804686594166344,
          "msc_threshold": 2.9922092940987763,
          "curvature_threshold": 2.9922092940987763,
          "force_threshold": 0.0,
          "torque_threshold": 200.0,
          "finite_build_width": 0.35091128219901124,
          "major_radius": 13.635429024906689,
          "minor_radius": 1.7044262278237692,
          "a0": 0.9974030980329254,
          "arclength_variation_threshold": 0.0,
          "coil_width": 0.40104146537029867
        },
        "final_min_cs_separation": 1.906801388645336,
        "final_min_cc_separation": 1.1217737020920195,
        "final_length_per_coil": [
          48.11821865286235,
          54.46674581728573,
          47.923695269623295
        ],
        "final_current_per_coil": [
          14177225.734086636,
          19304536.87071138,
          15231776.590489868
        ],
        "total_current_before": 48713539.19528788,
        "total_current_after": 48713539.19528788,
        "final_total_length": 150.50865973977136,
        "final_max_curvature": 0.5037934985797171,
        "final_average_curvature": 0.2873215774289317,
        "final_arclength_variation": 0.10947092408310821,
        "final_mean_squared_curvature": 0.129883594560412,
        "final_max_torsion": 14.998045381728378,
        "final_linking_number": 0,
        "coils_linked_to_surface": true,
        "final_max_max_coil_force": 81512297.64696987,
        "final_avg_max_coil_force": 75072952.05710141,
        "final_max_force_per_coil": [
          76086092.00364996,
          81512297.64696987,
          67620466.52068439
        ],
        "final_max_torque_per_coil": [
          201672904.59473976,
          203462223.5330106,
          203682921.64436796
        ],
        "final_max_max_coil_torque": 203682921.64436796,
        "final_avg_max_coil_torque": 202939349.92403945,
        "avg_BdotN_over_B": 0.0022954134046737473,
        "max_BdotN_over_B": 0.010012685129772436,
        "lagrange_multipliers": null,
        "output_directory": "/Users/akaptanoglu/actions-runner/_work/stellcoilbench/stellcoilbench/cases/done/2026-04-08_145206_77092/order_8",
        "flux_threshold": 1e-08,
        "cc_threshold": 1.2031243961108957,
        "cs_threshold": 1.804686594166344,
        "msc_threshold": 2.9922092940987763,
        "arclength_variation_threshold": 0.0,
        "curvature_threshold": 2.9922092940987763,
        "force_threshold": 0.0,
        "torque_threshold": 200.0,
        "timing": {
          "coil_initialization": 5.420297384262085e-07,
          "biotsavart_setup": 0.004890625015832484,
          "objective_setup": 0.0074867079965770245,
          "coil_optimization": 1342.0547305829823,
          "save_and_metrics": 0.9699235410662368
        },
        "fourier_order": 8,
        "continuation_step": 2
      },
      {
        "initial_B_field": 6.049743394360613,
        "final_B_field": 6.159661145882251,
        "target_B_field": 5.7,
        "optimization_time": 1117.190430879593,
        "walltime_sec": 1117.190430879593,
        "iterations_used": 500,
        "final_squared_flux": 0.038705994302832655,
        "optimization_success": true,
        "optimization_message": "Completed",
        "optimization_nfev": 500,