{
  "metadata": {
    "contact": "auto",
    "hardware": "CPU: self-hosted runner",
    "run_date": "2026-03-21T05:28:44.557895",
    "iterations_used": 500,
    "walltime_sec": 135.60525369644165,
    "tags": [
      "explore"
    ],
    "parent_ids": []
  },
  "version_info": {
    "stellcoilbench_commit": "9f6b7fa0333ce62c49894d5f39e502b8289be0a1",
    "stellcoilbench_branch": "main",
    "simsopt_version": "0.1.dev5668+ga79006b0b",
    "simsopt_commit": "a79006b0b"
  },
  "metrics": {
    "fourier_continuation": true,
    "fourier_orders": [
      4,
      8,
      16
    ],
    "final_order": 16,
    "continuation_results": [
      {
        "initial_B_field": 1.0001867526877442,
        "final_B_field": 1.0970764894467961,
        "target_B_field": 1.0,
        "optimization_time": 100.89082598686218,
        "walltime_sec": 100.89082598686218,
        "iterations_used": 500,
        "final_squared_flux": 0.00018280950911661343,
        "optimization_success": true,
        "optimization_message": "Completed",
        "optimization_nfev": 500,
        "optimization_njev": null,
        "_cached_thresholds": {
          "length_threshold": 13.224377904775212,
          "flux_threshold": 1e-08,
          "cc_threshold": 0.11375915409588022,
          "cs_threshold": 0.16157958179675935,
          "msc_threshold": 16.978580891803134,
          "curvature_threshold": 14.55451223384195,
          "force_threshold": 1405.9598216174873,
          "torque_threshold": 0.0,
          "finite_build_width": 0.05,
          "major_radius": 1.0098736979848935,
          "minor_radius": 0.16831206437162433,
          "a0": 10.100286074838271,
          "arclength_variation_threshold": 0.0,
          "coil_width": 0.039602838675676315
        },
        "final_min_cs_separation": 0.2736701208109056,
        "final_min_cc_separation": 0.17675738656661308,
        "final_length_per_coil": [
          4.7735169500044226,
          4.447845665836446,
          4.009074400967519
        ],
        "final_current_per_coil": [
          457150.4280347732,
          431238.7711243524,
          362053.97134800954
        ],
        "total_current_before": 1250443.170507135,
        "total_current_after": 1250443.170507135,
        "final_total_length": 13.230437016808386,
        "final_max_curvature": 3.0469477206196993,
        "final_average_curvature": 1.8337600553059352,
        "final_arclength_variation": 0.0036828882269757893,
        "final_mean_squared_curvature": 4.441974200499525,
        "final_max_torsion": 31.266280420839173,
        "final_linking_number": 0,
        "coils_linked_to_surface": true,
        "final_max_max_coil_force": 396851.70517471526,
        "final_avg_max_coil_force": 352515.3594144329,
        "final_max_force_per_coil": [
          396851.70517471526,
          372769.74211497325,
          287924.63095361023
        ],
        "final_max_torque_per_coil": [
          167979.98222071867,
          138206.15178568303,
          80470.26662336555
        ],
        "final_max_max_coil_torque": 167979.98222071867,
        "final_avg_max_coil_torque": 128885.46687658907,
        "avg_BdotN_over_B": 0.006146326654556751,
        "max_BdotN_over_B": 0.021510827177652944,
        "lagrange_multipliers": null,
        "output_directory": "/Users/akaptanoglu/actions-runner/_work/stellcoilbench/stellcoilbench/cases/done/2026-03-21_051853_61172/order_4",
        "flux_threshold": 1e-08,
        "cc_threshold": 0.11375915409588022,
        "cs_threshold": 0.16157958179675935,
        "msc_threshold": 16.978580891803134,
        "arclength_variation_threshold": 0.0,
        "curvature_threshold": 14.55451223384195,
        "force_threshold": 1405.9598216174873,
        "torque_threshold": 0.0,
        "timing": {
          "coil_initialization": 0.13744145911186934,
          "biotsavart_setup": 1.170977917034179,
          "objective_setup": 0.028475833125412464,
          "coil_optimization": 100.89097166596912,
          "save_and_metrics": 0.8457518329378217
        },
        "fourier_order": 4,
        "continuation_step": 1
      },
      {
        "initial_B_field": 1.0970764894467961,
        "final_B_field": 1.0961772188975538,
        "target_B_field": 1.0,
        "optimization_time": 71.88576221466064,
        "walltime_sec": 71.88576221466064,
        "iterations_used": 500,
        "final_squared_flux": 0.0001544555227441613,
        "optimization_success": true,
        "optimization_message": "Completed",
        "optimization_nfev": 500,
        "optimization_njev": null,
        "_cached_thresholds": {
          "length_threshold": 13.224377904775212,
          "flux_threshold": 1e-08,
          "cc_threshold": 0.11375915409588022,
          "cs_threshold": 0.16157958179675935,
          "msc_threshold": 16.978580891803134,
          "curvature_threshold": 14.55451223384195,
          "force_threshold": 1405.9598216174873,
          "torque_threshold": 0.0,
          "finite_build_width": 0.05,
          "major_radius": 1.0098736979848935,
          "minor_radius": 0.16831206437162433,
          "a0": 10.100286074838271,
          "arclength_variation_threshold": 0.0,
          "coil_width": 0.039602838675676315
        },
        "final_min_cs_separation": 0.2662356458927645,
        "final_min_cc_separation": 0.19071839829741313,
        "final_length_per_coil": [
          4.697894892972293,
          4.435804925111106,
          4.096318994794857
        ],
        "final_current_per_coil": [
          443644.0411359499,
          426309.14480137284,
          380489.9845698124
        ],
        "total_current_before": 1250443.170507135,
        "total_current_after": 1250443.170507135,
        "final_total_length": 13.230018812878257,
        "final_max_curvature": 4.170149527895366,
        "final_average_curvature": 1.9162056570316433,
        "final_arclength_variation": 0.0017085490789806566,
        "final_mean_squared_curvature": 4.990575564045856,
        "final_max_torsion": 62.15361963821142,
        "final_linking_number": 0,
        "coils_linked_to_surface": true,
        "final_max_max_coil_force": 401567.26915054856,
        "final_avg_max_coil_force": 316817.54565391125,
        "final_max_force_per_coil": [
          401567.26915054856,
          318118.44180680165,
          230766.9260043835
        ],
        "final_max_torque_per_coil": [
          125065.99603197062,
          104904.76816806567,
          61656.01215907538
        ],
        "final_max_max_coil_torque": 125065.99603197062,
        "final_avg_max_coil_torque": 97208.92545303721,
        "avg_BdotN_over_B": 0.005684443633324164,
        "max_BdotN_over_B": 0.020449709618769307,
        "lagrange_multipliers": null,
        "output_directory": "/Users/akaptanoglu/actions-runner/_work/stellcoilbench/stellcoilbench/cases/done/2026-03-21_051853_61172/order_8",
        "flux_threshold": 1e-08,
        "cc_threshold": 0.11375915409588022,
        "cs_threshold": 0.16157958179675935,
        "msc_threshold": 16.978580891803134,
        "arclength_variation_threshold": 0.0,
        "curvature_threshold": 14.55451223384195,
        "force_threshold": 1405.9598216174873,
        "torque_threshold": 0.0,
        "timing": {
          "coil_initialization": 5.830079317092896e-07,
          "biotsavart_setup": 0.0024396248627454042,
          "objective_setup": 0.005706042051315308,
          "coil_optimization": 71.88586529204622,
          "save_and_metrics": 0.8313228341285139
        },
        "fourier_order": 8,
        "continuation_step": 2
      },
      {
        "initial_B_field": 1.0961772188975538,
        "final_B_field": 1.095976141212847,
        "target_B_field": 1.0,
        "optimization_time": 135.60525369644165,
        "walltime_sec": 135.60525369644165,
        "iterations_used": 500,
        "final_squared_flux": 0.00015381016299472532,
        "optimization_success": true,
        "optimization_message": "Completed",